tier,tier_reason,sentiment,materiality_score,title,summary,key_points,domain,article_id,citations
Tier 1 (Watchlist),watchlist:MACRO_GEO:MY,neg,0.95,Cơn sốt AI khiến Mỹ khó kiểm soát lạm phát,"Đầu tư AI khổng lồ tạo áp lực lạm phát Mỹ qua điện, vật liệu, chip và lao động, buộc Fed cân nhắc nâng lãi suất."," • Đầu tư AI có thể đạt 1 nghìn tỷ USD/năm
 • Chi phí hạ tầng tương đương 1,9% GDP
 • Nhu cầu nguồn cung tăng trước khả năng đáp ứng",vneconomy.vn,91db8433f7535ff6e3687c212904f788aee38c4c05ecda0ab67947c5c66e7803,"[0, 1, 2, 3, 4, 5, 8, 10, 13, 14, 18, 20, 22, 25]"
Tier 1 (Watchlist),watchlist:TICKER:STB,pos,0.95,VCBS: Sacombank có thể xử lý dứt điểm khoản nợ 3.000 - 4.000 tỷ đồng của Bamboo Airways trong nửa cuối năm,"VCBS dự báo Sacombank có thể xử lý dứt điểm nợ xấu Bamboo Airways 3.000-4.000 tỷ đồng trong nửa cuối năm, tạo nguồn thu nhập bất thường."," • Dư nợ Bamboo Airways ước 3.000-4.000 tỷ đồng
 • Xử lý thành công có thể tạo lợi nhuận bất thường
 • Sacombank đã thu giữ nhiều tài sản bảo đảm",cafef.vn,9943303fe34551f603eb4d32d7c4438c951d8691359e85a76c7fe61935ca0ac7,"[0, 1, 2, 3, 4, 5, 6, 7, 8, 9, 11, 14, 15]"
Tier 1 (Watchlist),watchlist:TICKER:STB,pos,0.95,VCBS: Sacombank có thể xử lý dứt điểm khoản nợ 3.000 - 4.000 tỷ đồng của Bamboo Airways trong nửa cuối năm,"VCBS dự báo Sacombank có thể xử lý dứt điểm nợ xấu Bamboo Airways 3.000-4.000 tỷ đồng trong nửa cuối năm, tạo nguồn thu nhập bất thường."," • Dư nợ Bamboo Airways ước 3.000-4.000 tỷ đồng
 • Xử lý thành công có thể tạo lợi nhuận bất thường
 • Sacombank đã thu giữ nhiều tài sản bảo đảm",cafef.vn,b0741f9d666845cde03a939883974fd587c54b4afa3e14ec59dacd8f898c7997,"[0, 1, 2, 3, 4, 5, 6, 7, 8, 9, 11, 14, 15]"
Tier 1 (Watchlist),watchlist:ASSET_CLASS:CO_PHIEU,neg,0.95,"Hơn 65 triệu cổ phiếu Novaland ""chất sàn"", chuyện gì đây?","NVL bị bán tháo, lực cung sàn vượt 65 triệu cổ phiếu trong bối cảnh Novaland chuẩn bị phát hành 800,7 triệu cổ phiếu để xử lý nợ. Rủi ro thanh khoản và pha loãng vẫn cao."," • Giá NVL giảm sàn và gần giá chào bán 10.000 đồng
 • Chào bán dự kiến huy động gần 8.007 tỷ đồng
 • Dư nợ vay và trái phiếu còn 16.716 tỷ đồng",cafef.vn,e4c055f0649f92ba8963d015517bc056500fb5ff3dfd1f075a48d66bc5f2894b,"[1, 2, 4, 8, 10]"
Tier 1 (Watchlist),watchlist:ASSET_CLASS:CO_PHIEU,pos,0.95,"Tự doanh mua ròng cổ phiếu VPB liên tiếp, ba tuần rót hơn 1.900 tỷ đồng","VPB được khối tự doanh mua ròng hơn 1.925 tỷ đồng trong 15 phiên, kết hợp với kỳ vọng lợi nhuận quý III tăng. Dòng tiền và thông tin SMBC nâng tỷ lệ sở hữu hỗ trợ định giá cổ phiếu."," • Khối tự doanh mua ròng hơn 73 triệu cổ phiếu VPB
 • SMBC đàm phán nâng sở hữu từ 15% lên khoảng 20%
 • Lợi nhuận trước thuế quý II gần 11.000 tỷ đồng",cafef.vn,9c227bde34eb8df41ed2811c8e14b65240430b3abe5e495c4d96c6f2ea52ac64,"[1, 2, 3, 4, 5, 8, 9, 11]"
Tier 1 (Watchlist),watchlist:ASSET_CLASS:CO_PHIEU,neg,0.95,"PNJ, NVL lại giảm sàn, gần 100 triệu cổ phiếu dư bán",PNJ và NVL giảm sàn với áp lực bán rất lớn. Kế hoạch lỗ lớn của PNJ và nhu cầu huy động cấp vốn của Novaland làm tăng lo ngại thanh khoản.," • PNJ dự kiến lỗ sau thuế 2026 khoảng 6.271 tỷ đồng
 • NVL huy động dự kiến 8.007 tỷ đồng để xử lý nợ
 • Hai cổ phiếu giảm sàn với lượng dư bán rất lớn",vietnambiz.vn,1a679ec174243dbfc1f6bb818083a2814613d5384b71fd97e6e817d5425f4a4e,"[0, 1, 2, 3, 4, 8, 9, 10, 11, 12]"
Tier 1 (Watchlist),watchlist:IND_GICS2:CONG_TY_CHUNG_KHOAN,pos,0.95,CTCK dự phóng lợi nhuận quý 3/2026 nhóm dầu khí: Một ông lớn có thể tăng trưởng đột biến 400%,"MBS dự phóng nhóm dầu khí quý III/2026 tích cực nhờ vốn đầu tư, cước vận tải và nền lợi nhuận lọc dầu thấp."," • PVS tăng trưởng nhờ chuyển backlog thành doanh thu và có thể hoàn nhập dự phòng
 • PVT hưởng lợi từ cước vận tải cao, còn GAS tăng trưởng nhưng giảm theo quý
 • BSR có tăng trưởng lợi nhuận 404% nhờ nền thấp",cafef.vn,3eec4ba328ad9a5bc5dede9a5876c00a1e2f3408b4768b17f04dcdd2b4962920,"[0, 5, 8, 10, 14, 18, 22]"
Tier 1 (Watchlist),watchlist:ASSET_CLASS:CO_PHIEU,neg,0.94,"Một doanh nghiệp có 7 nhân sự cấp cao xin nghỉ, cổ phiếu bị siết giao dịch","FID bị HNX siết giao dịch sau nhiều vi phạm công bố thông tin, trong khi bảy lãnh đạo cấp cao xin nghỉ và công ty liên tục lỗ."," • Cổ phiếu đồng thời cảnh báo, kiểm soát và hạn chế giao dịch
 • Ban Kiểm soát và phần lớn HĐQT nộp đơn từ nhiệm",vietstock.vn,8bba4c4ea3fe527e0aa4f200c73b7b1a0452e3c39d64fc267d3e3aeb958a1544,"[0, 2, 5, 7, 8, 11, 18]"
Tier 1 (Watchlist),industry:hàng tiêu dùng không thiết yếu,neg,0.94,Biến động trong đội ngũ lãnh đạo cấp cao của PNJ,"PNJ thay đổi lãnh đạo cấp cao, đồng thời báo lỗ 61 tỷ đồng sau hai tháng; dự phòng tổn thất dự kiến khiến lợi nhuận năm 2026 âm sâu."," • Bổ nhiệm lãnh đạo phụ trách chiến lược
 • Hai tháng chuyển từ lãi sang lỗ 61 tỷ đồng
 • Dự phòng 7.071 tỷ đồng có thể gây lỗ 6.271 tỷ đồng",vietnambiz.vn,241560d33286ba41ae845f8b17b3cf7d25fab3399614ffeaa3aee2dbe56b6846,"[0, 1, 5, 6, 7, 8, 9, 10, 11, 12]"
Tier 1 (Watchlist),watchlist:ASSET_CLASS:DAU_THO,neg,0.94,Đà bán tháo trên thị trường trái phiếu chính phủ quốc tế gia tăng theo giá dầu,Giá dầu tăng vì rủi ro chiến tranh Mỹ-Iran làm lợi suất trái phiếu chính phủ toàn cầu tăng cao. Thị trường đang định giá lạm phát và lãi suất cao hơn trong thời gian dài.," • Lợi suất trái phiếu Mỹ 10 năm chạm 5,27%
 • Lãi suất vay thế chấp Mỹ vượt 7%
 • Lợi suất trái phiếu Pháp, Anh, Italy và Nhật tăng
 • Thị trường kỳ vọng Fed tiếp tục tăng lãi suất",vneconomy.vn,dfc541ee4c07b857a85d7110806475a98f4a226a1543b6c5ba474d8f5f7617b1,"[0, 3, 4, 9, 10, 14, 15, 17]"
Tier 1 (Watchlist),watchlist:TICKER:VIC,pos,0.93,"Ngày mai, tuyến đường đặc biệt từ Hà Nội đi vịnh Hạ Long hết 23 phút của Vingroup sẽ đón dấu mốc lớn?","Dự án đường sắt tốc độ cao Hà Nội-Quảng Ninh hướng tới hoàn tất giải phóng mặt bằng, với vốn đầu tư 147.300 tỷ đồng và kỳ vọng khai thác năm 2028."," • Quy mô đầu tư hơn 147.300 tỷ đồng
 • Tốc độ thiết kế tối đa 350km/h
 • Kỳ vọng kết nối Hà Nội-Hạ Long trong 23 phút",cafef.vn,594d0639f2e250856af538b43f1db9a71c2b212432d3f3ea98e8844cf6314c47,"[0, 1, 2, 5, 6, 7, 9, 13, 14, 15]"
Tier 1 (Watchlist),watchlist:ASSET_CLASS:CO_PHIEU,neg,0.93,"Giá dầu tăng, cổ phiếu vận tải phân hóa","Giá dầu trên 100 USD/thùng gây áp lực lớn lên hàng không, đặc biệt HVN và VJC, trong khi cảng, logistics và vận tải biển phân hóa."," • HVN lỗ ròng 735 tỷ đồng quý II và lợi nhuận sụt 41,6% sáu tháng
 • Dự phóng lợi nhuận HVN giảm 44,2% năm 2026
 • VJC lợi nhuận dự phóng giảm 45,7%",tinnhanhchungkhoan.vn,726a02f3aea1b92f8d6634d07d267a1e95a03799da71c24ffb74330d38acd3e8,"[0, 1, 2, 3, 4, 5, 6, 7, 8, 9, 10, 11, 12, 13, 14, 15]"
Tier 1 (Watchlist),watchlist:IND_GICS3:DIEN,neg,0.92,"Công ty điện mặt trời của Trung Nam Group: Lỗ lũy kế gần 2.000 tỷ, vốn chủ giảm 73%, nợ phải trả gần 9.800 tỷ","Công ty điện mặt trời Trung Nam Thuận Nam chịu áp lực tài chính nặng: lỗ lũy kế gần 2.000 tỷ, nợ 9.793 tỷ."," • Vốn chủ sở hữu giảm 73%
 • Trái phiếu gấp khoảng 9 lần vốn chủ
 • Vẫn thanh toán gốc và lãi trong nửa đầu năm",cafef.vn,126d7c9fa36bde65fc58abc10b76715e5d7b7cc9f57e39c55ec31fbf813b2f13,"[0, 1, 2, 3, 4, 5, 6, 7]"
Tier 1 (Watchlist),watchlist:IND_GICS3:THEP,neu,0.92,"Ông Trump công bố dự án nhà máy thép 15 tỷ USD, lớn nhất lịch sử Mỹ","Mỹ công bố dự án nhà máy thép 15 tỷ USD nhằm tái thiết ngành công nghiệp, trong khi chính sách thuế quan và rủi ro triển khai tiếp tục gây tranh luận."," • Dự án thép 15 tỷ USD dự kiến vận hành năm 2030
 • Công suất cuối cùng 10 triệu tấn mỗi năm
 • Thuế 50% và rủi ro triển khai làm tăng bất định",vietstock.vn,d8631fed710a6636a92f0721fda4a17dff4ae9dfdcd3ca96b00bb44445718510,"[1, 3, 4, 6, 10, 11, 12, 13]"
Tier 1 (Watchlist),watchlist:MACRO_GEO:DONG_NAM_A,neu,0.92,"Việt Nam đang đào núi xây một công trình lớn nhất Đông Nam Á: Dài hơn 200 m, cao ngang tòa nhà 17 tầng, có 17 tuyến hầm","EVN đầu tư 21.101 tỷ đồng xây thủy điện tích năng Bác Ái 1.200MW, dù địa chất khó và tiến độ có hạn chế."," • Dự án tạo cơ hội đầu tư lớn cho các nhà thầu nội địa
 • Khó khăn địa chất làm giảm tốc độ đào hầm nhưng không ảnh hưởng tiến độ chung",cafef.vn,e674c176fa0ccf31a8811feb52df8cc63d017b4551a7218607510d63ab2ba73d,"[0, 1, 9, 10, 15]"
Tier 1 (Watchlist),watchlist:MACRO_GEO:MY,neg,0.91,"Mỹ: Giá nhiên liệu tăng vọt, bang Texas ban bố tình trạng thảm họa","Giá diesel Texas tăng lên 5,86 USD/gallon do gián đoạn xuất khẩu dầu Trung Đông, buộc bang ban bố tình trạng thảm họa và nới lỏng quy định nhiên liệu."," • Giá diesel tăng mạnh, gây áp lực lên nông nghiệp và vận tải
 • Nới lỏng quy định nhằm tăng nguồn cung và giảm chi phí",cafef.vn,b4c74df4c5addd0f3d75b9a931003c99f5ac4a7f75e073c319a1fe8167a32b7a,"[0, 1, 4, 5, 6, 8, 10]"
Tier 1 (Watchlist),industry:bất động sản,neg,0.91,"Gần 10% cổ phần Kosy chất bán giá sàn, lãnh đạo liên tục bị call margin","Cổ phiếu KOS giảm sàn bảy phiên, giảm hơn 44%; lãnh đạo và người thân liên tục bị bán giải chấp, tạo rủi ro thanh khoản và tâm lý."," • Khoảng 10% cổ phần bị chất bán giá sàn
 • Call margin diễn ra trên diện rộng với các lãnh đạo chủ chốt",baodautu.vn,5cdbc18d989889dae413d925c129b7049cbd4634dcd8ae38b35932bc0379b979,"[0, 1, 2, 4, 5, 6, 7, 8, 9, 10, 11, 12]"
Tier 1 (Watchlist),watchlist:ASSET_CLASS:CO_PHIEU,neu,0.91,Một cổ phiếu tăng sốc gần 100.000 đồng chỉ trong một phiên,"Cổ phiếu HLB tăng gần 100.000 đồng trong phiên thanh khoản gần như không có, dù thị giá đã tăng 75% trong ba tháng; cổ đông tập trung hạn chế giao dịch."," • Biến động giá lớn trên thanh khoản cực thấp
 • Thị giá tăng 75% trong ba tháng
 • Khoảng 87% vốn nằm trong tay hai nhóm cổ đông",cafef.vn,fa6854eb9f9e918fb12fb85db0e26a1905ebe353d38db5644dfddfad65dcd9f9,"[0, 1, 2, 4, 6, 7, 9]"
Tier 1 (Watchlist),watchlist:ASSET_CLASS:VANG,neg,0.91,Giá vàng hôm nay ngày 29 9 Vàng thế giới và trong nước giảm mạnh,"Giá vàng thế giới và vàng trong nước giảm mạnh, chịu áp lực từ lãi suất Mỹ, USD mạnh và giá dầu tăng."," • Giá vàng thế giới giảm 154 USD/ounce
 • Giá vàng miếng giảm 2 triệu đồng/lượng
 • Thị trường đang chờ dữ liệu việc làm và lạm phát Mỹ",thoibaotaichinhvietnam.vn,ba23b292b7dbd4dd08f357eec6aa1ec4b71795708bbbac8f03756bd5a6d95645,"[0, 1, 2, 3, 4, 5, 6, 7, 8, 9, 10, 11]"
Tier 1 (Watchlist),watchlist:ASSET_CLASS:CO_PHIEU,neg,0.9,"Cổ phiếu 7 phiên liên tiếp giảm sàn, KOS có ‘biến’?","KOS giảm sàn bảy phiên liên tiếp, phản ánh áp lực thanh khoản do thiếu vốn, tồn kho bất động sản lớn và nợ cao."," • Giá cổ phiếu giảm 53% so với đầu năm
 • Nợ vay chiếm khoảng 85% vốn chủ sở hữu",vietstock.vn,fe153ff45c6d2b83bf8c32b8bb1ddb84adce6f576123ba4773a7177c5fdcf89e,"[1, 3, 7, 13, 14]"
Tier 1 (Watchlist),watchlist:ASSET_CLASS:VANG,neg,0.9,Vì sao giá vàng 'bốc hơi' hơn 100 USD/ounce?,"Giá vàng giảm hơn 100 USD/ounce khi lợi suất Mỹ và USD tăng, trong khi dầu cao làm gia tăng lo ngại lạm phát và lãi suất."," • Vàng thủng ngưỡng 4.200 USD/ounce
 • Thị trường chờ quyết định lãi suất Fed và diễn biến Mỹ–Iran",cafef.vn,68abaa3ea739acb3ab6fe353a55070d834eaac889a349aeab33ac8fc2c7d48cf,"[0, 2, 7, 8, 18, 21]"
Tier 1 (Watchlist),watchlist:ASSET_CLASS:TRAI_PHIEU,neu,0.9,"SoftBank huy động trái phiếu kỷ lục 11,1 tỷ USD, lãi suất cao nhất lên đến gần 10%","SoftBank huy động 11,1 tỷ USD qua trái phiếu lợi suất cao để tài trợ đầu tư AI, trong khi chi phí vốn và rủi ro tín dụng toàn cầu tăng."," • Phát hành 11,1 tỷ USD là mức kỷ lục
 • Lãi suất USD cao nhất gần 9,75%
 • Huy động vốn nhằm tài trợ đầu tư AI quy mô lớn",cafef.vn,45966c65af970b896418feeb891defb78cad1a498db6f9828823e5ba16386994,"[0, 1, 2, 3, 4, 5, 6, 7, 8, 9, 10]"
Tier 1 (Watchlist),watchlist:ASSET_CLASS:CO_PHIEU,neg,0.9,"Một cổ phiếu trên HOSE bất ngờ ""nằm sàn"" 7 phiên liên tiếp, 10% công ty chất bán giá sàn: Chuyện gì đang xảy ra?","KOS giảm sàn bảy phiên liên tiếp, thanh khoản gần cạn kiệt và dư bán sàn chiếm gần 10% số cổ phiếu lưu hành. Lợi nhuận tăng nhưng chưa đạt kế hoạch, trong khi áp lực bán giải chấp vẫn lớn."," • Giá KOS giảm còn 18.200 đồng, giảm gần một nửa trong một tháng
 • Chỉ 300 cổ phiếu khớp lệnh trong phiên sáng 29/9
 • Lợi nhuận sáu tháng tăng 120% nhưng mới đạt 12,8% kế hoạch năm",cafef.vn,2c0921e03d494b1f3520333b6b9035318ff82d4e40d5d8ec8dea629f54546620,"[0, 1, 2, 6, 8, 9]"
Tier 1 (Watchlist),watchlist:ASSET_CLASS:VANG,neg,0.9,Vàng thế giới lao dốc gần 4%,Vàng thế giới giảm gần 4% xuống 4.111 USD/ounce do lợi suất Mỹ tăng kỷ lục và kỳ vọng Fed tiếp tục tăng lãi suất. Thị trường chờ dữ liệu PCE và việc làm để đánh giá chính sách.," • Giá vàng giảm tới 4% trong phiên 28/9
 • Lợi suất Mỹ 10 năm chạm đỉnh từ 2007
 • Thị trường định giá 70% khả năng Fed tăng lãi suất tháng 10",vietstock.vn,810a8724424d87f77ba5aee63414d64f105414a656e403cbbd642d6a57cee974,"[0, 2, 3, 4, 5]"
Tier 1 (Watchlist),watchlist:ASSET_CLASS:DAU_THO,neg,0.9,"Chứng khoán Mỹ “xả hàng” theo thị trường trái phiếu chính phủ, giá dầu giữ đà tăng","Giá dầu tăng và kỳ vọng Fed siết chặt tiền tệ đẩy lợi suất Mỹ lên cao nhất 19 năm, gây bán tháo cổ phiếu. Rủi ro nguồn cung và xung đột Iran vẫn là yếu tố chính."," • Trái phiếu Mỹ bị bán tháo, lợi suất 10 năm đạt 5,234%
 • Thị trường tăng đặt cược Fed tăng lãi suất
 • Giá dầu Brent và WTI tăng do rủi ro Hormuz
 • Điểm sáng đến từ Nvidia tăng mua lại cổ phiếu 150 tỷ USD",vneconomy.vn,d963954bd502c62b4eccfae1bcc96079a8c8608e6502a7cbd66d55507c7f54eb,"[1, 5, 6, 7, 8, 13, 14, 21]"
Tier 1 (Watchlist),watchlist:ASSET_CLASS:TRAI_PHIEU,neg,0.89,Dow Jones giảm hơn 300 điểm khi lợi suất trái phiếu Mỹ tăng mạnh,Chứng khoán Mỹ giảm mạnh khi lợi suất trái phiếu tăng lên vùng đỉnh nhiều năm. Thị trường chịu thêm áp lực từ lạm phát và kỳ vọng Fed tiếp tục tăng lãi suất.," • Dow Jones giảm 347 điểm, S&P 500 mất 0,77%
 • Lợi suất 10 năm vượt 5,2%, kỳ hạn 30 năm vượt 5,5%
 • Cổ phiếu Boeing giảm gần 7% vì lỗi phần mềm 737 Max 10
 • Nvidia tăng nhờ chương trình mua lại cổ phiếu 150 tỷ USD",vietstock.vn,d9082c546b4718e407186f7340f01a6f1f2cc9c3a8bfe8bd73a4829007add75b,"[0, 1, 2, 3, 4, 5, 6, 7, 8, 9, 10, 11, 12, 13]"
Tier 1 (Watchlist),watchlist:IND_GICS2:NGAN_HANG,neg,0.88,TS. Nguyễn Trí Hiếu: Tôi không nhìn thấy dư địa cho các ngân hàng giảm lãi suất cho vay,"Chuyên gia cho rằng thanh khoản căng, ngân hàng phải huy động vốn giá cao nên chưa có dư địa giảm lãi suất cho vay, gây áp lực cho doanh nghiệp."," • Thanh khoản liên ngân hàng tiếp tục căng
 • Lãi suất huy động cao khiến lãi vay khó giảm
 • Doanh nghiệp vay gặp sức ép vốn và chi phí",cafef.vn,eac0776135aa7074a8aca6d04dc60eafe1fc40ca785d82df0270c1f0722c8336,"[2, 3, 5, 6, 7, 8]"
Tier 1 (Watchlist),watchlist:ASSET_CLASS:TRAI_PHIEU,neg,0.88,"Lợi suất trái phiếu Mỹ lên đỉnh 19 năm, sức ép nào với chứng khoán Việt Nam?","Lợi suất trái phiếu Mỹ 10 năm lên 5,18%, cao nhất 19 năm, gây áp lực định giá, thanh khoản và tỷ giá cho chứng khoán Việt Nam."," • Lịch sử cho thấy VN-Index thường giảm mạnh khi lợi suất Mỹ tăng mạnh
 • Tăng trưởng nội lực và nâng hạng FTSE Emerging là các yếu tố hỗ trợ",tinnhanhchungkhoan.vn,445d833552c8a45e921170b22fd8a96c2ba8946cdddf8f57a3b036088a326b5e,"[0, 1, 2, 3, 6, 8, 9, 10, 13, 14, 15, 16]"
Tier 1 (Watchlist),watchlist:IND_GICS2:BAO_HIEM,pos,0.88,"MSB muốn lập ngân hàng con tại VIFC, tăng vốn lên 46,800 tỷ, mở rộng hệ sinh thái chứng khoán, bảo hiểm","MSB đề xuất thành lập ngân hàng tại VIFC, tăng vốn lên 46.800 tỷ đồng và mở rộng sang chứng khoán, bảo hiểm nhằm đa dạng hóa hệ sinh thái."," • Tham nhập VIFC và tiếp cận vốn quốc tế
 • Phát hành 936 triệu cổ phiếu
 • Mở rộng dịch vụ chứng khoán và bảo hiểm",vietstock.vn,1b2e45c8156e5cefe4e238ed67ab48c7011845fe25bb31642e9e77e4ee3258cf,"[2, 5, 11, 13, 21, 23]"
Tier 1 (Watchlist),watchlist:ASSET_CLASS:DAU_THO,neg,0.88,Giá xăng dầu hôm nay 29/9: Tăng vì lo ngại nguồn cung,"Giá dầu Brent và WTI tiếp tục tăng do rủi ro gián đoạn nguồn cung qua Hormuz, dù đàm phán hòa bình tại Qatar tạo hy vọng. Lực cầu vận tải và chênh lệch giá năng lượng đang biến động mạnh."," • Brent tăng lên 105,91 USD/thùng và WTI lên 93,32 USD
 • Đàm phán Mỹ-Iran qua Qatar có thể mở lại Hormuz
 • Xuất khẩu dầu Trung Đông phục hồi nhưng chưa đạt mức trước xung đột
 • Cước vận chuyển cao có thể ảnh hưởng giá bán dầu Saudi
 • Giá bán lẻ xăng dầu Việt Nam đã tăng",vietnambiz.vn,ffe034c10fe7765f2babd5bc0401ce7aa02eb50b6bffe016a510199219508cc2,"[0, 1, 2, 3, 8, 9, 14, 15, 16, 18, 21, 22]"
Tier 1 (Watchlist),watchlist:ASSET_CLASS:VANG,neg,0.88,Giá vàng hôm nay 29/9: Giảm 4% xuống thấp nhất hơn 7 tuần,"Giá vàng giảm mạnh xuống đáy hơn bảy tuần do USD và lợi suất Mỹ tăng, trong khi giá dầu làm tăng kỳ vọng Fed siết tiền tệ."," • Giá vàng giao ngay giảm 3,5% xuống 4.136,81 USD/ounce
 • Dầu tăng làm gia tăng lo ngại lạm phát và kỳ vọng Fed tăng lãi suất
 • USD và lợi suất trái phiếu Mỹ tăng gây áp lực lên kim loại quý",vietnambiz.vn,6d540d01a2820901fd7edc8beb3642dffb9cccdb9d516dd40db07023f7258bef,"[0, 1, 2, 3, 4, 5, 6, 7, 8, 9, 10, 11, 12, 13, 14, 15]"
Tier 1 (Watchlist),watchlist:TICKER:FPT,neu,0.88,"Sau màn hát “Tái sinh” của ông Trương Gia Bình, mỗi tháng FPT có thêm 6.000 cổ đông mới, sân vận động lớn nhất thế giới và Mỹ Đình cộng lại không đủ sức chứa","FPT tăng mạnh cổ đông và tiếp tục tăng trưởng lợi nhuận, trong khi giá cổ phiếu giảm sâu, phản ánh tâm lý nhà đầu tư thận trọng."," • Kinh doanh công nghệ và xuất khẩu tiếp tục tăng trưởng hai chữ số
 • Cổ phiếu giảm mạnh dù lợi nhuận tăng, cho thấy định giá và tâm lý thị trường còn thận trọng",cafef.vn,533a5d1acc4cecfde904c1060483a096ec94f5f55f4971d06d71a0dd2fe25bf4,"[0, 2, 4, 10, 14, 15]"
Tier 1 (Watchlist),watchlist:TICKER:FPT,neu,0.88,"Sau màn hát “Tái sinh” của ông Trương Gia Bình, mỗi tháng FPT có thêm 6.000 cổ đông mới, sân vận động lớn nhất thế giới và Mỹ Đình cộng lại không đủ sức chứa","FPT tăng mạnh cổ đông và tiếp tục tăng trưởng lợi nhuận, trong khi giá cổ phiếu giảm sâu, phản ánh tâm lý nhà đầu tư thận trọng."," • Kinh doanh công nghệ và xuất khẩu tiếp tục tăng trưởng hai chữ số
 • Cổ phiếu giảm mạnh dù lợi nhuận tăng, cho thấy định giá và tâm lý thị trường còn thận trọng",cafef.vn,ed4da13977ae46cb0e1b2288117adf506e5fb24a19a573cbc3381e650046f707,"[0, 2, 4, 10, 14, 15]"
Tier 1 (Watchlist),watchlist:ASSET_CLASS:BAT_DONG_SAN_TAI_SAN,pos,0.87,Thu hút FDI và sự chuyển động của thị trường bất động sản khu công nghiệp,"FDI Việt Nam tăng mạnh, kéo theo nhu cầu KCN xanh, điện ổn định và chuyển từ đất công nghiệp sang nhà xưởng xây sẵn, built-to-suit."," • FDI thực hiện tăng 12%, công nghiệp chiếm ưu thế
 • Hạ tầng bền vững và ESG trở thành tiêu chí then chốt
 • Giá thuê KCN tăng do thiếu đất sạch sẵn sàng",vneconomy.vn,e118e272ffd21081a8d3642348d65d6414efa3d512fa1401cb3fd060deb13ddd,"[8, 10, 14, 20, 24, 30, 36, 42, 48, 54, 60, 66, 72]"
Tier 1 (Watchlist),industry:hàng tiêu dùng không thiết yếu,pos,0.87,Digiworld DGW Những động lực mới cho một chu kỳ tăng trưởng dài hơn,"Digiworld tăng trưởng mạnh nhờ thiết bị văn phòng, khách hàng doanh nghiệp và đa dạng hóa danh mục sản phẩm."," • Doanh thu tám tháng tăng 45% và lợi nhuận nửa năm tăng gần 130%
 • Thiết bị văn phòng tăng trưởng nhờ hạ tầng dữ liệu và AI",thoibaotaichinhvietnam.vn,d742852016286078d411b0090dcddb09f9f4eeb0a95664fd188c3a255fd74599,"[0, 1, 2, 4, 16, 18]"
Tier 1 (Watchlist),watchlist:MACRO_THEME:GDP_TANG_TRUONG,pos,0.87,"Standard Chartered dự báo tăng trưởng GDP quý III đạt 8,7% và cả năm đạt 9,5%","Standard Chartered dự báo GDP Việt Nam quý III đạt 8,7% và cả năm 9,5%, nhờ sản xuất, thương mại và chính sách hỗ trợ tăng trưởng."," • GDP quý III dự báo tăng 8,7%
 • GDP cả năm dự báo tăng 9,5%
 • Xuất khẩu và sản xuất công nghiệp tiếp tục tích cực",vietnambiz.vn,4413a15ce6f079e10286c1e3b5b6531e21056fdbfa2b7437a9a10022ffa37038,"[0, 1, 2, 3, 4, 5, 6, 7, 8, 9, 11, 12, 13]"
Tier 1 (Watchlist),watchlist:TICKER:SSI,pos,0.86,SSI gọi tên loạt doanh nghiệp có lợi nhuận quý III tăng hai tới ba chữ số,"SSI dự báo nhiều doanh nghiệp ngoài ngân hàng tăng lợi nhuận quý III/2026 nhờ giá hàng hóa, sản lượng, khai khoáng và bàn giao dự án."," • Lợi nhuận quý III cải thiện rõ ở nhiều ngành
 • Kết quả phân hóa do chi phí đầu vào và tiến độ bàn giao",vietnambiz.vn,09fe3883786e86d4bdb7de8c3859848af460773c3cd68fdd6f76b9b90476ecf3,"[0, 1, 3, 5, 7, 9, 11, 13, 15, 17, 19, 21, 23, 25, 27, 29, 31, 33, 35]"
Tier 1 (Watchlist),watchlist:IND_GICS3:XAY_DUNG,neu,0.86,Bộ Xây dựng ưu tiên xúc tiến 29 dự án cao tốc theo hình thức PPP,"Bộ Xây dựng ưu tiên 29 dự án cao tốc PPP giai đoạn 2026-2030, tổng vốn 922.812 tỷ đồng. Nhu cầu vốn cao nhưng phần huy động còn thiếu lớn."," • Danh mục PPP tập trung vào mạng lưới cao tốc trọng điểm
 • Còn phải cân đốc 846.000 tỷ đồng vốn",vneconomy.vn,257388d12b33ffe69a9d45a4d4753d17b9855c59d02762721a590b23bcde332e,"[1, 2]"
Tier 1 (Watchlist),watchlist:IND_GICS2:NGAN_HANG,pos,0.86,Nhiều ngân hàng Việt Nam sẽ bán thêm vốn cho nhà đầu tư nước ngoài,"VPBank, HDBank và Techcombank có thể bán thêm vốn cho nhà đầu tư nước ngoài, trong khi SMBC và các ngân hàng nước ngoài đang tìm đối tác chiến lược."," • VPBank đàm phán để SMBC nâng sở hữu lên 20%
 • Phát hành vốn hỗ trợ tăng trưởng, công nghệ và năng lực cạnh tranh ngân hàng",baodautu.vn,26844706cea6a0e663723ee210d64282f7b443edbf5ac182aafe70bed162840d,"[0, 1, 2, 4, 5, 6, 8, 10, 11, 12, 13, 14, 16]"
Tier 1 (Watchlist),watchlist:ASSET_CLASS:VANG,pos,0.86,Goldman Sachs giữ nguyên dự báo giá vàng đạt 4.900 USD/oz trước cuối năm 2026,"Goldman Sachs giữ dự báo vàng đạt 4.900 USD/oz cuối năm 2026 nhờ ngân hàng trung ương mua mạnh, dù biến động cao."," • Mua ròng của ngân hàng trung ương được ước tính rất cao
 • Trung Quốc nhập khẩu vàng tăng mạnh
 • Kịch bản Fed tăng lãi suất có thể đưa vàng về 4.440 USD",vneconomy.vn,04337f4d16295dcaf399fcd066463417e50089daaa30d398048dd55a861c9958,"[0, 1, 2, 3, 5, 6, 7, 10, 12, 15]"
Tier 1 (Watchlist),watchlist:ASSET_CLASS:CO_PHIEU,neg,0.86,"Hạ tầng Crystal muốn huy động thêm 2.000 tỷ đồng trái phiếu, bảo đảm bằng cổ phiếu","Crystal Infrastructure dự kiến phát hành 2.000 tỷ đồng trái phiếu để cơ cấu nợ, trong khi hồ sơ và tài sản bảo đảm vẫn có rủi ro cao."," • Doanh nghiệp chưa có doanh thu cốt lõi ổn định
 • Cổ phiếu KSF bảo đảm có thanh khoản và giá trị biến động rủi ro",baodautu.vn,fcec20992c03fdb2a06b8fcfcad3d0c94b154dafd8f6f6eeea2c7c78b528a0cd,"[0, 2, 6, 8]"
Tier 1 (Watchlist),watchlist:IND_GICS2:NGAN_HANG,pos,0.86,Một ngân hàng vừa được NHNN chấp thuận tăng vốn điều lệ thêm 33.000 tỷ đồng,"NCB được NHNN chấp thuận tăng vốn tối đa 33.000 tỷ đồng, nâng vốn điều lệ lên gần 62.280 tỷ đồng và có thể vào nhóm 10 ngân hàng lớn nhất."," • Phát hành 3,3 tỷ cổ phiếu riêng lẻ
 • Vốn điều lệ dự kiến tăng 112,7%
 • Kế hoạch vào Top 10 ngân hàng vốn lớn",cafef.vn,78d5ac09281df3a0010fc1e525d1b4b35a35bf3e0cb3e44126af6a5e7e52fbbb,"[0, 1, 2, 3, 4]"
Tier 1 (Watchlist),watchlist:ASSET_CLASS:CO_PHIEU,pos,0.86,MSB dự tính chào bán cổ phiếu giá 10 000 đồng huy động nghìn tỷ lập nhiều công ty con mở rộng hệ sinh thái,"MSB dự kiến tăng vốn điều lệ thêm 9.360 tỷ đồng, đồng thời mở rộng ngân hàng VIFC và đầu tư công ty chứng khoán, bảo hiểm."," • Vốn mới tập trung cho tín dụng, công nghệ và mua cổ phần
 • Mở rộng hệ sinh thái có thể tạo nguồn thu ngoài lãi và nâng cao năng lực cạnh tranh",thoibaotaichinhvietnam.vn,066ac6e7b7f15f9618715aa4e2a2142268f9ce0c96393aed5c383f44fe4cbab4,"[2, 5, 6, 10, 15, 16, 20]"
Tier 1 (Watchlist),watchlist:ASSET_CLASS:CO_PHIEU,pos,0.86,Hai cổ phiếu được khuyến nghị mua trước phiên 29/9,PVT và POW được khuyến nghị mua với kỳ vọng lợi nhuận tăng mạnh nhờ giá cước vận tải cao và năng lực điện khí LNG mới.," • PVT hưởng lợi từ giá cước và mở rộng đội tàu
 • POW tăng trưởng nhờ các nhà máy LNG
 • Dự báo lợi nhuận 2026 tăng trưởng mạnh",fireant.vn,ebe0a8406276be85f74af758af9dbb27ab753772cf4a8bf4eedc2508a28d0cf3,"[0, 3, 4, 13, 15, 19]"
Tier 1 (Watchlist),watchlist:ASSET_CLASS:VANG,neg,0.86,"Vàng, bitcoin đồng loạt giảm mạnh","Vàng và bitcoin đều giảm mạnh do lợi suất Mỹ tăng cao và kỳ vọng Fed siết tiền tệ. Dù vậy, vàng vẫn giữ nhu cầu dài hạn và bitcoin tăng hơn 40% trong quý III."," • Vàng giảm 3,3% xuống 4.135 USD/ounce
 • Bitcoin thủng 83.000 USD
 • Lợi suất Mỹ 10 năm đạt 5,23%, cao nhất từ 2007",baodautu.vn,1ca0287c9a869bafe7de48f3c789209c465fec9c91354942edb6e2330c119856,"[0, 1, 2, 4, 5, 6, 7, 8, 10, 12, 13]"
Tier 1 (Watchlist),watchlist:ASSET_CLASS:DAU_THO,neu,0.86,Giá dầu rời đỉnh sau khi Ả-rập Saudi khôi phục đường ống dẫn dầu quan trọng,"Giá dầu giảm khỏi đỉnh sau khi Saudi Arabia khôi phục đường ống Đông-Tây, cung cấp khoảng 3,5 triệu thùng mỗi ngày. Rủi ro xung đột Mỹ-Iran vẫn khiến thị trường năng lượng biến động."," • Brent chốt 105,28 USD/thùng sau khi chạm 108,83 USD
 • Đường ống khôi phục nâng cung cấp nhưng chưa đạt công suất tối đa
 • Cán bố chưa chắc Mỹ và Iran sẽ ngừng xung đột",vietstock.vn,b2833a8801417c1748ce6669b3ef82970bc2d492c2cf47aebc712bf3cbb5519b,"[0, 1, 2, 3, 4, 5, 6, 7, 8, 9, 10, 11, 12, 13, 14, 15]"
Tier 1 (Watchlist),watchlist:ASSET_CLASS:CO_PHIEU,neu,0.86,"Amy Grupo đã chào bán 16,1 triệu cổ phiếu trong đợt IPO","Amy Grupo huy động 787,29 tỷ đồng qua IPO để giảm nợ ngắn hạn và bơm vốn lưu động, trong bối cảnh lợi nhuận giảm và dòng tiền âm."," • IPO dự kiến huy động 787,29 tỷ đồng
 • Nợ vay tăng lên 2.581,9 tỷ đồng
 • Doanh thu tăng nhưng lợi nhuận và dòng tiền kinh doanh suy giảm",tinnhanhchungkhoan.vn,65d7dbeb01d689437d8bfff233651c53918a5f724bf317d4e0afb57e11246c20,"[1, 2, 3, 4, 5, 6]"
Tier 1 (Watchlist),watchlist:INSTITUTION:FED,neu,0.85,Loạt báo cáo quan trọng với Fed sẽ công bố trong tuần này,"Dữ liệu việc làm, thu nhập và PCE sắp công bố sẽ giúp thị trường đánh giá bà tỏa chính sách của Fed khi tăng trưởng Mỹ mạnh nhưng lạm phát và giá năng lượng vẫn cao."," • Thị trường chờ dữ liệu việc làm và PCE
 • Fed vừa tăng lãi suất lên 3,75%-4%
 • GDPNow dự báo tăng trưởng quý III khoảng 5%",vietstock.vn,039155b7a33e19ec4390269b026d5cbe25252ff7c203600cc1914a8ad395b041,"[1, 2, 3, 4, 5, 6, 7, 8, 10, 11, 12, 15, 16]"
Tier 1 (Watchlist),watchlist:ASSET_CLASS:BAT_DONG_SAN_TAI_SAN,pos,0.85,Bất động sản công nghiệp Việt Nam: Bước ngoặt chiến lược giữa làn sóng tái cấu trúc toàn cầu,"BĐS công nghiệp Việt Nam hưởng lợi lớn từ dịch chuyển chuỗi cung ứng, nhưng lợi thế chi phí đang thu hẹp. Hạ tầng, năng lực thực thi và hệ sinh thái sẽ quyết định dòng vốn công nghệ cao."," • FDI và xuất khẩu tăng mạnh, hỗ trợ nhu cầu công nghiệp
 • Cuộc cạnh tranh FDI ASEAN gay gắt hơn
 • Hạ tầng kết nối, năng lượng và ESG trở thành lợi thế mới
 • Năng suất và nội địa hóa vẫn là điểm yếu",baodautu.vn,0e1565d0ac8dfe0fad06f266415d0cb4d8fe4ca703c0669690d0a807806d3f2e,"[4, 6, 8, 13, 24, 25, 27]"
Tier 1 (Watchlist),watchlist:ASSET_CLASS:TRAI_PHIEU,neu,0.85,Ngân hàng tăng mua lại trái phiếu để kéo dài kỳ hạn nguồn vốn,"Ngân hàng mua lại hơn 188.433 tỷ đồng trái phiếu để kéo dài kỳ hạn nguồn vốn và bảo đảm an toàn vốn, không chủ yếu nhằm giảm chi phí."," • Ngân hàng chiếm gần 88% giá trị mua lại thị trường
 • Trái phiếu cũ được thay bằng nguồn vốn kỳ hạn dài hơn
 • Lãi suất phát hành mới vẫn cao nên dư địa giảm chi phí vốn hạn chế",thoibaotaichinhvietnam.vn,653fa36cc6e3bf63b4f142831dfc3b9754db4875df207a226cfd3c9f2ca9bc94,"[0, 1, 2, 3, 4, 5, 6, 7, 8, 9, 10, 11, 12, 13, 14, 15, 16, 17, 18]"
Tier 1 (Watchlist),watchlist:INDEX:VNINDEX,neu,0.84,Quỹ ngoại: Hiệu suất đầu tư kém do mức độ tập trung bất thường của diễn biến VN-Index,"Quỹ VNH tăng NAV 4,5%, thấp hơn xa chỉ số 32,4% do thị trường tập trung vào VIC, VHM; triển vọng dài hạn vẫn tích cực nhờ nâng hạng thị trường."," • Hiệu suất quỹ lệch mạnh do danh mục thiếu cổ phiếu tăng trưởng vượt trội
 • FTSE nâng hạng có thể thu hút 5–10 tỷ USD",vneconomy.vn,516d632402d481a7e20eb893cfb0a10802a41fc3b1addb90b9aae7cc95f07b3f,"[0, 1, 2, 3, 5, 7, 9, 11, 13, 15, 17]"
Tier 1 (Watchlist),watchlist:IND_GICS2:BAN_LE,pos,0.84,"Dự báo lợi nhuận toàn thị trường quý 3/2026 tăng 25%, dầu khí, bán lẻ bùng nổ","MBS dự báo lợi nhuận quý 3/2026 tăng 25%, dẫn đầu bởi bất động sản, dầu khí và bán lẻ; xây dựng, xuất khẩu giảm mạnh."," • Ngân hàng tăng 19% dù NIM chịu áp lực
 • Bất động sản dân cư tăng 214%
 • Xây dựng giảm 85%, hàng không giảm 40%",vneconomy.vn,491408dced557a912d300d1c9986eff5ae164aae957e8a8d050201e229c2a968,"[0, 1, 2, 3, 4, 5, 6, 7, 8, 9, 10, 11, 12, 13, 14]"
Tier 1 (Watchlist),watchlist:IND_GICS3:THUC_PHAM,pos,0.84,"AgriS (SBT) vượt kế hoạch doanh thu, tăng tốc mở rộng hệ sinh thái nông nghiệp – thực phẩm","AgriS vượt kế hoạch doanh thu 101%, lợi nhuận sau thuế tăng nhờ đa dạng hóa hệ sinh thái nông nghiệp–thực phẩm."," • Lợi nhuận từ công ty liên doanh tăng mạnh
 • Gạo, thực phẩm và dịch vụ nông nghiệp giảm phụ thuộc vào đường",cafef.vn,d6d89ec80fd2f898c3f613443def5feb5c82efe595f8540b82c8a28c851e328f,"[0, 1, 2, 10]"
Tier 1 (Watchlist),watchlist:ASSET_CLASS:CO_PHIEU,pos,0.84,Gemadept phát hành hơn 216 triệu cổ phiếu thưởng cho cổ đông,"Gemadept chuẩn bị phát hành hơn 216 triệu cổ phiếu thưởng, tăng vốn điều lệ lên gần 6.493 tỷ đồng trong bối cảnh lợi nhuận bán niên tăng mạnh."," • Phát hành cổ phiếu thưởng tỷ lệ 2:1
 • Vốn điều lệ tăng lên gần 6.493 tỷ đồng
 • Lợi nhuận bán niên tăng 71,3%",cafef.vn,924bd025e7bb6aa214030fabd7f290260f3a2e8cf273842c77af40b2fa426e7c,"[0, 1, 3, 4, 5, 9, 11]"
Tier 1 (Watchlist),watchlist:INSTITUTION:NHNN,pos,0.84,"NHNN chấp thuận cho NCB tăng vốn điều lệ lên 62,280 tỷ, triển khai trong quý 1/2027","NHNN chấp thuận NCB tăng vốn điều lệ tối đa 33.000 tỷ đồng lên 62.280 tỷ đồng trong quý 1/2027, nhằm bổ sung vốn kinh doanh."," • Phát hành riêng lẻ 3,3 tỷ cổ phiếu giá 10.000 đồng dự kiến thu 33.000 tỷ
 • Vốn tăng giúp cải thiện năng lực tài chính và mở rộng tín dụng",vietstock.vn,cb06cab9cb9810b8df6171140a33ff0f1c0d71e27b8b29a092786265d02f6c98,"[1, 5, 6, 7, 8, 9, 10]"
Tier 1 (Watchlist),watchlist:IND_GICS3:XAY_DUNG,pos,0.84,Bộ Xây dựng gọi vốn PPP cho 29 dự án cao tốc quy mô gần 923 ngàn tỷ giai đoạn 2026-2030,"Bộ Xây dựng kêu gọi vốn PPP cho 29 dự án cao tốc giai đoạn 2026-2030, tổng vốn gần 923 nghìn tỷ đồng. Danh mục tập trung vào các trục Bắc-Nam, vành đai và hạ tầng liên kết vùng."," • Tổng mức đầu tư dự kiến 922,812 tỷ đồng
 • 15 dự án ưu tiên 1 có quy mô vốn lớn nhất
 • Đoạn Quảng Ngãi-Dầu Giây yêu cầu 78,200 tỷ đồng
 • Đoạn Cần Thơ-Cà Mau yêu cầu 70,000 tỷ đồng",vietstock.vn,ce2330d86c6c26198772bae3ceb97612a04f2ebcbd996c7517ada5082d8da37f,"[0, 1, 2, 3, 4, 5, 6, 7, 8, 9, 10, 11, 12, 13, 14, 15, 16, 17, 18, 19, 20, 21, 22, 23]"
Tier 1 (Watchlist),watchlist:IND_GICS3:DIEN,neg,0.83,Điện Mặt trời Trung Nam Thuận Nam báo lỗ bán niên 2026,"Điện Mặt trời Trung Nam Thuận Nam lỗ sau thuế 27,6 tỷ đồng trong nửa đầu 2026, đảo chiều từ lãi hơn 126 tỷ đồng."," • Nợ gần 9,8 nghìn tỷ đồng, đòn bẩy nợ trên vốn chủ tăng lên 21 lần
 • Công ty chậm thanh toán gần 16 tỷ đồng do tiền điện về chậm",vietstock.vn,4dbe1eb1a20da4613612e4d6c1618881dd4409fd4200326d97c64c0548ca559c,"[1, 2, 3, 4, 5, 6, 7]"
Tier 1 (Watchlist),watchlist:ASSET_CLASS:BAT_DONG_SAN_TAI_SAN,neg,0.83,"'Đói vốn', doanh nghiệp bất động sản xoay chuyển bằng cách bán tài sản","Nhiều doanh nghiệp bất động sản đang bán tài sản để thu hồi vốn, xử lý thanh khoản và tập trung vào các dự án có triển khai nhanh hơn."," • Novaland bán tài sản để trả nợ
 • M&A hướng tới dự án pháp lý rõ, vị trí tốt và dòng tiền hiện hữu",cafef.vn,ddd2b73e8522f89f6ef077f6ae17d7cf6b4a62b5ce862aa19ea279396e4dcefc,"[0, 4, 5, 7, 9, 10, 12]"
Tier 1 (Watchlist),watchlist:ASSET_CLASS:TRAI_PHIEU,pos,0.82,Trái phiếu hạ tầng Cơ hội khơi thông dòng vốn dài hạn cho nền kinh tế,"Trái phiếu hạ tầng PPP có thể huy động dòng vốn dài hạn từ bảo hiểm và thị trường quốc tế, hỗ trợ nhu cầu đầu tư 245 tỷ USD giai đoạn 2026–2030."," • Nhu cầu vốn dài hạn cho hạ tầng và PPP rất lớn
 • Tăng cường tín dụng và bảo lãnh có thể thu hút dòng vốn tổ chức",thoibaotaichinhvietnam.vn,18a50ddff60935207b48ffb746092e27960aa08f6ab4ba1550e72505c53327ae,"[0, 1, 2, 3, 4, 5, 6, 7]"
Tier 1 (Watchlist),watchlist:TICKER:SSI,neu,0.82,"SSI dự báo kết quả kinh doanh quý 3/2026 của 42 doanh nghiệp: Masan, Viglacera tăng bằng lần, Sacombank dự báo giảm 45%","SSI dự báo lợi nhuận quý III tăng mạnh ở Masan, Viglacera và năng lượng, trong khi Sacombank, IDICO và bất động sản chịu áp lực giảm."," • Masan, Viglacera và PV GAS có động lực tăng trưởng rõ rệt
 • Chi phí dự phòng và bàn giao bất động sản kìm hãm một số doanh nghiệp",cafef.vn,5cd8ae89974ba6d85fcfaef2a49db247a652424156693e84781bffee421dcc08,"[0, 1, 2, 3, 4, 5, 6, 7, 8, 9, 10, 11, 12, 13, 14, 15, 16]"
Tier 1 (Watchlist),watchlist:IND_GICS1:Y_TE,neg,0.82,Bộ Y tế: Chi phí khám chữa bệnh bảo hiểm y tế ngày càng tăng,"Chi khám chữa bệnh bảo hiểm y tế tăng 16,5% lên 162.818,6 tỷ đồng năm 2025, đặt áp lực lớn lên Quỹ."," • Chi phí bình quân tăng ở ngoại trú và nội trú
 • Chênh lệch chi phí giữa các tuyến rất lớn
 • Cần mở rộng thanh toán theo định suất và DRG",vneconomy.vn,1c216880db19b3363c047810446acc1a60d59abf82fbac063de3fb991ff7aaeb,"[0, 3, 4, 5, 6, 7, 9, 13, 15]"
Tier 1 (Watchlist),watchlist:ASSET_CLASS:DAU_THO,neg,0.82,Giá dầu tiếp tục tăng trước lo ngại gián đoạn nguồn cung,"Giá dầu WTI và Brent tiếp tục tăng do nguy cơ gián đoạn nguồn cung tại Hormuz, dù kỳ vọng đàm phán qua Qatar giúp thu hẹp đà tăng."," • WTI đạt 93,89 USD/thùng và Brent gần 99,46 USD/thùng
 • Khoảng một phần năm dầu và khí toàn cầu đi qua Hormuz, khiến rủi ro cung cung cao",thoibaotaichinhvietnam.vn,6859d54e76d4e5953ac2f51fac89d76ac7e4dda975b237a9e0d7563f0130b684,"[0, 1, 2, 4, 5, 6, 7, 8, 9, 11]"
Tier 1 (Watchlist),watchlist:MACRO_GEO:MY,neg,0.82,GM lo cạnh tranh gay gắt khi các hãng xe tập trung vào Mỹ để tránh đối thủ Trung Quốc,"GM cảnh báo thị trường ô tô Mỹ sẽ cạnh tranh gay gắt khi các hãng dồn vốn tránh sức ép từ Trung Quốc, buộc hãng phải nâng sức cạnh tranh và cắt giảm chi phí."," • Cạnh tranh tại Mỹ tăng cao
 • GM đẩy mạnh cắt giảm chi phí
 • Xe điện suy yếu và giá xe cao gây áp lực",vneconomy.vn,d2bc30acfe2317fd40a51b80563d9714506031cca460275bd8ae387f8b0328f0,"[0, 4, 11, 13]"
Tier 1 (Watchlist),watchlist:MACRO_THEME:DAU_TU_CONG,pos,0.82,Hà Nội tăng tốc để về đích giải ngân đầu tư công,"Hà Nội đã giải ngân 99.100 tỷ đồng vốn đầu tư công, đạt 82,7% kế hoạch Chính phủ. Thành phố tiếp tục tháo gỡ mặt bằng và thủ tục để bảo đảm hiệu quả giải ngân."," • Giải ngân đạt 82,7% kế hoạch và 61% dự toán thành phố
 • Đầu tư công hướng tới giao thông và hạ tầng chiến lược
 • Mặt bằng và thủ tục vẫn là các điểm nghẽn cần tháo gỡ",cafef.vn,42597dd1cc3e5b0eb5a47b1b720ca47ad52c24234b0296e705e9bb38e3557a76,"[2, 3, 4, 5, 6, 7, 10, 11, 12, 13, 14]"
Tier 1 (Watchlist),watchlist:ASSET_CLASS:BAT_DONG_SAN_TAI_SAN,pos,0.82,Bất động sản công nghiệp trước cuộc đua tạo lợi thế mới,"Cuộc đua khu công nghiệp Việt Nam chuyển từ đất và chi phí lao động sang hạ tầng, tốc độ triển khai, logistics và ESG. Hệ sinh thái công nghiệp được xem là lợi thế dài hạn."," • FDI thực hiện và PMI sản xuất Việt Nam tăng
 • Khu công nghiệp phải ưu tiên tốc độ và nhà xưởng xây sẵn
 • Logistics tích hợp có thể giảm 20-30% chi phí
 • Tiêu chuẩn ESG và năng lượng sạch ảnh hưởng quyết định đầu tư
 • Phát triển hệ sinh thái theo ngành giúp giảm chi phí phối hợp",baodautu.vn,7f59b3c547d6285db43619680ce9e7e16d86a1d8bbfbf13426051258d443a4ae,"[1, 2, 7, 9, 14, 19, 24, 27, 29]"
Tier 1 (Watchlist),watchlist:IND_GICS1:NANG_LUONG,neu,0.82,"Dầu, LNG và than tăng giá, doanh nghiệp năng lượng nào hưởng lợi?","Vietcap nâng dự báo dầu, LNG và than năm 2026, cho thấy lợi ích phân hóa mạnh giữa lọc hóa dầu, khí và điện."," • BSR hưởng lợi từ lãi tồn kho và crack spread cao
 • GAS và PVT được đánh giá tích cực nhẹ
 • POW, NT2, QTP và PPC chịu tác động tiêu cực nhẹ",vietnambiz.vn,02825620479530365cc6a83403ce74e2bf3e6ff1c228ec16f42ecbb8888014d1,"[0, 1, 2, 3, 4, 5, 6, 7, 8, 9, 10, 11, 12, 13, 14]"
Tier 1 (Watchlist),watchlist:IND_GICS2:NGAN_HANG,pos,0.81,"SSI dự báo bức tranh lợi nhuận quý 3: Bốn doanh nghiệp tăng bằng lần, một ngân hàng có thể sụt giảm","SSI dự báo 36/42 doanh nghiệp tăng lợi nhuận quý III, nổi bật Viglacera, Masan và năng lượng; Sacombank và IDICO có thể giảm mạnh."," • Bán lẻ, công nghệ, ngân hàng và năng lượng là các điểm sáng
 • Bất động sản và ngân hàng có nguy cơ lợi nhuận giảm",cafef.vn,b3597b2aad014e1d39d927c4d96e135eff0df8b08deb0747dba6881dbb83db83,"[0, 1, 2, 3, 4, 5, 6, 7]"
Tier 1 (Watchlist),watchlist:ASSET_CLASS:CO_PHIEU,neu,0.8,Sàng lọc 5 cổ phiếu hưởng lợi lớn từ mặt bằng lãi suất cao,"Lãi suất cao gây áp lỗi chi phí vốn và phân hóa thị trường; Agriseco chọn TCB, PVS, BSR, GVR, SAB nhờ tiền mặt và sức chối chịu tốt."," • Lãi suất tăng là rủi ro với doanh nghiệp đòn bẩy cao
 • Doanh nghiệp dồn tiền và nợ lãi có lợi thế hơn",vneconomy.vn,28bced63417f02cdcb89286805ffb00164028f0dc8c5805d6babfb2197bf7406,"[0, 1, 2, 4, 5, 8, 12, 14, 15]"
Tier 1 (Watchlist),watchlist:MACRO_THEME:FDI,pos,0.8,TP.Hồ Chí Minh dự kiến thu hút 19 tỷ USD vốn FDI năm 2026,"TP.HCM dự kiến đạt 19 tỷ USD FDI đăng ký năm 2026, nhờ các dự án cảng, trung tâm dữ liệu AI và điều chỉnh vốn lớn."," • FDI đăng ký đến 19/9 đạt 17,225 tỷ USD, bằng 156,6% kế hoạch năm
 • Cần thúc đẩy giải ngân và kết nối FDI với doanh nghiệp trong nước",vneconomy.vn,762c4ffe75f9c37e4486023da2ca4f41848c6cfea32b45bb8c75d5ae2ce6e78f,"[0, 1, 2, 3, 4, 5, 6, 7, 8, 9, 10, 11, 12]"
Tier 1 (Watchlist),watchlist:ASSET_CLASS:CO_PHIEU,pos,0.8,"Tự doanh rót hơn 1,900 tỷ vào VPB nhờ thương vụ bán vốn và triển vọng kinh doanh","VPB được tự doanh mua ròng hơn 1.925 tỷ đồng trong tháng 9, hỗ trợ bởi kế hoạch tăng vốn với SMBC và kỳ vọng lợi nhuận quý III tăng."," • Giá VPB phục hồi khoảng 20% so với đáy
 • Lợi nhuận quý III được dự báo tăng 18-27%",vietstock.vn,e0377a1f39f3949df2b32a4dae46f0ee7ad52a343dc2e4ec1fc5481b0335493a,"[0, 1, 2, 3, 5, 6, 7, 8, 9, 10, 11, 12]"
Tier 1 (Watchlist),watchlist:IND_GICS2:NGAN_HANG,neu,0.8,"Một ngân hàng tính rút khỏi Nga sau 20 năm: Đã đưa 880 triệu USD về nước, tài sản có thể chỉ bán được 5% giá trị","OTP Bank cân nhắc rút khỏi Nga để tối đa hóa giá trị cổ đông và tập trung mở rộng tại eurozone, nhưng thoát vốn gặp trở ngại lớn."," • Hoạt động Nga sinh lời nhưng phải đối mặt rủi ro trừng phạt
 • Tài sản Nga có thể chỉ được bán với 5% giá trị thị trường",cafef.vn,b4d5f5949903b94eedee3e9b0c2a15b722f088d3a9cb0cd6f140ed9a93a08041,"[2, 6, 7, 17]"
Tier 1 (Watchlist),watchlist:ASSET_CLASS:TRAI_PHIEU,pos,0.8,Thiso thanh toán lãi cho lô trái phiếu 2.200 tỷ đồng,"Thiso đã thanh toán đầy đủ hai kỳ lãi cho lô trái phiếu 2.200 tỷ đồng, phản ánh khả năng trả nợ tốt dù nợ phải trả tăng."," • Hai kỳ lãi đã được thanh toán
 • Tổng lô trái phiếu 2.200 tỷ đồng kỳ hạn 36 tháng
 • Nợ phải trả năm 2025 tăng lên gần 7.823 tỷ đồng",cafef.vn,c76e7f96e6237b07a102b660aa9c50f9813deacad1ae078144ae2e059ceb8ad2,"[0, 1, 2, 3, 4, 10, 11, 12, 13, 14, 15, 18, 19, 20, 21]"
Tier 1 (Watchlist),watchlist:ASSET_CLASS:CO_PHIEU,pos,0.8,Cổ phiếu dầu khí tiếp tục hưởng lợi nhờ giá dầu neo cao do căng thẳng Trung Đông,"Giá dầu neo cao do xung đột Trung Đông và gián đoạn Hormuz hỗ trợ cổ phiếu dầu khí, vận tải, phân bón; nhiều ngành bị ảnh hưởng."," • Dầu khí hưởng lợi rõ nhất nhờ giá năng lượng tăng
 • Cước tàu và chi phí logistics tăng, gây áp lực lạm phát và sản xuất công nghiệp",vneconomy.vn,1f3e8c7723f32a19bc5bfe42ee8aaa695ba0ffae477ca833ccdfaffda6b51def,"[0, 5, 6, 12, 13, 15]"
Tier 1 (Watchlist),watchlist:ASSET_CLASS:CO_PHIEU,neu,0.8,Nâng chuẩn mới về công bố thông tin trên thị trường chứng khoán,"Dự thảo thông tư nâng chuẩn công bố thông tin chứng khoán, mở rộng nghĩa vụ tiếng Anh, ESG và báo cáo thường niên. Quy định có thể tăng chi phí tuân thủ nhưng cải thiện minh bạch."," • Mở rộng CBTT tiếng Anh đến nhiều chủ thể trung gian
 • Yêu cầu công bố thông tin ESG cùng báo cáo thường niên
 • Quy định rõ thẩm quyền và tài liệu ĐHĐCĐ",baodautu.vn,8a421eebb93f768cefb4995112829f532f23f350ea38e7f80356bdc14f98b29e,"[1, 2, 6, 12, 18, 20]"
Tier 1 (Watchlist),watchlist:IND_GICS1:TAI_CHINH,pos,0.8,"MSB mở rộng hệ sinh thái tài chính, hướng tới mô hình đa dịch vụ","MSB trình cổ đông phương án tăng vốn 25% lên 46.800 tỷ đồng, đồng thời mở rộng sang VIFC, chứng khoán và bảo hiểm. Chiến lược tăng trưởng hứa hẹn nhưng đòi hỏi vốn lớn."," • Vốn điều lệ dự kiến tăng thêm 9.360 tỷ đồng
 • 6.500 tỷ dự kiến dùng để phát triển tín dụng
 • MSB đề xuất thành lập ngân hàng tại VIFC và mở rộng bảo hiểm",vietnambiz.vn,24184b793ba40010c20a4a41630a1251a31787b08f696f228b5d69428abc756e,"[1, 3, 4, 9, 14, 15]"
Tier 1 (Watchlist),industry:hàng tiêu dùng thiết yếu,pos,0.8,"AgriS (SBT) vượt kế hoạch doanh thu, đẩy mạnh đầu tư cho chu kỳ tăng trưởng mới","AgriS vượt kế hoạch doanh thu niên độ 2025–2026 và duy trì lợi nhuận ổn định. Công ty đầu tư mạnh vào gạo, thực phẩm và chuỗi giá trị nông sảp để mở rộng tăng trưởng."," • Doanh thu đạt 26,733 tỷ đồng, hoàn thành 101% kế hoạch
 • Lợi nhuận sau thuế hơn 846 tỷ đồng
 • Đầu tư khoảng 500 tỷ đồng vào nhà máy và thực phẩm",vietstock.vn,0506ebde21ab6ca368e7801cd941a828e75a932268b690c10df607c9cc2f34b8,"[0, 2, 3, 5, 6]"
Tier 1 (Watchlist),watchlist:IND_GICS3:DAU_KHI,pos,0.8,Petrovietnam và hành trình làm chủ tổng thầu công trình dầu khí ngoài khơi,"Petrovietnam đã phát triển năng lực EPC/EPCI ngoài khơi quy mô lớn, từ Sư Tử Đen đến Lô B-Ô Môn, đồng thời mở rộng ra các thị trường quốc tế."," • Năng lực tổng thầu được nội địa hóa
 • Dự án Lô B-Ô Môn quy mô lớn
 • Xuất khẩu năng lực EPCI sang Qatar và Ấn Độ",vneconomy.vn,42249112171a146fb4a219d0902a8684f9a05ec4aea868323ea95ed0a25406c1,"[0, 3, 8, 9, 12, 15]"
Tier 1 (Watchlist),watchlist:ASSET_CLASS:VANG,neg,0.8,"Giá vàng miếng, vàng nhẫn trơn sáng 29/9 đồng loạt rớt mạnh tại SJC, DOJI, PNJ, Bảo Tín Minh Châu,...","Giá vàng trong nước giảm sâu về gần 140 triệu đồng/lượng, trong khi vàng thế giới duy trì dưới 4.135 USD/ounce. Lực bán được cho là do Fed cứng hơn và USD mạnh."," • Giá vàng miếng SJC giảm 1,4 triệu đồng/lượng
 • Vàng quốc tế giảm về vùng 4.126-4.134 USD/ounce
 • Nhu cầu dài hạn vẫn hỗ trợ giá vàng",cafef.vn,e16ffb1ef156f341168f676e6982eb1570f9e2300a828b2ba2a0014e4d1d774c,"[0, 1, 2, 3, 4, 5, 6, 7, 8, 9, 10, 11, 12, 13, 14, 15, 16, 17, 18, 19, 20]"
Tier 1 (Watchlist),watchlist:MACRO_GEO:DONG_NAM_A,neu,0.8,"Nước láng giềng sắp cho Trung Quốc xây siêu đập lớn hàng đầu Đông Nam Á: Cao 152 mét, công suất bằng 1/4 đập Tam Hiệp, vốn đầu tư 93.500 tỷ đồng","Myanmar xúc tiến hồi sinh đập Myitsone công suất 6GW, tạo nguồn điện lớn nhưng kéo theo tranh chấp về đất đai, môi trường và địa chính trị."," • Dự án có thể mất khoảng tám năm sau khi tái khởi động
 • Đập cao 152m và cung cấp hơn nửa nhu cầu điện 10GW của Myanmar
 • 90% điện dự kiến xuất khẩu sang Trung Quốc",cafef.vn,b27deae84196bee904e3fd2b44f7ad5c0160dd9e3d40bb4d9880b1bc550300f6,"[0, 1, 2, 3, 4, 5, 6, 7, 8, 9, 10, 11, 12, 13, 14, 15, 16, 17]"
Tier 1 (Watchlist),watchlist:ASSET_CLASS:DAU_THO,neg,0.79,Giá đậu tương giảm trước áp lực nguồn cung gia tăng,"Giá đậu tương giảm do kỳ vọng thương mại Mỹ-Trung Quốc suy yếu và nguồn cung từ Mỹ, Brazil tăng, dù nhu cầu Trung Quốc vẫn duy trì."," • Đậu tương Mỹ chịu thuế 10% tại Trung Quốc
 • Vị thế đầu cơ quá tải và thu hoạch Mỹ tăng gây áp lực cung",thoibaotaichinhvietnam.vn,da916421cd9dd1efd2cd13c747fd396f71bde846e99a88679a6fd45ab9556a0d,"[0, 1, 2, 3, 5, 6, 8]"
Tier 1 (Watchlist),watchlist:ASSET_CLASS:CO_PHIEU,neg,0.78,"Chứng khoán phiên 29/9: Bluechips vẫn yếu, khớp lệnh sàn HoSE chỉ đạt 10.300 tỷ đồng","Phiên 29/9 giảm điểm nhẹ với thanh khoản thấp nhất hai tháng; cổ phiếu trụ và ngân hàng yếu, khối ngoại tiếp tục bán ròng."," • VN-Index giảm 0,17%, thanh khoản HoSE chỉ 10.300 tỷ đồng
 • Khối ngoại bán ròng mạnh, tập trung vào VPB",baodautu.vn,bad2e7c8cef864c03a640c79f81a1d72b89792b17dcdb2e7f16e26fea83c2af7,"[0, 1, 2, 5, 7, 8, 12, 13]"
Tier 1 (Watchlist),watchlist:MACRO_GEO:MY,pos,0.78,Trung Quốc tăng mạnh mua đậu tương Mỹ trước thềm bầu cử giữa kỳ,"Trung Quốc tăng mạnh mua đậu tương Mỹ theo cam kết thương mại, hỗ trợ nông sản Mỹ nhưng chưa chắc nhập khẩu thực tế."," • Lượng mua hợp đồng tăng 4,4 lần
 • Đậu tương lên trên 13 USD/giạ
 • Trung Quốc còn quyền hoãn hoặc hủy đơn",vietnambiz.vn,f1ab86e44bf6090fa3fc405f3a8ef35a141d75d393c522870574ed5562a3025f,"[0, 2, 3, 8, 11, 12]"
Tier 1 (Watchlist),watchlist:IND_GICS2:NGAN_HANG,pos,0.78,VPBank huy động 27 triệu USD từ ngân hàng Nhật Bản cho dự án truyền tải điện 220 kV,"VPBank huy động 27 triệu USD từ Nhật Bản cho EVNNPT đầu tư lưới truyền tải 220kV, củng cố tài trợ năng lượng sạch."," • Khoản vay là dự án đầu tiên trong khung tín dụng 150 triệu USD
 • Hỗ trợ kết nối và giải phóng công suất năng lượng tái tạo",vietnambiz.vn,93c2bb010319ab9275eeb3fe5670203e082ddd60e36936ced4472603c617e461,"[1, 2, 8]"
Tier 1 (Watchlist),watchlist:ASSET_CLASS:VANG,neg,0.78,"Giá vàng lao dốc, quỹ lớn nhất thế giới mạnh tay ""gom"" hàng tấn vàng","Giá vàng và bạc lao dối trong bối cảnh lợi suất tăng và Fed có thể tăng lãi suất, trong khi quỹ SPDR vẫn mua ròng mạnh vàng."," • Vàng giảm gần 4% trong phiên
 • SPDR mua ròng 4,3 tấn vàng
 • Lợi suất Mỹ và USD cao gây áp lực kim loại quý",cafef.vn,bd0043858b6d3667a98869177de62c0294b7be78421cba42060ad8c84ef22c7b,"[0, 1, 2, 3, 4, 5]"
Tier 1 (Watchlist),watchlist:MACRO_GEO:MY,neu,0.78,Phát hiện ngọn đồi chứa 105 triệu tấn kho báu trải rộng gần 400 km2: Mỹ và Trung Quốc tranh nhau quyền kiểm soát,"Kenya đấu thầu mở phát triển Mrima Hill, nơi có khoảng 105 triệu tấn quặng đất hiếm và niobi. Mỹ và Trung Quốc cạnh tranh quyền kiểm soát chuỗi giá trị khoáng sản."," • Tài nguyên Mrima Hill được định giá khoảng 62,4 tỷ USD
 • Trung Quốc nắm khoảng 85% công suất tinh luyện đất hiếm toàn cầu
 • Khai thác phải cân bằng lợi ích địa phương và môi trường",cafef.vn,a72bd037fd8768ebea5743327d9f4e51a26e5a50106a1fce19b4713e2f32b5fa,"[0, 2, 3, 5, 6, 9, 10, 11, 12, 15, 16, 17]"
Tier 1 (Watchlist),watchlist:ASSET_CLASS:CO_PHIEU,neu,0.78,5 cá nhân đưa hơn 1.000 tỷ đồng cổ phiếu VIC vào công ty riêng của ông Phạm Nhật Vượng,"Năm cá nhân chuyển gần 4,43 triệu cổ phiếu VIC, trị giá khoảng 1.028 tỷ đồng, vào VIG. Giao dịch làm tỷ lệ sở hữu của VIG tăng nhẹ lên 32,526%."," • VIG tăng sở hữu lên khoảng 32,526% Vingroup
 • Giao dịch dự kiến thực hiện từ 1 đến 30/10/2026
 • Phạm Nhật Vượng sở hữu 94,8% VIG",cafef.vn,1af4ee1eefe3102c23f03d39b22406cd17b4fcdd83b1deec8166b5185adf8c1c,"[0, 1, 2, 3, 4, 5, 6, 7, 8, 9, 10, 11, 13]"
Tier 1 (Watchlist),watchlist:ASSET_CLASS:CO_PHIEU,neu,0.78,5 cá nhân đưa hơn 1.000 tỷ đồng cổ phiếu VIC vào công ty riêng của ông Phạm Nhật Vượng,"Năm cá nhân góp 4,43 triệu cổ phiếu VIC vào VIG, tương đương khoảng 1.028 tỷ đồng. VIG vẫn là cổ đông lớn nhất của Vingroup với tỷ lệ sở hữu dự kiến 32,526%."," • Giao dịch tập trung vào công ty do Phạm Nhật Vượng kiểm soát
 • VIG nâng sở hữu lên gần 2,525 tỷ cổ phiếu VIC
 • Cơ cấu sở hữu Vingroup khá tập trung",cafef.vn,1d475e26013c53f6e4feadc1f69f45b992482af879e1ae6b29fede9aa217c105,"[0, 1, 2, 3, 4, 5, 6, 7, 8, 9, 10, 11, 12, 13]"
Tier 1 (Watchlist),watchlist:IND_GICS3:THEP,pos,0.78,Tổng thống Trump công bố dự án nhà máy thép 15 tỷ USD tại Mỹ,"Mesabi Metallics công bố kế hoạch xây nhà máy thép 15 tỷ USD tại Iowa, dự kiến sản xuất năm 2030. Dự án tạo cơ hội tăng năng lực thép và việc làm Mỹ nhưng còn phụ thuộc thuế quan, vật liệu nhập khẩu và tiến độ triển khai."," • Nhà máy 15 tỷ USD có thể đạt 7,5 triệu tấn thép mỗi năm
 • Dự án cung cấp tối đa 6.000 việc làm xây dựng
 • Thuế nhập khẩu 50% có thể hỗ trợ đầu tư nhưng làm giá thép tăng
 • Dự án còn có thể gặp trở ngại trong nhiều năm tới",vneconomy.vn,163458d821213aa5dd1f4db0435cd3e7a5bdca39bbf4012c43369678ed0a844c,"[0, 2, 10, 11, 13]"
Tier 1 (Watchlist),watchlist:IND_GICS2:BAN_LE,neu,0.78,"Lợi nhuận loạt ‘ông lớn’ bán lẻ, tiêu dùng có thể tăng đột biến trong quý III","Lợi nhuận quý III của các doanh nghiệp bán lẻ và tiêu dùng phân hóa mạnh: MWG, FRT, DGW, VNM và MSN tăng, trong khi PNJ, HPA và DBC giảm."," • Bán lẻ hàng hóa và dịch vụ tiêu dùng 8 tháng tăng 14%
 • MWG và DGW hưởng lợi từ chu kỳ thay thế thiết bị
 • FPT Retail được hỗ trợ bởi Long Châu
 • Chăn nuôi chịu áp lực từ giá heo và nguyên liệu tăng
 • Masan và Vinamilk dự kiến tăng trưởng lợi nhuận mạnh",vietnambiz.vn,91c2afbbdda827e3842b21aa56d6a229607be375ffd2a09067ddf2a1fece79e4,"[0, 1, 3, 5, 8, 11, 14, 17, 20, 23, 26]"
Tier 1 (Watchlist),watchlist:MACRO_GEO:MY,neg,0.78,Đầu tư Hải Phát (HPX) muốn thoái toàn bộ vốn chủ đầu tư dự án khu dịch vụ du lịch nghỉ dưỡng Vinh Mỹ,"Đầu tư Hải Phát muốn thoát toàn bộ vốn đầu tư 250 tỷ đồng tại dự án Vinh Mỹ, trong khi nợ vay chiếm 46% vốn chủ sở hữu và cổ phiếu giảm mạnh trong năm."," • Công ty thoát 100% vốn góp tại Heritage Việt Nam
 • Dự án Vinh Mỹ có quy mô 39,58 ha và vốn hơn 1.656 tỷ đồng
 • Doanh thu 6 tháng tăng 11,9% nhưng lợi nhuận giảm 1,7%
 • Kế hoạch lợi nhuận năm chỉ hoàn thành 19,8% vào giữa năm
 • Nợ vay 1.723 tỷ đồng và cổ phiếu HPX giảm 25,4%",tinnhanhchungkhoan.vn,dae845d2aa3da3269a17e6a59074c312796c098165dda83730435025f9905b0b,"[0, 1, 2, 3, 4, 5, 6, 7]"
Tier 1 (Watchlist),watchlist:IND_GICS1:NANG_LUONG,neu,0.78,Quyết định bất ngờ của Tổng thống Vladimir Putin đối với ngành năng lượng,"Nga đóng thông tin xuất khẩu nhiên liệu và dữ liệu giao dịch, phục vụ ổn định thị trường nội địa."," • Dữ liệu xuất khẩu nhiên liệu, giao dịch và logistics bị hạn chế truy cập
 • Các biện pháp trước đó nhằm kiểm soát xuất khẩu xăng, kerosene và diesel",cafef.vn,387e00fcbd79e543cffaedbc5c9450d4e5ff7893c2cadc7e666b673167169be0,"[0, 1, 2, 10, 11]"
Tier 1 (Watchlist),watchlist:IND_GICS2:BAN_LE,pos,0.78,Soi động lực tăng trưởng doanh nghiệp bán lẻ quý III 2026,"Bán lẻ Việt Nam tăng trưởng nhờ nhu cầu thiết bị và mạng lưới hiện hữu, nhưng lợi nhuận, biên gộp và vốn lưu động phân hóa."," • Điện Máy Xanh tăng doanh thu 29% và bán trả chậm tăng 44%
 • Digiworld tăng 45%, FPT Retail tăng mạnh nhờ Long Châu
 • Chu kỳ iPhone 18 và giá thiết bị hỗ trợ doanh thu nhưng có thể không bền",thoibaotaichinhvietnam.vn,7733f734c47f238f8728c7cd213088030dff4aa6ddba41909dab9a66ee99bb20,"[0, 1, 2, 3, 4, 5, 6, 7, 8, 9, 10, 11, 12, 13, 14, 15, 16]"
Tier 1 (Watchlist),watchlist:IND_GICS2:BAO_HIEM,pos,0.77,"MSB muốn tăng vốn điều lệ lên hơn 9.300 tỷ, thành lập ngân hàng tại VIFC, mua công ty chứng khoán, bảo hiểm","MSB xin cổ đông tăng vốn điều lệ tối đa 9.360 tỷ đồng, mở rộng tín dụng và công nghệ. Ngân hàng còn dự kiến thành lập ngân hàng tại VIFC, mua công ty chứng khoán và đầu tư bảo hiểm."," • Vốn điều lệ dự kiến tăng lên 46.800 tỷ đồng
 • 6.500 tỷ đồng dành cho vay khách hàng
 • 600 tỷ đồng đầu tư công nghệ
 • VIFC giúp tiếp cận vốn ngoại tế rẻ và dòng vốn quốc tế
 • Mua chứng khoán và bảo hiểm nhằm mở rộng hệ sinh thái tài chính",vietnambiz.vn,2c491936c4b5c30748a5f1fe557ce249ab0dda50431b1a39bb74a276bf60d9e9,"[0, 1, 2, 3, 4, 5, 6, 7, 8, 9, 10, 11, 12, 13, 14, 15, 16, 17, 18, 19]"
Tier 1 (Watchlist),watchlist:IND_GICS1:CONG_NGHE,pos,0.76,Hà Nội đưa khoa học công nghệ thành động lực tăng trưởng,"Hà Nội triển khai kế hoạch khoa học công nghệ 2026–2030, hướng tới tăng trưởng hai con số, thu hút R&D và thúc đẩy chuyển giao công nghệ."," • Khoa học công nghệ được xác định là động lực tăng trưởng chính
 • Đầu tư R&D tối thiểu 2% GRDP và ưu tiên AI, fintech, robot",thoibaotaichinhvietnam.vn,bd90798617460178e2ba7090dfab08062775d7fff19e3614ed00f4dd7501d248,"[0, 1, 2, 5, 7, 8, 9]"
Tier 1 (Watchlist),industry:hàng tiêu dùng thiết yếu,neu,0.76,Brilliant Solutions trở thành cổ đông lớn tại AgriS (SBT),"Brilliant Solutions nâng sở hữu AgriS lên 6,18%, trong khi SBT đạt lợi nhuận sau thuế hơn 846 tỷ đồng nhưng tăng nợ 16%."," • SBT hoàn thành 101% chỉ tiêu doanh thu nhưng chưa đạt kế hoạch lợi nhuận
 • Hệ số nợ trên vốn chủ sở hữu là 2,03",tinnhanhchungkhoan.vn,77eecd0f7f07fa94fd4721f8ac48ae12efd3602b2dfb8b84781eec297e6b87bc,"[0, 1, 2, 3, 4, 5, 6, 7, 8]"
Tier 1 (Watchlist),watchlist:TICKER:FPT,neu,0.76,"FPT tăng hơn 54.000 cổ đông sau 9 tháng, sở hữu nước ngoài còn chưa tới 26%","FPT tăng mạnh số cổ đông và khối ngoại giảm sở hữu, trong khi lợi nhuận 7 tháng tăng 14% và đã hoàn thành 57% kế hoạch năm."," • Lợi nhuận tăng nhờ mảng công nghệ
 • Khối ngoại bán ròng mạnh và giá cổ phiếu giảm sâu so với đỉnh lịch sử",vietnambiz.vn,ef72a904db04ec7136721f14a5d998ca2cdd5dc2e67ef4dd3f9d034501f66f88,"[0, 2, 5, 6, 8, 10]"
Tier 1 (Watchlist),watchlist:ASSET_CLASS:TRAI_PHIEU,pos,0.76,Trái phiếu nội tệ thị trường mới nổi tăng sức hút,"Trái phiếu nội tệ thị trường mới nổi hút dòng tiền nhờ lợi suất cao, carry trade và phần bù USD bị thu hẹp."," • Chỉ số nội tệ vượt chỉ số USD hơn 3 điểm phần trăm
 • Rủi ro tỷ giá và chính sách Fed tiếp tục là rủi ro chính",tinnhanhchungkhoan.vn,b432c3ab257502b0ab4c296d98c3f45f38746b3c5fff4543a775312a81e303b1,"[0, 2, 3, 5, 9, 12]"
Tier 1 (Watchlist),watchlist:MACRO_GEO:NHAT_BAN,neu,0.76,Đồng yên hồi giá mạnh sau cảnh báo mới từ Nhật Bản,"Đồng yên phục hồi sau cảnh báo can thiệp của Nhật Bản, nhưng chênh lệch lãi suất với Mỹ và chính sách Fed cứng nhắc khiến xu hướng suy yếu chưa chấm dứt."," • Đồng yên tăng so với USD
 • Nhật Bản gia tăng cảnh báo can thiệp
 • Chênh lệch lãi suất Mỹ-Nhật còn rộng",vneconomy.vn,e081ebc33464d9c6c8159cf214a9a5975585dda1e89260aef73129cfe3079928,"[3, 5, 9, 12]"
Tier 1 (Watchlist),industry:bất động sản,neu,0.76,Becamex Group góp thêm gần 270 tỷ đồng vào Becamex - Bình Phước,"Becamex Group sẽ góp thêm 266,34 tỷ đồng vào Becamex Bình Phước, duy trì tỷ lệ sở hữu 40%. Song song, doanh nghiệp phát hành 710 tỷ đồng trái phiếu để tái cơ cấu nợ."," • Góp vốn tăng vốn điều lệ Becamex Bình Phước lên 3.364,2 tỷ đồng
 • Phát hành 710 tỷ đồng trái phiếu kỳ hạn 3 năm
 • 710 tỷ đồng dùng để thanh toán các khoản vay ngắn hạn",fireant.vn,a836fd5d558b2c978f2b75ed6ee233ab0506b9273086b67f26fe72ae436119df,"[0, 3, 4, 5, 10, 11, 12, 13, 14]"
Tier 1 (Watchlist),watchlist:MACRO_GEO:MY,neg,0.76,Hải Phòng rà soát các gói thầu liên quan Công ty Việt Mỹ,"Hải Phòng rà soát các gói thầu y tế của Công ty Việt Mỹ liên quan vụ buôn lậu, vi phạm kế toán và nhận hối lộ. Các bệnh viện liên quan đã cung cấp hồ sơ cho cơ quan chức năng."," • Các gói thầu thiết bị và bảo trì y tế có quy mô lớn
 • Công ty Việt Mỹ bị điều tra về buôn lậu và kế toán
 • Lãnh đạo bệnh viện Hữu nghị và Hải Dương cung cấp hồ sơ
 • Điều tra đã mở rộng liên quan lãnh đạo ngành và địa phương",cafef.vn,f9905ff41aadacf10a9f0dc9a89b114c3040e07270699430424a6024f466991e,"[0, 3, 4, 5, 6, 7, 8, 9]"
Tier 1 (Watchlist),watchlist:ASSET_CLASS:VANG,neg,0.76,"Ngồi trên mỏ vàng 250 tấn, quốc gia này thẳng tay loại doanh nghiệp phương Tây, trao quyền đào kho báu 1,4 triệu hecta cho Trung Quốc: 1/10 diện tích lãnh thổ","Nicaragua cấp quyền khai phát vàng cho doanh nghiệp Trung Quốc trên diện tích rất lớn, tạy trung tâm sản xuất vàng cho Bắc Kinh."," • Doanh nghiệp Trung Quốc nắm quyền khai thác trên 1,2-1,4 triệu hecta
 • Vàng chiếm 22,7% kim ngạch xuất khẩu Nicaragua
 • Dự án gây lo ngại về địa chính trị, trừng phạt và kiểm soát chiến lược",cafef.vn,e39968e012f44e06b31a6221cb04fc20e0a0969c1e1219b7f5f5f8a9f2a49774,"[0, 1, 2, 3, 4, 5, 6, 7, 8, 9]"
Tier 1 (Watchlist),watchlist:IND_GICS2:CONG_TY_CHUNG_KHOAN,neg,0.76,Một hiện tượng báo hiệu nhà đầu tư Thái Lan “chán” chứng khoán Việt Nam,"Nhà đầu tư Thái Lan bán mạnh DR của ETF Việt Nam, cho thấy nguồn vốn tiếp cận chứng khoán Việt Nam đang suy giảm nhưng chưa đồng nghĩa rút vốn quy mô lớn."," • FUEVFVND giảm hơn 40% so với đỉnh
 • E1VFVN30 mất khoảng hai phần ba lượng DR từ đỉnh
 • Bán DR có thể do chốt lời, kỳ vọng lợi nhuận, thanh khoản hoặc tỷ giá",cafef.vn,a681e36f06b676ec6000b876e6c98114c16e8e81b38681ed51f1edfd6ee2d5f3,"[0, 1, 2, 3, 4, 5, 6, 7, 8, 9, 10, 11]"
Tier 1 (Watchlist),watchlist:ASSET_CLASS:CO_PHIEU,pos,0.75,F88 triển khai niêm yết cổ phiếu trên HOSE,"F88 sẽ chuyển giao dịch từ UPCoM lên HOSE sau IPO, trong khi lợi nhuận 6 tháng tăng gần 114%."," • IPO huy động gần 782 tỷ đồng
 • Lợi nhuận sau thuế 6 tháng đạt 545 tỷ đồng
 • Đã thực hiện 61% kế hoạch lợi nhuận cả năm",vietnambiz.vn,c3548a9db057454723ae20d54b0af2fe5c8d596d57be1b98a57ed148051222df,"[0, 1, 2, 3, 4, 5, 10, 11]"
Tier 1 (Watchlist),watchlist:ASSET_CLASS:CO_PHIEU,pos,0.75,"Một quỹ ngoại kiếm hơn 4.600 tỷ đồng từ cổ phiếu của ngân hàng bầu Thụy đang dẫn dắt, nêu lý do phải bán bớt",Quỹ PYN thu hơn 4.600 tỷ đồng lợi nhuận từ STB nhưng bán bớt do giới hạn tỷ trọng danh mục. Quỹ vẫn kỳ vọng lợi nhuận ngân hàng tăng mạnh trong 2026–2028.," • STB chiếm 17,9% danh mục vào giữa tháng 9
 • PYN dự báo lợi nhuận STB năm 2026 đạt 6.160 tỷ đồng
 • PYN đang tập trung đầu tư vào nhóm cổ phiếu ngân hàng",cafef.vn,faa6e7045d424e610035c490b658c34a53e202c746497a3af31da2b1c9d86d52,"[0, 1, 2, 3, 4, 8, 9]"
Tier 1 (Watchlist),watchlist:IND_GICS1:CONG_NGHIEP,pos,0.74,Việt Nam trước cơ hội kiến tạo thế hệ công nghiệp mới,"VSIP cho rằng Việt Nam cần chuyển từ sản xuất chi phí thấp sang hệ sinh thái công nghiệp, số, bền vững để đón dòng vốn AI và giá trị cao."," • AI và tái cấu trúc chuỗi cung ứng tạo nhu cầu đầu tư mới
 • Năng lượng, hạ tầng số và nhân tài trở thành lợi thế cạnh tranh",thoibaotaichinhvietnam.vn,e74ade21fb333bf7f584a188816b70e2db06c127005216579688348247371264,"[1, 3, 4, 6, 7, 9, 11, 15, 18, 21, 22]"
Tier 1 (Watchlist),watchlist:MACRO_GEO:MY,neu,0.74,"Thặng dư thương mại Việt - Mỹ vượt 100 tỷ USD, có nên ""hy sinh"" xuất khẩu truyền thống?","Thặng dư thương mại Việt-Mỹ vượt 100 tỷ USD, trong khi chuyên gia khuyến nghị không hy sinh xuất khẩu truyền thống mà chuyển sang nhập khẩu công nghệ và nâng chất lượng chuỗi giá trị."," • Doanh nghiệp FDI chiếm khoảng 73% xuất khẩu, cho thấy phụ thuộc lớn vào khu vực này
 • Xuất khẩu cần tăng truy xuất nguồn gốc, thiết kế và giá trị nội địa
 • Nhập khẩu Mỹ nên tập trung vào công nghệ, năng lượng và thiết bị nâng cao năng suất",cafef.vn,5410c101557437dbd1543a1d7194d3628d63c7a82fcbeb9c2fab9ab1cb96acf8,"[0, 1, 2, 4, 7, 10, 11, 12, 13, 14, 15, 16, 18, 19, 20, 21, 22]"
Tier 1 (Watchlist),watchlist:IND_GICS3:THEP,pos,0.74,"Tỷ phú Trần Đình Long trực tiếp xuất hiện, làm việc với tỉnh Đắk Lắk về “mảnh đất đẹp cuối cùng để làm thép tại Việt Nam”","Hòa Phát và Đắk Lắk thống nhất tiếp tục phối hợp triển khai các dự án tại Khu kinh tế Nam Phú Yên, trong đó có tổ hợp gang thép quy mô lớn."," • Chính quyền hỗ trợ tháo gỡ vướng mắc
 • Dự án thép có vốn dự kiến 86.000 tỷ đồng
 • Kế hoạch mở rộng công suất sản xuất",cafef.vn,3cca7ba9d2bc14a102bc452fa66709f69b9e254deceb044bc9a243faebd9c38e,"[0, 3, 5, 8]"
Tier 1 (Watchlist),watchlist:ASSET_CLASS:CO_PHIEU,neu,0.74,"Giá dầu neo cao giữa chiến sự Trung Đông, CTCK chỉ ra nhóm cổ phiếu chịu sức ép lớn nhất","Giá dầu cao do chiến sự Trung Đông tạo cơ hội cho dầu khí và vận tải, nhưng gây áp lực lên hàng không, thép, nhựa, logistics và bán lẻ. Tác động thực tế phụ thuộc giá bán, chi phí đầu vào và khả năng chuyển giá."," • Dầu khí và vận tải dầu khí hưởng lợi rõ nhất
 • Phân bón và cao su được hỗ trợ nhưng yếu hơn
 • Hàng không chịu chi phí nhiên liệu và lạm phát cao
 • Vận tải logistics chịu rủi ro gián đoạn và cước tăng",vietnambiz.vn,9a6e6fd5cefc6c5182cbc60e34e3a4c7716eaf639ca5cc333999a7c80bd5dc8c,"[0, 1, 2, 3, 4, 5, 6, 7, 8, 9, 10, 11, 12, 13, 14, 15, 16, 17, 18, 19, 20, 21, 22, 23]"
Tier 1 (Watchlist),watchlist:ASSET_CLASS:BAT_DONG_SAN_TAI_SAN,pos,0.72,Bất động sản công nghiệp Việt Nam bước vào cuộc đua đón “làn sóng” đầu tư mới,"Bất động sản công nghiệp Việt Nam hưởng lợi từ dòng vốn dài hạn và chiến lược China+1, song cần hạ tầng, hệ sinh thái và địa phương phối hợp chặt chẽ."," • Nhà đầu tư trung Quốc tăng tốc chuyển hướng sang Việt Nam
 • Hạ tầng và khả năng kết nối hệ sinh thái quyết định cạnh tranh",baodautu.vn,eb672602d761194ae21f2ad0c04b1d65c4e61db8f2ea01eadf566b8227e547b1,"[3, 5, 7, 13, 15, 16, 18, 24, 29]"
Tier 1 (Watchlist),watchlist:IND_GICS1:NANG_LUONG,pos,0.72,"Nặng ngang 300 xe bán tải, siêu nam châm mạnh nhất thế giới trình làng: Dậy sóng ngành năng lượng sạch","Trung Quốc thử nghiệm thành công nam châm siêu dẫn 582 tấn cho dự án tokamak BEST, đánh dấu bước tiến quan trọng trong phát triển năng lượng nhiệt hạch sạch."," • Nam châm có từ trường 6,5 tesla, tuổi thọ thiết kế 60 năm
 • Công nghệ tự phát triển trong nước, còn phải lắp 16 cuộn dây để hoàn thiện",cafef.vn,0c05fa494ddabb20bccd7a898f73226b029558a6e7a0d2c1e2ba5fb6d0124bab,"[0, 4, 5, 6, 7, 8]"
Tier 1 (Watchlist),watchlist:IND_GICS3:DIEN,pos,0.72,Nhiệt điện Hải Phòng sắp chi 150 tỷ đồng cổ tức,"Nhiệt điện Hải Phòng chốt cổ tức 3%, tương đương chi 150 tỷ đồng; lợi nhuận sáu tháng đầu tăng 41%."," • Cổ tức dự kiến chi trả ngày 15/10, mỗi cổ phiếu nhận 300 đồng
 • Doanh thu sáu tháng tăng 8%, lợi nhuận trước thuế đạt 638 tỷ đồng",vietstock.vn,78f8905fafa9b039aecfd331991d22d7e57f903de7f51155f2e6062f75e6136e,"[0, 1, 2, 3, 4, 5, 6, 7]"
Tier 1 (Watchlist),watchlist:MACRO_THEME:TIN_DUNG,pos,0.72,Kỳ 3: Khu kinh tế biển TP. Hồ Chí Minh: Cần bảo đảm khả thi tín dụng và đầu tư,"Khu kinh tế biển TP.HCM cần danh mục dự án khả thi tài chính ngay từ quy hoạch để tiếp cận vốn ODA, Nhật Bản và dòng vốn quốc tế."," • Quy hoạch phải gắn với tín dụng và dòng tiền
 • Hệ sinh thái cảng, sân bay, tài chính và logistics cần được kết nối",vneconomy.vn,b9ec471ad10f058f912919298e60740e371a6f66004ee12b6effd4e4602b220b,"[0, 6, 8, 9, 11]"
Tier 1 (Watchlist),watchlist:ASSET_CLASS:CO_PHIEU,neu,0.72,Âu Lạc sắp phát hành cổ phiếu thưởng tỷ lệ 49%,"Âu Lạc chốt phát hành hơn 25 triệu cổ phiếu thưởng, tỷ lệ 100:49, nhằm tăng vốn và năng lực tài chính."," • Vốn cổ phần dự kiến tăng lên 81,5 triệu cổ phiếu
 • Doanh thu tăng nhưng lợi nhuận sau thuế giảm 5%",vietstock.vn,f5b218b7f543f70c3d8864ff6ac5d2cf3f820851395ee3001e49f1e599842b08,"[2, 3, 8, 9]"
Tier 1 (Watchlist),watchlist:IND_GICS2:QUAN_LY_VA_PHAT_TRIEN_BAT_DONG_SAN,neg,0.72,40 người kê khai sai khi mua nhà ở xã hội: Thanh tra chuyển vụ việc đến công an,"Thanh tra An Giang phát hiện sai phạm lớn tại các dự án nhà ở xã hội, gồm thu vượt giá, thu tiền trái phép và hỗ trợ người mua không đủ điều kiện."," • 40 người kê khai sai điều kiện
 • Chủ đầu tư thu vượt hơn 16,2 tỷ đồng
 • Vụ việc chuyển sang cơ quan công an",vietstock.vn,09e43c89006a896d24a31b9e93a38e2cc9d5401dcf214770f9c78f6746193afb,"[1, 4, 5, 8, 10, 14, 15, 19, 24]"
Tier 1 (Watchlist),watchlist:MACRO_GEO:MY,neg,0.72,Mỹ tăng thuế chống bán phá giá đối với tôm Ấn Độ lên hơn 7%,"Mỹ tăng thuế chống bán phá giá lên 7,01% với Sandhya Aqua, 4,04% với nhóm Devi và 5,53% với 106 doanh nghiệp Ấn Độ, có thể phát sinh thuế bổ sung đáng kể."," • Mức thuế cuối cùng tăng mạnh so với kết quả sơ bộ và rà soát trước
 • Doanh nghiệp nhập khẩu có thể phải nộp thêm thuế cho các lô đã nhập",vietnambiz.vn,5265571982c43e794942774d58c4cc4a57f40c546dd0161fe1f0e775f47f86a7,"[1, 2, 3]"
Tier 1 (Watchlist),watchlist:EXCHANGE:HOSE,pos,0.72,Đầu tư F88 (F88) hé lộ kế hoạch chuyển sàn sang HOSE,"F88 chuẩn bị chuyển giao dịch từ UPCoM sang HOSE sau IPO thành công. Doanh thu và lợi nhuận nửa đầu năm tăng lần lượt 62,6% và 113,9%."," • Lên sàn HOSE sau IPO
 • IPO thu hồi 781,9 tỷ đồng
 • Lợi nhuận và biên lợi nhuận tăng mạnh",tinnhanhchungkhoan.vn,365cf487c2a852aebf32d4740901018176ce91829207f490cacb8a07acf36a7d,"[0, 2, 3, 4, 5]"
Tier 1 (Watchlist),watchlist:ASSET_CLASS:TRAI_PHIEU,pos,0.72,Miza Nghi Sơn tăng lãi 77% sau đợt phát hành trái phiếu đầu tiên,"Miza Nghi Sơn tăng trưởng lợi nhuận mạnh trong bối cảnh nợ tăng. Các hệ số thanh toán cải thiện, nhưng nợ vay và quy mô nợ vẫn lớn."," • Lợi nhuận 6 tháng 2026 tăng 77% lên 80 tỷ đồng
 • Tổng nợ tăng 31% lên 3.422 tỷ đồng
 • Thanh toán lãi vay tăng lên 1,96 lần, thanh toán nhanh vẫn dưới 1",vietstock.vn,7c3b0089b3c6e8f88f372249cd875ae10c4e78d59b0af97ff16d1e8a9499dbc7,"[2, 3, 4, 5, 6]"
Tier 1 (Watchlist),watchlist:TICKER:VIC,neu,0.72,Thay đổi tại cổ đông lớn nhất của Vingroup,"VIG nhận chuyển 4,43 triệu VIC trị giá khoảng 1.028 tỷ đồng và tiếp tục là cổ đông lớn nhất Vingroup. Giao dịch không làm thay đổi đáng kể quyền kiểm soát hiện tại."," • Tỷ lệ sở hữu VIG tăng từ 32,468% lên 32,526%
 • VIG đồng thời nắm 32,9% VinFast
 • Phạm Nhật Vượng sở hữu phần lớn VIG",cafef.vn,bf7db5a299e12a79eaf9b6e72832b2c032ec6cb5ba814d214156f4e875f9ea18,"[0, 1, 2, 3, 4, 5, 6, 7]"
Tier 1 (Watchlist),watchlist:ASSET_CLASS:CO_PHIEU,neg,0.72,Kosy (KOS) lên tiếng về việc cổ phiếu giảm sàn liên tục,"Cổ phiếu Kosy giảm sàn 6 phiên liên tiếp, giảm 34,9%, do thị trường suy yếu, thanh khoản kém và margin bị siết. Trong khi đó, hoạt động cốt lõi và lợi nhuận nửa đầu năm vẫn tăng."," • KOS giảm từ 30.050 xuống 19.550 đồng/cổ phiếu
 • Thanh khoản và dòng vốn sản xuất kinh doanh xấu đi
 • Hoạt động BĐS, năng lượng tái tạo và dự án vẫn bình thường
 • Lợi nhuận nửa đầu năm tăng 120,7%
 • Biên lợi nhuận gộp cải thiện lên 13,3%",tinnhanhchungkhoan.vn,1853565b1a7635f3d900fa56ed7659306ffca29fe68a50892b591a68b63a818d,"[0, 1, 2, 3, 4, 5]"
Tier 1 (Watchlist),watchlist:IND_GICS2:BAO_HIEM,pos,0.72,Thị trường bảo hiểm đón 'sóng ngầm' từ những ông lớn ngân hàng,"VPBank được cấp phép thành lập VPLife, trong khi Techcombank và ACB cũng mở rộng mạnh vào bảo hiểm, phản ánh làn sóng hội tụ ngân hàng-bảo hiểm."," • VPLife dự kiến vốn điều lệ 2.000 tỷ đồng và hoạt động quý I/2027
 • Techcom Life tăng vốn dự kiến lên 4.300 tỷ đồng
 • Phi nhân thọ tăng trưởng mạnh trong khi bảo hiểm nhân thọ giảm",vietnambiz.vn,fe94ab9aab385be9e3c38b3237ccb29ab9bcd4b3de1836339510aaec5a9942b7,"[0, 1, 2, 3, 4, 5, 6, 7, 8, 9, 10, 11, 12, 13, 14, 15, 16]"
Tier 1 (Watchlist),watchlist:ASSET_CLASS:CO_PHIEU,neg,0.7,"Phiên 29/9: Khối ngoại liên tiếp bán ròng, ""xả"" gần 250 tỷ đồng tại một mã ngân hàng","Phiên 29/9 giao dịch ảm đạm, khối ngoại bán ròng 377 tỷ đồng; VPB bị xả gần 249 tỷ đồng trên HoSE."," • VN-Index giảm nhẹ và thanh khoản thấp
 • Khối ngoại tập trung bán mạnh VPB, HPG, ACB và VIC",cafef.vn,aa87cafeb8725c0c79835cdec0d3f881ef41a270615f6c102ae4b71c3822219d,"[0, 2, 3, 5, 7]"
Tier 1 (Watchlist),watchlist:ASSET_CLASS:CO_PHIEU,neg,0.7,"Khối ngoại nối dài chuỗi bán ròng trên HOSE, tâm điểm một mã ngân hàng","Khối ngoại bán ròng gần 399 tỷ đồng trên HOSE trong năm phiên liên tiếp, tập trung mạnh vào VPB và một số cổ phiếu ngân hàng."," • VPB bị bán ròng hơn 249 tỷ đồng, áp đảo các mã còn lại
 • PVT được mua ròng mạnh 61 tỷ đồng",vietnambiz.vn,a22e6fe4cbc2fcbb0b8b42e83863bfe52e67d15d344b63d8d3042d78186879cd,"[0, 1, 2, 3, 4, 5, 6, 7, 8]"
Tier 1 (Watchlist),watchlist:ASSET_CLASS:BAT_DONG_SAN_TAI_SAN,pos,0.7,Diễn đàn Bất động sản công nghiệp Việt Nam 2026: Việt Nam đang được lựa chọn trong chu kỳ công nghiệp mới,"FDI Việt Nam tăng mạnh, tạo nhu cầu bất động sản công nghiệp; thách thức là nâng cấp hạ tầng và hệ sinh thái khu công nghiệp."," • FDI đăng ký 8 tháng tăng 55,4%
 • FDI thực hiện đạt 17,25 tỷ USD
 • Cạnh tranh chuyển sang hạ tầng và năng lực vận hành",baodautu.vn,2ba9703d05f37f7df94fda346f0f453b18992d4dd8ef7b5bef97a064237e3b4d,"[2, 4, 5, 6, 7, 8, 11, 14, 15]"
Tier 1 (Watchlist),watchlist:ASSET_CLASS:CO_PHIEU,neu,0.7,"FPT: Có gần 182.000 cổ đông, khối ngoại còn nắm 28,5% vốn","FPT có gần 182.000 cổ đông sau phát hành, trong khi khối ngoại giảm còn 28,5% và cổ phiếu giảm mạnh trong năm."," • Phát hành hơn 171,4 triệu cổ phiếu
 • Vốn điều lệ tăng lên hơn 18.857 tỷ đồng
 • Giá FPT giảm hơn 30% từ đầu năm",fireant.vn,592eb80dd16261b9e7e6d1a94ebb64f378258bc7ed1ea12a96137bd62b7d5a27,"[0, 1, 2, 3, 4, 5, 6, 7, 8, 9, 10, 11, 12, 13, 14, 15]"
Tier 1 (Watchlist),watchlist:MACRO_GEO:TRUNG_QUOC,pos,0.7,Trung Quốc đặt mục tiêu đưa pin thể rắn vào ứng dụng quy mô lớn từ năm 2030,"Trung Quốc lập kế hoạch đưa pin thể rắn vào ứng dụng quy mô lớn từ 2030, chuyển ngành pin từ mở rộng quy mô sang công nghệ và chất lượng."," • Thị trường pin thể rắn Trung Quốc được kỳ vọng tăng trưởng kép 44,4% mỗi năm
 • Thương mại hóa vẫn đối mặt thách thức về chi phí, quy trình và nhất quán sản xuất",vneconomy.vn,cfad16e415e852f003652a828be54fdd6967daa552aee9e664101d70ab240118,"[0, 1]"
Tier 1 (Watchlist),watchlist:ASSET_CLASS:CO_PHIEU,neg,0.7,"Giao dịch chứng khoán phiên sáng 29/9: Thị trường thiếu động lực, nhiều cổ phiếu giảm sâu","Thị trường chứng khoán sáng 29/9 tiếp tục tiêu cực, thanh khoản thấp và lực cung áp đảo. NVL, KOS và PNJ bị bán tháo, nhiều mã giảm sàn."," • Sắc đỏ chiếm ưu thế, động lực phục hồi chung yếu
 • NVL, KOS và PNJ chứng kiến lực cung mạnh
 • Thanh khoản thị trường ở mức thấp",tinnhanhchungkhoan.vn,25fe8e808b38b36c649464974c82628dfe696f13cd96675c645c22c691aebfcc,"[1, 2, 3, 4, 5]"
Tier 1 (Watchlist),industry:hàng tiêu dùng thiết yếu,neu,0.7,Tổng công ty Tín Nghĩa (TID) muốn thoái toàn bộ vốn một công ty con đang thua lỗ,"TID dự kiến thoát toàn bộ 93,66% vốn khỏi Tổng kho xăng dầu Phú Hữu sau khi ghi nhận dự phòng 31,8 tỷ đồng. Động thái tái cơ cấu diễn ra trong bối cảnh lợi nhuận sáu tháng giảm mạnh."," • Vốn đầu tư vào công con là 279,94 tỷ đồng
 • TID đã trích lập dự phòng 31,8 tỷ đồng
 • Lợi nhuận nửa đầu năm giảm 77,4%",tinnhanhchungkhoan.vn,195483268c506f14047861f9bc8e34bf00d40ff15fb150758f03878ccf86d08e,"[0, 2, 3, 9, 10]"
Tier 1 (Watchlist),watchlist:ASSET_CLASS:VANG,neu,0.7,"Giá vàng miếng, vàng nhẫn trơn sáng 29/9: Bất ngờ đảo chiều tại SJC, DOJI, PNJ, Bảo Tín Minh Châu,...","Giá vàng trong nước giảm mạnh rồi hồi 500.000 đồng/lượng. Lợi suất cao và USD mạnh gây áp lực ngắn hạn, nhưng nhu cầu vàng dài hạn vẫn được kỳ vọng."," • Vàng biến động mạnh trong ngày
 • Lợi suất và USD gây áp lực
 • Nhu cầu cấu trúc hỗ trợ giá dài hạn",cafef.vn,0d9d8c8d07c9da18ed5558e74da372dfa50e972fc8485145bf4adca998a91d46,"[0, 3, 6, 12, 18]"
Tier 1 (Watchlist),watchlist:MACRO_THEME:LAI_SUAT,neg,0.7,"Lãi suất tăng, người trẻ chuyển hướng thuê nhà",Lãi suất vay cao khiến người trẻ chuyển từ mua sang thuê nhà để kiểm soát dòng tiền. Thanh khoản bất động sản có dấu hiệu chậm lại và doanh nghiệp thích nghi sản phẩm.," • Lãi suất vay mới tăng lên 8,4-10,7%/năm
 • Người trẻ ưu tiên thuê để dành tiền tích lũy
 • Bất động sản cần sản phẩm vừa túi tiền và chính sách thanh toán linh hoạt hơn",cafef.vn,9617cbb7bb3d36c46add65ec6b23a745788c41de46be7a25fad51abdd3457dc7,"[0, 1, 2, 3, 4, 5, 6, 7, 8, 10, 12, 14]"
Tier 1 (Watchlist),watchlist:IND_GICS3:THEP,neg,0.7,Giá thép hôm nay 29/9: Quặng sắt chạm đáy 5 tuần,"Giá quặng sắt giảm xuống đáy 5 tuần do nguồn cung dồi dào, tồn kho cảng Trung Quốc tăng và lợi nhuận thép suy giảm. Thị trường khó phục hồi trong ngắn hạn."," • Quặng sắt DCE giảm 0,91%, chạm đáy 5 tuần
 • Tồn kho cảng Trung Quốc đạt 152,17 triệu tấn
 • Tỷ lệ nhà máy thép có lãi chỉ còn 6,93%
 • Xuất khẩu và cập cảng toàn cầu phục hồi
 • Giá thép xây dựng trong nước bình ổn",vietnambiz.vn,cef11b5bf368670a5040a0c3688f41b8f1e01dec8419a5b50bb1d8e0a52d7f2e,"[0, 1, 2, 3, 4, 5, 9, 10, 11]"
Tier 1 (Watchlist),watchlist:MACRO_GEO:MY,neg,0.68,"Chuyến bay của Chủ tịch Tập Cận Bình sang Mỹ bằng Boeing 747 khiến ông Trump phải trầm trồ “Thật tuyệt vời”, nhà lãnh đạo Trung Quốc nói ""nhờ Nga""","Hạn chế vùng trời Nga tạo bất lợi cho hàng không Mỹ, làm tăng thời gian bay, chi phí nhiên liệu và bất đồng giữa Mỹ với Trung Quốc."," • Hàng không Mỹ phải bay vòng, chi phí vận hành tăng
 • Trung Quốc duy trì lợi thế đường bay ngắn qua Nga",cafef.vn,dce178a35410575558cf91064c6c7d9383451aafb605be06600c76430856479a,"[5, 6, 7, 8, 10, 13, 14, 16, 17, 19]"
Tier 1 (Watchlist),watchlist:ASSET_CLASS:DAU_THO,neu,0.68,Các nhà máy lọc dầu châu Á đa dạng hóa nguồn dầu thô ngoài eo biển Hormuz,"Các nhà máy lọc dầu châu Á chuyển dịch chuyển sang nguồn cung ngoài Hormuz, song chi phí vận tải và thời gian thay thế vẫn là rào cản."," • Oman, Nga, Tây Phi và Mỹ Latinh trở thành nguồn thay thế quan trọng
 • Tồn kho dầu thô Trung Quốc đạt khoảng 1,23 tỷ thùng",vietnambiz.vn,1630543cf550d8770f271dd99db6297e229a8dfb7efe2c75acd9b6e5ec2d0e81,"[0, 1, 2, 3, 4, 5, 6, 7, 8]"
Tier 1 (Watchlist),watchlist:TICKER:VCB,pos,0.68,Vietcombank đồng hành kiến tạo nền tảng phát triển bền vững cho thị trường vốn,Vietcombank củng cố vị thế trung tâm hạ tầng thị trường vốn với tài sản lưu ký gần 700.000 tỷ đồng và dịch vụ quỹ chiếm 18% thị phần.," • Quy mô lưu ký chứng tỏ năng lực vận hành và uy tín
 • Đầu tư công nghệ hỗ trợ mở rộng dịch vụ thị trường vốn",thoibaotaichinhvietnam.vn,b66371f5a03f87490c5a32813e07c3af10402a104a640c5ef3dc3ab90a863dc2,"[0, 1, 2, 4, 5, 6]"
Tier 1 (Watchlist),watchlist:ASSET_CLASS:CO_PHIEU,neu,0.68,Nhịp đập Thị trường 29/09: Cổ phiếu dầu khí diễn biến tích cực,Thị trường chứng khoán giảm nhẹ với thanh khoản thấp và khối ngoại bán ròng; cổ phiếu dầu khí nổi bật.," • VN-Index giảm 1,4 điểm
 • Khối ngoại bán ròng gần 130 tỷ đồng trong phiên sáng",vietstock.vn,022c27b079cf16647e4632659c7507c73a68321ff7f9674334ce9c9764679ccd,"[0, 2, 3, 6, 15]"
Tier 1 (Watchlist),watchlist:ASSET_CLASS:VANG,neg,0.68,"Liên tục điều chỉnh, giá vàng SJC xuống ngưỡng 141,5 triệu đồng mỗi lượng","Giá vàng SJC giảm 900.000 đồng/lượng, bám sát thị trường quốc tế. Chênh lệch giá trong nước cao khoảng 11,4 triệu đồng/lượng."," • Vàng SJC giảm về 138,5-141,5 triệu đồng/lượng
 • Điều chỉnh đồng hành với vàng thế giới
 • Chênh lệch giá trong nước còn cao",vietstock.vn,e0543a75c3ad3dce80a92b3937ab137c9200e14dcb9fd9fda018e035cb02a5ee,"[1, 4, 7]"
Tier 1 (Watchlist),watchlist:MACRO_THEME:LAI_SUAT,neu,0.68,Tỷ giá USD hôm nay 29 9 USD lặng sóng trong nước thị trường dõi theo khả năng Úc và Ấn Độ tăng lãi suất,"USD trong nước ổn định, trong khi DXY phục hồi nhờ lợi suất Mỹ tăng và kỳ vọng Fed thắt chặt. Thị trường theo dõi khả năng RBI và RBA tiếp tục tăng lãi suất."," • Tỷ giá trung tâm USD giảm 2 đồng lên 25.630 VND/USD
 • DXY tăng nhẹ lên 101,21 điểm
 • Lạm phát Ấn Độ và Úc thúc đẩy kỳ vọng tăng lãi suất",thoibaotaichinhvietnam.vn,21ac9c4a8163ed80ee2987c1c5b4b0bced701e6b6006536d53f499090c5eb214,"[0, 1, 3, 4, 8, 9, 10, 11, 12, 13, 14, 15, 16, 17]"
Tier 1 (Watchlist),watchlist:MACRO_GEO:TRUNG_QUOC,neu,0.68,"Doanh nghiệp Việt muốn đưa sản phẩm Việt ""thẳng tiến"" nội địa Trung Quốc: Kênh đào 10,8 tỷ USD mở đường",Kênh đào Bình Lục Trung Quốc có thể rút ngắn và giảm chi phí vận chuyển hàng Việt Nam vào nội địa Trung Quốc. Lợi ích với doanh nghiệp đi kèm lo ngại Trung Quốc có thể mở rộng xuất khẩu và làm thâm hụt thương mại ASEAN tăng.," • Dự án có vốn đầu tư 10,8 tỷ USD
 • Kênh kết nối sông với biển và giảm chi phí vận tải
 • Trung Nguyên kỳ vọng tăng doanh số cà phê tại Trung Quốc
 • Trung Quốc có nguy cơ tăng lợi thế xuất khẩu vào ASEAN",cafef.vn,ff46c8736f7764b99e7edd3b8cf717ce9e6f29c9d19beeb31fdb6ba3bfe6f639,"[0, 1, 2, 3, 4, 5, 6, 7, 8, 9, 10, 11, 12, 13, 14, 15, 16]"
Tier 1 (Watchlist),industry:công nghiệp,pos,0.67,Vietjet được vinh danh “Thương hiệu hàng không dẫn đầu châu Á” tại World Travel Awards 2026,"Vietjet nhận giải thưởng quốc tế, cùng với tăng trưởng mạnh thương hiệu và mở rộng mạng lưới bay toàn cầu, củng cố vị thế doanh nghiệp hàng không."," • Vietjet tiếp tục nhận giải dẫn đầu trải nghiệm khách hàng
 • Giá trị thương hiệu tăng 117% lên 906 triệu USD
 • Khai thác 213 đường bay và đặt hơn 600 máy bay",vneconomy.vn,65a2f20dff420658841012a2fbb96ffeec147de83831efc6b2609886160d45ef,"[1, 2, 4, 5]"
Tier 1 (Watchlist),watchlist:IND_GICS1:CONG_NGHE,pos,0.67,Giữ sức hút trong cuộc đua thu hút FDI vào công nghệ cao,"FDI Việt Nam tăng mạnh trong tám tháng đầu năm, với công nghệ cao và sản xuất chiếm trọng tâm. Cuộc cạnh tranh toàn cầu ngày càng gay gắt, đòi hỏi hạ tầng điện, logistics, nhân lực và năng lực R&D."," • FDI đăng ký đạt 40,63 tỷ USD, tăng 55,4%
 • Chế biến, chế tạo chiếm 51,8% vốn FDI đăng ký
 • Điện tử và bán dẫn là các ngành thu hút vốn nổi bật
 • Việt Nam cần cải thiện điện, logistics, nhân lực và hệ sinh thái",baodautu.vn,02447c2c74b49c08f229596f5ab6b52726ea8210568c5362b3cfc3db48545879,"[0, 1, 2, 3, 4, 5, 6, 7, 8, 9, 10, 11, 12, 13, 14, 15, 16, 17, 18, 19, 20, 21, 22, 23, 24, 25, 26, 27, 28, 29, 30]"
Tier 1 (Watchlist),watchlist:ASSET_CLASS:CO_PHIEU,pos,0.67,Mở rộng nguồn hàng cho thị trường chứng khoán,Thị trường chứng khoán cần mở rộng cung cấp cổ phiếu doanh nghiệp FDI để đa dạng hóa ngành và thu hút dòng vốn quốc tế.," • Chỉ khoảng 10 doanh nghiệp FDI niêm yết so với hơn 1.600 doanh nghiệp giao dịch
 • FDI tạo trên 3/4 kim ngạch xuất khẩu
 • Cải cách thủ tục giúp doanh nghiệp FDI tiếp cận thị trường vốn dễ hơn",thoibaotaichinhvietnam.vn,48c43935ee96617897927b408837d77c4e534435d449f58004cee55ec73886ef,"[0, 1, 2, 3, 4, 5, 6, 7, 8, 9, 10, 11, 12, 13]"
Tier 1 (Watchlist),watchlist:ASSET_CLASS:CO_PHIEU,neu,0.66,"Cổ phiếu dầu khí, cao su tăng mạnh","VN-Index giảm nhẹ trong khi dầu khí, cao su và hóa chất nổi bật; dòng tiền tập trung chọn lọc midcap và thanh khoản thấp."," • GVR tăng 3,42%, PVT tăng 6,4%, giá dầu neo quanh 100 USD/thùng
 • Thị phần giao dịch VN30 thấp nhất 25 phiên",vneconomy.vn,83daa020f901041122deebcd656f958af0e4d2028763b68b36d31aa152c1a01e,"[0, 2, 3, 4, 5, 6, 7, 8]"
Tier 1 (Watchlist),watchlist:TICKER:VIC,neu,0.66,"Khu đất được đề xuất xây tòa tháp đôi 99 tầng cao nhất thế giới, nối thẳng đến Sân vận động lớn nhất thế giới của Vingroup sẽ được xây thế nào sau khi các công trình hiện hữu được tháo dỡ?","Dự án Hanoi Twin Towers 99 đề xuất vốn 3–3,5 tỷ USD, gồm hai tháp 99 tầng cao 568m và nhiều chức năng thương mại, khách sạn, văn phòng."," • Dự án cần phê duyệt quy hoạt và pháp lý từ chính quyền Hà Nội
 • Quy mô vốn và công trình tạo cơ hội đầu tư lớn nhưng đòi hỏi năng lực tài chính, kỹ thuật cao",cafef.vn,0179feb4066a0fbe879ad0830da69775e416b47413146be4040c807fe2df08e3,"[1, 2, 3, 4, 5, 6, 7, 8]"
Tier 1 (Watchlist),watchlist:TICKER:HDB,pos,0.66,"HDBank mở rộng hợp tác quốc tế với Citi và Standard Chartered, tăng cường kết nối nguồn vốn toàn cầu","HDBank mở rộng hợp tác với Citi và Standard Chartered trong thanh toán, thương mại, ngoại hối và huy động vốn. Các bên còn nghiên cứu nguồn vốn quốc tế cho HDBank tối đa 1 tỷ USD."," • Hợp tác Citi nhằm mở rộng dịch vụ tài chính xuyên biên giới
 • Standard Chartered có thể hỗ trợ huy động tối đa 1 tỷ USD
 • Các giao dịch còn phụ thuộc thị trường, pháp luật và phê duyệt
 • Hợp tác hướng đến doanh nghiệp Việt Nam và chuỗi cung ứng toàn cầu",cafef.vn,c464d3ffa8004e3f9f7d6d57b54919d5a6b5b8d96bddffaee33d628ec9ae11ba,"[0, 1, 2, 3, 4, 5, 6, 7, 8]"
Tier 1 (Watchlist),watchlist:IND_GICS2:BAO_HIEM,pos,0.65,Loạt ngân hàng mở rộng mảng bảo hiểm,"VPBank, Techcombank và ACB mở rộng sở hữu doanh nghiệp bảo hiểm, tập trung xây dựng hệ sinh thái tài chính toàn diện."," • VPLife dự kiến hoạt động quý 1/2027
 • OPES tăng trưởng lợi nhuận gần ba lần
 • ACB Insurance đặt mục tiêu tăng phí bảo hiểm kép trên 50%",fireant.vn,4bfb6fc6950b3563ce8631642d35036c9e3f006d429364e30f2951766dfc78da,"[0, 1, 2, 3, 4, 5, 6, 7, 8, 9, 10, 11, 12, 13, 14, 15]"
Tier 1 (Watchlist),watchlist:MACRO_GEO:MY,pos,0.65,Mỹ-Trung công bố danh sách hàng hóa cắt giảm thuế trị giá 30 tỷ USD,"Mỹ và Trung Quốc công bố danh sách hàng hóa giảm thuế trị giá khoảng 30 tỷ USD, tập trung vào các mặt hàng ít nhạy cảm và hai nước có thể điều chỉnh hằng năm."," • Danh sách bao phủ 1.619 mặt hàng Mỹ và 77 mặt hàng Trung Quốc
 • Quy mô giảm thuế hỗ trợ thương mại nhưng còn nhỏ so với tổng kim ngạch song phẳng",vietstock.vn,9e892f2bcd6b6df39f4c1f862e44f145b36b551c2b397c3be7bc300bfa6681a5,"[1, 2, 3, 4, 5, 6, 7, 8, 9, 10, 11, 12, 13]"
Tier 1 (Watchlist),watchlist:IND_GICS2:CONG_TY_CHUNG_KHOAN,neg,0.65,Giả mạo sở giao dịch chứng khoán dụ dỗ đầu tư lợi nhuận 1.600%,HoSE cảnh báo tội phạm giả mạo sở và cơ quan quản lý để huy động tiền với lợi nhuận hứa hẹn 1.600%. Nhà đầu tư được khuyến cáo kiểm tra nguồn gốc.," • Giả mạo chứng cứ và thương hiệu cơ quan
 • Kêu gọi đầu tư lợi nhuận bất thường
 • Khuyến cáo không chuyển tiền cho cá nhân",cafef.vn,5acce36fe72fe14716ee0b49311111f2a0b67c4193ee91b330f1f214a6954162,"[0, 1, 2, 3, 5, 6]"
Tier 1 (Watchlist),watchlist:MACRO_GEO:NHAT_BAN,neg,0.65,"Giá cao su hôm nay 29/9: Nhật Bản ‘đứt mạch’ 5 phiên tăng liên tiếp, ngược chiều Thái Lan và Trung Quốc","Giá cao su Nhật Bản giảm 2,05% sau năm phiên tăng, trong khi Thái Lan và Trung Quốc biến động trái chiều. Nhu cầu lốp yếu và thị trường quá mua ngắn hạn gây áp lực điều chỉnh."," • Nhật Bản giảm còn 444 yên/kg
 • Nhu cầu cao su trước kỳ nghỉ lễ Trung Quốc suy yếu
 • Chỉ số sức mạnh 14 ngày ở mức 73,4%
 • Dầu và butadiene tăng hỗ trợ chi phí sản xuất
 • Xuất khẩu cao su Thái Lan giảm 10%",vietnambiz.vn,ae49184bd462bab9fc7a03cb1dcb69a711b8a8353cbcd0b6769f79b438dc2353,"[0, 1, 2, 3, 4, 6, 8]"
Tier 1 (Watchlist),watchlist:IND_GICS1:CONG_NGHIEP,neg,0.64,Khu công nghiệp xanh đối mặt bài toán vốn: Đầu tư lớn nhưng khó chứng minh dòng tiền,"Khu công nghiệp xanh gặp khó khăn tài chính vì chi phí đầu tư cao, lợi ích dài hạn và dòng tiền ngắn hạn chưa rõ."," • Mô hình sinh thái có thể tăng chi phí đầu tư 10-15%
 • Ngân hàng yêu cầu tài sản bảo đảm, pháp lý và khả năng tạo dòng tiền",vietnambiz.vn,decbc6e35bed160011e9066f76547ee5935dda29b0ce86fa583b82b3a1313937,"[0, 1, 2, 3, 4, 5, 6, 7, 8, 9, 10, 11]"
Tier 1 (Watchlist),watchlist:IND_GICS2:NGAN_HANG,pos,0.64,"Một ngân hàng huy động lãi suất lên tới 9,6%/năm cho số tiền từ 5 triệu đồng","Cake by VPBank triển khai nhiều chương trình tặng lãi tối đa 2,2%/năm, nâng lãi suất tiền gửi dài hạn lên tối đa 9,6%/năm."," • Ưu đãi áp dụng cho khách hàng mới và khách hàng gia hạn
 • Mức cộng lãi tối đa 2,2%/năm cho kỳ hạn dài
 • Chương trình có thể kết thúc sớm khi hết ngân sách",cafef.vn,14b11c28ce0e3bea8dea21c8caac4598b438179ebd2f04592aad50fd969819b4,"[0, 1, 2, 3, 4, 6, 15]"
Tier 1 (Watchlist),watchlist:ASSET_CLASS:DAU_THO,pos,0.62,Nguồn cung xăng dầu được đảm bảo đến cuối năm,Petrolimex và PVOIL bảo đảm nguồn đầu vào xăng dầu đến cuối năm nhờ đa dạng hóa nhà cung cấp và cơ sở phân phối.," • Doanh nghiệp mở rộng nhà cung cấp ngoài Singapore, Hàn Quốc
 • Giá xăng và dầu diesel tăng so với trần cũ",vietnambiz.vn,6a0e298aeae5a395fc58080abfa0c3ad89d5e7d505aa967e80ea9db7ea484b7c,"[0, 1, 2, 3, 4, 5]"
Tier 1 (Watchlist),watchlist:ASSET_CLASS:BAT_DONG_SAN_TAI_SAN,pos,0.62,Rút ngắn hành trình pháp lý của dự án bất động sản,"Sửa đổi luật và đồng bộ thủ tục nhằm giảm dự án bất động sản tồn đọng, rút ngắn thời gian pháp lý và giảm chi phí chờ đợi."," • Còn 1.278 dự án cần xử lý
 • Đề xuất liên thông dữ liệu và phân cấp thẩm quyền
 • Một dự án khởi công sau 18 năm vướng mắc",cafef.vn,26db280dc1158340411ff5f05a47559ba369f3810fa449077793591819ad404d,"[1, 2, 3, 8, 9, 11, 13]"
Tier 1 (Watchlist),watchlist:IND_GICS1:TAI_CHINH,pos,0.62,Kafi hướng tới nền tảng đồng hành toàn bộ hành trình tài chính,"Kafi định vị là nền tảng công nghệ quản lý tài sản, dự kiến lợi nhuận trước thuế 2026 hơn gấp đôi và hướng niêm yết HOSE."," • Bán lẻ, môi giới và margin vẫn là động lực tăng trưởng chính
 • Wealth management và sản phẩm đầu tư dài hạn nhằm đa dạng hóa doanh thu",thoibaotaichinhvietnam.vn,f5d169770f2dd948a6ccb2b8ebba33c9874bc785aa2963bef1a2824094ba1291,"[2, 4, 5, 6, 8, 9, 10]"
Tier 1 (Watchlist),watchlist:ASSET_CLASS:BAT_DONG_SAN_TAI_SAN,pos,0.62,Đặc khu Vân Đồn sẽ trở thành trung tâm đổi mới sáng tạo và dịch vụ cao cấp quốc tế - cú hích cho thị trường bất động sản,"Vân Đồn được định hướng thành đặc khu kinh tế đặc biệt và trung tâm dịch vụ cao cấp, tạo chất xúc tác tăng trưởng và có thể thúc đẩy mạnh bất động sản địa phương."," • Cơ chế chính sách đặc thù có thể thu hút vốn và công nghệ
 • Vân Đồn tập trung du lịch, logistics, casino và tài chính
 • Dự án nghỉ dưỡng thương hiệu quốc tế hỗ trợ khai thác sớm
 • Nguồn cung bất động sản và dịch vụ có thể tăng mạnh",vneconomy.vn,4d53fbcbb31d45c6ab5a05662aa48d06f9385e50593e5217067cb8cd985cd026,"[1, 3, 5, 6, 8, 13, 14]"
Tier 1 (Watchlist),watchlist:IND_GICS1:CONG_NGHE,neu,0.61,Đề xuất xác định tài xế công nghệ là nhóm đối tượng riêng thuộc diện BHXH bắt buộc,"Đại biểu Quốc hội đề xuất đưa tài xế công nghệ vào BHXH bắt buộc, với doanh nghiệp nền tảng tham gia đóng và tiêu chí nhận diện linh hoạt hơn."," • Hơn 700.000 tài xế có thể bị ảnh hưởng bởi chính sách mới
 • Cần xác định rõ trách nhiệm của nền tảng và cơ chế đóng ba bên",baodautu.vn,f53e86708a50c55a4f460ddfcca593ad13093df5023e762224900e9a7c6272ea,"[2, 3, 4, 5, 6, 7, 8, 10, 11, 12, 13]"
Tier 1 (Watchlist),watchlist:ASSET_CLASS:TRAI_PHIEU,neu,0.61,Trái phiếu doanh nghiệp vẫn là 'sân chơi' của các ông lớn,Thị trường trái phiếu doanh nghiệp Việt Nam tăng trưởng nhanh nhưng phần lớn vốn tập trung ở các tập đoàn lớn. Bài toán trọng tâm là mở rộng cơ hội huy động cho doanh nghiệp nhỏ và giảm phân hóa vốn.," • Năm 2025 tăng trưởng GDP 8,02%, nhu cầu vốn hạ tầng rất lớn
 • Năm tổng hơn 398.000 tỷ đồng
 • Vingroup và Masterise chiếm hơn 34% giá trị phát hành
 • Cần phát triển vốn nhiều tầng và kênh vốn liên thông",fireant.vn,b2ef850957a95105f91ad6230132beff80089f02e71d32afda96fe8158913f3b,"[0, 1, 2, 3, 4, 5, 6, 7, 8, 9, 10, 11, 12, 13, 14, 15, 16, 17, 18, 19, 20, 21, 22, 23, 24, 25, 26, 27, 28, 29, 30, 31, 32, 33, 34, 35, 36, 37, 38, 39, 40, 41, 42, 43, 44, 45, 46]"
Tier 1 (Watchlist),watchlist:ASSET_CLASS:VANG,neg,0.6,"Bảng giá vàng hôm nay 29/9: Đồng loạt giảm, Doji mất 1,4 triệu đồng/lượng","Giá vàng trong nước ngày 29/9 đồng loạt giảm, vàng miếng SJC bán ra 142 triệu đồng/lượng, thấp hơn thế giới quy đổi."," • SJC giảm 400 nghìn đồng mỗi chiều
 • Vàng nhẫn Doji giảm 1,4 triệu đồng/lượng
 • Giá trong nước cao hơn thế giới 11,9 triệu đồng/lượng",vietnambiz.vn,e2128c270adddadb8dfe57723f375109be21a91cdf473b0714312d6cf1db549b,"[0, 1, 2, 3, 4, 5, 6, 7, 8, 9, 10, 11, 12, 13, 14, 15, 16, 17, 18, 19, 20, 21, 22, 23, 24, 25, 26, 27, 28, 29, 30, 31, 32, 33, 34, 35, 36, 37, 38, 39, 40]"
Tier 1 (Watchlist),industry:bất động sản,neu,0.6,DIG bổ nhiệm nhân sự thay ông Nguyễn Hùng Cường,"DIC Corp thay đổi nhân sự Ủy ban Chiến lược và Phát triển bền vững, nhưng kết quả kinh doanh nửa năm 2026 tích cực."," • Doanh thu nửa năm tăng 78% và lợi nhuận gần gấp chín lần
 • Kế hoạch cả năm vẫn còn thách thức khi mới hoàn thành khoảng một phần tư chỉ tiêu",cafef.vn,6b58d620af8c07b5d2ccd39c44dc88a5c66f57bec47cb097b1f7d5c7c9ee96d5,"[0, 3, 5, 6]"
Tier 1 (Watchlist),industry:hàng tiêu dùng thiết yếu,neu,0.6,"ANT chốt quyền trả cổ tức 2025, nâng vốn lên hơn 350 tỷ","ANT chốt phát hành gần 5,9 triệu cổ phiếu để trả cổ tức năm 2025 theo tỷ lệ 5:1. Vốn điều lệ dự kiến tăng lên 353 tỷ đồng, trong khi cổ phiếu giảm mạnh từ đầu năm."," • Ngày giao dịch không hưởng quyền là 08/10
 • Cổ phiếu lưu hành dự kiến tăng lên hơn 35 triệu
 • Giá ANT giảm khoảng 45% so với đầu năm",vietstock.vn,2795b4977f53ef6377b8dd1e0f35de63b6b62d51d8802dbda69795c16a6cb3f7,"[1, 2, 4, 5, 7]"
Tier 1 (Watchlist),watchlist:ASSET_CLASS:CO_PHIEU,neu,0.6,Indonesia hạ giá sàn cổ phiếu để tăng thanh khoản thị trường,Indonesia giảm giá sàn cổ phiếu xuống 1 rupiah nhằm cải thiện thanh khoản và tránh bị MSCI hạ xếp hạng. Đây là biện pháp khắc phục cấu trúc thị trường đang suy yếu.," • Giá sàn giảm từ 50 xuống 1 rupiah
 • Chỉ số chứng khoán Indonesia giảm hơn 25% trong năm
 • MSCI cảnh báo rủi ro hạ xếp hạng
 • Thay đổi quy định có thể hỗ trợ định giá cổ phiếu bị kẹt",tinnhanhchungkhoan.vn,103c948a6c7b3d97db42745de850c29496d7f006b541c9d39a86fd0bdb8c1a80,"[0, 1, 2, 3, 5, 6, 11]"
Tier 1 (Watchlist),watchlist:IND_GICS1:CONG_NGHE,pos,0.58,Đề xuất tài xế xe công nghệ tham gia bảo hiểm xã hội bắt buộc,"Đại biểu đề xuất đưa tài xế công nghệ vào bảo hiểm xã hội bắt buộc, với cơ chế đóng linh hoạt và trách nhiệm của nền tảng số."," • Mở rộng bảo hiểm xã hội cho lao động số là xu hướng cần thiết
 • Cần xác định rõ tiêu chí và tránh đóng trùng",thoibaotaichinhvietnam.vn,3687eb436f85132e5ed22f849b70f1485c127eb0b4bc83e4372fbd024e7cf6eb,"[0, 2, 3, 5, 7, 9, 11, 13, 15, 17, 19, 21]"
Tier 1 (Watchlist),watchlist:IND_GICS2:NGAN_HANG,neu,0.58,"Ngân hàng tư nhân nhiều tiền gửi nhất Việt Nam trả lãi tới 9,3%/năm cho số tiền từ 10 triệu đồng","VPBank triển khai ưu đãi tiền gửi trực tuyến từ 10 triệu đồng, nâng lãi thực nhận lên 9,2-9,3%/năm đến cuối tháng 9/2026."," • Ưu đãi cộng 2,2 điểm phần trăm cho kỳ hạn 6-13 tháng
 • VPBank đạt 732.887 tỷ đồng tiền gửi, tăng 16,7% nửa đầu năm",cafef.vn,f196642f4bb9005356f68337ae4ad99180abab4c037149012c013863e298d7c7,"[0, 1, 2, 3, 4, 5]"
Tier 1 (Watchlist),watchlist:IND_GICS1:CONG_NGHIEP,pos,0.58,"Khơi thông nguồn vốn, tạo động lực mới cho phát triển khu công nghiệp",Hội thảo tại Hải Phòng nhấn mạnh cần đa dạng nguồn vốn và đưa nguồn lực đúng lúc vào hạ tầng khu công nghiệp để thu hút FDI giá trị cao.," • Tín dụng ngân hàng cần bổ sung vốn chủ, trái phiếu, quỹ đầu tư và PPP
 • Hạ tầng số, năng lượng, logistics và nhân lực quyết định sức hút của KCN",baodautu.vn,95a98ea505cfc98c7584cce63d179d5c9b58cc0eaa3a0f272c1641beff5e90dd,"[0, 2, 3, 4, 5, 6, 7, 8, 9]"
Tier 1 (Watchlist),industry:công nghiệp,neg,0.58,Các nhà điều tra Đức: Phanh chiếc Boeing 787 của Vietnam Airlines gặp sự cố tại Munich đã bị kích hoạt trong lúc chạy đà cất cánh,"Boeing 787 của Vietnam Airlines mất phanh khi chạy đà tại Munich, rời đường băng và va đèn tiếp cận; chưa xác định nguyên nhân."," • Không có người bị thương
 • Phanh bị kích hoạt ngay sau khi chạy đà
 • Máy bay hư hỏng đáng kể và phải xả nhiên liệu",cafef.vn,21ac663c6cb588b404d5b75bf00a21e6ed8ce854306419f1c61a2f32a9f587f4,"[0, 1, 2, 3, 5, 6, 7]"
Tier 1 (Watchlist),watchlist:IND_GICS3:XAY_DUNG,pos,0.58,"Không cần sang Thái Lan hay Trung Quốc, Việt Nam lên kế hoạch xây dựng ""làng outlet"" lên đến 50.000m2: Khu vực nào đang được đề xuất?","Bộ Công Thương phê duyệt đề án phát triển outlet đến năm 2030, hướng tới mô hình làng outlet 30.000-50.000 m2 tại các khu vực giao thông, du lịch và sức mua lớn."," • Hình thành ít nhất một mô hình outlet vào năm 2030
 • Làng outlet quy mô 30.000-50.000 m2
 • Khu vực Hà Nội, TP.HCM và Đà Nẵng được ưu tiên",cafef.vn,ffb33ede8ad77d8640628e6ccbf6d4bb20162694743b1dfb43e56847783ca535,"[2, 3, 4, 7, 9, 10, 12, 14]"
Tier 1 (Watchlist),industry:hàng tiêu dùng thiết yếu,neg,0.58,Bột giặt Lix bị xử phạt vi phạm hành chính về thuế,"Bột giặt Lix bị xử phạt gần 238 triệu đồng về thuế, trong khi lợi nhuận sau thuế sáu tháng giảm 15,7%."," • Vi phạm thuế phát sinh từ kiểm toán hoạt động quản lý vốn, tài sản năm 2024
 • Doanh thu tăng nhưng chi phí tài chính và cổ tức biến động làm lợi nhuận giảm",cafef.vn,e1a9c7e23c6a3b8313aa192ab0dfcb50d0a7812ecb0bd9a70aac4ca7a792fe7e,"[1, 2, 5, 6, 7]"
Tier 1 (Watchlist),watchlist:MACRO_GEO:EU,pos,0.58,EU dỡ bỏ lệnh phong tỏa Quỹ Hòa bình châu Âu để viện trợ quân sự cho Ukraine,"EU giải tỏa 6,6 tỷ euro từ Quỹ Hòa bình, bồi thường vũ khí đã chuyển cho Ukraine và phân bổ thêm 1,9 tỷ euro hỗ trợ quân sự."," • EU huy động nguồn tài trí mới cho Ukraine
 • Phần lớn ngân quỹ bồi thường chi phí vũ khí cho thành viên EU
 • Đức và Thụy Điển cam kết chuyển tiếp ngân sách hỗ trợ Ukraine",cafef.vn,37fb4c7d5da44a945dfb20128b80ac522b56511850326d658331dcf91a158ce8,"[0, 2, 4, 5, 7]"
Tier 1 (Watchlist),watchlist:ASSET_CLASS:BAT_DONG_SAN_TAI_SAN,neu,0.58,Niên hạn công trình có thể làm thay đổi cách định giá căn hộ,"Quy định niên hạn công trình có thể khiến thị trường chung cư đánh giá chi tiết hơn chi phí hao mòn, làm phân hóa dòng sản phẩm cũ và mới."," • Tuổi công trình có thể tác động đến giá và mức chiết khấu
 • Giá trị đất, vị trí và khả năng tái thiết sẽ bù đắp khấu hao
 • Quy định chi tiết vẫn cần được hoàn thiện",vietnambiz.vn,b93de4b3f84d316bfa6a6a36c8537d29646d2b11f43435ce091b79739a6d21af,"[0, 1, 2, 4, 5, 6, 7, 8, 12, 15]"
Tier 1 (Watchlist),watchlist:IND_GICS1:CONG_NGHIEP,pos,0.55,Kiến tạo thế hệ hệ sinh thái công nghiệp mới,"Sembcorp kiến nghị Việt Nam chuyển từ sản xuất theo quy mô sang hệ sinh thái công nghiệp tích hợp, bền vững và dựa trên AI."," • AI, đa dạng hóa chuỗi cung ứng và năng lượng sạch là ba động lực chính
 • Việt Nam có 170 dự án bán dẫn, vốn cam kết gần 12 tỷ USD",baodautu.vn,398f5d387983035cb4e740766c34e9e347f4c62cea6805f943b6eaf9cfb7110c,"[1, 2, 3, 5, 6, 7, 8, 13, 14, 17, 20, 21, 22, 25, 27, 31, 34]"
Tier 1 (Watchlist),watchlist:TICKER:VPB,pos,0.55,"VPBank ký kết khoản vay 27 triệu USD với JBIC, tài trợ dự án truyền tải điện","VPBank huy động 27 triệu USD từ JBIC và hai ngân hàng Nhật để tài trợ dự án truyền tải điện 220kV, thúc đẩy năng lượng tái tạo."," • Khoản vay dự án đầu tiên trong khung 150 triệu USD
 • Nâng cao khả năng giải tỏa công suất tái tạo
 • Dư nợ tín dụng xanh VPBank tăng mạnh",vietstock.vn,00ad776696633b53656b1d30718ba32ad8780e405b2ef28a3f39fa3a419054db,"[1, 2, 4, 5, 11]"
Tier 1 (Watchlist),watchlist:IND_GICS3:XAY_DUNG,neu,0.55,Việt Nam đang xây dựng lộ trình sử dụng nhiên liệu hàng không bền vững,"Việt Nam xây dựng lộ trình SAF với mục tiêu giảm phát thải hàng không, nhưng chuỗi cung ứng, hạ tầng và cơ chế chứng nhận vẫn chưa hoàn thiện."," • Các doanh nghiệp đã nghiên cứu HEFA, UCO và cung ứng SAF thử nghiệm
 • Quy mô triển khai quốc gia còn phụ thuộc hạ tầng, tiêu chuẩn và nguồn cung",vneconomy.vn,b0faea257daf46a4c750f49054ad8f8696abf1909ed6cf85b430049998e75885,"[0, 2, 3, 4, 5, 7, 8, 9, 10]"
Tier 1 (Watchlist),industry:bất động sản,pos,0.55,Ông Đinh Hồng Kỳ giữ vai trò mới tại DIG,"DIG bổ nhiệm ông Đinh Hồng Kỳ Chủ tịch Ủy ban Chiến lược và Phát triển bền vững. Kết quả bán hàng nửa đầu năm tích cực, lợi nhuận tăng 4,2 lần."," • Ông Nguyễn Hùng Cường tiếp tục Chủ tịch HĐQT
 • Doanh thu nửa đầu năm tăng 73% lên 737 tỷ đồng
 • Lợi nhuận ròng đạt hơn 133 tỷ đồng",vietstock.vn,19b098780a5f2307abb62899944c4a6df1050b59adbda1d549ef72050441fc9a,"[3, 4, 9, 10]"
Tier 1 (Watchlist),watchlist:IND_GICS3:PHAN_BON,pos,0.55,PVFCCo - Phú Mỹ với tham vọng bán giải pháp dinh dưỡng toàn diện thay vì chỉ bán phân bón,PVFCCo-Phú Mỹ mở rộng phân bón hữu cơ và hướng đến cung cấp giải pháp dinh dưỡng toàn diện. Thị trường có tiềm năng nhưng cần chứng minh hiệu quả kinh tế và khả năng cung ứng.," • Mục tiêu sản lượng phân bón hữu cơ 2026 tăng lên 30.000 tấn
 • Chuyển đổi từ bán phân sang giải pháp dinh dưỡng
 • Mở rộng danh mục hữu cơ khoáng, vi sinh, humic và than sinh học",baodautu.vn,d24bdf3501756cb48584cbe5b4677a9fecbc7e3e4890ca8b217d9039f9854df2,"[1, 4, 6, 13, 15, 18]"
Tier 1 (Watchlist),watchlist:ASSET_CLASS:CO_PHIEU,neu,0.55,Ngày 29/09/2026: 10 cổ phiếu nóng dưới góc nhìn PTKT của Vietstock,"Vietstock phân tích ngắn hạn 10 cổ phiếu nóng với tín hiệu phân hóa. BSR, BVH và GEE tích cực; NLG yếu hơn, còn các ngân hàng chủ yếu rung lắc."," • BSR và BVH có tín hiệu tăng
 • NLG suy yếu dưới SMA 50 ngày
 • Ngân hàng và bất động sản còn biến động",vietstock.vn,368073ebd2c93399bb56fade5829a48d47841564a38b7510ef792199e6708b37,"[2, 6, 8, 10, 12, 16, 22, 28, 34, 40]"
Tier 1 (Watchlist),watchlist:IND_GICS2:BAN_LE,pos,0.55,Thanh toán xuyên biên giới qua mã QR: Bước nhảy vọt cho bán lẻ và du lịch,"VietQRGlobal thúc đẩy thanh toán bán lẻ xuyên biên giới bằng QR, hỗ trợ du lịch và kết nối hạ tầng tài chính Việt Nam với thị trường quốc tế."," • Thanh toán QR giúp giảm rào cản giao thương và chi tiêu
 • Hệ thống chính thức tăng minh bạch dòng ngoại tệ
 • Doanh nghiệp nhỏ có thêm cơ hội kinh doanh xuyên biên giới",vneconomy.vn,682baec18b49ff0227860ce690c45c46086d2f3d8b193fb6a98cab28d0744554,"[0, 1, 2, 3]"
Tier 1 (Watchlist),watchlist:IND_GICS2:CONG_TY_CHUNG_KHOAN,neu,0.55,"Chứng khoán Mỹ tiến gần giao dịch 24h trong ngày:Thêm cơ hội, thêm phép thử cho thị trường","Nasdaq và NYSE Arca hướng tới giao dịch gần liên tục 23 giờ mỗi ngày, tăng khả năng tiếp cận của nhà đầu tư quốc tế. Thanh khoản thấp, chênh lệch giá rộng và rủi ro hạ tầng vẫn là thách thức."," • Giao dịch qua đêm dự kiến chiếm khoảng 37% khối lượng năm 2026
 • Thị trường qua đêm hiện chỉ chiếm dưới 1% khối lượng
 • Thanh khoản mỏng có thể làm tăng bid-ask spread
 • SEC cần đánh giá chất lượng giao dịch và khả năng giám sát",tinnhanhchungkhoan.vn,14927f60594b9b3c7bf4c55ce26fb16fb03e123060af100d85182d183d7646a3,"[0, 1, 2, 3, 4, 5, 6, 7, 8, 9, 10, 11, 12, 13, 14, 15, 16, 17]"
Tier 1 (Watchlist),watchlist:MACRO_THEME:LAI_SUAT,neu,0.55,Áp lực lãi suất toàn cầu tăng: Doanh nghiệp chuẩn bị gì cho rủi ro tỷ giá?,Áp lực lãi suất toàn cầu và biến động tỷ giá có thể ảnh hưởng lợi nhuận doanh nghiệp xuất nhập khẩu. Bài viết khuyến nghị sử dụng công cụ dự báo và giao dịch ngoại hối số hóa để quản trị rủi ro.," • Thương mại tăng trưởng làm tăng nhu cầu ngoại hối
 • Lãi suất và tỷ giá có thể biến động mạnh trong quý IV
 • FX ONE hỗ trợ dự báo, theo dõi và giao dịch ngoại lệ
 • Ưu đãi tỷ giá giúp giảm chi phí giao dịch doanh nghiệp",cafef.vn,faf542e6038c1d18c09313b3eb369009bf0275829e67532ab2c73b61d8e9eaa7,"[1, 2, 3, 7, 8, 10]"
Tier 1 (Watchlist),watchlist:IND_GICS2:BAN_LE,pos,0.53,“Luồng gió mới” cho thị trường bán lẻ,"Đề án phát triển outlet hướng tới mở rộng mạng lưới đến 2045, ưu tiên hàng Việt và các vị trí gắn giao thông, du lịch."," • Mở rộng outlet theo lộ trình đến 2045
 • Hàng nội địa chiếm ít nhất 30–40% trong mô hình thí điểm",vneconomy.vn,b69b38454f757c2b660c4c1573f9dbda098ea08fc8d27213c492389a5997061f,"[2, 3, 4, 10, 12, 14, 17, 19]"
Tier 1 (Watchlist),watchlist:MACRO_GEO:NHAT_BAN,neu,0.52,Ngày 29 9 Giá cao su tại Nhật Bản và Singapore trái chiều Trung Quốc tăng mạnh,"Giá cao su châu Á phân hóa, Trung Quốc tăng nhẹ trong khi Nhật Bản và Singapore tăng giảm trái chiều; giá thu mua nội địa đi ngang."," • RSS3 tháng 10 tại Nhật giảm 2,58% nhưng tháng 11 tăng 2,22%
 • Giá hợp đồng tại Trung Quốc tăng 1,76-2,32%
 • Giá thu mua mủ tại các doanh nghiệp lớn ổn định",thoibaotaichinhvietnam.vn,82c84b530adf02a941008c19a85a59dbfcb6543ee2baaf8b04aef1175d023dd9,"[0, 1, 2, 3, 4, 5, 6, 7, 8, 9]"
Tier 1 (Watchlist),watchlist:TICKER:HSG,pos,0.51,HSG được gia hạn doanh nghiệp ưu tiên hải quan đến 2029,"Hoa Sen được gia hạn trạng thái doanh nghiệp ưu tiên hải quan đến 2029, giúp giảm thủ tục, chi phí tuân thủ và cải thiện hiệu quả xuất nhập khẩu."," • Doanh nghiệp duy trì hải quan ưu tiên hơn một thập kỷ
 • Cơ chế này nâng cao năng lực quản trị và chuỗi cung ứng",vietnambiz.vn,5696a7fb90b108a132fc5c4dfd5eee0373b9bbda34d5b4dcc6af056781ac1574,"[1, 2, 3, 4, 7, 8, 9, 10, 12, 13, 14, 15, 16]"
Tier 1 (Watchlist),watchlist:IND_GICS2:QUAN_LY_VA_PHAT_TRIEN_BAT_DONG_SAN,pos,0.5,"Đà Nẵng mở bán dự án nhà ở xã hội, giá hơn 19 triệu đồng/m2","Đà Nẵng mở bán 277 căn hộ NOXH giá trên 19,4 triệu đồng/m2, mở rộng cơ hội tiếp cận nhà ở cho nhóm yếu thế."," • Giá đã gồm VAT nhưng chưa gồm bảo trì
 • Dự án có hơn 1.400 căn NOXH
 • Nhiều nhóm dân cư đủ điều kiện đăng ký",cafef.vn,3d03457e7f60c8b2ec006993204549b6ce3665aa47c5b219d2cef93bb4215581,"[0, 1, 2, 3, 4, 5, 6, 7]"
Tier 1 (Watchlist),watchlist:ASSET_CLASS:BAT_DONG_SAN_TAI_SAN,neu,0.5,Phân biệt thời hạn sử dụng nhà chung cư và thời hạn sở hữu căn hộ,Luật Nhà ở 2023 phân biệt thời hạn sử dụng công trình với quyền sở hữu căn hộ; pháp luật không đặt thời hạn sở hữu chung.," • Thời hạn sử dụng gắn với tuổi thọ và an toàn công trình
 • Giao dịch có thể thỏa thuận thời hạn sở hữu riêng",vietstock.vn,92cf060243970e955843a7be60ba57bdc8f589cdca7c7c68f714ef14c0f761c4,"[1, 2, 7, 8, 15]"
Tier 1 (Watchlist),watchlist:MACRO_GEO:EU,neu,0.48,Các thành phố châu Âu tìm lời giải cho bài toán nhà ở giá phải chăng,"Các thành phố châu Âu giải bài toán nhà ở giá phải chăng bằng nhà ở công, quản lý đất công, chuyển đổi văn phòng và chính sách thuê theo chi phí."," • Vienna kiểm soát nguồn cung nhà ở công đủ lớn để hạn chế tăng giá thị trường
 • Dublin vẫn thiếu hàng nghìn căn dù chương trình giá thuê thấp",vneconomy.vn,c305f52756a1317d43c9b13a85fa90fbf134618775c2018ed68d0b5e9827ce69,"[0, 1, 2, 3, 6, 7, 8, 9, 10, 11, 12, 14, 15, 16, 17, 18, 19, 20, 21, 22, 23, 24, 25]"
Tier 1 (Watchlist),watchlist:IND_GICS2:NGAN_HANG,pos,0.48,"Một ngân hàng trả lãi tiết kiệm lên tới 9,6%","CAKE by VPBank triển khai ưu đãi tiết kiệm lần đầu với lãi suất tối đa 9,6%/năm, thu hút tiền gửi ngắn hạn trong bối cảnh lãi suất cao."," • Lãi suất ưu đãi thuộc nhóm cao nhất thị trường
 • Chương trình nhằm huy động tiền gửi khách hàng mới",vietnambiz.vn,2f8dbb73b7b490267715093c416f1d2df9fa163a22cf95891e63f32484b84f7f,"[0, 5, 8, 9]"
Tier 1 (Watchlist),industry:tài chính,neu,0.48,VNR góp ý phương án quy hoạch đường sắt đầu mối Hà Nội,"VNR đề nghị quy hoạch đường sắt Hà Nội cân nhắc đưa đường sắt quốc gia, đặc biệt tốc độ cao, vào trung tâm để giảm trung chuyển."," • Ngọc Hồi và Gia Lâm được xác định là đầu mối
 • Ga trung tâm giúp rút ngắn hành trình
 • Cần đánh giá toàn diện trước khi chốt quy hoạch",vneconomy.vn,4bc505b2f62e500130857367ebc03cc10a18337f819033c98e6d02a1aa1b0ab4,"[0, 1, 2, 3, 5, 8, 9]"
Tier 1 (Watchlist),watchlist:MACRO_GEO:DONG_NAM_A,pos,0.48,MyTV chính thức sở hữu bản quyền FIFA ASEAN Cup 2026,"MyTV giành bản quyền trực tiếp FIFA ASEAN Cup 2026, mở rộng cơ hội thu hút khán giả và khai thác nội dung thể thao."," • Bản quyền bao phủ toàn bộ trận đấu của đội tuyển Việt Nam
 • MyTV tiếp tục xây dựng hệ sinh thái nội dung thể thao",cafef.vn,2d59ba71e93004a78ccf7e844680cfa112e60d58f2bed89d7643369a9d842bc1,"[0, 1, 10]"
Tier 1 (Watchlist),watchlist:IND_GICS2:NGAN_HANG,pos,0.48,Ngân hàng Shinhan cầu nối dòng vốn Hàn Quốc với thị trường Việt Nam,"Ngân hàng Shinhan Việt Nam sử dụng mạng lưới tập đoàn để kết nối dòng vốn Hàn Quốc với thị trường Việt Nam qua dịch vụ lưu ký, thanh toán và quỹ."," • Shinhan hướng đến việc thu hút vốn dài hạn từ các tổ chức quốc tế
 • Hệ sinh thái đa dịch vụ giúp mở rộng năng lực cung cấp giải pháp tài chính",thoibaotaichinhvietnam.vn,205e5ce3a3a8eab0014c7c1390386a4a82312bf9946f991c5a7dacc55aae3c84,"[1, 2, 3, 4, 5, 7, 8]"
Tier 1 (Watchlist),watchlist:TICKER:HPG,pos,0.48,"Bếp từ Funiki của Hòa Phát đạt chứng nhận CB theo tiêu chuẩn IEC, mở đường cho xuất khẩu","Bếp từ Funiki đạt chứng nhận CB theo tiêu chuẩn IEC, mở đường cho xuất khẩu. Hòa Phát hướng tới làm OEM/ODM và tăng nội địa hóa linh kiện."," • Chứng nhận IEC mở đường xuất khẩu
 • Hợp tác với TÜV SÜD mở rộng thị trường
 • Định hướng OEM/ODM và chủ động bo mạch",baodautu.vn,12a6141d2a9c1a30cb806de80afc5e32b8de6e0b0a13bd710813aa14d786101a,"[0, 1, 3, 4, 12, 17]"
Tier 1 (Watchlist),watchlist:MACRO_THEME:TY_GIA,neg,0.48,Tỷ giá euro ngày 29/9: Nhiều nơi giảm sâu,"Tỷ giá euro giảm mạnh tại các ngân hàng và thị trường tự do, phản ánh sự suy yếu của đồng tiền châu Âu so với VND."," • Giá mua euro tại ngân hàng giảm khoảng 41-60 đồng
 • Tỷ giá chợ đen cũng giảm hơn 50 đồng ở hai chiều
 • Dải giao dịch ngân hàng còn rộng giữa các tổ chức",vietnambiz.vn,5732eca565006ed87383fc87e8abd5414d10f23ad76c6d2f87654f8c29e65de8,"[0, 1, 2, 3, 4, 5, 6, 7, 9]"
Tier 1 (Watchlist),watchlist:TICKER:VPB,neu,0.45,"VPB: Nghị quyết HĐQT về việc hợp đồng, giao dịch cho vay hợp vốn giữa VPBank và GPBank",VPBank công bố nghị quyết HĐQT về hợp đồng và giao dịch cho vay hợp vốn với GPBank; nội dung và quy mô giao dịch chưa được cung cấp.," • Giao dịch cho vay hợp vốn với GPBank
 • Thiếu thông tin quy mô và tác động tài chính",fireant.vn,798c13c8ec4352e8eaa8a04596860fb56b1c9c4c48d770f94e27ab2cd2d1ec89,[0]
Tier 1 (Watchlist),watchlist:IND_GICS2:BAO_HIEM,neu,0.45,Hướng dẫn xử lý vi phạm hành chính về bảo hiểm xã hội,"Bảo hiểm xã hội hướng dẫn xử phạt hành chính trong lĩnh vực bảo hiểm, y tế và thất nghiệp theo các nghị định mới. Quy định tăng nghĩa vụ tuân thủ và chuyển hồ sơ của cơ sở, doanh nghiệp."," • Xác định rõ thẩm quyền xử phạt của cơ quan Bảo hiểm xã hội
 • Hồ sơ vượt thẩm quyền phải chuyển trong thời hạn quy định
 • Có dấu hiệu tội phạm phải chuyển sang cơ quan thụm thú",vneconomy.vn,a08f9eab759403b731fa77e9483422b9c3e25b323bb1fe0719d746d4c016f48a,"[0, 2, 3, 12, 15]"
Tier 1 (Watchlist),watchlist:MACRO_GEO:DONG_NAM_A,pos,0.45,Microsoft: Việt Nam đứng thứ hai Đông Nam Á về phổ cập AI,"Tỷ lệ sử dụng AI tạo sinh tại Việt Nam đạt 27,9%, đứng thứ hai Đông Nam Á. Mức tăng nhanh cho thấy tiềm năng chuyển đổi số tích cực."," • AI tăng 1,4 điểm phần trăm
 • Việt Nam vượt phần lớn khu vực
 • Chênh lệch lớn với Singapore còn tồn tại",vneconomy.vn,5e99a2d061b290a5b065723dbdb04020c1f8de85eb5d383b0b7bb28e288f79dd,"[0, 1, 10]"
Tier 1 (Watchlist),watchlist:TICKER:VIB,pos,0.45,VIB Privilege Banking được GBO vinh danh “Most Innovative Privilege Banking – Vietnam 2026”,"VIB Privilege Banking được vinh danh GBO 2026 nhờ mô hình cá nhân hóa, ứng dụng AI và trải nghiệm độc quyền. CASA khách hàng ưu tiên tăng 111%, cho thấy hiệu quả khai thác khách hàng."," • Mô hình ưu tiên kết hợp tài chính, AI và trải nghiệm nghệ thuật
 • CASA nhóm khách hàng ưu tiên tăng 111%
 • Chiến dịch tiếp cận 85% nhóm mục tiêu
 • Các ưu đãi tài chính và trải nghiệm tăng khách gắn bó",cafef.vn,4acf258f1ea3f13a5a408f15a427866a566c6b7ba789927abcbab529423b6155,"[0, 3, 11, 14, 17]"
Tier 1 (Watchlist),watchlist:MACRO_GEO:TRUNG_QUOC,pos,0.44,"Tỉnh duy nhất tại Việt Nam giáp cả Trung Quốc và Lào, là nơi sinh sống của hơn 667.000 người","Điện Biên tăng trưởng kinh tế 9,32% và phát triển thương mại biên giới, lợi thế kết nối Việt Nam với Lào và Trung Quốc."," • GRDP và sản xuất công nghiệp tăng khá
 • Cửa khẩu, logistics và thương mại xuyên biên giới là động lực tăng trưởng",cafef.vn,d93dcef84c7f3c0c763bf007ef4e51b4b449fc7f8198df950b47a72a36124556,"[4, 5, 6, 7, 8, 9, 11, 12]"
Tier 1 (Watchlist),watchlist:ASSET_CLASS:BAT_DONG_SAN_TAI_SAN,pos,0.42,Vinh danh Nhà phát triển bất động sản công nghiệp xanh dẫn đầu năm 2026,"Năm doanh nghiệp phát triển KCN xanh được vinh danh nhờ nước thải, năng lượng tái tạo, hạ tầng xanh và tiêu chuẩn công trình bền vững."," • Phát triển KCN xanh ngày càng được ưu tiên
 • Các dự án đầu tư hạ tầng xanh và năng lượng sạch",baodautu.vn,33845c415520bdc9740c3776e29b05fde264c48b9e5d05352d1048fafa77ae0d,"[0, 2, 3, 4, 5, 6, 7, 8]"
Tier 1 (Watchlist),watchlist:IND_GICS2:NGAN_HANG,pos,0.42,IR Awards 2026: 6 ngân hàng được vinh danh nhóm Financial Large Cap,"IR Awards 2026 vinh danh sáu ngân hàng vốn hóa lớn về hoạt động quan hệ nhà đầu tư, phản ánh nỗ lực nâng cao minh bạch và chất lượng công bố."," • BIDV, VietinBank và MB được nhà đầu tư yêu thích
 • ACB, Techcombank và VPBank được định chế tài chính đánh giá cao",vietstock.vn,d5afed858a647771d0bf2a4dc20b8ce7d92c2c55a1dd5a23cca28be8a6f87c13,"[1, 4, 5, 6, 16]"
Tier 1 (Watchlist),watchlist:IND_GICS1:CONG_NGHE,pos,0.42,Khi công nghệ và con người cùng tạo nên trải nghiệm ngân hàng mới,"ABBank triển khai số hóa giao dịch tại quầy, dùng công nghệ tự động hóa và nhân sự tập trung tư vấn khách hàng."," • Số hóa giảm thao tác lặp lại tại điểm giao dịch
 • Mô hình mới nâng cao vai trò tư vấn của giao dịch viên",cafef.vn,0cd8c2bbb210ac354f1dfad5da869ee9aa3afdf3b1b6ff331ff2b2ec26eed5d5,"[4, 6, 8, 13]"
Tier 1 (Watchlist),watchlist:TICKER:FPT,pos,0.42,"Tin vui cho FPT Shop, Điện Máy Xanh, Thế Giới Di Động, Viettel Store...","FPT Shop, Điện Máy Xanh và Thế Giới Di Động lọt top 15 chuỗi bán lẻ châu Á được tin cậy, phản ánh lợi thế mạnh của mô hình bán lẻ Việt Nam."," • FPT Shop, Điện Máy Xanh, Thế Giới Di Động vào top 15
 • Niềm tin thương hiệu tạo lợi thế dài hạn
 • Mạng lưới đa kênh và dịch vụ hậu mãi tăng sức hút",cafef.vn,8457384bcfc4c6faeb090f4041bbca5478e7dd6d8eaab115846b8e757495de8b,"[0, 3, 11, 12, 13]"
Tier 1 (Watchlist),watchlist:ASSET_CLASS:BAT_DONG_SAN_TAI_SAN,neu,0.42,Nâng hạng chứng khoán: Phân khúc bất động sản nào hưởng lợi nhất?,"Nâng cấp FTSE Russell có thể thu hút vốn dài hạn cho doanh nghiệp bất động sản, nhưng hiệu quả tùy thuộc chất lượng tài sản, dòng tiền và điều kiện thị trường. Lợi ích nhiều nhất có thể thuộc về bất động sản công nghiệp."," • Thị trường vốn phát triển giúp cải thiện khả năng huy động
 • Bất động sản công nghiệp có triển vọng rõ nhất
 • Dòng tiền và thanh khoản vẫn là điều kiện then chốt
 • Tác động diễn ra theo lộ trình, không tự động chuyển vốn vào dự án",cafef.vn,76cae2080ebca5f5e82c2471a887e5bad4ee94d7c4c33b6c5488d8945cf31f8b,"[0, 1, 2, 3, 4, 5, 6, 7, 8, 9, 10, 11, 12, 13, 14, 15, 16, 17]"
Tier 1 (Watchlist),watchlist:ASSET_CLASS:BAT_DONG_SAN_TAI_SAN,pos,0.4,Khai mạc Diễn đàn Bất động sản công nghiệp Việt Nam 2026,"VIPF 2026 tập trung vào tái phân bổ sản xuất, khu công nghiệp xanh và hệ sinh thái logistics, năng lượng, dữ liệu."," • Lợi thế Việt Nam chuyển từ chi phí sang hạ tầng và năng lực vận hành
 • Khu công nghiệp thế hệ mới cần hệ sinh thái tích hợp",baodautu.vn,fc9ed23e1c79dea7abc5d6bd8d202946cb8baa3d01f341a9da9de726923bf816,"[1, 2, 8, 10, 14]"
Tier 1 (Watchlist),watchlist:MACRO_GEO:TRUNG_QUOC,pos,0.39,"Nhiều người Campuchia đổi đời nhờ Trung Quốc, thu nhập lên tới 13 triệu đồng/tháng","Nhà máy chế biến xoài Trung Quốc tại Campuchia mở rộng sản xuất nhờ nhu cầu tăng, tạo việc làm và thu nhập cao cho địa phương."," • Xuất khẩu xoài sấy sang Trung Quốc tăng mạnh
 • Doanh nghiệp tuyển dụng 2.600 lao động và thu mua hơn 90.000 tấn xoài",cafef.vn,54aecd647acf039a629e6831cac0f2952448bb61bddd62e2a4213fcb9325dc07,"[0, 1, 2, 3, 4, 5, 6, 7, 8, 9, 10, 11, 12, 13, 14, 15, 16]"
Tier 1 (Watchlist),watchlist:IND_GICS1:CONG_NGHE,pos,0.38,"Thủ tướng chỉ đạo 7 nhiệm vụ lớn phát triển khoa học, công nghệ, đổi mới sáng tạo","Thủ tướng Lê Minh Hưng giao bảy nhóm nhiệm vụ trọng tâm cho KHCN, đổi mới sáng tạo và chuyển đổi số, từ thể chế, hạ tầng dữ liệu đến thương mại hóa nghiên cứu. Chính sách nhằm thúc đẩy tăng trưởng và nâng cao năng suất."," • Yêu cầu hoàn thành 27 nhiệm vụ quá hạn
 • Đẩy mạnh trung tâm dữ liệu, AI và chuyển giao công nghệ
 • Tháo gỡ điểm nghẽn thương mại hóa nghiên cứu
 • Điều chuyển vốn từ nơi giải ngân chậm sang nơi có nhu cầu",baodautu.vn,99024c3a48ffcc12394c458104538d60d2c7dbed2f932eb27f4cf79b7f6eaa4e,"[0, 1, 2, 3, 4, 5, 6, 7, 8, 9, 10, 11, 12, 13, 14, 15, 16, 17, 18, 19, 20, 21, 22, 23, 24, 25, 26, 27, 28, 29, 30, 31, 32, 33, 34, 35]"
Tier 1 (Watchlist),watchlist:MACRO_GEO:DONG_NAM_A,pos,0.35,Hãng taxi của CEO Phạm Nhật Minh Hoàng ra mắt một thị trường mới ở Đông Nam Á,"Green GSM ra mắt taxi thuần điện tại Bắc Mindanao, sử dụng xe VinFast và mở rộng thị trường Philippines."," • Dịch vụ triển khai tại năm khu vực trọng điểm của Bắc Mindanao
 • Mô hình vận hành sử dụng xe điện VinFast với giá cước minh bạch",cafef.vn,01c885eefc302ed69b17b3510e67416cc35e8f41ef7ec13a46d6fd30576a5c77,"[0, 1, 2, 3, 4, 5]"
Tier 1 (Watchlist),industry:hàng tiêu dùng không thiết yếu,neu,0.35,"Đại hội bất thường DRG: Đổi mô hình quản trị, bãi bỏ Ban kiểm soát","DRG kiện toàn HĐQT, bãi bỏ Ban Kiểm soát và lập Ủy ban Kiểm toán trực thuộc HĐQT. Thay đổi quản trị nhằm nâng cao giám sát và kiểm soát rủi ro."," • Lê Danh Thắng giữ ghế Chủ tịch HĐQT kiêm người đại diện pháp luật
 • HĐQT mở rộng từ 7 lên 9 thành viên
 • Chuyển mô hình từ Ban Kiểm soát sang Ủy ban Kiểm toán",vietstock.vn,105e94aed793eedf82f2503066ed5d56c5871f721777b5453862da1e60c9f245,"[1, 3, 6, 8]"
Tier 1 (Watchlist),watchlist:IND_GICS2:CONG_TY_CHUNG_KHOAN,neg,0.35,Sở Giao dịch chứng khoán Tp.HCM tiếp tục bị giả mạo,"HOSE cảnh báo bị giả mạo để bịa văn bản cấp phép đầu tư và lừa nhà đầu tư chuyển tiền, cung cấp thông tin cá nhân hoặc OTP."," • Đối tượng lừa đảo sử dụng logo, con dấu và chữ ký giả
 • HOSE phủ nhận mọi văn bản cấp phép hoặc bảo đảm đầu tư
 • Nhà đầu tư được yêu cầu không cung cấp OTP và không chuyển tiền",vneconomy.vn,d4df4e1ea703d4dd5c80762e2645ec7f7346c8c56309db89aad9b659eccbb4b4,"[0, 1, 2, 3]"
Tier 1 (Watchlist),watchlist:TICKER:ACB,pos,0.3,Một chiếc thẻ ACB bất ngờ được cộng đồng mạng chú ý vì… ngoại hình,"ACB Privilege Visa Signature thu hút sự chú ý nhờ thiết kế độc đáo và quyền lợi thanh toán quốc tế, tích điểm và sản phẩm miễn phí thường niên. Đây là hoạt động xây dựng thương hiệu ngân hàng ưu tiên."," • Thiết kế thẻ độc đáo tạo dấu ấn thương hiệu
 • Phí chuyển đổi ngoại hối 0,9%
 • Tích điểm ACB Rewards tối đa 5% cho chi tiêu chọn lọc
 • Chương trình Welcome Elite thu hút khách hàng cao cấp",cafef.vn,98bece07b696ad49c69c705c8eede1dd7e30fc2dcb8a74d1bf6e936f5fb3912e,"[1, 2, 6, 7, 9, 16, 21]"
Tier 1 (Watchlist),watchlist:MACRO_GEO:TRUNG_QUOC,pos,0.28,"Phát hiện Trung Quốc thả đồng loạt 116 drone 5 kg xuống nước, di chuyển được 30 km suốt hơn 8 giờ, lập kỷ lục thế giới","Trung Quốc công bố thử nghiệm 116 drone tự hành dưới nước phối hợp đồng thời, đạt kỷ lục về khả năng vận hành đồng loạt."," • 116 thiết bị hoàn thành đội hình tự động trong 34 phút
 • Công nghệ hỗ trợ ứng dụng khảo sát đáy biển và đường ống
 • Thử nghiệm thể hiện tiến bộ điều phối phương tiện không người lái",cafef.vn,c2f3efc6327c2689f60ec32a3f5476f74eb2e4589ba0729bda3c900f32b04f63,"[0, 3, 4, 5, 11]"
Tier 1 (Watchlist),watchlist:IND_GICS3:DIEN,pos,0.25,"Pin mặt trời phát điện ở độ sâu 10m dưới biển, hiệu suất gấp đôi trên cạn","Pin perovskite Trung Quốc phát điện hiệu quả ở độ sâu 10m, thử nghiệm thực địa và sạc được pin cho thiết bị dưới biển. Tiềm năng ứng dụng năng lượng tự chủ còn đáng kỳ vọng."," • Pin đạt hiệu suất chuyển đổi 34,71% trong điều kiện ánh sáng yếu dưới nước
 • Sau 1.000 giờ ngâm nước biển mô phỏng, hiệu suất còn 99,58%
 • Ứng dụng cho robot, cảm biến và thiết bị dưới biển",vietstock.vn,044cb65751005dfad967eaa4dbc2f5ae07c2be00f6ed35f7fac30e0beadee5aa,"[2, 4, 19, 20, 26, 27]"
Tier 1 (Watchlist),watchlist:IND_GICS2:NGAN_HANG,neu,0.25,"Ngỡ ngân hàng phù thủy Gringotts giữa Buenos Aires, hóa ra là ICBC: cú viral 0 đồng cả tập đoàn Trung Quốc có tiền cũng không mua nổi","Chi nhánh ICBC Argentina trở nên viral nhờ tòa nhà kiến trúc đặc biệt, cho thấy công trình biểu tượng có thể tạo giá trị thương hiệu với chi phí thấp."," • ICBC Argentina được đầu tư tập trung nhân dân tệ
 • Kiến trúc tạo viral không tốn ngân sách quảng cáo
 • Soft power hỗ trợ chiến lược thương hiệu",cafef.vn,ce9427a359101b1eb638cff72cba7f204c0de6b3f7b2e571d5b310e51560a0b4,"[2, 4, 5, 6]"
Tier 1 (Watchlist),watchlist:IND_GICS2:NGAN_HANG,neg,0.22,Công bố kết luận thanh tra Ngân hàng Nhà nước chi nhánh Khu vực 8,"Thanh tra Ngân hàng Nhà nước Khu vực 8 kết luận đơn vị có nhiều hạn chế về trình tự thanh tra, hồ sơ, giám sát và báo cáo, yêu cầu khắc phục triệt để."," • Một số đoàn và biên bản thanh tra thiếu trình tự
 • Kết luận vi phạm chưa làm rõ hậu quả và nguyên nhân
 • NHNN yêu cầu chấn chỉnh và khắc phục tồn tại",vietstock.vn,e5308351a44eef5f5e9c65d0bc6f3ec8d95f11b14073c4c5d697fa1e1a0a3a60,"[0, 1, 2, 3, 4, 5, 6, 7, 8, 9, 10]"
Tier 1 (Watchlist),watchlist:IND_GICS2:BAO_HIEM,neu,0.18,Tất cả người dân đang có thẻ BHYT trên cả nước chú ý thông báo mới nhất từ Bảo hiểm xã hội Việt Nam,"Người tham gia BHYT có thể đổi nơi đăng ký khám chữa bệnh trong 15 ngày đầu mỗi quý, trực tuyến hoặc tại cơ quan BHXH."," • Thủ tục miễn phí và được xử lý trong tối đa ba ngày làm việc
 • Người lao động thực hiện qua đơn vị sử dụng lao động",cafef.vn,93169567afff1eff37b994ae9a11951a02243f45f4a8d234eded3c5dd49af47b,"[1, 2, 3, 4, 5, 6, 7]"
Tier 1 (Watchlist),watchlist:TICKER:STB,neu,0.1,STB: Nghị quyết HĐQT thay đổi địa chỉ các điểm giao dịch trên địa bàn TP.Bắc Ninh,"Bài viết cung cấp thông tin cổ phiếu STB và cảnh báo dữ liệu chỉ mang tính tham khảo, chưa đưa ra chi tiết đáng kể về nghị quyết hoặc tác động tài chính."," • Nội dung chính chỉ giới thiệu thông tin công ty STB
 • Dữ liệu được tổng hợp từ nguồn tham khảo",cafef.vn,6125e11518cb38da1abb1732dfbf5a3744c109793c1ee4bd9fa62f3da7d19fb5,"[0, 1, 2, 3]"
Tier 1 (Watchlist),watchlist:ASSET_CLASS:BAT_DONG_SAN_TAI_SAN,neu,0.08,"Bếp 5m2 trong căn hộ chung cư 61m2 của gia đình Hà Nội: Có món đồ chỉ 500k mà giúp bếp sang xịn hẳn, có món 20 triệu dùng 6 năm vẫn thấy đáng tiền","Bài viết chia sẻ kinh nghiệm trang bị căn bếp 5m2 với tổng chi phí 42,5 triệu đồng, ưu tiên thiết bị thiết thực, tiết kiệm điện và phù hợp không gian nhỏ."," • Tủ lạnh 20 triệu đồng được đánh giá bền bỉ sau sáu năm sử dụng
 • Máy rửa bát, máy hút mùi, bếp từ và đèn LED giúp tối ưu chức năng bếp",cafef.vn,b82f67018e91338366f7eda53fcffc23b29ecdaa1fea36abd9a183ff690ff348,"[0, 3, 4, 20]"
Tier 2 (Market),background,neg,0.95,Dự án giao thông trọng điểm trước sức ép tăng tốc giải ngân,"Giải ngân các dự án giao thông trọng điểm mới đạt 40,7%, thấp hơn đáng kể mức bình quân quốc gia, tạo áp lực lớn cho quý IV."," • 42 dự án chưa đạt 40% giải ngân, tiềm ẩn chậm triển khai
 • Vướng mặt bằng, vật liệu, nhân lực và phê duyệt là nguyên nhân chính
 • Hai dự án đường sắt được đề xuất giảm hơn 72.000 tỷ đồng kế hoạch vốn",thoibaotaichinhvietnam.vn,955d52f5b432ea2e6b1e0565a07ebd93919bad015a46febe816657e2dd45e1ca,"[0, 2, 4, 10, 11, 15, 18]"
Tier 2 (Market),background,pos,0.95,Khởi công hai cầu vượt sông Đồng Nai,"TP.HCM và Đồng Nai khởi công cầu Cát Lái, cầu Long Hưng với tổng vốn hơn 36.700 tỷ đồng, thúc đẩy giao thông và logistics vùng."," • Đầu tư hơn 36.700 tỷ đồng cho hai cầu vượt sông Đồng Nai
 • Kết nối đô thị, công nghiệp, logistics và sân bay Long Thành
 • Dự kiến hoàn thành năm 2029",cafef.vn,cf6e1f2be02abbf3b99768e0d79e42770a5be69f4886363387a61571de45fbc4,"[0, 1, 2, 3, 7, 8, 21]"
Tier 2 (Market),background,pos,0.95,Nghệ An: GRDP 9 tháng năm 2026 tiến sát 10%,"GRDP Nghệ An 9 tháng ước tăng 9,72-10%, được dẫn dắt bởi công nghiệp, xuất khẩu, du lịch và đầu tư."," • Công nghiệp tăng 16,89%, riêng IIP tăng 21,49%
 • Xuất khẩu tăng 55,61% và du lịch tăng 15%
 • Vốn đầu tư mới và điều chỉnh tăng thêm hơn 106.600 tỷ đồng
 • Thu ngân sách tăng 28,1%",vneconomy.vn,ba6fab8392ccb2849620771483bc1b748c5d62de3d85d666ecbd79d68d70feef,"[0, 1, 2, 3, 4, 5, 6, 7, 8, 9, 10, 11, 12, 13, 14, 15, 16, 17, 18, 19, 20]"
Tier 2 (Market),background,pos,0.95,"Gọi vốn đầu tư PPP cho 29 dự án đường bộ cao tốc, tổng vốn 923.000 tỷ đồng","Bộ Xây dựng kêu gọi đầu tư PPP cho 29 dự án cao tốc với 923.000 tỷ đồng, tạo cơ hội lớn cho doanh nghiệp và ngân hàng."," • Nhu cầu vốn giai đoạn 2026-2030 khoảng 1,269 triệu tỷ đồng
 • Cần huy động khoảng 846.000 tỷ đồng ngoài ngân sách
 • Trọng tâm là mở rộng cao tốc Bắc-Nam và khép kín các vành đai",baodautu.vn,f2b65a4151bc5db054dcfef38cdd86751fa532a2727ec23436e0233df8984cf3,"[2, 5, 6, 7, 8, 9, 11, 12, 13]"
Tier 2 (Market),background,neg,0.95,"Chủ chatbot Claude sắp IPO lịch sử, nhưng cảnh báo AI có thể đe dọa nhân loại","Anthropic chuẩn bị IPO có thể là thương vụ lớn lịch sử, nhưng hồ sơ nêu rủi ro AI mất kiểm soát, tập trung khách hàng và chi phí tính toán cao."," • Anthropic dự kiến huy động và định giá trên 2.000 tỷ USD
 • Doanh thu tăng nhanh nhưng công ty vẫn lỗ hơn 8 tỷ USD
 • Chi phí hạ tầng AI tăng mạnh và rủi ro an toàn có thể ảnh hưởng định giá",vietstock.vn,6091fd29ca8ed46733b304e113ba3d5fe26627268137e803b0752d4fdacdc542,"[1, 3, 5, 6, 12, 13]"
Tier 2 (Market),background,neg,0.95,"Liên tục đổi thời gian tổ chức, ĐHĐCĐ thường niên 2026 lần đầu của DRH vẫn bất thành","DRH không tổ chức được ĐHĐCĐ do thiếu cổ đông, trong khi hơn 500 tỷ đồng trái phiếu chưa thanh toán. Công ty dự kiến lỗ 15 tỷ đồng năm 2026 và cần tái cấu trúc nợ."," • Đại hội thường niên lần đầu không đủ điều kiện tiến hành
 • Trái phiếu chưa thanh toán hơn 500 tỷ đồng
 • Kế hoạch lỗ 15 tỷ đồng dù doanh thu tăng mạnh",vietstock.vn,cf88b3079e8e0443220c7f5eb50fe5e12d02108e407df80a3ddb86aca28b20d4,"[1, 3, 7, 12, 13]"
Tier 2 (Market),background,pos,0.94,NCB được chấp thuận tăng 112% vốn điều lệ bằng hình thức chào bán riêng lẻ giá 10.000 đồng,"NCB được NHNN chấp thuận tăng thêm 33.000 tỷ đồng vốn điều lệ qua chào bán riêng lẻ, tương đương tăng 112,7% nếu phát hành thành công."," • Giá chào bán dự kiến 10.000 đồng/cổ phiếu
 • Vốn điều lệ NCB có thể tăng lên gần 62.280 tỷ đồng
 • Nguồn vốn dự kiến bổ sung cho hoạt động kinh doanh giai đoạn 2027-2028",vietnambiz.vn,b35bd66818b73a59d015303bd6be59e135553efdad30e344c047187d350538a9,"[1, 2, 3, 4, 5]"
Tier 2 (Market),background,neg,0.94,Giới đầu tư gia tăng áp lực bán,"Thị trường bị bán tháo khi dầu tăng 3% lên khoảng 107 USD và lợi suất trái phiếu kho bạc khoảng 3,63%. Giới đầu tư tăng kỳ vọng Fed siết chính sách do áp lực lạm phát."," • Các chỉ số Mỹ đều giảm
 • Dầu tăng mạnh do căng thẳng Hormuz
 • Thị trường kỳ vọng Fed tăng lãi suất tháng 10",tinnhanhchungkhoan.vn,42d5ce9d7736162c2bf348d77d59fcebadbfe070eafb73bf82a9af2d8895bd6d,"[1, 2, 5, 10, 13, 16]"
Tier 2 (Market),background,neg,0.92,Trùm bán khống cảnh báo bong bóng AI có thể vỡ sớm hơn dự kiến,"Michael Burry tăng vị thế phòng hộ bằng quyền chọn bán dài hạn, cảnh báo bong bóng AI có thể vỡ sớm. Rủi ro doanh thu AI chưa kiểm chứng và năng lực chip Trung Quốc tăng làm tăng lo ngại đảo chiều."," • Chuyển từ short sang put options
 • Đặt cược đảo chiều từ mùa hè năm sau
 • Rủi ro định giá và chu kỳ bán dẫn",vietstock.vn,562a0a90eda15cc75865a90cc997cb2a23d0fb203b102e083e4c275db976e28c,"[1, 5, 8, 12, 15, 19]"
Tier 2 (Market),background,neg,0.92,Tổng thống Trump vẫn cân nhắc phương án cấm xuất khẩu dầu diesel,"Trump cân nhắc hạn chế hoặc cấm xuất khẩu dầu diesel Mỹ nhằm giảm giá trong nước, dù giới phân tích cảnh báo tác động tiêu cực cho thị trường toàn cầu."," • Giá diesel Mỹ đạt kỷ lục 6,53 USD/gallon
 • Lệnh cấm có thể gây khủng hoảng nhiên liệu toàn cầu
 • Hạn chế xuất khẩu có thể ảnh hưởng nguồn cung châu Âu",vneconomy.vn,ffe41a81ecf5e80dda9494cb9c1ad34f51c91b6f936a096c955136bdafd5877b,"[0, 1, 3, 4, 5, 6, 7, 8, 9, 10, 11, 12, 14, 15, 16, 17, 18]"
Tier 2 (Market),background,neg,0.91,"Dòng tiền yếu, thị trường chưa thể hồi phục trong phiên 29/9","VN-Index giảm nhẹ trong phiên 29/9, thanh khoản thấp và áp lực bán rộng cho thấy thị trường chưa thể hồi phục."," • Thanh khoản giảm hơn 20% về khối lượng và 18% về giá trị
 • Khối ngoại bán ròng ở ngân hàng và bluechip
 • Dòng tiền yếu khiến thị trường có thể tiếp tục điều chỉnh",tinnhanhchungkhoan.vn,64067628ed8f4a1602fd1c7fe1022fa7444243280984a49ae23f9a50b5629c3a,"[0, 1, 3, 5, 6, 8]"
Tier 2 (Market),background,neg,0.9,Hai dự án hơn 166 ha của Novaland tại TP HCM được đề nghị rà soát hướng xử lý,"Bộ Nông nghiệp và Môi trường đề nghị rà soát 23 dự án tồn đọng của Novaland, gồm hai dự án hơn 166 ha tại TP.HCM."," • Vướng đất đai, nghĩa vụ tài chính và thủ tục pháp lý khiến dự án bị chậm
 • The Water Bay đã đầu tư hạ tầng và 506 căn nhưng vẫn đình trệ
 • Hai dự án có quy mô doanh thu ước tính rất lớn nếu được tháo gỡ",vietnambiz.vn,210def28571372dab5cea958a2c485573d70f239776101d90d1ce708a196331f,"[0, 2, 5, 7, 8, 11, 13]"
Tier 2 (Market),background,pos,0.9,Cushman & Wakefield đón làn sóng đầu tư vào trung tâm dữ liệu siêu quy mô tại Việt Nam,"Stavian chọn Cushman & Wakefield nghiên cứu Stavian Digital Park, dự án trung tâm dữ liệu AI và điện toán đám mây quy mô lớn tại TP.HCM."," • Dự án dự kiến 300MW điện và 300 ha, tập trung vào AI và cloud
 • Nghiên cứu sẽ đánh giá hạ tầng, pháp lý và mô hình tài chính
 • Nhu cầu trung tâm dữ liệu Việt Nam tăng nhanh trong bối cảnh kinh tế số",cafef.vn,f91324f5df69d41b29a7a434b79705177bacd211f43000ed3aeced8683c5bae1,"[0, 1, 2, 3, 4, 5]"
Tier 2 (Market),background,pos,0.9,Lộ diện nhóm doanh nghiệp tăng mạnh lợi nhuận quý III,"SSI dự báo nhiều doanh nghiệp tăng lợi nhuận quý III, nổi bật ở khai khoáng, ngân hàng và năng lượng; chi phí và nền cao tạo phân hóa."," • Lợi nhuận tăng trưởng nhưng phân hóa
 • Thu nhập bất thường nâng một số doanh nghiệp
 • Ngân hàng tăng trưởng nhờ tín dụng",thoibaotaichinhvietnam.vn,a64711c3c758a43f445cec7f6e31d717bf587a8d4dde8190bc3da683efd701ef,"[0, 1, 3, 6, 8, 13, 14]"
Tier 2 (Market),background,neu,0.9,Hai Phó Tổng giám đốc Viconship thoái sạch vốn,"Hai lãnh đạo Viconship đã bán hết cổ phiếu VSC, trong khi công ty đang chuẩn bị phát hành hơn 205 triệu cổ phiếu để huy động khoảng 2.059 tỷ đồng."," • Hai phó tổng giám đốc thoái sạch cổ phiếu Viconship
 • Công ty dự kiến phát hành cổ phiếu trả cổ tức và chào bán thêm
 • Nếu thực hiện thành công, vốn điều lệ Viconship tăng mạnh",cafef.vn,c79c6ae8662a85e5bb5eabd94e281dee6cba3cbde004aebe9eb13b572a051985,"[1, 2, 7, 8, 10]"
Tier 2 (Market),background,pos,0.9,"Du lịch Việt Nam: Lấy tính thiết thực, hiệu quả và kết quả đầu ra làm thước đo phát triển bứt phá","Chính phủ định hướng phát triển du lịch thành ngành kinh tế mũi nhọn, hướng tới đóng góp 10-12% GDP vào 2030. Trọng tâm là chuyển đổi số, sản phẩm cao cấp, nhân lực và quản trị theo kết quả."," • Khách quốc tế tăng 14,5% trong tám tháng
 • Mục tiêu du lịch chiếm 10-12% GDP năm 2030
 • Thiếu hụt khoảng 20.000 nhân lực mỗi năm",vneconomy.vn,a4bdd7a55815f51b443d7a41f588832665c3b1b5a59a4f0158e19d4122bbabdb,"[0, 8, 12, 18, 24, 30]"
Tier 2 (Market),background,pos,0.9,"Tập đoàn TH đề xuất làm dự án du lịch sinh thái 6 sao, quy mô 960 ha","Tập đoàn TH đề xuất dự án du lịch sinh thái 960 ha tại Đắk Lắk với vốn 28.000 tỷ đồng, hướng đến ESG, năng lượng sạch và bảo tồn thiên nhiên."," • Dự án du lịch sinh thái quy mô rất lớn
 • Mật độ xây dựng dưới 12%, bảo tồn trên 88% diện tích
 • Sử dụng 100% năng lượng sạch và hướng Net Zero",vietnambiz.vn,9a1e26e63a0f9cb515ac567443a4ac6b0b69d4943c24687212c951ea4c2da69a,"[0, 1, 2, 3, 4, 5, 6, 7, 8, 9, 10, 11, 12, 13, 14, 15, 16, 17, 18, 19]"
Tier 2 (Market),background,neg,0.88,"Tranh chấp góp vốn dự án 18 Phạm Hùng, tòa tuyên trả hơn 58 tỷ đồng","Tòa tuyên chấm dứt hợp tác góp vốn dự án 18 Phạm Hùng và buộc Công ty Thủ đô II trả hơn 58 tỷ đồng cho bị đơn, bác kiện tống của bị đơn."," • Tranh chấp phát sinh từ việc một bên ngừng góp vốn từ năm 2014
 • Tòa chấp nhận yêu cầu chấm dứt hợp tác của công ty
 • Mức hoàn trả hơn 58 tỷ đồng thấp hơn đáng kể yêu cầu hơn 251 tỷ đồng của bị đơn",cafef.vn,cc081327eaf102ab0021bb78dba3755d25e6ead0a7a49080144806455949f95c,"[4, 6, 12, 13]"
Tier 2 (Market),background,neu,0.88,20 doanh nghiệp lớn của Nhà nước kinh doanh ra sao?,"Nhóm 20 doanh nghiệp nhà nước tăng doanh thu và lợi nhuận mạnh năm 2025, nhưng Vinacafe và Vietnam Airlines còn dấu hiệu mất an toàn tài chính."," • Doanh thu nhóm tăng 9,3%, lợi nhuận trước thuế tăng 51%
 • Vinacafe thua lỗ ba năm liên tiếp
 • Vietnam Airlines có lỗ lũy kế lớn dù lợi nhuận phục hồi",cafef.vn,c062225c6fa56d03047cbda91881fb514776bdcbb5959b1409bd3f17fcb8a9aa,"[3, 4, 9, 11, 12]"
Tier 2 (Market),background,pos,0.88,Tối ưu hoá lợi thế CPTPP cho xuất khẩu Việt Nam trước biến động thương mại toàn cầu,"CPTPP đang mở rộng xuất khẩu Việt Nam, với kim ngạch 2025 tăng 11,5% lên 70,6 tỷ USD. Dư địa còn lớn nhưng doanh nghiệp cần nâng cao tuân thủ, đa dạng chuỗi cung ứng và kết nối thị trường."," • Xuất khẩu CPTPP tăng lên 70,6 tỷ USD
 • Thị phần Việt Nam tại Canada và Mexico còn thấp
 • Doanh nghiệp cần vượt rào cản xuất xứ và chuẩn CPTPP",vneconomy.vn,300b2a65c561383b5db8cfe2e3301b488992a2033c07c3c14447104eef90ac9e,"[1, 3, 4, 7, 9, 15, 20]"
Tier 2 (Market),background,pos,0.88,Tập đoàn BRG: Gần 13.200 tỷ đồng nộp ngân sách và tầm nhìn tạo giá trị dài hạn,"BRG tuyên bố nộp gần 13.200 tỷ đồng ngân sách và theo đuổi dự án Thành phố Thông minh Bắc Hà Nội quy mô 4,2 tỷ USD."," • BRG thuộc nhóm doanh nghiệp tư nhân nộp ngân sách lớn
 • Dự án đô thị thông minh quy mô 272 ha
 • Tập đoàn tập trung vào hệ sinh thái đa ngành",cafef.vn,63b44cc69ee51bae785587f94c3de9e66ca35a4de01f0f4f58e043ce2a638f9e,"[0, 1, 2, 3, 4, 5, 6, 7, 8, 9, 10, 11, 12, 13, 14, 15, 16, 17, 18, 19, 20, 21, 22, 23, 24, 25]"
Tier 2 (Market),background,pos,0.88,"TH của bà Thái Hương đề xuất dự án du lịch sinh thái biển quy mô 960ha, vốn 28.000 tỷ đồng tại Đắk Lắk","Bài viết trùng chủ đề với dự án du lịch của Tập đoàn TH, nhấn mạnh quy mô 960 ha, vốn 28.000 tỷ đồng và yêu cầu hỗ trợ pháp lý, đất đai."," • Dự án hướng đến tiêu chuẩn 6 sao và ESG
 • Đề xuất cơ sở chữa lành kết hợp du lịch
 • Tỉnh Đắk Lắk cam kết hỗ trợ thủ tục đầu tư",cafef.vn,18f4bfed40bccbdd60102fd8785e9fa74cccc0f7cd680e15ac1b89a2a04df7e9,"[0, 1, 2, 3, 4, 5, 6, 7, 8, 9]"
Tier 2 (Market),background,neu,0.86,"Chủ tịch Đèo Cả: Một dự án PPP có thể vẫn khó khăn trong 20-30 năm nếu lưu lượng, doanh thu không như tính toán","Chủ tịch Đèo Cả cảnh báo PPP cao tốc có thể khó khăn kéo dài nếu lưu lượng thấp hơn dự phóng, đòi hỏi thiết kế tài chính và phân bổ rủi ro từ đầu."," • Giai đoạn 2026-2030 cần khoảng 1,2 triệu tỷ đồng cho cao tốc
 • PPP cần dữ liệu lưu lượng và cơ chế chia sẻ rủi ro minh bạch
 • Mở rộng cao tốc cần bảo đảm kết nối và trách nhiệm dài hạn",cafef.vn,aec5bc8209e713c870745814925dafb1a4459e8c8c6ddf4acdcde04858897900,"[0, 2, 4, 6, 10, 12, 15]"
Tier 2 (Market),background,pos,0.86,"Khởi công cầu Cát Lái, cầu Long Hưng kết nối TP.HCM với Đồng Nai","Hai cầu Cát Lái và Long Hưng với tổng vốn hơn 36.700 tỷ đồng chính thức khởi công, dự kiến khai thác năm 2029."," • Tổng vốn cầu Cát Lái hơn 24.000 tỷ đồng
 • Tổng vốn cầu Long Hưng hơn 12.700 tỷ đồng
 • Các dự án tăng kết nối TP.HCM, Đồng Nai và sân bay Long Thành",baodautu.vn,373cd2d9ced547b54d812dd261fb93f8494bade4d2b68f6c1ccfbf4269f27027,"[0, 1, 4, 7, 8, 10]"
Tier 2 (Market),background,neg,0.86,Thanh khoản sụt giảm nghiêm trọng,"Thị trường chứng khoán sáng giảm nhẹ trong khi thanh khoản HoSE giảm mạnh xuống gần mức thấp kỷ lục, cho thấy cung và cầu đều thiếu động lực."," • VN-Index giảm 0,08%, thanh khoản HoSE giảm 28%
 • Độ rộng thị trường chưa nghiêng rõ về bán mạnh
 • Dòng tiền nóng ở một số cổ phiếu chưa tạo thành xu hướng đầu cơ rõ ràng",vneconomy.vn,03b2cf927fca9a704636bf7848d23e0b6bfc5116181b4b5d5364edbef6cf7fd9,"[1, 2, 3, 4, 5]"
Tier 2 (Market),background,pos,0.86,Kỳ 1: Đề xuất hình thành Khu kinh tế biển quy mô 177.000 ha tại TP. Hồ Chí Minh,"Đề xuất lập Khu kinh tế biển TP.HCM quy mô 177.000 ha nhằm mở rộng cảng, năng lượng và dịch vụ biển, giảm chi phí logistics. Dự án cần được thẩm định khả năng gọi vốn và phát triển theo PPP."," • Mục tiêu 38 triệu TEU năm 2030
 • Tám trụ cột kinh tế biển
 • Yêu cầu thẩm định tài chính và chia sẻ rủi ro",vneconomy.vn,0007028c0873989e5b02af2f328e9e56944bd8cdbc78d68b47953ba60008410c,"[0, 17, 30, 33, 40]"
Tier 2 (Market),background,neg,0.86,Hạ chi phí logistics nâng sức cạnh tranh xuất khẩu,"Chi phí logistics Việt Nam tương đương 16-17% GDP đang gây áp lực lớn lên lợi nhuận xuất khẩu. Cải cách hạ tầng, vận tải đa phương thức và đồng bộ chuỗi cung ứng là giải pháp trọng tâm."," • Chi phí logistics cao là nút thắt cạnh tranh xuất khẩu
 • Cơ cấu vận tải lệch mạnh về đường bộ, đường sắt chưa khai thác hiệu quả
 • Hạ tầng chưa đồng bộ làm giảm giá trị cảng và trung tâm logistics
 • Đa phương thức và số hóa có thể hỗ trợ giảm chi phí",thoibaotaichinhvietnam.vn,67a42c7709c8352e3154ea38a2027bcf6b89777ca3e2de208551bd5b96d527a7,"[0, 1, 3, 4, 12, 13, 19]"
Tier 2 (Market),background,pos,0.85,Sau dấu mốc lịch sử Quảng Ninh tập trung kiến tạo nền kinh tế giá trị cao,"Thành phố Quảng Ninh hướng đến mô hình đô thị thông minh, bền vững và chuyển đổi số, đồng thời thu hút khoảng 100.000 tỷ đồng vốn đầu tư."," • Quy hoạch đến 2050 định hướng phát triển đa trung tâm, xanh và thông minh
 • Địa phương chọn lọc dự án công nghệ, giá trị cao và phát thải thấp
 • 24 công trình với giá trị khoảng 47.000 tỷ đồng đã được khởi công hoặc hoàn thành",thoibaotaichinhvietnam.vn,409371cb9995ccdc848bae683f945ed0071df6cd7052a6e8bb191fcd6f26e717,"[0, 3, 5, 8, 10, 11]"
Tier 2 (Market),background,neg,0.85,Michael Burry cảnh báo bong bóng AI có thể vỡ sớm hơn so với dự kiến ban đầu,"Michael Burry chuyển sang tăng đòn bẩy các quyền chọn bán và cảnh báo bong bóng AI có thể vỡ sớm, rủi ro cao với cổ phiếu công nghệ."," • Bong bóng AI có nguy cơ điều chỉnh mạnh
 • Burry tăng vị thế phòng hộ
 • Doanh thu AI chưa chắc đáp ứng vốn đầu tư",vneconomy.vn,22df70cc15082a8c5ca5955b32a811e73980e24fd78583606a1f277ee031b990,"[2, 3, 4, 8, 9, 10, 12]"
Tier 2 (Market),background,pos,0.85,"Xuất khẩu sầu riêng tăng tốc, mang về hơn 2,7 tỷ USD sau 8 tháng","Xuất khẩu sầu riêng tăng 55% sau tám tháng, đạt 2,72 tỷ USD, chủ yếu nhờ nhu cầu Trung Quốc dù phụ thuộc thị trường rất cao."," • Xuất khẩu sầu riêng tăng trưởng mạnh
 • Trung Quốc chiếm 95% thị trường
 • Giá xuất khẩu tươi giảm và cạnh tranh tăng",vietnambiz.vn,4743e5ccbbc66d6276e96a4802c9bafc5bf108b8dd3f408c0b94a47d03280978,"[0, 1, 4, 5, 9, 14, 15, 18]"
Tier 2 (Market),background,pos,0.85,VPS Smart Indexing song hành cùng sự trưởng thành của thị trường,"Việt Nam được FTSE Russell nâng lên thị trường mới nổi, hỗ trợ hút dòng vốn và phát triển công cụ quản lý danh mục như VSI."," • Cơ hội thu hút vốn quốc tế
 • Chất lượng thị trường được cải thiện
 • Direct Indexing hỗ trợ nhà đầu tư cá nhân",thoibaotaichinhvietnam.vn,09e2e09aba4c4f33f083b264cee4a88497328dee1c695c721b05350afaf3ffe2,"[0, 1, 2, 6, 8, 10, 13]"
Tier 2 (Market),background,pos,0.85,"Hợp lực mở rộng, khai thác giá trị từ thanh toán xuyên biên giới qua mã QR","NAPAS và các ngân hàng mở rộng VietQRGlobal, tập trung tăng giao dịch thực tế và kết nối thanh toán xuyên biên giới với du lịch, bán lẻ."," • Mở rộng kết nối QR xuyên biên giới và điểm chấp nhận
 • Chuyển từ kết nối kỹ thuật sang tạo giao dịch và giá trị kinh tế
 • Agribank dự kiến triển khai dịch vụ từ tháng 10/2026",vneconomy.vn,9365a43bdfdc2c782b5992d25591cab3f177387a4a3a363fbf3c5d02f9413a44,"[5, 6, 15, 16, 19, 20, 25, 27]"
Tier 2 (Market),background,pos,0.85,Vietbank có Quyền Tổng Giám đốc mới là người nước ngoài,"Vietbank bổ nhiệm Chester Gorski làm Quyền Tổng Giám đốc trong bối cảnh lợi nhuận trước thuế 6 tháng tăng 79,4%."," • Lãnh đạo mới tập trung chuyển đổi, công nghệ và vận hành
 • Lợi nhuận trước thuế đạt 923 tỷ đồng
 • Tổng tài sản vượt 205.000 tỷ đồng",vietnambiz.vn,03024bb127eadbd8e88837b32945d7aca4335301a69e2c92e479ede35c94eb65,"[0, 2, 3, 4, 5, 6, 7, 8, 9, 10, 11, 12, 13]"
Tier 2 (Market),background,pos,0.84,Nội lực vững vàng Bidiphar là điểm đến tiềm năng cho dòng vốn tổ chức,Bidiphar có vị thế mạnh trong dược phẩm nội địa và đang đầu tư lớn vào nhà máy EU-GMP để mở rộng thị phần đặc trị.," • Hai dự án nhà máy có tổng vốn đầu tư khoảng 1,71 nghìn tỷ đồng
 • EU-GMP có thể mở đường vào đấu thầu nhóm 1-2
 • Doanh thu và lợi nhuận sáu tháng đầu năm đều tích cực",thoibaotaichinhvietnam.vn,59ece19f8e985f43b512f702f3977694fefc35ec2e1c3ab0854cecfef90a4d06,"[4, 5, 6, 9, 16]"
Tier 2 (Market),background,pos,0.84,Tạo cơ sở pháp lý vững chắc hỗ trợ doanh nghiệp nhỏ và vừa,"Dự thảo Luật Phát triển doanh nghiệp nhỏ và vừa mở rộng nguồn vốn, đơn giản thuế và hỗ trợ mặt bằng. Các đại biểu đề nghị minh bạch nguồn lực và ưu tiên hỗ trợ có điều kiện."," • Đa dạng hóa vốn cho SME
 • Đánh giá tín dụng dựa trên dữ liệu
 • Nâng ngưỡng thuế đơn giản lên 10 tỷ đồng",baodautu.vn,594726f1b1f6d5cfb9af28d93d3bf3d6beeb085829df6112357b3ca8180bf0fe,"[5, 7, 9, 18, 21, 29]"
Tier 2 (Market),background,pos,0.84,Hải quan khu vực XIII vượt dự toán thu ngân sách,"Hải quan khu vực XIII vượt dự toán thu ngân sách nhờ kim ngạch xuất nhập khẩu tăng mạnh, đặc biệt từ xăng dầu, than đá, sắt thép và máy móc."," • Khánh Hòa và Lâm Đồng đạt trên 117% dự toán
 • Kim ngạch xuất nhập khẩu tăng 35,2%
 • Thuế xăng dầu, than và thiết bị tăng mạnh",thoibaotaichinhvietnam.vn,a3c43873b7d33cde1552862b5ddc5b40cc3731646d68451f8823345011351ac7,"[0, 1, 2, 3, 4, 5, 6, 7, 8, 9, 10, 11, 12, 13, 14]"
Tier 2 (Market),background,pos,0.83,Bầu Đức vừa mạnh tay rót gần 800 tỷ đồng vào loại cây thế giới tiêu thụ gần 29.000 tấn mỗi ngày,"HAGL giải ngân gần 792 tỷ đồng từ trái phiếu cho các dự án cà phê tại Việt Nam và Campuchia. Kế hoạch mở rộng lên 20.000 ha gắn với nhu cầu vốn lớn, trong khi kết quả kinh doanh nửa đầu năm tích cực."," • Gần 792 tỷ đồng đã được sử dụng cho dự án cà phê
 • Mục tiêu đến 2028 là 20.000 ha tại Việt Nam, Lào và Campuchia
 • Nhu cầu vốn giai đoạn 2026-2028 ước tính 14.220 tỷ đồng
 • Doanh thu nửa đầu năm đạt 3.039 tỷ đồng, lợi nhuận tăng hơn 150%",cafef.vn,f40a3581c62af1631264a68fc23f1f4050446262a92485baa53b2ba98a7f2c56,"[0, 1, 2, 3, 4, 6, 7, 11, 12, 13, 14, 15]"
Tier 2 (Market),background,neu,0.82,"KCN thế hệ mới: Cơ hội lớn đi kèm yêu cầu mới về hạ tầng, ESG, chi phí","KCN thế hệ mới mở ra cơ hội FDI nhưng đòi hỏi vốn đầu tư lớn, ESG, năng suất và thủ tục nhanh hơn."," • Hạ tầng xanh và bền vững trở thành yêu cầu cạnh tranh cốt lõi
 • Thủ tục cấp phép chậm làm giảm lợi thế tốc độ và có thể khiến dự án FDI đình trệ",baodautu.vn,af1173276676d5872164437727ccfe4b1e201d6338f7475dd142671c5a35983d,"[5, 13, 14, 19, 22, 24]"
Tier 2 (Market),background,neg,0.82,"Làm rõ đối tượng cho vay lãi hơn 400%/năm, thu lợi hàng trăm triệu đồng","Công an Đà Nẵng triệu tập người bị nghi cho vay lãi hơn 400%/năm, cho hơn 50 người vay hơn 1 tỷ đồng và thu lợi bất chính hơn 300 triệu đồng."," • Lãi suất 30% mỗi 26 ngày tương đương hơn 400%/năm
 • Các khoản vay từ 5 triệu đồng đến 200 triệu đồng
 • Điều tra sơ bộ cho thấy hơn 300 lượt vay và thu lợi hơn 300 triệu đồng",cafef.vn,2bb3f920f14e8d52426957a96256113ec0fee9f9daa181866fc8445bccb135df,"[1, 10, 12, 13]"
Tier 2 (Market),background,neg,0.82,"Giá thức ăn chăn nuôi tăng, giá lợn hơi liên tục sụt giảm: Người nuôi chịu “sức ép kép”",Giá thức ăn chăn nuôi tăng lần thứ trong năm trong khi giá lợn hơi giảm về 56.000-58.000 đồng/kg. Người nuôi chịu thu hẹp biên lợi nhuận và phải thận trọng tái đàn.," • Thức ăn tăng 300-400 đồng/kg
 • Thức ăn chiếm 60-70% giá thành
 • Giá lợn hơi giảm so với đỉnh đầu năm",vneconomy.vn,9653b3af5ee61e4c578c8606ad61b3c477d2eb52e382f2356074e8178f8ecaeb,"[0, 2, 9, 14, 20, 24]"
Tier 2 (Market),background,neu,0.8,Giải pháp ưu tiên nào cho kinh tế biển TP.HCM?,TP.HCM cần chuyển từ mở rộng sản lượng cảng sang chiếm các khâu dịch vụ hàng hải giá trị cao và phát triển năng lượng sạch.," • TP.HCM có lợi thế cảng logistics nhưng còn thiếu tài chính, bảo hiểm và công nghệ hàng hải
 • Hạ tầng cảng có nguy cơ quá tải khi lượng hàng tăng gấp đôi
 • Cơ hội mới đến từ điện gió, LNG, carbon và du lịch biển",vietstock.vn,ec9ed33bbebadfb7731d8ff9c6fe4e4a13c472f53e9272cbb9253a9a99a31fc7,"[2, 4, 6, 7, 8, 10]"
Tier 2 (Market),background,pos,0.8,Ngành gỗ Việt Nam cần chuyển từ gia công sang làm chủ chuỗi giá trị,"Ngành gỗ và nội thất Việt Nam tăng trưởng xuất khẩu mạnh nhưng cần chuyển từ OEM sang ODM, thương hiệu và làm chủ chuỗi giá trị."," • Xuất khẩu đạt 17,2 tỷ USD năm 2025
 • Phụ thuộc thị trường xuất khẩu lớn
 • Thiết kế, thương hiệu và truy xuất là lợi thế chiến lược",vneconomy.vn,ac5a31f42529986bb9a71e8ccfc7abf5a1de8cfb96b114a5d671f5e002208877,"[2, 3, 4, 9, 10, 14, 15, 17, 19]"
Tier 2 (Market),background,pos,0.8,TP. Hồ Chí Minh đề xuất cơ chế “làn xanh” cho dự án hạ tầng ưu tiên,"TP.HCM đề xuất cơ chế “làn xanh” và một cửa liên thông cho dự án hạ tầng, logistics và bãi đỗ xe ưu tiên."," • Rút ngắn thời gian thông quan đầu tư
 • Hỗ trợ tín dụng bãi đỗ xe và ưu tiên hạ tầng logistics
 • Hướng tới tăng nguồn lực tư nhân và hiệu quả khai thác",vneconomy.vn,f3d68ea282921b1a01580939ab1c940c77785bee5c28ca8845511ad15a1b3eb6,"[0, 1, 3, 4, 5, 6, 7, 8, 9, 10, 12, 13, 14, 15, 16, 17, 18]"
Tier 2 (Market),background,pos,0.8,TP. Hồ Chí Minh được vinh danh tại lễ trao Giải thưởng Du lịch Thế giới 2026,"TP.HCM đạt ba danh hiệu Du lịch Thế giới 2026, trong khi doanh thu du lịch 9 tháng tăng mạnh nhờ khách quốc tế."," • Đạt giải ở ba hạng mục du lịch khu vực
 • Khách quốc tế tăng 34,5%, doanh thu tăng 43,4%
 • Chuyển hướng sang khách MICE, chi tiêu cao và lưu trú dài",vneconomy.vn,8323c2392fa18106a7f939f0ded2cd83effd55ce20989e5b123c4eb0226632cb,"[0, 1, 2, 3, 4, 5, 6, 7, 8, 9, 10, 11, 12, 13, 14, 15, 16, 17, 18, 19, 20]"
Tier 2 (Market),background,neg,0.8,Ba doanh nghiệp bị truy thu và xử phạt thuế hơn 11 tỷ đồng,"Ba doanh nghiệp tại Đà Nẵng và Hà Nội bị truy thu thuế, xử phạt và phạt chậm nộp hơn 11,3 tỷ đồng vì các vi phạm kê khai."," • Nam Tân Uyên phải nộp hơn 9,6 tỷ đồng
 • Tập đoàn 911 chịu hơn 1,28 tỷ đồng nộp thuế và phạt
 • NDN bị truy thu và xử phạt hơn 424 triệu đồng",cafef.vn,b08d0b64ac621509b23cd9390e69b4fb0b09c5273ca38f74f80631434ee17032,"[1, 5, 7, 9, 11]"
Tier 2 (Market),background,pos,0.8,"Hạ tầng AI: ""Chìa khóa"" định hình nền kinh tế số thế hệ mới của Việt Nam","Việt Nam đầu tư mạnh vào trung tâm dữ liệu, chip và logistics để tham gia chuỗi giá trị AI châu Á. Hạ tầng kết nối ổn định được xem là điều kiện chuyển vốn thành năng lực vận hành."," • 41 trung tâm dữ liệuland đang hoạt động
 • Các dự án AI hàng trăm triệu USD
 • Logistics xuyên biên giới hỗ trợ hạ tầng AI",vneconomy.vn,e6267ccaaa0cf68a032ad2e28e6f6a4b1d0ad2e9e70759c906b641171c6af1f6,"[5, 6, 8, 13, 16]"
Tier 2 (Market),background,pos,0.8,"Phê duyệt điều chỉnh quy hoạch Khu kinh tế cửa khẩu Đồng Đăng - Lạng Sơn quy mô 39,400 ha đến năm 2045","Quy hoạch Khu kinh tế cửa khẩu Đồng Đăng - Lạng Sơn đến 2045 được phê duyệt với quy mô 39.400 ha. Dự án hướng tới trung tâm logistics, công nghiệp, du lịch và kết nối thương mại với Trung Quốc."," • Quy mô quy hoạch 39.400 ha
 • Định hướng trung tâm logistics cửa khẩu
 • Kỳ vọng dân số và nhu cầu đất tăng mạnh",vietstock.vn,3d4258a1b9eb31096e972dd82e875892bc604eaebd99c47166c94c5a5aeb1501,"[1, 3, 4, 8, 9, 10]"
Tier 2 (Market),background,neu,0.8,Ngành quỹ trong kỷ nguyên mới,"Ngành quỹ Việt Nam có AUM lớn nhưng phần lớn vẫn nằm trong danh mục ủy thác phòng thủ. Mục tiêu 2030 đòi hỏi mở rộng NAV, nhà đầu tư và nâng cao niềm tin, chất lượng quản trị."," • AUM lớn nhưng cấu trúc tài sản chưa sâu
 • Ngành tập trung vào 5 công ty quản lý
 • Uy tin và minh bạch là lợi thế cạnh tranh cốt lõi",tinnhanhchungkhoan.vn,3e542eea4bf04867a10157e662327dd25f08027e116f175c7a3a2f92b5c3bf22,"[0, 1, 2, 3, 5, 6, 7, 8, 9, 10, 11, 12, 14, 15, 17, 18, 20, 21, 23]"
Tier 2 (Market),background,pos,0.79,Gấp rút hoàn tất các hạng mục để bay thử tại Cảng hàng không Quảng Trị,Quảng Trị đẩy nhanh hạ tầng Cảng hàng không hơn 5.821 tỷ đồng để bảo đảm chuyến bay thử đầu tiên vào ngày 15/10/2026.," • Dự án dự kiến phục vụ 5 triệu hành khách và 25.500 tấn hàng mỗi năm
 • Còn 0,454 ha chưa bàn giao và một số hạng mục hạ tầng chưa hoàn thành
 • Nhà ga và tháp điều khiển đã đạt khoảng 87% tiến độ",baodautu.vn,328f09fa3c0ad34327bcc43172e164bbfc9b19e7de48f9b09ddd524e28c4e3c0,"[0, 4, 5, 8, 10, 11, 12, 13]"
Tier 2 (Market),background,pos,0.79,"Đúng 16h45 ngày 28/9, siêu nhà máy hơn 42.000 tỷ đồng của Việt Nam đạt cột mốc quan trọng, chuẩn bị phục vụ cho hàng triệu hộ gia đình","Tổ máy 2 của Nhiệt điện Quảng Trạch 1 hòa lưới thành công, đưa dự án hơn 42.000 tỷ đồng hoàn thiện công suất 1.403 MW. Đây là bước tiến quan trọng cho an ninh năng lượng và tăng trưởng công nghiệp."," • Cả hai tổ máy đã hòa lưới lần đầu
 • Nhà máy có công suất 1.403 MW và kế hoạch phát 8,4 tỷ kWh mỗi năm
 • Công nghệ USC giúp khai thác nhiên liệu hiệu quả hơn
 • Tổ máy 2 còn trong giai đoạn chạy thử trước vận hành thương mại",cafef.vn,86b9732df0cf88354120dbdf52cd9421c234f3a611b43849610f10d92b148ccc,"[0, 1, 2, 3, 4, 5, 7, 8]"
Tier 2 (Market),background,pos,0.78,TP. Hồ Chí Minh mở rộng giao thương với nhà mua hàng quốc tế trên nền tảng số,"TP.HCM kết hợp hội chợ trực tiếp và nền tảng số để mở rộng xuất khẩu, cải thiện kết nối doanh nghiệp với nhà mua quốc tế."," • Nền tảng dữ liệu và AI hỗ trợ tìm kiếm đối tác và phân tích nhu cầu
 • Xuất khẩu và sản xuất công nghiệp của TP.HCM tiếp tục tăng trưởng",vneconomy.vn,97f19185939303d895275bb0d45a9c348d6633018a18b3b29060b61bf9999e34,"[0, 6, 8, 13, 15]"
Tier 2 (Market),background,pos,0.78,"Quy hoạch 320ha Rạch Vẹm (Phú Quốc) thành khu đô thị du lịch phục vụ 12,000 người","Rạch Vẹm được quy hoạch 320,6 ha thành khu đô thị du lịch, nghỉ dưỡng sinh thái và nông nghiệp công nghệ cao, phục vụ khoảng 12.000 người."," • Quy hoạch kết hợp du lịch nghỉ dưỡng và bảo tồn sinh vật biển
 • Dành hơn 12 ha biệt thự và 25,25 ha khách sạn nghỉ dưỡng
 • Bổ sung hạ tầng giao thông, công nghệ và giáo dục nông nghiệp",vietstock.vn,56a2662230c18f9ad8415feb899f4674607eb30bc232ac4900b8f7d10c197e1a,"[1, 3, 6, 8, 14]"
Tier 2 (Market),background,pos,0.78,Standard Chartered Đà tăng trưởng của Việt Nam tiếp tục vững chắc,"Standard Chartered duy trì dự báo GDP Việt Nam năm 2026 tăng 9,5%, với xuất khẩu và sản xuất công nghiệp tiếp tục tích cực."," • GDP nửa cuối năm dự kiến tăng 10,6%
 • Xuất khẩu quý III dự báo tăng 27,2%
 • Lạm phát tháng 9 dự báo ở mức 4,5%",thoibaotaichinhvietnam.vn,82aa32bc1124ad9370be00afc66f1043a32e56d69177341426184f25dfe7f391,"[2, 4, 6, 9]"
Tier 2 (Market),background,pos,0.78,"Lưu ý quan trọng từ cơ quan Thuế đến toàn bộ người lao động về thuế TNCN, bỏ qua là lỡ quyền lợi","Nghị định 253/2026 sửa đổi thuế TNCN, nâng ngưỡng khấu trừ và một số khoản miễm trừ như ăn ca, nhà ở và bảo hiểm. Thay đổi này có thể giảm chi phu tuân thủ và gia tăng quyền lợi người lao động."," • Nâng ngưỡng khấu trừ lên 5 triệu đồng
 • Tăng miễn trừ bảo hiểm lên 3 triệu đồng
 • Mở rộng miễn thuế ăn ca và trợ cấp",cafef.vn,4afc614a0cfdad7db0e84c57b3a3b30e1f07aefc4ccaceb1f29eb4e2c7d2ce6d,"[0, 3, 10, 14, 24, 33, 40]"
Tier 2 (Market),background,neg,0.78,Băn khoăn việc tăng mức phạt tiền tối đa khi sửa Luật Xử lý vi phạm hành chính,"Đại biểu lo ngại mức phạt hành chính tăng mạnh gây khó khăn cho cá nhân, doanh nghiệp; đề xuất phạt theo doanh thu hoặc lợi nhuận bất hợp pháp."," • Mức phạt tối đa dự kiến tăng 1,5 lần
 • Biện pháp cưỡng chế có thể ảnh hưởng lan rộng
 • Cần phạt theo lợi ích bất hợp pháp",baodautu.vn,502f8d260ccb02657f7998c17d2c2b1e27adab5497a8e7221d766dc9a16db105,"[1, 4, 9, 12, 15]"
Tier 2 (Market),background,pos,0.78,Từ vốn bảo vệ đến vốn kiến tạo,"FTSE Russell nâng Việt Nam lên thị trường mới nổi thứ cấp, mở rộng triển vọng thu hút vốn quốc tế. Bài viết đồng thời quảng bá năng lực và chiến lược phát triển của Baoviet Fund."," • Nâng hạng FTSE Russell có thể cải thiện khả năng tiếp cận dòng vốn nước ngoài
 • Ngành quản lý quỹ Việt Nam còn dư địa tăng trưởng
 • Baoviet Fund duy trì quy mô AUM thuộc nhóm dẫn đầu thị trường",thoibaotaichinhvietnam.vn,dbd226900eb1ffc7e1bd7c3ddd47f6c1d1374efaa79341fa9b9e007f7973ea16,"[0, 1, 2, 8, 9]"
Tier 2 (Market),background,pos,0.76,Ninh Bình: Ngành du lịch xác định trọng tâm nâng cao chất lượng sản phẩm,"Du lịch Ninh Bình tăng trưởng mạnh, với doanh thu chín tháng vượt kế hoạch. Địa phương đầu tư sản phẩm đường sắt, chuyển đổi số và đào tạo nhân lực để duy trì tăng trưởng."," • Doanh thu chín tháng tăng 23,54%
 • Khai thác du lịch đường sắt
 • Bổ sung nhân lực chất lượng cao",vneconomy.vn,a8b4ad6a398cded088a33d0f630e685a006d3480461d6c47fa35020ace59163c,"[4, 5, 7, 11, 14, 17]"
Tier 2 (Market),background,neu,0.76,"Luật Đất đai sửa đổi sẽ tập trung quy định những nguyên tắc chung, mang tính cốt lõi","Dự án Luật Đất đai sửa đổi sẽ tập trung nguyên tắc chung, làm rõ thanh toán hợp đồng BT, thời hạn nộp tiền và quyền lợi doanh nghiệp."," • Luật tập trung nguyên tắc cốt lõi
 • Yêu cầu chặt chẽ để tránh thất thoát tài sản
 • Thời hạn nộp tiền đất tối đa 12 tháng",tinnhanhchungkhoan.vn,014b4cfae253b37ecd6a8b9f00cfd5662deb213206c11b6fcad4636db6c28393,"[0, 1, 2, 3, 4, 5, 6, 7, 8, 9, 10, 11, 12, 13]"
Tier 2 (Market),background,pos,0.75,"Quảng Ngãi: Doanh nghiệp trúng đấu giá hai mỏ đá, cao gấp hàng chục lần giá khởi điểm","Quảng Ngãi đấu giá thành công 12/28 mỏ, trong đó doanh nghiệp trúng hai mỏ đá với tổng giá trị hơn 855 tỷ đồng."," • Giá đất khoáng sản trúng đấu rất cao so với mức khởi điểm
 • Thị trường khoáng sản xây dựng có tính phân hóa do nhiều mỏ không đủ điều kiện đấu giá",baodautu.vn,b9fc80652071e4840a0610493ca17c755cbcc20cacc1b5e9537e120666bc68d5,"[2, 3, 12, 13, 14, 15]"
Tier 2 (Market),background,pos,0.75,Mảng làm đẹp của Shein liệu có thành công như thời trang nhanh?,"Sheglam có doanh thu 400 triệu USD và độ phủ toàn cầu lớn, trở thành một bài toán chiến lược giúp Shein mở rộng ngoài thời trang nhanh."," • Doanh thu và sức hút mạnh từ nhà sáng tạo nội dung
 • Mở rộng kênh online và bán lẻ toàn cầu
 • Đóng góp vào câu chuyện đa dạng hóa thương hiệu Shein",vneconomy.vn,d9befb105cbe87c686389b091a01a3869cba11c231bdd2f0081d380346980323,"[0, 1, 2, 3, 4, 5, 6, 7, 8, 9, 10, 11, 12, 13, 14, 15, 16, 17, 18, 19, 20]"
Tier 2 (Market),background,pos,0.75,Phú Quốc quy hoạch sân gôn gần 60ha tại khu vực ven biển phía Đông,"Phú Quốc phê duyệt quy hoạch hơn 1.600 ha ven biển phía Đông, gồm sân gôn 59,6 ha và định hướng phát triển du lịch, đô thị hỗn hợp, nghỉ dưỡng sinh thái."," • Quy hoạch mở rộng hạ tầng và không gian đô thị du lịch ven biển
 • Sân gôn 59,6 ha và các khu nghỉ dưỡng sinh thái được bố trí
 • Hệ thống cảng thủy nội địa phục vụ tàu đến 3.000 tấn",vietstock.vn,6adcf152512307f1ea010fcd7cdc03eee4e136046b12a44cce2a5faacdea0dd8,"[1, 2, 5, 11]"
Tier 2 (Market),background,pos,0.75,"Ông trùm Jensen Huang muốn trở thành ""cảnh sát"" AI","Nvidia phát triển nền tảng an toàn và giám sát AI để giới hạn quyền truy cập của tác nhân, trước nguy cơ các hệ thống tự trị vượt kiểm soát."," • Open Agent Safety Platform kiểm soát quyền truy cập
 • OpenShell và Sentry giám sát tác nhân AI
 • An toàn AI trở thành hạ tầng mới cho doanh nghiệp",cafef.vn,382d9d60a1e86b5df607e25b6eed8c1084c79375fcda554f3fc3466ee881e468,"[0, 1, 2, 3, 4, 5, 6, 7, 8, 9, 10, 11, 12, 13, 14, 15, 16, 17, 18, 19, 20]"
Tier 2 (Market),background,neg,0.75,Khi hộ kinh doanh vẫn đứng ngoài chuỗi khấu trừ thuế,"Hộ kinh doanh doanh thu lớn dù có hóa đơn điện tử vẫn không được khấu trừ VAT, khiến chi phí thực tế và giá vốn cao hơn doanh nghiệp cùng lĩnh vực."," • Hộ kinh doanh nằm ngoài chuỗi khấu trừ VAT
 • VAT đầu vào không được khấu trừ trở thành chi phí thực tế
 • Đề xuất cho phép hộ đủ điều kiện tự nguyện tham gia",vneconomy.vn,445302c9eab863fe2c66afd4c1b728984630eae10d26b4dccdb65716884dc1eb,"[0, 4, 6, 7, 10, 13, 14, 22, 25, 29, 31, 33, 37]"
Tier 2 (Market),background,pos,0.75,Khách quốc tế đang chi hàng chục nghìn USD để đến Việt Nam chơi Golf,"Du lịch golf Việt Nam đang mở rộng nhanh, với hơn 50 dự án mới và khoảng 200 sân dự kiến vào 2030. Doanh thu du lịch golf đạt 1 tỷ USD năm 2025, được kỳ vọng tăng mạnh nhờ khách quốc tế chi tiêu cao."," • Làn sóng đầu tư golf tăng nhanh
 • Khách quốc tế có chi tiêu cao
 • Mở rộng thị trường trong nước và du lịch",cafef.vn,8f0b6e985a54914e57362a2efb2616ecbeca92d8bd0676f14b4a8084913530fe,"[0, 3, 4, 5, 6, 7, 9, 10, 11, 13, 14]"
Tier 2 (Market),background,pos,0.72,TP. Hồ Chí Minh phát triển sản phẩm OCOP theo định hướng nâng cao chất lượng và sức cạnh tranh,"TP.HCM chuyển chương trình OCOP từ mở rộng số lượng sang nâng cao chất lượng, giá trị và khả năng cạnh tranh xuất khẩu."," • Rà soát và phân hạng lại các sản phẩm OCOP theo tiêu chí mới
 • Chương trình hỗ trợ chuyển đổi số, thương hiệu, du lịch và xuất khẩu",vneconomy.vn,30bc05859612a58257b318730ab2d1397fc0209483cd50013cd542c4991e1ec2,"[0, 3, 5, 6, 7, 11]"
Tier 2 (Market),background,neu,0.72,"Khu đô thị hơn 7.100 tỷ đồng của liên danh Sun Group tại thành phố có đường bờ biển dài nhất Việt Nam vừa đề xuất bỏ biệt thự nhà vườn, tăng hơn 500 lô liền kề","Đà Nẵng lấy ý kiến điều chỉnh quy hoạch khu đô thị hơn 7.141 tỷ đồng của Sun Group, tăng mạnh đất ở liền kề và giảm đất biệt thự."," • Dự án rộng 97,2 ha, dự kiến đón 22.960 người
 • Số lô nhà ở liền kề mới tăng từ 1.021 lên 1.584 lô
 • Phương án quy hoạch chi tiết chưa được phê duyệt",cafef.vn,d5b66db94443b6dae893e55ba8ba5eb94fd5ac87e4847dd7c7e8b32739615524,"[0, 6, 7, 9]"
Tier 2 (Market),background,neg,0.72,Phân tích kỹ thuật phiên chiều 29/09: Tiếp tục thận trọng,"Phân tích kỹ thuật cho thấy VN-Index và HNX-Index giằng co, thanh khoản giảm và chỉ báo MACD suy yếu, triển vọng ngắn hạn thận trọng."," • VN-Index kiểm tra SMA 50 ngày trong vùng 1.765-1.780 điểm
 • MACD tiếp tục suy yếu và cắt xuống mức 0
 • HNX-Index kiểm tra vùng đáy cũ 266-270 điểm",vietstock.vn,6ada8ad9c1a6096ef3d3f7477a8beced3230aea432f827dd4879d3a95d97e160,"[0, 2, 3, 4, 5, 6]"
Tier 2 (Market),background,pos,0.72,Bộ Công Thương đặt mục tiêu có mô hình outlet đầu tiên tại Việt Nam vào năm 2030,"Bộ Công Thương đề ra lộ trình đến 2030 phát triển mô hình outlet tại Việt Nam, ưu tiên quản lý hàng hóa và nâng tỷ trọng sản phẩm nội địa."," • Mục tiêu hình thành ít nhất một mô hình outlet vào năm 2030
 • Ba mô hình gồm làng outlet, trung tâm đô thị và outlet tích hợp
 • Sản phẩm Việt Nam phải chiếm tối thiểu 30-40% trong mô hình thí điểm",vietstock.vn,54e72abd8bb4648dcf1f15df674da3f3b25c4f06ae614b9aad2f367743f5a23c,"[1, 5, 6, 9, 18]"
Tier 2 (Market),background,pos,0.72,Bộ Nông nghiệp và Môi trường đề nghị tháo gỡ vướng mắc cho hai dự án của Novaland tại TPHCM,"Bộ Nông nghiệp và Môi trường đề nghị TP.HCM tháo gỡ vướng mắc pháp lý cho hai dự án lớn của Novaland, góp phần thu hồi quỹ đất và dòng tiền."," • Đề nghị rà soát pháp lý hai dự án tại TP.HCM
 • Các vướng mắc liên quan đất đai, điều chỉnh tiến độ và quy hoạch
 • Tháo gỡ vướng mắc có thể mở hơn 166 ha đất",cafef.vn,25a4a4db3a99e435302a4691a1fe8ff43b5511258a59120b5e890e45191480e2,"[1, 4, 7, 8, 9]"
Tier 2 (Market),background,neu,0.72,"Shopee, TikTok nắm gần 98% thị trường, hãng giao nhận cạnh tranh thế nào để được khách hàng chọn?","Shopee và TikTok Shop kiểm soát gần 98% giao dịch thương mại điện tử, khiến khả năng xuất hiện trên sàn trở thành yếu tố quyết định doanh thu logistics. Minh bạch tiêu chí là chìa khóa cạnh tranh."," • Nền tảng chiếm ưu thế gần tuyệt đối
 • Chất lượng giao hàng gần như hòa nhau
 • Cần công khai tiêu chí xếp hạng và hiển thị",cafef.vn,e2e40caee498ca09261fc3fe903d7881c5603c426e8f9c21b740bf7ddee59d26,"[1, 2, 8, 10, 18, 22]"
Tier 2 (Market),background,neu,0.72,Thị trường cho thuê văn phòng Hà Nội và TP.HCM: Cạnh tranh gay gắt về giá,"Thị trường văn phòng Hà Nội và TP.HCM duy trì công suất cao, nhưng nguồn cung mới và xu hướng chọn lọc tạo cạnh tranh về giá, chất lượng và ESG."," • Công suất thuê đạt 86% ở Hà Nội và 88% tại TP.HCM
 • Nguồn cung mới làm tăng cạnh tranh tại Hà Nội
 • Khách thuê chọn tòa nhà mới, chất lượng cao và xanh",cafef.vn,9fb4d802d8de7a8e2b83545f5e11ca42abcfec54d2dcf4ecd4b9aef0f26bb505,"[1, 2, 5, 6, 8, 9, 14, 15]"
Tier 2 (Market),background,neu,0.72,"Hà Nội lấy ý kiến dự án cải tạo sông Đáy gần 230.000 tỷ đồng do MIK Group đề xuất, hơn 6.000 hộ dân dự kiến di dời",Hà Nội lấy ý kiến cho dự án cải tạo sông Đáy theo PPP/BT của MIK Group với tổng vốn gần 230.000 tỷ đồng. Quy mô quỹ đất đối ứng và di dời lớn tạo cơ hội phát triển nhưng cũng rủi ro thẩm định và tài chính cao.," • Dự án có quy mô đầu tư 229.945 tỷ đồng và bốn thành phần
 • Quỹ đất đối ứng dự kiến rộng khoảng 3.705 ha
 • Giải phóng mặt bằng và tái định cư chiếm 45,4% tổng vốn
 • Hơn 6.000 hộ dự kiến phải di dời",cafef.vn,a2019138cc00a150976afb0370c58f6eb507b4b93e8baadc401bc6cb9649f82d,"[0, 2, 3, 4, 15, 16, 17, 18, 19, 20]"
Tier 2 (Market),background,pos,0.7,74 doanh nghiệp ưu tiên đóng góp gần 1/3 kim ngạch xuất nhập khẩu,"74 doanh nghiệp ưu tiên hải quan chiếm gần một phần ba kim ngạch xuất nhập khẩu, được lợi về thông quan nhanh và dòng tiền."," • Lợi thế thương mại cho doanh nghiệp uy tín
 • Quản lý rủi ro là điều kiện duy trì
 • Hải quan tập trung nguồn lực vào rủi ro cao",vietstock.vn,1e53efa687f3179568b5a1bedd5427feb0f055aff5ec64a49bcaed2cc8c4336d,"[1, 3, 4, 10, 11, 12, 14]"
Tier 2 (Market),background,neu,0.7,Phê duyệt đơn giá khởi điểm cho thuê ngắn hạn 10 khu đất tại khu vực Bình Dương,"TP.HCM phê duyệt đơn giá khởi điểm cho thuê ngắn hạn 10 khu đất tại Bình Dương với mục đích thương mại, dịch vụ hoặc nông nghiệp."," • Các khu đất phân bố ở nhiều phường thuộc khu vực Bình Dương
 • Đơn giá khởi điểm thay đổi rõ rệt theo vị trí và mục đích sử dụng
 • Trước khi cho thuê phải rà soát pháp lý, quy hoạch và chống chồng lấn",cafef.vn,1768491348e08d353d89fef25cd9a59d8a53f9221ab5d3cae7b25aa4a132825c,"[1, 2, 3, 8, 9]"
Tier 2 (Market),background,neu,0.7,“Đô thị lễ hội” là một phần của hạ tầng kinh tế đô thị hiện đại,"“Đô thị lễ hội” được đề xuất xây dựng như một hệ sinh thái du lịch và kinh tế đêm, thay vì chỉ tổ chức sự kiện. Hiệu quả phụ thuộc vào hạ tầng, lưu trú, dữ liệu và khả năng quản trị doanh nghiệp."," • Cần đo lường thời gian lưu trú và chi tiêu
 • Hạ tầng biểu diễn và khu lễ hội trọng tâm
 • Ưu đãi du lịch nên gắn với kết quả đầu ra",vneconomy.vn,e7e3f55cb4502818255541b3feda4ec48335768732a3d083d0152e9362f982b5,"[2, 3, 8, 12, 15, 24, 32]"
Tier 2 (Market),background,neu,0.7,Vì sao chỉ hơn 100 doanh nghiệp 'sống khỏe' trong 10 năm biến động?,"Chỉ 108 trong 1.828 doanh nghiệp từng lọt PROFIT500 duy trì vị trí suốt 10 năm, dù lợi nhuận nhóm này tăng 3,1 lần. Lợi nhuận tập trung mạnh vào tài chính, khoáng sản và công nghệ thông tin."," • Tỷ lệ doanh nghiệp bền vững rất thấp
 • Lợi nhuận tăng nhanh nhưng phân bố mất cân đối
 • Dòng chảy lợi nhuận dự kiến dịch chuyển sang công nghệ",cafef.vn,f916f5ab66b18f0deae32363316b3c0185ad6d5111d8dcc91247e48dbf5fb1b5,"[0, 1, 2, 4, 5, 7, 8, 10, 11, 12, 14]"
Tier 2 (Market),background,neg,0.7,Chủ tịch HĐND TPHCM nói về việc bồi thường giải tỏa dự án Đại học quốc gia,"Dự án Đại học Quốc gia TP.HCM tiếp tục vướng giải phóng mặt bằng với hơn nghìn hộ chưa giải tỏa. Chính quyền đề nghị bảo đảm kinh phí, thực hiện bồi thường và phối hợp cưỡng chế thu hồi đất."," • Giải phóng mặt bằng còn tồn đọng
 • Nguy cơ thiếu hụt kinh phí bồi thường
 • Cần cưỡng chế đối với hộ đủ điều kiện",cafef.vn,777a802abae5531d5b898e2d1cafa0850ed462c357c75473c8cdaf45aa6caea7,"[5, 6, 7, 8, 9, 10, 11]"
Tier 2 (Market),background,pos,0.68,"Phục hồi rừng sau khai khoáng, mở cơ hội từ thị trường carbon","Nghiên cứu cho thấy phục hồi rừng sau khai khoáng có thể tạo giá trị carbon, nhưng hiệu quả phụ thuộc điều kiện địa chất và khung pháp lý."," • Bãi thải than và apatit khó phục hồi hơn bauxite
 • Rừng phục hồi có tiềm năng hấp thụ và thương mại hóa tín chỉ carbon
 • Cần dữ liệu đáng tin cậy và quản trị thống nhất để mở rộng tài chính",vneconomy.vn,fa3895c9ec3bfb07c3232c469282e34e8369b03f65eca937e2832cfbbfc0fa53,"[2, 6, 11, 15, 17, 18]"
Tier 2 (Market),background,pos,0.68,Vietbank bổ nhiệm ông Chester Gorski giữ chức quyền Tổng giám đốc,"Vietbank bổ nhiệm Chester Gorski làm quyền Tổng giám đốc, bổ sung năng lực công nghệ và vận hành khi lợi nhuận sáu tháng tăng mạnh."," • Lợi nhuận trước thuế sáu tháng đạt 944 tỷ đồng
 • Lợi nhuận sau thuế tăng 83% so với cùng kỳ
 • Ngân hàng đã hoàn thành khoảng 45% kế hoạch lợi nhuận năm",baodautu.vn,d41dfa69d05a4b9f1b159b5969452a0dc83c51f7577a41009967477eb3d15d26,"[0, 1, 6, 10, 11]"
Tier 2 (Market),background,pos,0.68,"Quy hoạch phân khu Gành Dầu hơn 230ha, có ô đất được xây cao 22 tầng","Gành Dầu được quy hoạch 230,28 ha thành khu đô thị du lịch hỗn hợp, với một ô đất cho phép xây tối đa 22 tầng và mật độ 60%."," • Phát triển Gành Dầu thành khu đô thị du lịch và bảo tồn biển
 • Một ô đất được phép xây đến 22 tầng, hệ số sử dụng đất tối đa 10 lần
 • Quy hoạch bổ sung công viên ven biển và hạ tầng giao thông",vietstock.vn,0cb7755f393b7b53b9eac42eebcc50ca0498bc1af99b7d442672146890c74b74,"[2, 3, 5, 13]"
Tier 2 (Market),background,pos,0.68,Việt Nam và Đà Nẵng đã ghi điểm tuyệt đối trong thu hút khách từ thị trường Nga-  CIS,"Dữ liệu Yandex Ads cho thấy Việt Nam tăng trưởng du lịch Nga-CIS rất mạnh, còn Đà Nẵng nên nhắm khách chi tiêu cao và du lịch gia đình."," • Lượt tìm kiếm khách sạn Việt Nam tăng 371%
 • Khách Nga-CIS đến Việt Nam đạt hơn 1,47 triệu lượt
 • Khoảng 50% khách Nga thuộc nhóm thu nhập cao hoặc cao cấp",vneconomy.vn,8e6da9fd6ed58caec1e700c8de79059ae18a965e335842e8e9f36fc81804643c,"[8, 13, 15, 18, 22]"
Tier 2 (Market),background,neu,0.68,Đề xuất làm rõ hơn nữa bản chất chất pháp lý của “quyền sử dụng khu vực biển”,"Quốc hội đề nghị làm rõ quyền sử dụng biển và cơ chế giá điện để giảm rủi ro pháp lý, bảo vệ lợi ích người sử dụng, khơi thông đầu tư và bảo đảm minh bạch."," • Không đồng nhất quyền sử dụng với quyền sở hữu
 • Giá điện phải minh bạch và hỗ trợ người bị ảnh hưởng
 • Phát huy thị trường điện cạnh tranh",vneconomy.vn,b4751401d094a6eb11a0bde2bba7313918ee22731602dae0f0c4228fc1dc3a2d,"[0, 20, 34, 41, 47]"
Tier 2 (Market),background,pos,0.68,"Láng giềng Việt Nam khai trương 1.142 km đường sắt cao tốc, nối thẳng đến sân bay quốc tế và siêu đô thị, chạy tới 350 km/h","Trung Quốc đưa vào vận hành 1.142 km đường sắt cao tốc, tốc độ tối đa 350 km/h, mở rộng mạng lưới lên khoảng 50.000 km."," • Kết nối Hùng An với Thương Khâu
 • Mạng lưới đường sắt cao tốc đạt khoảng 50.000 km
 • Kỳ vọng 284 triệu lượt hành khách trong 16 ngày",cafef.vn,b21e7fc45a89c131510a2268ace94baee37a0f772719396e0bca209114dc6b05,"[0, 1, 2, 6, 8, 9, 12, 13, 14, 15]"
Tier 2 (Market),background,neg,0.67,Cân nhắc mức phạt bảo đảm quyền của người dân khi xử lý vi phạm hành chính,"Đại biểu đề nghị dự thảo Luật Xử lý vi phạm hành chính cân nhắc năng lực chi trả, lợi nhuận vi phạm và bảo vệ bên thứ ba khi áp dụng cưỡng chế."," • Dự thảo nâng mức phạt tối đa lên 1,5 tỷ và 3 tỷ đồng
 • Mức phạt theo doanh thu có thể hạn chế lợi nhuận từ vi phạm
 • Ngừng dịch vụ và tạm hoãn xuất cảnh cần giới hạn, bảo vệ người không liên quan",thoibaotaichinhvietnam.vn,a3dfb108c2a4b89cbc47e1916e2e76842e64b0eee4446ea42d1ccfbc51f6f476,"[0, 2, 4, 6, 8, 10, 12, 14, 16, 18, 20]"
Tier 2 (Market),background,pos,0.67,"Hòn đảo chỉ rộng bằng 1/4 Việt Nam nhưng có đến hai quốc gia: Viettel sắp phủ sóng cả đảo, rót thêm hơn nửa tỷ USD chinh phục thị trường 11 triệu dân","Viettel thành lập pháp nhân tại Dominica với kế hoạch đầu tư 560 triệu USD, mở rộng từ Haiti sang thị trường viễn thông Caribbean. Dự án có tiềm năng tăng trưởng nhưng đòi hỏi vốn lớn và chịu rủi ro thực thi."," • Viettel đầu tư 560 triệu USD tại Dominica
 • Kế hoạch triển khai dịch vụ di động, băng rộng và ví điện tử
 • Thị trường có doanh thu viễn thông khoảng 2,5 tỷ USD và thị phần tập trung cao
 • Đây là thị trường quốc tế thứ 11 của Viettel Global",cafef.vn,ab495d7a8c58f2f633e94af9899f831e8de3b51f5f6d7330bbf3f4fe6c7e198a,"[0, 3, 4, 5, 6, 7, 9, 10, 12, 13]"
Tier 2 (Market),background,pos,0.65,Kiến trúc mở Từ bán đúng đến lựa chọn đúng,"FIDT đề xuất mô hình kiến trúc mở, để tư vấn bắt đầu từ nhu cầu khách hàng và so sánh sản phẩm đa nhà cung cấp trước khi khuyến nghị."," • Hoạch định tài chính trước, lựa chọn sản phẩm sau
 • Kiến trúc mở giúp tăng lựa chọn và quản trị xung đột lợi ích",thoibaotaichinhvietnam.vn,f0c1b40530f2aeed0c8d2359a4c3475a697fc7a3e98257486b4afcb7e498c94d,"[2, 3, 5, 6, 7, 8, 9, 10, 11, 12, 13, 14, 15, 16, 17, 18, 19, 20]"
Tier 2 (Market),background,neu,0.65,"Niên hạn chung cư: Hết tuổi công trình, không hết quyền tài sản","Chính phủ đề nghị làm rõ xử lý chung cư hết niên hạn; quyền tài sản và quyền sử dụng đất của cư dân được bảo đảm, dù có thể phải góp chi phí xây lại."," • Hết niên hạn không đồng nghĩa mất quyền sở hữu hoặc quyền sử dụng đất
 • Cơ chế đóng góp và trách nhiệm tái thiết cần được quy định rõ
 • Kinh nghiệm Hàn Quốc, Singapore và Nhật Bản cho thấy cần quản trị vòng đời tài sản",cafef.vn,072833029c338d1c252932ff42d84e84c61aeda14387e169c26747237d978c0f,"[1, 2, 3, 4, 7, 8, 9, 11, 12, 14, 15]"
Tier 2 (Market),background,pos,0.65,"Chốt lịch chi trả lương hưu, trợ cấp BHXH tháng 10/2026 tại Hà Nội","Hà Nội chi trả lương hưu và trợ cấp BHXH tháng 10/2026 cho hơn 608.000 người, tổng gần 4.550 tỷ đồng, chủ yếu qua tài khoản."," • Chi trả qua tài khoản vào ngày 2/10
 • Hơn 99,65% người hưởng nhận qua ATM
 • Tổng chi trả gần 4.550 tỷ đồng",cafef.vn,a948dc909cc1662fa8bc15115e05d94f680e734bc85dda034ce67e5a07a7f61f,"[0, 1, 2, 3, 4]"
Tier 2 (Market),background,pos,0.65,AgriS mở rộng nền tảng cổ đông cho giai đoạn tăng trưởng mới,AgriS gia tăng sự hiện diện của nhà đầu tư nước ngoài và nội bộ trong bối cảnh mở rộng chuỗi nông nghiệp–thực phẩm và tìm kiếm thị trường xuất khẩu.," • BSI trở thành cổ đông lớn sở hữu 5,3%
 • Tỷ lệ sở hữu nước ngoài tăng lên gần 22%
 • Ban lãnh đạo tăng mua cổ phiếu trong giai đoạn chuyển giao thế hệ",cafef.vn,54fbb309bceb2bf89de1a912f93921d9cbd03055abf35c6139867df5a128298c,"[1, 2, 4, 5, 6, 7, 9, 12, 14]"
Tier 2 (Market),background,pos,0.65,"Hết công suất giữa lúc nhu cầu tăng cao, nhiều mỏ đá ở Quảng Ngãi xin gỡ khó","Nhiều mỏ đá Quảng Ngãi hết công suất cấp phép trong khi nhu cầu tăng. Lãnh đạo tỉnh chỉ đạo xem xét nâng công suất, ưu tiên cung cấp cho dự án trong tỉnh và bảo đảm nghĩa vụ tài chính."," • Thiếu nguồn đáp ứng nhu cầu xây dựng
 • Có thể nâng công suất khai thác hằng năm
 • Rủi ro nhu cầu có thể giảm từ 2027",baodautu.vn,068c05dd1ac2a94fd4ab3d6d21d2fa504f8cc6519addfd9660fc85330029a3d3,"[3, 6, 8, 10, 11]"
Tier 2 (Market),background,pos,0.65,Giá cà phê hôm nay 29/9: Hai sàn tiếp tục tăng,Giá cà phê Arabica và Robusta tăng mạnh trên sàn London và New York trong phiên giao dịch gần nhất. Tín hiệu hồi phục được hỗ trợ bởi nguồn cung dè hặn và lo ngại thời tiết tại Brazil.," • Cà phê thế giới phục hồi trên 3%
 • Thời tiết Brazil là yếu tố rủi ro tăng
 • Xuất khẩu Brazil có thể lập kỷ lục",vietnambiz.vn,0fc60424ac953d6930d2e2645772890dbb585b2932ff0c157aef777ebf90814b,"[0, 1, 2, 4, 6, 7, 9, 10, 11, 12]"
Tier 2 (Market),background,pos,0.65,"Doanh nghiệp của tỷ phú Trần Đình Long đặt đóng tàu 65.000 DWT thuộc loại lớn nhất từng được kỹ sư, công nhân Việt Nam trực tiếp đóng mới","Hòa Phát ký đặt tàu hàng 65.000 DWT tại Nam Triệu, bổ sung năng lực vận tải và giảm chi phí logistics cho chuỗi thép. Dự án phản ánh nhu cầu mở rộng đội tàu và tăng cường tự chủ công nghiệp đóng tàu."," • Hợp đồng đặt tàu 65.000 DWT với Nam Triệu
 • Dòng tàu được xem là lớn nhất từng do Việt Nam thiết kế và đóng mới
 • Hòa Phát tiếp tục nâng tải trọng đội tàu để tối ưu logistics
 • Tàu The Momentum 110.000 DWT giúp tăng năng suất chuyến khoảng 40%",cafef.vn,da1af12b8fc2b498f64cee97384aafabbcab4066db7bd7ffe06bbffcadda7efe,"[0, 1, 2, 3, 4, 6, 7, 8, 9, 10, 11]"
Tier 2 (Market),background,pos,0.65,"Doanh nghiệp của tỷ phú Trần Đình Long đặt đóng tàu 65.000 DWT thuộc loại lớn nhất từng được kỹ sư, công nhân Việt Nam trực tiếp đóng mới","Hòa Phát ký đặt tàu hàng 65.000 DWT tại Nam Triệu, bổ sung năng lực vận tải và giảm chi phí logistics cho chuỗi thép. Dự án phản ánh nhu cầu mở rộng đội tàu và tăng cường tự chủ công nghiệp đóng tàu."," • Hợp đồng đặt tàu 65.000 DWT với Nam Triệu
 • Dòng tàu được xem là lớn nhất từng do Việt Nam thiết kế và đóng mới
 • Hòa Phát tiếp tục nâng tải trọng đội tàu để tối ưu logistics
 • Tàu The Momentum 110.000 DWT giúp tăng năng suất chuyến khoảng 40%",cafef.vn,f92e719bed72b368d4b768a30e46db7110b4df5ff092d14c76238d25a1e7da19,"[0, 1, 2, 3, 4, 6, 7, 8, 9, 10, 11]"
Tier 2 (Market),background,neg,0.64,Nóng: Cơ quan Thuế yêu cầu rà soát 108 doanh nghiệp liên quan hóa đơn bất hợp pháp,Thuế Thái Nguyên yêu cầu các đơn vị giao dịch với 108 doanh nghiệp bị nghi vấn hóa đơn bất hợp pháp cung cấp hồ sơ trước 5/10.," • Doanh nghiệp phải rà soát giao dịch và giải trình bằng văn bản
 • Không phản hồi sẽ bị xem là không có giao dịch với các doanh nghiệp bị rà soát
 • Vi phạm hóa đơn có thể dẫn tới trách nhiệm kiểm tra, thanh tra",cafef.vn,e37d8429b90253937a344a9eaaf811b84e356c08395f9301d59c79b1e124576c,"[0, 1, 2, 3, 4, 5, 6]"
Tier 2 (Market),background,pos,0.64,Mô hình doanh nghiệp F&B cao cấp hưởng lợi từ đà tăng trưởng mạnh của Việt Nam,"Thị trường F&B cao cấp Việt Nam tăng trưởng nhờ thu nhập, FDI và lớp lao động công nghệ cao. The Capital Grille mở cửa TP.HCM, cho thấy dòng vốn quốc tế nhìn Việt Nam là thị trường dài hạn."," • Doanh thu F&B sáu tháng tăng 6,55%
 • Khách chi tiêu cao tăng mạnh
 • Đầu tư F&B quốc tế hướng đến dài hạn",vneconomy.vn,97b3acb4ce269de22059dd3120d9cdf7bdddf3931d1a91c648e355550201c78d,"[1, 3, 4, 8, 15, 21]"
Tier 2 (Market),background,neu,0.62,Biên lợi nhuận của 30 công ty có doanh thu lớn nhất thế giới,"Nvidia dẫn đầu lợi nhuận trên doanh thu trong nhóm doanh nghiệp lớn, nhưng chi phí hạ tầng AI tăng nhanh có thể làm suy yếu biên lợi nhuận công nghệ."," • Nvidia đạt 55,6 USD lợi nhuận trên 100 USD doanh thu
 • Doanh nghiệp phần mềm và nền tảng số có biên lợi nhuận vượt trội
 • Vốn đầu tư hạ tầng AI dự kiến vượt 785 tỷ USD năm 2026",vneconomy.vn,15824ca2a36e7fc54faa3d5c4ba18cd0d293d4e57007e3f2f0b631528240d388,"[1, 2, 3, 4, 5, 6]"
Tier 2 (Market),background,neg,0.62,"Tranh chấp 91 chỗ đỗ ô tô ở chung cư Hà Nội, Ban quản trị bị kiện đòi gần 3,64 tỷ","Tòa phúc thẩm xác định 91 chỗ đỗ xe thuộc sở hữu riêng của chủ đầu tư và buộc ban quản trị hoàn trả gần 3,64 tỷ đồng tiền trông giữ."," • Ban quản trị phải hoàn trả hơn 3,64 tỷ đồng
 • Chủ đầu tư được công nhận quyền sở hữu 91 chỗ đỗ
 • Các khu vực để xe máy và đường lưu thông vẫn là tài sản chung",vietstock.vn,3f23cc0df71d58acf8e5f38cc3239da4994a39299d0804f9e13781618c4ab9de,"[9, 12, 17]"
Tier 2 (Market),background,pos,0.62,"VnEconomy phỏng vấn bà Thư Nguyễn, Giám đốc Phát triển Kinh doanh của Yandex Ads tại Việt Nam","Bài phỏng vấn xác nhận du khách Nga-CIS lên kế hoạch dài, ưu tiên lưu trú chuyên biệt và tự thiết kế hành trình theo dữ liệu, AI và bản đồ."," • Chu kỳ từ tìm kiếm đến đặt phòng khoảng 40 ngày
 • Nhu cầu khách sạn boutique và nghệ thuật tăng rất cao
 • Doanh nghiệp cần số hóa dịch vụ và cá nhân hóa ưu đãi",vneconomy.vn,f715c6fe434efee8819cf313ef5112bcf39d057f365ae6ace8d80cf81a5f1460,"[2, 3, 5, 6, 9, 10]"
Tier 2 (Market),background,neu,0.61,"Diễn biến mới nhất tại dự án hơn 12.000 tỷ đồng liên quan tới sân bay lớn nhất miền Bắc, ở thành phố trẻ nhất nước ta","Bắc Ninh kiểm tra tiến độ bốn khu tái định cư phục vụ cảng hàng không Gia Bình, tổng vốn hơn 12.046 tỷ đồng. Một số hạng mục tiến độ tốt nhưng còn vướng mặt bằng, kết nối giao thông và thiếu nhân lực."," • Bốn khu tái định cư có tổng diện tích 335,33 ha
 • Một số hạng mục hạ tầng đã hoàn thành hoặc đạt tiến độ cao
 • Công trình còn bị chậm do thiếu nhân lực, thiết bị và vướng mặt bằng
 • Cảng hàng không dự kiến vốn 196.378 tỷ đồng",cafef.vn,c75d076fc3776dca11e1b4f5f0fbdb3b76d1835cf3d71e3ec003728914e6b102,"[0, 1, 2, 3, 4, 5, 6, 7, 8]"
Tier 2 (Market),background,pos,0.6,"[Kỳ 2] Khu Kinh tế biển TP. Hồ Chí Minh: Mở rộng không gian, kiến tạo hệ sinh thái đa ngành và các cực tăng trưởng mới","Đề án Khu kinh tế biển TP.HCM đề xuất hệ sinh thái đa ngành, kết hợp cảng, công nghệ, năng lượng, tài chính và du lịch để tạo cực tăng trưởng."," • Mở rộng quy hoạch theo hệ sinh thái
 • Đề xuất cực tăng trưởng Gành Rái và Gò Găng
 • Cần hạ tầng và nguồn nhân lực chất lượng",vneconomy.vn,9e2de99266a92d62d582f8ecedffcceb0bb4a0fc0e8b8dfd4288646ca29c107f,"[1, 2, 4, 5, 7, 8, 14, 19, 26]"
Tier 2 (Market),background,pos,0.6,"Vietbank bổ nhiệm Quyền Tổng Giám đốc, thúc đẩy chiến lược chuyển đổi số","Vietbank bổ nhiệm Chester Gorski làm Quyền Tổng Giám đốc, nhằm thúc đẩy chuyển đổi số và nâng cao hiệu quả vận hành."," • Bổ nhiệm lãnh đạo có 30 năm kinh nghiệm
 • Ưu tiên công nghệ, dữ liệu và cải tiến quy trình
 • Hướng đến trải nghiệm khách hàng số",vietstock.vn,eb08b9d2a66a7d0e8d71026459b7e7ff647c959368813dfd42add4d8d5578d75,"[1, 2, 4, 5, 6, 7, 8, 9, 10, 11, 12]"
Tier 2 (Market),background,neg,0.6,Quảng Trị Đẩy nhanh giải ngân vốn các Chương trình mục tiêu Quốc gia,"Quảng Trị mới giải ngân 30,9% vốn Trung ương kéo dài qua 2026, tồn tại vướng mắc và yêu cầu đẩy nhanh chi tiết kế hoạch."," • Tổng vốn kéo dài là 537,985 tỷ đồng, đã giải ngân 166,325 tỷ đồng
 • Giải phóng mặt bằng, mua sắm và điều chỉnh nhiệm vụ làm chậm giải ngân
 • Mục tiêu là giải ngân toàn bộ vốn được giao trước 31/12/2026",thoibaotaichinhvietnam.vn,924cc70e533b3fb2e80e2350ac0e4145b7f1705b1cc4ffd6b809c9c6d828c16e,"[0, 1, 2, 3, 4, 6, 8, 9, 10, 11, 12, 13]"
Tier 2 (Market),background,neu,0.6,Giá gas hôm nay 29/9 bình gas 12kg giá bao nhiêu trước thềm điều chỉnh tháng mới?,"Giá gas Việt Nam ngày 29/9 giữ nguyên, bình 12kg dao động 536.000-590.000 đồng tùy khu vực, trong khi dữ liệu dự trữ dầu Mỹ xuống mức thấp lịch sử."," • Giá gas chưa có đợt điều chỉnh mới
 • Giá chênh lệch giữa các vùng còn đáng kể
 • Dự trữ dầu thô Mỹ giảm xuống 283,8 triệu thùng",vietnambiz.vn,0526c3b9aed1ed1dd2d88cf9df001705cd165c98021a7ff33fecef46119372dd,"[0, 1, 2, 3, 4, 6, 11, 13, 14, 15, 16, 17, 18]"
Tier 2 (Market),background,pos,0.6,Logistics xuyên biên giới: Tối ưu chuỗi cung ứng cho doanh nghiệp Việt,"Viettel Logistics đầu tư vào chuỗi logistics xuyên biên giới, liên vận nhiều quốc gia và logistics thông minh để giảm thời gian, chi phí vận chuyển."," • Rút ngắn thời gian vận chuyển so với đường sắt và đường biển
 • Kết nối vận tải, kho bãi và dịch vụ hai đầu biên giới
 • Có thể giúp doanh nghiệp tối ưu 20-30% chi phí logistics",vneconomy.vn,c938977e064d223f8fea974c58997db4642a1a3484e9628dee15592b881c34d8,"[0, 2, 5, 8, 9, 19, 22]"
Tier 2 (Market),background,pos,0.6,"GPBank mở rộng “cửa vốn” cho SME: Tín chấp tới 5 tỷ đồng, phê duyệt trong 16 giờ","GPBank triển khai cho vay tín chấp cho SME và Micro SME, hạn mức tối đa 5 tỷ đồng, phê duyệt trong 16 giờ."," • Đánh giá tín dụng chuyển từ tài sản sang dòng tiền
 • Hạn mức 1,5-5 tỷ đồng theo quy mô doanh nghiệp
 • Thời hạn vay tối đa 36 tháng cho tài sản cố định",vneconomy.vn,295d907293fe6ff51df5d7f440d30a7a9f46d984998819c6c4d44d44645ed2b7,"[0, 2, 3, 4, 5, 6, 8, 10, 12]"
Tier 2 (Market),background,neg,0.6,Vụ suất ăn bán trú có tóp mỡ tại Hà Nội: Hé lộ nhóm doanh nghiệp đứng sau đơn vị cung cấp,Vụ suất ăn topped mỡ tại Hà Nội khiến trường Quảng Bị 1 tạm dừng bữa ăn bán trú và địa phương yêu cầu chọn nhà cung cấp mới. Điều tra hé lộ nhiều pháp nhân liên quan đến nhóm cổ đông và người đại diện.," • Dịch vụ suất ăn bị gián đoạn
 • Nhóm doanh nghiệp liên kết chồng lấn
 • Rủi ro uy tín và minh bạch với nhà cung cấp",cafef.vn,fddb93ae7e00438ca0172cc55193629fd07da612f4d00c0c0e55ee6091ca8449,"[0, 2, 3, 5, 7, 9, 11, 13, 15]"
Tier 2 (Market),background,neu,0.6,Ngày 29 9 Giá cà phê tiếp tục đi ngang hồ tiêu neo ở mức cao,"Giá cà phê trong nước duy trì ổn định quanh 93.000-93.800 đồng/kg, trong khi giá thế giới giảm nhẹ. Hồ tiêu đi ngang ở vùng 136.000-140.000 đồng/kg, phản ánh thị trường nông sản đang tạm cân bằng."," • Cà phê nội địa đi ngang
 • Cà phê quốc tế giảm nhẹ
 • Hồ tiêu duy trì nền giá cao",thoibaotaichinhvietnam.vn,8d39157ea4803dfb58c2c0a4e54ec66772f68e276e629aa1780aef0ac657abcf,"[2, 3, 5, 6, 8, 10, 12, 13, 14, 15]"
Tier 2 (Market),background,neg,0.6,"Giá heo hơi hôm nay 29/9: Tiếp đà giảm, nhiều địa phương về mức 56.000 đồng/kg","Giá heo hơi tiếp tục giảm trên diện rộng, với mặt bằng 56.000-58.000 đồng/kg. Xu hướng giảm gây áp lực lên người chăn nuôi, trong khi đàn heo Gia Lai vẫn tăng so với cùng kỳ."," • Giá heo hơi giảm diện rộng
 • Thị trường miền Nam tương đối ổn định
 • Nguồn cung heo Gia Lai tiếp tục tăng",vietnambiz.vn,579fd8874360aed2a247e6963ff73169ed82fa85330ae9884e4cf8d1e6c66ff4,"[0, 1, 2, 4, 5, 6, 8, 10, 12, 14, 15]"
Tier 2 (Market),background,neu,0.58,Giá lúa gạo hôm nay 29/9: Philippines có nguy cơ hụt mục tiêu thu mua 790.000 tấn lúa vì El Niño,"Giá lúa gạo Đồng bằng sông Cửu Long ổn định, trong khi El Niño có thể khiến Philippines hụt mục tiêu thu mua 790.000 tấn."," • Gạo nguyên liệu IR504 giao dịch quanh 8.700-8.800 đồng/kg
 • Giá xuất khẩu gạo Jasmine Việt Nam ổn định 514-518 USD/tấn
 • Philippines mới thu mua 92.032 tấn và dự kiến thiếu hụt khoảng 200.000 tấn",vietnambiz.vn,5a27487f72d7a40c83cc2cc9448456d51175fe3ee2c53063e26039d70a4b79e9,"[0, 1, 2, 3, 7, 8, 9, 10, 11, 12, 15]"
Tier 2 (Market),background,neu,0.58,"Ông Dương Sơn Bá bị khởi tố, doanh nghiệp có động thái mới","Nhiệt điện Hải Phòng công bố trả cổ tức 3%, tương đương 150 tỷ đồng, trong bối cảnh lãnh đạo thay đổi và điều tra liên quan."," • Cổ tức tiền mặt dự kiến chi 150 tỷ đồng
 • Cổ tức tương đương 300 đồng mỗi cổ phiếu
 • Doanh nghiệp trải qua biến động nhân sự và điều tra",cafef.vn,e8be26d6992055a4f38e4830a8182403774ce74f6a0cf50061ecde9dd26519ac,"[1, 2, 5, 10, 14]"
Tier 2 (Market),background,neg,0.58,Nga nói Ukraine 'đang phải trả giá',"Nga cho biết Ukraine sẽ phải trả giá cho các cuộc tấn công, trong khi các đường sắt Nga bị tổn hại và đàm phán vũ khí với Mỹ còn phức tạp."," • Nga tiếp tục chiến dịch quân sự
 • Các cuộc tấn công UAV làm gián đoạn đường sắt
 • Đàm phán kiểm soát vũ khí chưa được khơi động đầy đủ",cafef.vn,39b75577d6c8e43ed4382bae7c2b05931338270e0a9dbf1a1b826b0acb9ba475,"[0, 1, 2, 3, 4, 5, 6, 7, 8, 9]"
Tier 2 (Market),background,neg,0.55,Bắt Chủ tịch Hội đồng quản trị Công ty Cổ phần đầu tư du lịch Mặt trời Việt Nam,"Cựu lãnh đạo Công ty CP Đầu tư du lịch Mặt trời Việt Nam bị khởi tố, bắt tạm giam vì tội tham ô tài sản liên quan tiền bán tàu."," • Bị cáo cáo buộc chi tiêu trái phép tiền bán tàu
 • Công an tiếp tục điều tra và làm rõ vụ việc",cafef.vn,e68efad61b00e1e84a9e90b8867ea9b85a9fa6a9d49f88511c8051c9b3916457,"[0, 1, 2, 3]"
Tier 2 (Market),background,pos,0.55,Dự kiến đầu tháng 12-2026 thông tuyến bên phải cầu Mai Lĩnh,"Dự án mở rộng quốc lộ 6 dự kiến thông tuyến bên phải cầu Mai Lĩnh vào đầu tháng 12/2026, hoàn thành vào quý I/2027."," • Kế hoạch thông tuyến giúp giảm ùn tắc cầu Mai Lĩnh
 • Tiến độ chịu ảnh hưởng bởi giá vật liệu và mỏ khai thác",cafef.vn,e460e8516087d9870c1ebf9506eef17aa9760cd41620ac117a0c140f966bf49f,"[4, 5, 6, 8, 9]"
Tier 2 (Market),background,neg,0.55,"Ngừng cung cấp điện, nước, internet, viễn thông trong cưỡng chế vi phạm hành chính: Phải có quy định bảo vệ người thứ ba không vi phạm","Đại biểu Quốc hội đề nghị kiểm soát chặt các biện pháp cưỡng chế mới, tránh ngắt dịch vụ thiết yếu và gây thiệt hại cho người thứ ba không vi phạm."," • Ngừng điện, nước, internet có thể ảnh hưởng nhiều bên liên quan
 • Cần quy định rõ thẩm quyền, phạm vi và thời hạn áp dụng
 • Nên nghiên cứu phạt theo doanh thu hoặc lợi nhuận bất hợp pháp",cafef.vn,5c0125e0e850cda15e364719e1f05c238f2bbb9e7211bc8a116a7ee943245e9d,"[2, 3, 4, 5, 6, 12]"
Tier 2 (Market),background,pos,0.55,"Phát hiện 100 xe tải không người lái nối đuôi nhau chở 7,26 triệu mét khối đất, giảm 300 lao động, hiệu suất tăng 25%, 100% tự tránh chướng ngại vật","Mỏ than Heidaigou triển khai 100 xe tải tự hành, nâng hiệu suất vận chuyển 25% và giảm 300 lao động tại hiện trường."," • Xe tự hành tăng hiệu suất chu kỳ vận chuyển 25%
 • Hệ thống tự tránh chướng ngại vật đạt 100% trong thử nghiệm
 • Giảm 300 lao động trực tiếp mỗi ngày",cafef.vn,eeeb3e850a67dea7b1a10fef5d1e95c3ba00a64944dbfd3690f14f114cc65392,"[2, 6, 8, 10]"
Tier 2 (Market),background,pos,0.55,"Phía sau iCAUR là một nền móng cực kỳ vững chắc: 28 năm nghiên cứu, 8 trung tâm R&D, hơn 16 nhà máy toàn cầu","iCAUR chuẩn bị ra mắt tại Việt Nam với nền tảng R&D, sản xuất và công nghệ REEV của Chery. Thương hiệu khai thác vị thế toàn cầu để mở rộng dài hạn."," • Kế hoạch liên doanh ra mắt cuối năm 2026
 • Nền tảng R&D và kiểm thử mạnh
 • Công nghệ REEV V27 và quãng đường dài",vneconomy.vn,86ee6e3dc6ede81ee33eba7e552e4166d9322ce3f80c49f0bfbca5b631467299,"[0, 5, 9, 15]"
Tier 2 (Market),background,pos,0.55,Làng Ẩm thực Quốc tế sẵn sàng đón nhịp kinh doanh tại thung lũng Mường Hoa,"Bài quảng cáo shophouse Làng Ẩm thực Quốc tế tại Sa Pa nhấn mạnh vị trí, pháp lý và nhu cầu du lịch để thu hút nhà đầu tư F&B."," • Sản phẩm hoàn thiện, sẵn sàng bàn giao
 • Vị trí cửa ngõ khu nghỉ dưỡng Alphora Muong Hoa
 • Nguồn cung bất động sản sơ cấp Sa Pa khan hiếm",cafef.vn,e573c4491915c3b10622d1538e23f12a8be889100c1df650348c6b605cba633d,"[0, 1, 2, 3, 4, 5, 6, 7, 8, 9, 10, 11, 12, 13, 14, 15]"
Tier 2 (Market),background,neu,0.55,"Cùng một tuyến đường ở TPHCM, giá chung cư chênh nhau gần gấp đôi","Giá chung cư dọc đường Nguyễn Hữu Thọ phân hóa mạnh, từ khoảng 40-50 triệu đồng/m2 đến gần 100 triệu đồng/m2, dù cùng khu vực."," • Chênh lệch giá gần gấp đôi giữa các dự án
 • Pháp lý, vị trí, quản lý và thanh khoản quan trọng hơn tuổi dự án
 • Giá căn hộ thứ cấp TP.HCM tăng nhưng tốc độ tăng chậm lại",vietstock.vn,0b76b057e4017ffae0d16800e3297d0aaee1076fb441a9351307c4156b3fa020,"[1, 8, 9, 11, 12, 19, 20]"
Tier 2 (Market),background,neu,0.55,Giá tiêu hôm nay 29/9:  Thị trường hồ tiêu toàn cầu vẫn trong trạng thái giằng co,"Giá hồ tiêu trong nước đi ngang ở mức cao, còn thị trường toàn cầu ổn định nhờ cung cung cân bằng và nhu cầu ổn định. Việt Nam duy trì vị thế nhà cung cấp quan trọng cho Thái Lan."," • Giá nội địa giữ nguyên
 • Thị trường quốc tế chống chịu
 • Việt Nam chiếm ưu thế xuất khẩu sang Thái Lan",vietnambiz.vn,a70c00517197d68c219d1e52e8d91d32d536d5c4ad485ae31b65b4cb1e018dab,"[0, 1, 5, 8, 11, 12, 15]"
Tier 2 (Market),background,neu,0.55,Người dân Định Công chung tay trong dự án mở rộng Quốc lộ 1A,"Dự án mở rộng Quốc lộ 1A qua Định Công thu hồi hơn 9,2 ha, ảnh hưởng khoảng 120 hộ. Người dân đồng thuận nhưng còn kiến nghị về giá đền bù và chất lượng khu tái định cư."," • Hạ tầng giao thông được mở rộng mạnh
 • Bồi thường và tái định cư là điểm nhạy cảm
 • Công tác dân vận tạo đồng thuận cao",cafef.vn,0bbcf11f6285f27505897e649ac034e8d00d63b1c1cbd5ede42a15e9d3b2a1a9,"[0, 1, 2, 8, 9, 12, 14, 15, 16, 18, 19, 20, 21, 22]"
Tier 2 (Market),background,neg,0.54,"Đề nghị cân nhắc biện pháp cắt điện, nước, internet với người không chấp hành xử phạt","Các đại biểu đề nghị thận trọng với biện pháp cắt điện, nước, internet và tăng mức phạt trong dự thảo luật xử lý vi phạm hành chính."," • Biện pháp cưỡng chế có thể gây thiệt hại cho người không liên quan
 • Cần quy định rõ giới hạn, thời hạn và trách nhiệm
 • Đề xuất tăng mức phạt cần đánh giá khả năng chi trả",vietstock.vn,0bab7ccdd3488e00a38e6c367d18b0c5ed1867be1cf0976a05acd9761e5a3704,"[2, 4, 6, 8, 10, 14]"
Tier 2 (Market),background,neu,0.5,"Sun Group chính thức khởi công dự án có ý nghĩa đặc biệt với Thủ đô Hà Nội, chứa ký ức hơn 1.300 năm lịch sử","Sun Group được giao thi công phục hồi Điện Kính Thiên, tạo cơ hội hợp tác lớn nhưng kéo theo rủi ro thực thi về kỹ thuật và bảo tồn."," • Hợp đồng trọng gói cho tập đoàn
 • Yêu cầu xác thực và chất lượng cao
 • Thúc đẩy du lịch văn hóa",cafef.vn,d55df2ec6879992b08d4993a6881f73272aa722ea1cd26df4bbe14da68fcff65,"[4, 8, 9, 10]"
Tier 2 (Market),background,neu,0.5,Đề nghị Cục Cảnh sát Giao thông xác định những đoạn cao tốc phạt lỗi không giữ khoảng cách,Đề nghị xác định các đoạn cao tốc áp dụng phạt không giữ khoảng cách nhằm rà soát quy định và chuẩn bị biển báo trước ngày 10/10.," • Tăng cường khả năng rà soát vi phạm
 • Phạt nặng và trừ điểm bằng lái xe
 • Chi phí tuân thủ có thể tăng",cafef.vn,21744a55587cf636e279fa995573e4120d2a33f78b9702b818a29ccc00909fd4,"[0, 4, 5, 7]"
Tier 2 (Market),background,neu,0.5,Vùng đất được mệnh danh là “sơn kỳ thủy tú” quy hoạch “vương quốc sao biển” 320ha với tầng cao tối đa 45 tầng,"Rạch Vẹm được quy hoạch thành khu đô thị du lịch hỗn hợp 320,6 ha, có khu dân dụng, nghỉ dưỡng và nông nghiệp công nghệ cao."," • Quy hoạch đô thị du lịch và bảo tồn sinh vật biển
 • Diện tích 320,6 ha, một số ô thương mại tối đa 45 tầng
 • Các chỉ tiêu xây dựng còn phải xem xét ở quy hoạch chi tiết",cafef.vn,b81048b78b56ba479520a4e82679143665ca7c71385b89456c2388817e9212a6,"[0, 1, 2, 3, 4, 5, 6, 7, 8, 9, 10, 11, 12, 13]"
Tier 2 (Market),background,neu,0.5,5 năm thực hiện rà soát diện tích trụ sở một lần,"Nghị định mới quy định rà soát tiêu chuẩn, định mức diện tích trụ sở làm việc mỗi 5 năm, thay vì liên tục điều chỉnh theo biến động."," • Kỳ rà soát đầu tiên thực hiện trong quý I/2027
 • Diện tích trụ sở được ổn định trong chu kỳ 5 năm nếu không có biến động đặc biệt
 • Cơ quan tiếp nhận phải xử lý diện tích vượt định mức theo quy định
 • Có thể rà soát sớm khi tổ chức thay đổi hoặc có nhu cầu điều chỉnh",thoibaotaichinhvietnam.vn,ba8c49a9bb8109a124ca5a4a43d3b9d9a930c638c5d32d788393cc86406aa733,"[1, 6, 7, 10, 12, 14]"
Tier 2 (Market),background,pos,0.5,Trao quyết định công nhận gia hạn ưu tiên về hải quan cho 7 doanh nghiệp,"Hải quan công nhận thêm 3 và gia hạn ưu tiên cho 4 doanh nghiệp, trong khi mở rộng chương trình DNƯT theo quản trị rủi ro."," • Ba doanh nghiệp được công nhận DNƯT
 • Bốn doanh nghiệp được gia hạn ưu tiên
 • DNƯT giúp giảm thời gian và chi phí tuân thủ",thoibaotaichinhvietnam.vn,2468ea8d376d69b894aba1b80a8f105120a04d35dbb5d55bb7f27018783c4313,"[3, 5, 8, 10]"
Tier 2 (Market),background,pos,0.5,Tăng tốc thi công cầu đi bộ nghìn tỷ vượt sông Sài Gòn,"Cầu đi bộ nghìn tỷ qua sông Sài Gòn đang tăng tốc, hai đầu cầu gần hoàn thiện và dự kiến lắp đặt nhịp chính vào cuối tháng 10."," • Giá trị đầu tư gần 1.000 tỷ đồng
 • Cầu dẫn hai bờ đạt tiến độ cao
 • Dự kiến kết nối Bến Bạch Đằng với Thủ Thiêm",cafef.vn,542596664753dbdf2da9cc087dead92121686625dc5a1c0bdba4b7545abe010e,"[0, 2, 5, 10, 13, 14, 15]"
Tier 2 (Market),background,pos,0.5,Điều chỉnh quy hoạch Cảng hàng không quốc tế Phú Quốc hướng tới APEC 2027,"Quy hoạch Cảng hàng không Phú Quốc được điều chỉnh để nâng cấp khu bay, dịch vụ hàng không, hạ tầng và sẵn sàng phục vụ APEC 2027."," • Bổ sung và mở rộng khu bay, đường cất hạ cánh
 • Tăng sức chứa sân đỗ lên khoảng 87 vị trí
 • Bổ sung cơ sở dịch vụ, khách sạn và đào tạo hàng không",baodautu.vn,a1b21a1f31bedde717db347dbce483922d65ff60f05a238819a88dba67d6526a,"[1, 2, 3, 5, 7, 8, 10, 11, 14]"
Tier 2 (Market),background,pos,0.48,ABF 20 Năm Kiến Tạo Niềm Tin Vững Bước Bứt Phá,"ABF đạt quy mô các quỹ lớn và tiếp tục mở rộng sản phẩm quản lý tài sản, nhấn mạnh nền tảng công nghệ và dòng vốn khách hàng."," • Quỹ năng lượng hạ tầng đạt 3.800 tỷ đồng
 • Quỹ trái phiếu vượt 2.000 tỷ đồng
 • Danh mục sản phẩm được mở rộng sang ETF và cổ phiếu",thoibaotaichinhvietnam.vn,4f39335b85869be032d8f1a95581fb1f2d40690c351ef7a33db1e5fc6ba2b7e9,"[2, 4, 6, 8, 10]"
Tier 2 (Market),background,neg,0.48,Ngày 29 9 Giá heo hơi tiếp tục xu hướng đi xuống ở cả ba miền trên cả nước,"Giá heo hơi tiếp tục giảm đồng loạt ở ba miền, với mặt bằng toàn quốc chỉ còn 56.000-59.000 đồng/kg. Đây là tín hiệu tiêu cực cho người chăn nuôi và có thể phản ánh cung dư."," • Giá heo hơi giảm thêm 1.000 đồng/kg tại nhiều địa phương
 • Mặt bằng giá toàn quốc hạ nhiệt
 • Miền Nam bắt đầu chịu áp lực giảm sau giai đoạn ổn định",thoibaotaichinhvietnam.vn,f46da52ad14d140d7f2d6635a3e28e414d3dea9ba465c7b73bae8926e64337e4,"[1, 2, 6, 8, 11, 13, 14]"
Tier 2 (Market),background,pos,0.45,"Chuyển giao thế hệ tại doanh nghiệp gia đình: Không chỉ là chuyện “trao ghế”, mà là cuộc chuyển mình về quản trị","BIDV Private Banking giới thiệu chương trình 9 tháng chuẩn bị thế hệ kế nghiệp, nhấn mạnh chuyển từ quản trị cá nhân sang quản trị theo hệ thống."," • Phát triển năng lực quản trị cho thế hệ kế nghiệp
 • Kết hợp kiến thức, kỹ năng, coaching và trải nghiệm quốc tế",cafef.vn,59ac19a4257112c39cb03503240f3c7997d7e04c32a98e02578cd4ace0c745bf,"[1, 2, 3, 4, 9, 10, 11, 12, 13]"
Tier 2 (Market),background,pos,0.45,Chuyến bay đặc biệt của tỷ phú Phạm Nhật Vượng,"Minh Châu tổ chức bay thử trực thăng có sự tham gia của Vin Group và đồng thời mở rộng hợp tác đầu tư, du lịch và hạ tầng."," • Trực thăng phục vụ vận chuyển hành khách và du lịch
 • Cơ hội phát triển cảng nước sâu, du lịch tâm linh và đô thị",cafef.vn,cd1fc2e29d90f2406015419c9baf0591d6cc2b7b28ee38118e5c13a157a17dbe,"[0, 1, 3, 4, 5, 6, 7, 8, 9]"
Tier 2 (Market),background,neu,0.45,Nhịp đập Thị trường 29/09: Tình trạng phân hóa chưa được cải thiện,"Thị trường chứng khoán tiếp tục giằng co dưới tham chiếu với độ phân hóa cao giữa ngân hàng, bất động sản, tiêu dùng và công nghệ."," • VN-Index và HNX-Index giảm nhẹ
 • Độ rộng thị trường cân bằng
 • Ngân hàng và bất động sản phân hóa mạnh",vietstock.vn,61ff7ababb37345451a20a1205beab1d5cbc0cbd8292a2469b378838f94fb188,"[3, 7, 8, 12]"
Tier 2 (Market),background,neu,0.45,Ngày 29 9 Giá bạc trong nước và thế giới biến động trái chiều,"Giá bạc thế giới tăng nhẹ khi USD và lợi suất Mỹ giảm, trong khi giá bạc miếng Phú Quý giảm so với niêm yết sáng qua."," • Bạc thế giới tăng 0,06%
 • USD và lợi suất Mỹ suy yếu hỗ trợ kim loại quý
 • Dữ liệu PCE, ISM và việc làm có thể chi phối giá",thoibaotaichinhvietnam.vn,f2a5b4ffc21f11fdd939113508d3a72402de196642d4d1362712d09f11563156,"[2, 6, 7, 8, 11]"
Tier 2 (Market),background,pos,0.45,Loạt lợi thế tối ưu hóa tỷ suất lợi nhuận của Khải Hoàn Prime,"Khải Hoàn Prime được quảng bá là dự án khu Nam TP.HCM có lợi thế vị trí, hạ tầng, pháp lý và chính sách thanh toán, hướng đến khai thác cho thuê."," • Nhu cầu cho thuê khu Nam được hỗ trợ bởi trường học và khu công nghiệp
 • Dự án gần metro và nhiều công trình hạ tầng
 • Bàn giao dự kiến quý II/2027 cùng chính sách giãn thanh toán",cafef.vn,17882ec9c509a018a8fc9948e005c0482b2dd9b0d3638857d695d1c3dbc26914,"[1, 2, 3, 5, 8, 10, 13, 16]"
Tier 2 (Market),background,pos,0.45,"Sức hút “kép” của Fhome+ Lào Cai: Vẹn giá trị an cư, trọn tiềm năng thương mại","Fhome+ Lào Cai tiến độ thi công tích cực, dự kiến bàn giao quý I/2027. Dự án kết hợp nhà ở xã hội với 21 căn thương mại khai thác dịch vụ, hướng tới nâng cao giá trị an cư và tiềm năng kinh doanh."," • Tiến độ xây dựng đúng kế hoạch
 • Hệ sinh thái thương mại dịch vụ khan hiếm
 • Chất lượng và tiện ích hỗ trợ giá trị dự án",cafef.vn,c1274cb45738ff7134f6b25f49e65f2051a0d5af16424b867f2cededc708afd5,"[2, 4, 8, 11, 12]"
Tier 2 (Market),background,neg,0.42,"Sau cải tạo, tuyến phố ở Hà Nội không còn cây xanh","Tuyến phố Bùi Huy Đáp sau cải tạo mất cây xanh, gây khó khăn cho người dân; cơ quan chức năng chưa giải trình rõ nguyên nhân."," • Cây xanh trên vỉa hè bị chặt hoặc di dời
 • Tuyến phố hướng Đông-Tây hứng nắng cả ngày
 • Chưa rõ lý do không trồng lại cây",cafef.vn,ee4df3f8360657fd70f2c76cebc72eb3757ce414bbae15a075e13f44c0d2a436,"[0, 1, 2, 3, 4, 5, 6, 7, 8]"
Tier 2 (Market),background,pos,0.41,Rào cản lớn nhất của người trẻ khi mua nhà có thực sự là giá?,"Bài quảng cáo cho rằng vốn ban đầu và áp lực trả góp, hơn là giá nhà, là rào cản chính với người trẻ; dự án đề xuất phương án vay và trả giãn."," • 70% người thuê chỉ chuyển sang mua khi tích lũy đủ dòng tiền
 • The Ori Space giới thiệu vay tới 70% và hỗ trợ lãi suất bốn năm
 • Nội dung mang tính quảng bá dự án bất động sản",vneconomy.vn,27c52d84534c401988714671c719e3877d5b1d252b73f9af90a6098b7f7ecf08,"[0, 1, 2, 7, 8, 9]"
Tier 2 (Market),background,neu,0.4,"Tổng Bí thư, Chủ tịch nước Tô Lâm dự Lễ khởi công Dự án đầu tư bảo quản, tu bổ, phục hồi Điện Kính Thiên","Dự án phục hồi Điện Kính Thiên chính thức khởi công, với cam kết bảo tồn tính xác thực và phát triển du lịch văn hóa Thăng Long."," • Khởi động dự án di sản trọng điểm
 • Sun Group là nhà thầu
 • Rủi ro sai lệch di sản cần kiểm soát",baodautu.vn,290b8ce35630f7a437cf95a5a3f3ad981def09852668d45f6c62e08e004e65a0,"[1, 5, 7, 12, 15, 17, 25]"
Tier 2 (Market),background,pos,0.4,MIK Group mở rộng phát triển vào thị trường Bắc Ninh,"MIK Group mở rộng sang Bắc Ninh, nhắm khai thác nhu cầu nhà ở và đô thị hóa tại các khu công nghiệp, khu phía Tây thành phố."," • Bắc Ninh có tăng trưởng đầu tư mạnh
 • Cơ hội mở rộng danh mục bất động sản
 • Áp lực quy hoạch và thiếu hụt hạ tầng",vietstock.vn,46680df2e6766b43e75574fe80787889a35c6224c0758497e4bc78761e75d3ac,"[2, 3, 5, 6, 8, 11]"
Tier 2 (Market),background,neg,0.4,"Kết cục của đôi vợ chồng Hải Phòng bỏ 1,5 tỷ mua hơn 5.000 đôi giày dán mác Nike, Adidas","Hai vợ chồng Hải Phòng mua 5.160 đôi giày giả Nike, Adidas và MLB trị giá hơn 1,7 tỷ đồng, bị cáo buộc xâm phạm quyền sở hữu công nghiệp."," • Hàng giả nhãn hiệu trị giá hơn 1,7 tỷ đồng
 • Các bị cáo nhận án treo 27-30 tháng
 • Toàn bộ số hàng bị tịch thu và tiêu hủy",vietstock.vn,7d726a3f3f4f83cdc6e3f3b99f6da916cf600b6e57a8377ff203e1ea30f8101d,"[1, 5, 8, 13, 17, 20, 21]"
Tier 2 (Market),background,neg,0.4,Lý giải hiện tượng hiếm gặp thời siêu El Nino khiến Thái Lan ngập lụt kéo dài,"Mưa cực đoan và ngập lụt tại Thái Lan được cho là liên quan đến siêu El Niño, nóng lên toàn cầu và hiện tượng mưa tập trung."," • Bangkok ghi nhận hơn 300 mm mưa trong hai ngày
 • Nước biển dâng hạn chế khả năng xả nước
 • AI và radar hỗ trợ cảnh báo mưa trước tối đa ba giờ",cafef.vn,ed21d2f4d6407c92462f33fa253339982b4dbc63446573ec3ac79c507b7bfee1,"[0, 3, 4, 5, 9, 12, 13]"
Tier 2 (Market),background,neu,0.4,Shophouse và bài toán tạo dòng khách trong khu đô thị,"Shophouse chỉ tạo giá trị khi có dòng khách ổn định, không chỉ dựa vào vị trí hay hạ tầng. Quy hoạch The Sensia tập trung kết nối nhiều điểm đến, tăng khả năng khai thác thương mại."," • Dòng khách là yếu tố quyết định
 • Quy hoạch đa điểm đến hỗ trợ shophouse
 • Hiệu quả còn phụ thuộc vận hành và cư dân",vneconomy.vn,d722712769b0a51346ff96a70dc2cb2a8956d97f47a72a9f59fc1daab4bd5314,"[0, 1, 4, 8, 14]"
Tier 2 (Market),background,neg,0.39,"Công an phát thông báo quan trọng: Tất cả những ai đã hoặc chuẩn bị bán, cho, tặng xe cần biết để tránh bị phạt",Người bán xe phải giữ giấy tờ và biển số để thu hồi trong 30 ngày; không thực hiện có thể bị xử phạt và tiếp tục chịu trách nhiệm chủ xe.," • Không được giao giấy tờ và biển số cho người mua
 • Phạt với xe máy tối đa 1 triệu đồng và ô tô tối đa 6 triệu đồng với cá nhân
 • Người mua chỉ đăng ký sang tên sau khi hoàn tất thu hồi",cafef.vn,966a2f9f06954caea14b21264cf31bccff6a252c53e260f08abe7e9e9bae4c82,"[0, 1, 2, 3, 4, 5, 6, 7, 8]"
Tier 2 (Market),background,neu,0.38,Ngày 29 9 Giá gạo nguyên liệu xuất khẩu tăng lúa đi ngang,"Giá gạo nguyên liệu xuất khẩu tăng nhẹ ở một số chủng loại, trong khi lúa và gạo xuất khẩu nhìn chung đi ngang. Thị trường giao dịch chậm, cho thấy động lực tăng giá còn hạn chế."," • Giá gạo nguyên liệu CL 555 và IR 504 tăng 50 đồng/kg
 • Giá lúa các loại chủ yếu đi ngang
 • Gạo xuất khẩu Việt Nam giữ nguyên so với hôm trước
 • Giao dịch lúa tại nhiều địa phương diễn ra khá thấp",thoibaotaichinhvietnam.vn,1ca5f2703c6e72f250fde2483170ba69b2e4cd4e21c664734ded483465f4680d,"[0, 1, 2, 4, 6, 7]"
Tier 2 (Market),background,neu,0.3,Một doanh nhân quyên góp 1.700 tỷ đồng cho thị trấn 25 người,Tỷ phú John Poindexter dùng khoảng 67 triệu USD quyên góp để phục hồi thị trấn Shafter thành khu nghỉ dưỡng và bảo tàng lịch sử.," • Tài sản lớn chuyển sang mục đích xã hội
 • Dự án phục hồi địa phương
 • Tác động đến cư dân chưa thống nhất",cafef.vn,39b9e42fc46a09344046bc714e0724fc0e9327ee5025ff4efeb623a6495b9532,"[3, 5, 7, 11]"
Tier 2 (Market),background,pos,0.3,Xuất hiện trực thăng tại “đảo ngọc” giữa sông Hồng duy nhất của Hà Nội: Điều gì sắp xảy ra?,"Minh Châu thử nghiệm cơ sở trực thăng phục vụ vận chuyển khách và du lịch, mở ra hướng phát triển kinh tế địa phương."," • Bay thử nghiệm và chuẩn bị khai thác du lịch bằng trực thăng
 • Đảo có lợi thế văn hóa và du lịch",cafef.vn,4e6090f7a07651195601579fda182cbed633c3f73478d2c89f25926628701abf,"[0, 3, 4]"
Tier 2 (Market),background,pos,0.25,8 thói quen giúp người nộp thuế tránh rủi ro,"Bài viết tổng hợp tám thói quen giúp người nộp thuế kiểm soát thông tin, thời hạn, hóa đơn và nghĩa vụ nhằm giảm rủi ro."," • Cập nhật thông tin đăng ký thuế kịp thời
 • Theo dõi tài khoản thuế điện tử và thời hạn nộp
 • Đối chiếu hóa đơn, doanh thu và kết quả nộp thuế",cafef.vn,ea5ce87fb578f456f160cd2fb5f23e5ff65d554025187a629afc2875daab0c6f,"[0, 1, 5, 8, 10, 13]"
Tier 2 (Market),background,pos,0.2,"Không phải Sa Pa, Việt Nam có một nơi mát mẻ quanh năm, được ví như “Đà Lạt của Tây Bắc”, được Oscar du lịch vinh danh liên tục","Mộc Châu được WTA vinh danh điểm đến thiên nhiên hàng đầu châu Á lần thứ năm, củng cố thương hiệu du lịch và tiềm năng doanh thu địa phương."," • Danh tiếng quốc tế được cải thiện
 • Cơ sở phát triển du lịch bền vững",cafef.vn,2da11e27ee60e033313286d4349f8bfd5ce9d503930ff86a6487f0e7735f4ebe,"[0, 1, 4, 7]"
Tier 2 (Market),background,pos,0.2,Bộ Giáo dục và Đào tạo và Suntory PepsiCo Việt Nam ký kết hợp tác giai đoạn 2026 2029,"Bộ Giáo dục và Suntory PepsiCo mở rộng hợp tác 2026-2029, tiếp tục giáo dục sức khỏe, môi trường và bảo vệ nguồn nước."," • Hợp tác CSR kéo dài bốn năm
 • Chương trình MIZUIKU mở rộng quy mô
 • Nâng cao ý thức môi trường học sinh",thoibaotaichinhvietnam.vn,ce7b473e7ed92f19674d2e803f1459f82e9f629be3681cb81a89a5f99d0f86f2,"[1, 2, 4, 7]"
Tier 2 (Market),background,pos,0.2,"“Quyết không để các nàng thơ nhàm chán”: Hồ Gươm lại thay thảm hoa mới, Hà Nội dạo này thơ thế nhỉ!","Hồ Gươm thay cỏ lam bằng thảm violet Nhật nhiều màu, tạo điểm nhấn cảnh quan mùa thu và thu hút người chụp ảnh."," • Thảm hoa mới làm nổi bật vẻ đẹp Hồ Gươm
 • Hoa được bố trí dốc xuống mép nước thuận lợi cho chụp ảnh
 • Thời điểm sáng sớm hoặc chiều muộn cho hình ảnh đẹp hơn",cafef.vn,64de1927a524552e61b59e3b4b933b89262e78be320468a89d7023dfe2f9a21d,"[0, 7, 8, 24]"
Tier 2 (Market),background,neu,0.2,Bộ Công Thương có tân Thứ trưởng,"Bộ Công Thương bổ nhiệm Lương Hoàng Thái giữ chức Thứ trưởng, bổ sung kinh nghiệm hội nhập quốc tế và thương mại đa biên cho bộ máy lãnh đạo."," • Bổ nhiệm theo quyết định của Thủ tướng
 • Ứng viên có hơn 30 năm kinh nghiệm
 • Tập trung vào hội nhập và đa phương",vneconomy.vn,767f652319a230e8f36144c7fc20fa6f01803fd1e1d5f7a2b9247f53e6d2d216,"[0, 2, 3]"
Tier 2 (Market),background,neu,0.2,JustMarkets: Những yếu tố nhà giao dịch CFD cần lưu ý,"Bài viết khuyến nghị nhà giao dịch CFD cần xem xét biến động, chi phí, đòn bẩy, ký quỹ và khả năng chịu rủi ro trước khi giao dịch."," • Biến động tạo cơ hội nhưng cũng làm tăng rủi ro
 • Đòn bẵy khuếch đại cả lợi nhuận lẫn thua lỗ
 • Chi phí và thời gian giao dịch cần được đánh giá",vietstock.vn,12cf9605802a7c71ca2be5fb6de69a664af0582eb195ca27e0056f7a3154c8e8,"[4, 5, 7, 11, 14]"
Tier 2 (Market),background,neg,0.2,Vì sao nhà mới xây bị nứt tường nhiều chỗ?,"Nứt tường nhà mới xây thường do nền móng yếu, vật liệu kém, co ngót, thi công sai kỹ thuật hoặc tác động rung lắc bên ngoài."," • Nền đất và thiết kế móng là nguyên nhân nền tảng
 • Vật liệu và thi công không đúng quy trình làm tăng nguy cơ nứt
 • Vết nứt kết cấu cần kỹ sư đánh giá và gia cố",cafef.vn,af9cbf609f9e04fa5d52672e3795e0fb06791f4df6ef9ee6947c5a2fcd068226,"[3, 5, 7, 9, 12, 15]"
Tier 2 (Market),background,neu,0.15,"Nhà thờ hồng biểu tượng của khu phố đỉnh nhất thế giới Tân Định: Cất giữ ngôi mộ 143 năm, tồn tại bí ẩn 70 năm chưa lời giải đáp","Bài viết kể lịch sử và đặc điểm kiến trúc, diện mạo của nhà thờ Tân Định, đồng thời hướng dẫn thời gian tham quan và cách chụp ảnh phù hợp."," • Nhà thờ Tân Định có giá trị lịch sử và kiến trúc nổi bật
 • Sắc hồng nổi tiếng chỉ xuất hiện từ năm 1957
 • Du khách cần tôn trọng không gian thờ phượng và chọn giờ tham quan phù hợp",cafef.vn,f051ecbb13d597ef5718e18d5a6074002480b2d621796ea1a5f2f7649a0f2c91,"[0, 1, 10, 20]"
Tier 2 (Market),background,neu,0.15,"Phát hiện chiếc máy bay kỳ lạ sải cánh 40m nhưng chiều dài chưa tới 15m, chuyên làm nhiệm vụ ""rình mò"" ở độ cao 18km","Global Hawk là máy bay không người lái chuyên giám sát, trinh sát và thu thập dữ liệu bằng nhiều cảm biến ở độ cao lớn, không phải vũ khí tấn công."," • Bay ở độ cao khoảng 18 km
 • Kết hợp camera, radar SAR và thu thập tín hiệu
 • Giám sát diện tích rộng và truyền dữ liệu gần thời gian thực",cafef.vn,9d59f525bc97af863bcd8cf9e058f2f3ce41e42d29aabbe2da5e31f0fa670331,"[1, 2, 5, 6, 10]"
Tier 2 (Market),background,neu,0.12,"Ban công hướng Tây nắng như đổ lửa, trồng cây gì để vừa sống khỏe vừa đẹp?","Ban công hướng Tây có thể trồng cây nếu chọn giống chịu nóng, bố trí theo mức ánh sáng và bảo đảm thoát nước tốt."," • Hoa giấy, dừa cạn và một số cây leo phù hợp với nắng mạnh
 • Trầu bà và lan ù nên đặt ở vị trí có mái che
 • Chậu thoát nước, tưới theo độ ẩm và từ từ làm quen nắng là yếu tố chăm sóc quan trọng",cafef.vn,8e908bc2277bec6bb87a27ab6055e35d234309d02e29587f17224b1c4cf47d9d,"[1, 5, 9, 20, 23]"
Tier 2 (Market),background,pos,0.12,"Từ chiếc điện thoại, người dân vùng cao Lìa làm quen với dịch vụ công số","Xã Lìa tăng cường hướng dẫn dịch vụ công trực tuyến tại cộng đồng, giúp người dân vùng cao từng bước sử dụng VNeID và kê khai hồ sơ điện tử."," • Tổ chức hơn 30 buổi hướng dẫn cho gần 1.700 lượt người
 • Người dân được hỗ trợ trực tiếp trên điện thoại
 • Số lượt người dùng dịch vụ trực tuyến tăng dần",vneconomy.vn,fb17f0be15ff2aad800e38e15329daa1f608daa17ea8d7f11c6521dae338ff38,"[1, 3, 6, 8, 10]"
Tier 2 (Market),background,neu,0.12,"Không phải Sa Pa, Việt Nam có một nơi giữa biển cũng xuất hiện những thửa ""ruộng bậc thang"", bờ ruộng làm từ đá núi lửa","Đảo Lý Sơn nổi tiếng với ruộng bậc thang trồng hành, tỏi, sử dụng đá núi lửa làm bờ để giữ đất và chắn gió."," • Ruộng canh tác trên nền bazan
 • Bờ ruộng xây bằng đá núi lửa
 • Giải pháp thích nghi địa hình và gió biển",cafef.vn,ad129f68fc6226aa07df4e2e91a46f08bd8d1a26571ce98d3a099758d989f23d,"[2, 3, 4, 8]"
Tier 2 (Market),background,neu,0.1,Hơn cả một chuyến bay: Gấu trúc được vận chuyển xuyên quốc gia như thế nào?,"Hai gấu trúc được FedEx vận chuyển từ Trung Quốc sang Mỹ trong chương trình bảo tồn, với chi phí và thủ tục đặc biệt phức tạp."," • Vận chuyển động vật cần chuẩn bị dài hạn
 • FedEx tài trợ chi phí
 • Sức khỏe và cách ly là trọng tâm",cafef.vn,4a3bea592abfa8f5f965002b90f4760709173325f94922425e092ba3b15d0d9d,"[0, 3, 4, 16, 22]"
Tier 2 (Market),background,neu,0.1,"Xã đảo biệt lập duy nhất tại Thủ đô Hà Nội, nơi chỉ có khoảng 6.600 người sinh sống","Xã Minh Châu là xã đảo biệt lập duy nhất của Hà Nội, kinh tế dựa vào nông nghiệp và có tiềm năng du lịch văn hóa."," • Đặc thù địa lý và dân số nhỏ
 • Kinh tế tập trung nông nghiệp
 • Di tích tạo cơ sở du lịch",cafef.vn,93038bef6e79ffc535d4f07179716c47705c20c21c77b87fed4fce1ab6415259,"[0, 3, 8]"
Tier 2 (Market),background,neu,0.1,"NSND Lan Hương nhận lương hưu 7,5 triệu đồng/tháng, sống trong căn nhà Hà Nội 29m²","Bài viết về NSND Lan Hương và căn nhà 29m² tại Hà Nội, không có sự kiện tài chính đáng kể."," • Lương hưu 7,5 triệu đồng mỗi tháng
 • Căn nhà 29m² với bốn thế hệ cùng sinh sống",cafef.vn,0a71350e2bf0750ddb2d31ea686eff22dab9c01cc13dfbc448e19200555ae94d,"[0, 1, 2, 3, 4, 5, 6]"
Tier 2 (Market),background,neg,0.1,Bi kịch khó tin của một chính trị gia: Bị hàng xóm đánh chết chỉ vì kêu gọi người dân phòng chống đại dịch Ebola,"Một chính trị gia Congo bị đánh chết sau khi kêu gọi phòng chống Ebola, phản ánh tình trạng xã hội bất an và thiếu niềm tin vào ứng phó dịch bệnh."," • Nạn nhân bị tấn công sau khi kêu gọi phòng chống Ebola
 • Dịch Ebola đã gây hơn 8.000 ca mắc và gần 3.900 ca tử vong
 • Hoạt động ứng phó gặp nhiều hoài nghi từ cộng đồng",cafef.vn,175be36f54bf0f2429ea96491eb482b33d35888b57fefbc0932f282d18fff827,"[1, 2, 4, 8]"
Tier 2 (Market),background,neu,0.08,Lời khuyên cho các gia đình đang sử dụng cổng trượt,"Bài viết hướng dẫn gia đình sử dụng và bảo trì cổng trượt, nhấn mạnh an toàn, vệ sinh định kỳ và xử lý sự cố."," • Cần làm sạch rãnh trượt và bôi trơn định kỳ
 • Không đẩy cố khi cổng bị kẹt
 • Cần ngắt điện khi sân bị ngập",cafef.vn,9f6990a55c7e23f16297ebaa7a557d0362b70b36aec052b4768bbc62c8e970f8,"[3, 7, 9, 13]"
Tier 2 (Market),background,neu,0.05,"MC quê Hải Phòng lấy chồng Tiến sĩ: Nhan sắc thăng hạng, ngắm không gian nhà mà mê","Bài viết về MC Ngô Mai Phương và cách cô thiết kế phòng làm việc tại nhà; nội dung chủ yếu là đời sống nghệ nghiệp, không có tác động tài chính đáng kể."," • MC duy trì công việc truyền hình và sáng tạo nội dung mạng
 • Căn phòng trong nhà được chuyển thành studio tại nhà
 • Không công bố thông tin tài chính có thể chuyển hóa được",cafef.vn,87780efa2d0c4fb51f05e0e729fcd040aa2a5ecd92c06f923c3e4d7fb2bb2ada,"[1, 3, 5, 7, 8, 9, 10]"
Tier 2 (Market),background,neu,0.05,"Ngôi nhà được tổ chức thành các khối bán nguyệt so le, với những khoảng xanh đan xen","Ngôi nhà được tổ chức thành các khối so le, kết hợp khoảng xanh, mặt nước và giao thông chung để phục vụ hai gia đình. Thiết kế tạo sự riêng tư nhưng vẫn duy trì sự kết nối."," • Bố trí khối tạo thông gió và ánh sáng
 • Không gian xanh nước tăng trải nghiệm sống
 • Giải pháp cân bằng riêng tư và cộng đồng",cafef.vn,a1ea4ee9384e306e5c0a534626853b8aa67415342a097700fa126e28714f3a4c,"[0, 1, 2, 3, 4, 5, 6]"
Tier 2 (Market),background,neu,0.05,Tại sao nhiều sinh vật hễ hoàn thành sinh sản là sẽ chết?,"Bài viết giải thích cơ chế sinh sản một lần ở tre, chồn túi, cá hồi và phù du. Các loài dồn năng lượng vào sinh sản, hy sinh cá nhân để bảo đảm sự sống còn lại của thế hệ sau."," • Sinh sản một lần là chiến lược sinh tồn
 • Các yếu tố môi trường và sinh lý dẫn tới cái chết
 • Cái chết tạo điều kiện cho thế hệ kế tiếp",cafef.vn,2e4aea3a16dc7c04b09f04bfbaf33416fa580645e07a59145ff16a0ae5507d43,"[4, 6, 8, 10, 12, 14, 16, 18, 20, 22, 24]"
Tier 2 (Market),background,neu,0.03,"Nước lũ dâng cao, chùa ở Thái Lan dùng cần cẩu di chuyển cá sấu hơn 400kg",Lực lượng chức năng Thái Lan dùng cần cẩu di chuyển cá sấu hơn 400 kg khỏi chùa bị lũ nhấn chìm. Sự cố bảo đảm an toàn khu vực dân cư nhưng không có tác động tài chính đáng kể.," • Cá sấu có nguy cơ thoát khỏi chuồng khi nước lũ tiếp tục dâng
 • Di chuyển cá sấu giúp kiểm soát an toàn cộng đồng ven sông",cafef.vn,d621f846cfde6db6033a9756b11344832fd2903495db36c4a1e40d541602187c,"[0, 1, 3, 4]"
