entity_id,type,code,canonical_name,tier,market_cap_bil,aliases,parent,gics1,gics2,gics3,sources
TICKER:A32,TICKER,A32,CTCP 32,2,204.0,CTCP 32,,Hàng tiêu dùng không thiết yếu,Hàng tiêu dùng lâu bền và trang phục,"Dệt may & Trang phục, phụ kiện",company_data/company_name.xlsx ; trading_data/market_caps.parquet ; trading_data/os.xlsx ; industry_classification/industry_classification.xlsx
TICKER:AAA,TICKER,AAA,CTCP Nhựa An Phát Xanh,1,2909.76,CTCP Nhựa An Phát Xanh | Nhựa An Phát Xanh,,Nguyên vật liệu,Vật liệu xây dựng,Bao bì và đóng gói,company_data/company_name.xlsx ; trading_data/market_caps.parquet ; trading_data/os.xlsx ; industry_classification/industry_classification.xlsx
TICKER:AAH,TICKER,AAH,CTCP Hợp Nhất,2,200.43,CTCP Hợp Nhất | Hợp Nhất,,Năng lượng,Năng lượng,Than đá và nhiên liệu khác,company_data/company_name.xlsx ; trading_data/market_caps.parquet ; trading_data/os.xlsx ; industry_classification/industry_classification.xlsx
TICKER:AAN,TICKER,AAN,CTCP Lương thực A An,1,1466.4,CTCP Lương thực A An | Lương thực A An,,Hàng tiêu dùng thiết yếu,Thực phẩm & Đồ uống,Thực phẩm,company_data/company_name.xlsx ; trading_data/market_caps.parquet ; trading_data/os.xlsx ; industry_classification/industry_classification.xlsx
TICKER:AAS,TICKER,AAS,CTCP Chứng khoán SmartInvest,1,1978.0,CTCP Chứng khoán SmartInvest | Chứng khoán SmartInvest,,Tài chính,Công ty chứng khoán,Công ty chứng khoán,company_data/company_name.xlsx ; trading_data/market_caps.parquet ; trading_data/os.xlsx ; industry_classification/industry_classification.xlsx
TICKER:AAT,TICKER,AAT,CTCP Tập Đoàn Tiên Sơn Thanh Hóa,2,146.6,CTCP Tập Đoàn Tiên Sơn Thanh Hóa | Tiên Sơn Thanh Hóa,,Hàng tiêu dùng không thiết yếu,Hàng tiêu dùng lâu bền và trang phục,"Dệt may & Trang phục, phụ kiện",company_data/company_name.xlsx ; trading_data/market_caps.parquet ; trading_data/os.xlsx ; industry_classification/industry_classification.xlsx
TICKER:AAV,TICKER,AAV,CTCP AAV Group,1,420.82,CTCP AAV Group | AAV Group,,Bất động sản,Quản lý và phát triển bất động sản,Bất động sản phức hợp,company_data/company_name.xlsx ; trading_data/market_caps.parquet ; trading_data/os.xlsx ; industry_classification/industry_classification.xlsx
TICKER:ABB,TICKER,ABB,Ngân hàng TMCP An Bình,1,27797.36,Ngân hàng TMCP An Bình | An Bình,,Tài chính,Ngân hàng,Ngân hàng,company_data/company_name.xlsx ; trading_data/market_caps.parquet ; trading_data/os.xlsx ; industry_classification/industry_classification.xlsx
TICKER:ABC,TICKER,ABC,CTCP Truyền thông VMG,2,201.85,CTCP Truyền thông VMG | Truyền thông VMG,,Dịch vụ viễn thông,Dịch vụ viễn thông,Dịch vụ viễn thông đa ngành,company_data/company_name.xlsx ; trading_data/market_caps.parquet ; trading_data/os.xlsx ; industry_classification/industry_classification.xlsx
TICKER:ABI,TICKER,ABI,CTCP Bảo hiểm Ngân hàng Nông nghiệp Việt Nam,1,1905.34,CTCP Bảo hiểm Ngân hàng Nông nghiệp Việt Nam | Bảo hiểm Ngân hàng Nông nghiệp Việt Nam,,Tài chính,Bảo hiểm,Bảo hiểm,company_data/company_name.xlsx ; trading_data/market_caps.parquet ; trading_data/os.xlsx ; industry_classification/industry_classification.xlsx
TICKER:ABR,TICKER,ABR,CTCP Đầu tư Nhãn hiệu Việt,2,204.0,CTCP Đầu tư Nhãn hiệu Việt | Đầu tư Nhãn hiệu Việt,,Dịch vụ viễn thông,Dịch vụ viễn thông,Dịch vụ viễn thông đa ngành,company_data/company_name.xlsx ; trading_data/market_caps.parquet ; trading_data/os.xlsx ; industry_classification/industry_classification.xlsx
TICKER:ABS,TICKER,ABS,CTCP Dịch vụ Nông nghiệp Bình Thuận,2,230.4,CTCP Dịch vụ Nông nghiệp Bình Thuận | Dịch vụ Nông nghiệp Bình Thuận,,Hàng tiêu dùng không thiết yếu,Bán lẻ,Bán lẻ,company_data/company_name.xlsx ; trading_data/market_caps.parquet ; trading_data/os.xlsx ; industry_classification/industry_classification.xlsx
TICKER:ABT,TICKER,ABT,CTCP Xuất nhập khẩu Thủy sản Bến Tre,1,592.4,CTCP Xuất nhập khẩu Thủy sản Bến Tre | Xuất nhập khẩu Thủy sản Bến Tre,,Hàng tiêu dùng thiết yếu,Thực phẩm & Đồ uống,Thực phẩm,company_data/company_name.xlsx ; trading_data/market_caps.parquet ; trading_data/os.xlsx ; industry_classification/industry_classification.xlsx
TICKER:ABW,TICKER,ABW,CTCP Chứng khoán An Bình,1,4185.99,CTCP Chứng khoán An Bình | Chứng khoán An Bình,,Tài chính,Công ty chứng khoán,Công ty chứng khoán,company_data/company_name.xlsx ; trading_data/market_caps.parquet ; trading_data/os.xlsx ; industry_classification/industry_classification.xlsx
TICKER:ACB,TICKER,ACB,Ngân hàng TMCP Á Châu,1,127987.51,Ngân hàng TMCP Á Châu | Á Châu | Ngân hàng Á Châu,,Tài chính,Ngân hàng,Ngân hàng,company_data/company_name.xlsx ; trading_data/market_caps.parquet ; trading_data/os.xlsx ; industry_classification/industry_classification.xlsx
TICKER:ACC,TICKER,ACC,CTCP Đầu tư và Xây dựng Bình Dương ACC,1,450.45,CTCP Đầu tư và Xây dựng Bình Dương ACC | Đầu tư và Xây dựng Bình Dương ACC,,Công nghiệp,Tư liệu sản xuất,Xây dựng,company_data/company_name.xlsx ; trading_data/market_caps.parquet ; trading_data/os.xlsx ; industry_classification/industry_classification.xlsx
TICKER:ACE,TICKER,ACE,CTCP Bê tông Ly tâm An Giang,2,102.2,CTCP Bê tông Ly tâm An Giang | Bê tông Ly tâm An Giang,,Nguyên vật liệu,Vật liệu xây dựng,Vật liệu xây dựng,company_data/company_name.xlsx ; trading_data/market_caps.parquet ; trading_data/os.xlsx ; industry_classification/industry_classification.xlsx
TICKER:ACG,TICKER,ACG,CTCP Gỗ An Cường,1,4825.21,CTCP Gỗ An Cường | Gỗ An Cường,,Nguyên vật liệu,Giấy và các sản phẩm từ gỗ,Gỗ và các sản phẩm từ gỗ,company_data/company_name.xlsx ; trading_data/market_caps.parquet ; trading_data/os.xlsx ; industry_classification/industry_classification.xlsx
TICKER:ACL,TICKER,ACL,CTCP Xuất nhập khẩu Thủy sản Cửu Long An Giang,1,551.75,CTCP Xuất nhập khẩu Thủy sản Cửu Long An Giang | Xuất nhập khẩu Thủy sản Cửu Long An Giang,,Hàng tiêu dùng thiết yếu,Thực phẩm & Đồ uống,Thực phẩm,company_data/company_name.xlsx ; trading_data/market_caps.parquet ; trading_data/os.xlsx ; industry_classification/industry_classification.xlsx
TICKER:ACV,TICKER,ACV,Tổng Công ty Cảng Hàng không Việt Nam - CTCP,1,139710.63,Tổng Công ty Cảng Hàng không Việt Nam - CTCP | Cảng Hàng không Việt Nam,,Công nghiệp,Cơ sở hạ tầng giao thông vận tải,Dịch vụ sân bay,company_data/company_name.xlsx ; trading_data/market_caps.parquet ; trading_data/os.xlsx ; industry_classification/industry_classification.xlsx
TICKER:ADG,TICKER,ADG,CTCP Clever Group,2,171.04,CTCP Clever Group | Clever Group,,Hàng tiêu dùng không thiết yếu,Truyền thông và xuất bản,Truyền thông và xuất bản,company_data/company_name.xlsx ; trading_data/market_caps.parquet ; trading_data/os.xlsx ; industry_classification/industry_classification.xlsx
TICKER:ADP,TICKER,ADP,CTCP Sơn Á Đông,1,541.44,CTCP Sơn Á Đông | Sơn Á Đông,,Nguyên vật liệu,Nguyên vật liệu,Hóa chất,company_data/company_name.xlsx ; trading_data/market_caps.parquet ; trading_data/os.xlsx ; industry_classification/industry_classification.xlsx
TICKER:ADS,TICKER,ADS,CTCP Damsan,1,611.16,CTCP Damsan | Damsan,,Hàng tiêu dùng không thiết yếu,Hàng tiêu dùng lâu bền và trang phục,"Dệt may & Trang phục, phụ kiện",company_data/company_name.xlsx ; trading_data/market_caps.parquet ; trading_data/os.xlsx ; industry_classification/industry_classification.xlsx
TICKER:AFX,TICKER,AFX,CTCP Xuất nhập khẩu Nông sản Thực phẩm An Giang,1,343.0,CTCP Xuất nhập khẩu Nông sản Thực phẩm An Giang | Xuất nhập khẩu Nông sản Thực phẩm An Giang,,Hàng tiêu dùng thiết yếu,Thực phẩm & Đồ uống,Thực phẩm,company_data/company_name.xlsx ; trading_data/market_caps.parquet ; trading_data/os.xlsx ; industry_classification/industry_classification.xlsx
TICKER:AGG,TICKER,AGG,CTCP Đầu tư và Phát triển Bất động sản An Gia,1,1814.63,CTCP Đầu tư và Phát triển Bất động sản An Gia | Đầu tư và Phát triển Bất động sản An Gia,,Bất động sản,Quản lý và phát triển bất động sản,Bất động sản phức hợp,company_data/company_name.xlsx ; trading_data/market_caps.parquet ; trading_data/os.xlsx ; industry_classification/industry_classification.xlsx
TICKER:AGP,TICKER,AGP,CTCP Dược phẩm Agimexpharm,1,966.88,CTCP Dược phẩm Agimexpharm | Dược phẩm Agimexpharm,,Y tế,Dược phẩm & Công nghệ sinh học,Dược phẩm,company_data/company_name.xlsx ; trading_data/market_caps.parquet ; trading_data/os.xlsx ; industry_classification/industry_classification.xlsx
TICKER:AGR,TICKER,AGR,CTCP Chứng khoán Agribank,1,2888.14,CTCP Chứng khoán Agribank | Chứng khoán Agribank,,Tài chính,Công ty chứng khoán,Công ty chứng khoán,company_data/company_name.xlsx ; trading_data/market_caps.parquet ; trading_data/os.xlsx ; industry_classification/industry_classification.xlsx
TICKER:AGX,TICKER,AGX,CTCP Thực phẩm Nông Sản xuất khẩu Sài Gòn,1,1544.4,CTCP Thực phẩm Nông Sản xuất khẩu Sài Gòn | Thực phẩm Nông Sản xuất khẩu Sài Gòn,,Hàng tiêu dùng thiết yếu,Thực phẩm & Đồ uống,Thực phẩm,company_data/company_name.xlsx ; trading_data/market_caps.parquet ; trading_data/os.xlsx ; industry_classification/industry_classification.xlsx
TICKER:AIC,TICKER,AIC,Tổng Công ty Cổ phần Bảo hiểm DBV,1,850.0,Tổng Công ty Cổ phần Bảo hiểm DBV | Bảo hiểm DBV,,Tài chính,Bảo hiểm,Bảo hiểm,company_data/company_name.xlsx ; trading_data/market_caps.parquet ; trading_data/os.xlsx ; industry_classification/industry_classification.xlsx
TICKER:AIG,TICKER,AIG,CTCP Nguyên liệu Á Châu AIG,1,9613.38,CTCP Nguyên liệu Á Châu AIG | Nguyên liệu Á Châu AIG,,Hàng tiêu dùng thiết yếu,Thực phẩm & Đồ uống,Thực phẩm,company_data/company_name.xlsx ; trading_data/market_caps.parquet ; trading_data/os.xlsx ; industry_classification/industry_classification.xlsx
TICKER:ALC,TICKER,ALC,CTCP Âu Lạc,1,1157.65,CTCP Âu Lạc | Âu Lạc,,,,,company_data/company_name.xlsx ; trading_data/market_caps.parquet ; trading_data/os.xlsx
TICKER:AMD,TICKER,AMD,CTCP Đầu tư và Khoáng sản FLC Stone,2,179.86,CTCP Đầu tư và Khoáng sản FLC Stone | Đầu tư và Khoáng sản FLC Stone,,Nguyên vật liệu,Vật liệu xây dựng,Vật liệu xây dựng,company_data/company_name.xlsx ; trading_data/market_caps.parquet ; trading_data/os.xlsx ; industry_classification/industry_classification.xlsx
TICKER:AME,TICKER,AME,CTCP Alphanam E&C,1,443.36,CTCP Alphanam E&C | Alphanam E&C,,Hàng tiêu dùng không thiết yếu,Bán lẻ,Bán lẻ,company_data/company_name.xlsx ; trading_data/market_caps.parquet ; trading_data/os.xlsx ; industry_classification/industry_classification.xlsx
TICKER:AMP,TICKER,AMP,CTCP Armephaco,2,169.0,CTCP Armephaco | Armephaco,,Y tế,Dịch vụ & thiết bị y tế,Thiết bị & Vật tư y tế,company_data/company_name.xlsx ; trading_data/market_caps.parquet ; trading_data/os.xlsx ; industry_classification/industry_classification.xlsx
TICKER:AMS,TICKER,AMS,CTCP Cơ khí Xây dựng AMECC,1,444.0,CTCP Cơ khí Xây dựng AMECC | Cơ khí Xây dựng AMECC,,Công nghiệp,Tư liệu sản xuất,Máy công nghiệp,company_data/company_name.xlsx ; trading_data/market_caps.parquet ; trading_data/os.xlsx ; industry_classification/industry_classification.xlsx
TICKER:AMV,TICKER,AMV,CTCP Sản xuất Kinh doanh Dược và Trang thiết bị Y tế Việt Mỹ,2,131.11,CTCP Sản xuất Kinh doanh Dược và Trang thiết bị Y tế Việt Mỹ | Sản xuất Kinh doanh Dược và Trang thiết bị Y tế Việt Mỹ,,Y tế,Dịch vụ & thiết bị y tế,Thiết bị & Vật tư y tế,company_data/company_name.xlsx ; trading_data/market_caps.parquet ; trading_data/os.xlsx ; industry_classification/industry_classification.xlsx
TICKER:ANI,TICKER,ANI,CTCP ANI,1,1127.97,CTCP ANI | ANI,,,,,company_data/company_name.xlsx ; trading_data/market_caps.parquet ; trading_data/os.xlsx
TICKER:ANT,TICKER,ANT,CTCP Rau quả Thực phẩm An Giang,1,529.35,CTCP Rau quả Thực phẩm An Giang | Rau quả Thực phẩm An Giang,,Hàng tiêu dùng thiết yếu,Thực phẩm & Đồ uống,Thực phẩm,company_data/company_name.xlsx ; trading_data/market_caps.parquet ; trading_data/os.xlsx ; industry_classification/industry_classification.xlsx
TICKER:ANV,TICKER,ANV,CTCP Nam Việt,1,4073.71,CTCP Nam Việt | Nam Việt,,Hàng tiêu dùng thiết yếu,Thực phẩm & Đồ uống,Thực phẩm,company_data/company_name.xlsx ; trading_data/market_caps.parquet ; trading_data/os.xlsx ; industry_classification/industry_classification.xlsx
TICKER:APC,TICKER,APC,CTCP Chiếu xạ An Phú,2,105.5,CTCP Chiếu xạ An Phú | Chiếu xạ An Phú,,Hàng tiêu dùng thiết yếu,Thực phẩm & Đồ uống,Thực phẩm,company_data/company_name.xlsx ; trading_data/market_caps.parquet ; trading_data/os.xlsx ; industry_classification/industry_classification.xlsx
TICKER:APF,TICKER,APF,CTCP Nông sản Thực phẩm Quảng Ngãi,1,1592.16,CTCP Nông sản Thực phẩm Quảng Ngãi | Nông sản Thực phẩm Quảng Ngãi,,Hàng tiêu dùng thiết yếu,Thực phẩm & Đồ uống,Thực phẩm,company_data/company_name.xlsx ; trading_data/market_caps.parquet ; trading_data/os.xlsx ; industry_classification/industry_classification.xlsx
TICKER:APG,TICKER,APG,CTCP Chứng khoán APG,1,1015.24,CTCP Chứng khoán APG | Chứng khoán APG,,Tài chính,Công ty chứng khoán,Công ty chứng khoán,company_data/company_name.xlsx ; trading_data/market_caps.parquet ; trading_data/os.xlsx ; industry_classification/industry_classification.xlsx
TICKER:APH,TICKER,APH,CTCP Tập đoàn An Phát Holdings,1,1634.02,CTCP Tập đoàn An Phát Holdings | An Phát Holdings,,Công nghiệp,Tư liệu sản xuất,Công nghiệp đa ngành,company_data/company_name.xlsx ; trading_data/market_caps.parquet ; trading_data/os.xlsx ; industry_classification/industry_classification.xlsx
TICKER:API,TICKER,API,CTCP Đầu tư Châu Á - Thái Bình Dương,1,462.46,CTCP Đầu tư Châu Á - Thái Bình Dương | Đầu tư Châu Á - Thái Bình Dương,,Bất động sản,Quản lý và phát triển bất động sản,Bất động sản phức hợp,company_data/company_name.xlsx ; trading_data/market_caps.parquet ; trading_data/os.xlsx ; industry_classification/industry_classification.xlsx
TICKER:APS,TICKER,APS,CTCP Chứng khoán Châu Á Thái Bình Dương,1,489.7,CTCP Chứng khoán Châu Á Thái Bình Dương | Chứng khoán Châu Á Thái Bình Dương,,Tài chính,Công ty chứng khoán,Công ty chứng khoán,company_data/company_name.xlsx ; trading_data/market_caps.parquet ; trading_data/os.xlsx ; industry_classification/industry_classification.xlsx
SECURITY_OTHER:APS12201,SECURITY_OTHER,APS12201,APS12201,1,,,,Tài chính,Quỹ,Quỹ,industry_classification/industry_classification.xlsx
TICKER:ARM,TICKER,ARM,CTCP Xuất nhập khẩu Hàng không,2,142.5,CTCP Xuất nhập khẩu Hàng không | Xuất nhập khẩu Hàng không,,Công nghiệp,Cơ sở hạ tầng giao thông vận tải,Dịch vụ sân bay,company_data/company_name.xlsx ; trading_data/market_caps.parquet ; trading_data/os.xlsx ; industry_classification/industry_classification.xlsx
TICKER:ART,TICKER,ART,CTCP Chứng khoán ARTEX,2,126.0,CTCP Chứng khoán ARTEX | Chứng khoán ARTEX,,Tài chính,Công ty chứng khoán,Công ty chứng khoán,company_data/company_name.xlsx ; trading_data/market_caps.parquet ; trading_data/os.xlsx ; industry_classification/industry_classification.xlsx
TICKER:ASA,TICKER,ASA,CTCP ASA,2,126.0,CTCP ASA | ASA,,Hàng tiêu dùng không thiết yếu,Bán lẻ,Bán lẻ,company_data/company_name.xlsx ; trading_data/market_caps.parquet ; trading_data/os.xlsx ; industry_classification/industry_classification.xlsx
TICKER:ASG,TICKER,ASG,CTCP Tập đoàn ASG,1,1452.55,CTCP Tập đoàn ASG | ASG,,Công nghiệp,Cơ sở hạ tầng giao thông vận tải,Dịch vụ sân bay,company_data/company_name.xlsx ; trading_data/market_caps.parquet ; trading_data/os.xlsx ; industry_classification/industry_classification.xlsx
SECURITY_OTHER:ASIAGF,SECURITY_OTHER,ASIAGF,ASIAGF,1,,,,Tài chính,Quỹ,Quỹ,industry_classification/industry_classification.xlsx
TICKER:ASM,TICKER,ASM,CTCP Tập đoàn Sao Mai,1,2072.62,CTCP Tập đoàn Sao Mai | Sao Mai,,Hàng tiêu dùng thiết yếu,Thực phẩm & Đồ uống,Thực phẩm,company_data/company_name.xlsx ; trading_data/market_caps.parquet ; trading_data/os.xlsx ; industry_classification/industry_classification.xlsx
TICKER:ASP,TICKER,ASP,CTCP Tập đoàn Dầu khí An Pha,1,567.56,CTCP Tập đoàn Dầu khí An Pha | Dầu khí An Pha,,Năng lượng,Năng lượng,Dầu khí,company_data/company_name.xlsx ; trading_data/market_caps.parquet ; trading_data/os.xlsx ; industry_classification/industry_classification.xlsx
TICKER:AST,TICKER,AST,CTCP Dịch vụ Hàng không Taseco,1,3439.8,CTCP Dịch vụ Hàng không Taseco | Dịch vụ Hàng không Taseco,,Công nghiệp,Cơ sở hạ tầng giao thông vận tải,Dịch vụ sân bay,company_data/company_name.xlsx ; trading_data/market_caps.parquet ; trading_data/os.xlsx ; industry_classification/industry_classification.xlsx
TICKER:ATG,TICKER,ATG,CTCP ATG Planet,2,120.24,CTCP ATG Planet | ATG Planet,,Nguyên vật liệu,Kim loại & Khai khoáng,Kim loại không chứa sắt,company_data/company_name.xlsx ; trading_data/market_caps.parquet ; trading_data/os.xlsx ; industry_classification/industry_classification.xlsx
TICKER:AVC,TICKER,AVC,CTCP Thủy điện A Vương,1,3039.61,CTCP Thủy điện A Vương | Thủy điện A Vương,,Dịch vụ công cộng,Dịch vụ công cộng,Điện,company_data/company_name.xlsx ; trading_data/market_caps.parquet ; trading_data/os.xlsx ; industry_classification/industry_classification.xlsx
TICKER:AVG,TICKER,AVG,CTCP Phân bón Quốc tế Âu Việt,2,136.14,CTCP Phân bón Quốc tế Âu Việt | Phân bón Quốc tế Âu Việt,,Nguyên vật liệu,Nguyên vật liệu,Hóa chất,company_data/company_name.xlsx ; trading_data/market_caps.parquet ; trading_data/os.xlsx ; industry_classification/industry_classification.xlsx
TICKER:BAB,TICKER,BAB,Ngân hàng TMCP Bắc Á,1,12447.55,Ngân hàng TMCP Bắc Á | Bắc Á,,Tài chính,Ngân hàng,Ngân hàng,company_data/company_name.xlsx ; trading_data/market_caps.parquet ; trading_data/os.xlsx ; industry_classification/industry_classification.xlsx
TICKER:BAF,TICKER,BAF,CTCP Nông nghiệp BAF Việt Nam,1,11619.67,CTCP Nông nghiệp BAF Việt Nam | Nông nghiệp BAF Việt Nam,,Hàng tiêu dùng thiết yếu,Thực phẩm & Đồ uống,Thực phẩm,company_data/company_name.xlsx ; trading_data/market_caps.parquet ; trading_data/os.xlsx ; industry_classification/industry_classification.xlsx
TICKER:BAX,TICKER,BAX,CTCP Thống Nhất,2,246.0,CTCP Thống Nhất | Thống Nhất,,Bất động sản,Quản lý và phát triển bất động sản,Bất động sản phức hợp,company_data/company_name.xlsx ; trading_data/market_caps.parquet ; trading_data/os.xlsx ; industry_classification/industry_classification.xlsx
TICKER:BBC,TICKER,BBC,CTCP Bibica,1,1819.01,CTCP Bibica | Bibica,,Hàng tiêu dùng thiết yếu,Thực phẩm & Đồ uống,Thực phẩm,company_data/company_name.xlsx ; trading_data/market_caps.parquet ; trading_data/os.xlsx ; industry_classification/industry_classification.xlsx
TICKER:BBT,TICKER,BBT,CTCP Bông Bạch Tuyết,2,246.96,CTCP Bông Bạch Tuyết | Bông Bạch Tuyết,,Y tế,Dịch vụ & thiết bị y tế,Thiết bị & Vật tư y tế,company_data/company_name.xlsx ; trading_data/market_caps.parquet ; trading_data/os.xlsx ; industry_classification/industry_classification.xlsx
TICKER:BCA,TICKER,BCA,CTCP B.C.H,1,875.0,CTCP B.C.H | B.C.H,,Nguyên vật liệu,Kim loại & Khai khoáng,Thép,company_data/company_name.xlsx ; trading_data/market_caps.parquet ; trading_data/os.xlsx ; industry_classification/industry_classification.xlsx
TICKER:BCC,TICKER,BCC,CTCP Xi măng Bỉm Sơn,1,702.3,CTCP Xi măng Bỉm Sơn | Xi măng Bỉm Sơn,,Nguyên vật liệu,Vật liệu xây dựng,Vật liệu xây dựng,company_data/company_name.xlsx ; trading_data/market_caps.parquet ; trading_data/os.xlsx ; industry_classification/industry_classification.xlsx
TICKER:BCE,TICKER,BCE,CTCP Xây dựng và Giao thông Bình Dương,2,229.32,CTCP Xây dựng và Giao thông Bình Dương | Xây dựng và Giao thông Bình Dương,,Công nghiệp,Tư liệu sản xuất,Xây dựng,company_data/company_name.xlsx ; trading_data/market_caps.parquet ; trading_data/os.xlsx ; industry_classification/industry_classification.xlsx
TICKER:BCF,TICKER,BCF,CTCP Thực phẩm Bích Chi,1,1538.14,CTCP Thực phẩm Bích Chi | Thực phẩm Bích Chi,,Hàng tiêu dùng thiết yếu,Thực phẩm & Đồ uống,Thực phẩm,company_data/company_name.xlsx ; trading_data/market_caps.parquet ; trading_data/os.xlsx ; industry_classification/industry_classification.xlsx
TICKER:BCG,TICKER,BCG,CTCP Tập đoàn Bamboo Capital,1,2200.53,CTCP Tập đoàn Bamboo Capital | Bamboo Capital,,Công nghiệp,Tư liệu sản xuất,Xây dựng,company_data/company_name.xlsx ; trading_data/market_caps.parquet ; trading_data/os.xlsx ; industry_classification/industry_classification.xlsx
TICKER:BCM,TICKER,BCM,Tập đoàn Đầu tư và Phát triển Công nghiệp Becamex - CTCP,1,40365.0,Tập đoàn Đầu tư và Phát triển Công nghiệp Becamex - CTCP | Đầu tư và Phát triển Công nghiệp Becamex | Becamex | Becamex IDC | Becamex Group | Becamex Tokyu,,Bất động sản,Quản lý và phát triển bất động sản,Vận hành bất động sản,company_data/company_name.xlsx ; trading_data/market_caps.parquet ; trading_data/os.xlsx ; industry_classification/industry_classification.xlsx
TICKER:BCR,TICKER,BCR,CTCP BCG Land,1,473.8,CTCP BCG Land | BCG Land,,Bất động sản,Quản lý và phát triển bất động sản,Bất động sản phức hợp,company_data/company_name.xlsx ; trading_data/market_caps.parquet ; trading_data/os.xlsx ; industry_classification/industry_classification.xlsx
TICKER:BDG,TICKER,BDG,CTCP May mặc Bình Dương,1,649.76,CTCP May mặc Bình Dương | May mặc Bình Dương,,Hàng tiêu dùng không thiết yếu,Hàng tiêu dùng lâu bền và trang phục,"Dệt may & Trang phục, phụ kiện",company_data/company_name.xlsx ; trading_data/market_caps.parquet ; trading_data/os.xlsx ; industry_classification/industry_classification.xlsx
TICKER:BDT,TICKER,BDT,CTCP Xây lắp và Vật liệu Xây dựng Đồng Tháp,1,335.78,CTCP Xây lắp và Vật liệu Xây dựng Đồng Tháp | Xây lắp và Vật liệu Xây dựng Đồng Tháp,,Nguyên vật liệu,Vật liệu xây dựng,Vật liệu xây dựng,company_data/company_name.xlsx ; trading_data/market_caps.parquet ; trading_data/os.xlsx ; industry_classification/industry_classification.xlsx
TICKER:BDW,TICKER,BDW,CTCP Cấp thoát nước Bình Định,1,316.48,CTCP Cấp thoát nước Bình Định | Cấp thoát nước Bình Định,,Dịch vụ công cộng,Dịch vụ công cộng,Nước,company_data/company_name.xlsx ; trading_data/market_caps.parquet ; trading_data/os.xlsx ; industry_classification/industry_classification.xlsx
TICKER:BEL,TICKER,BEL,CTCP Điện tử Biên Hòa,2,162.0,CTCP Điện tử Biên Hòa | Điện tử Biên Hòa,,Bất động sản,Quản lý và phát triển bất động sản,Vận hành bất động sản,company_data/company_name.xlsx ; trading_data/market_caps.parquet ; trading_data/os.xlsx ; industry_classification/industry_classification.xlsx
TICKER:BFC,TICKER,BFC,CTCP Phân bón Bình Điền,1,2641.16,CTCP Phân bón Bình Điền | Phân bón Bình Điền,,nan,nan,nan,company_data/company_name.xlsx ; trading_data/market_caps.parquet ; trading_data/os.xlsx ; industry_classification/industry_classification.xlsx
TICKER:BGE,TICKER,BGE,CTCP BCG Energy,1,1971.0,CTCP BCG Energy | BCG Energy,,Dịch vụ công cộng,Dịch vụ công cộng,Điện,company_data/company_name.xlsx ; trading_data/market_caps.parquet ; trading_data/os.xlsx ; industry_classification/industry_classification.xlsx
TICKER:BGW,TICKER,BGW,CTCP Nước sạch Bắc Giang,2,290.39,CTCP Nước sạch Bắc Giang | Nước sạch Bắc Giang,,Dịch vụ công cộng,Dịch vụ công cộng,Nước,company_data/company_name.xlsx ; trading_data/market_caps.parquet ; trading_data/os.xlsx ; industry_classification/industry_classification.xlsx
TICKER:BHA,TICKER,BHA,CTCP Thủy điện Bắc Hà,1,1366.2,CTCP Thủy điện Bắc Hà | Thủy điện Bắc Hà,,Dịch vụ công cộng,Dịch vụ công cộng,Điện,company_data/company_name.xlsx ; trading_data/market_caps.parquet ; trading_data/os.xlsx ; industry_classification/industry_classification.xlsx
TICKER:BHI,TICKER,BHI,Tổng Công ty cổ phần Bảo hiểm Sài Gòn - Hà Nội,1,910.0,Tổng Công ty cổ phần Bảo hiểm Sài Gòn - Hà Nội | Bảo hiểm Sài Gòn - Hà Nội,,Tài chính,Bảo hiểm,Bảo hiểm,company_data/company_name.xlsx ; trading_data/market_caps.parquet ; trading_data/os.xlsx ; industry_classification/industry_classification.xlsx
TICKER:BHN,TICKER,BHN,Tổng Công ty cổ phần Bia - Rượu - Nước giải khát Hà Nội,1,7104.67,Tổng Công ty cổ phần Bia - Rượu - Nước giải khát Hà Nội | Bia - Rượu - Nước giải khát Hà Nội | Habeco,,Hàng tiêu dùng thiết yếu,Thực phẩm & Đồ uống,Đồ uống,company_data/company_name.xlsx ; trading_data/market_caps.parquet ; trading_data/os.xlsx ; industry_classification/industry_classification.xlsx
TICKER:BIC,TICKER,BIC,Tổng Công ty cổ phần Bảo hiểm Ngân hàng Đầu tư và Phát triển Việt Nam,1,4263.61,Tổng Công ty cổ phần Bảo hiểm Ngân hàng Đầu tư và Phát triển Việt Nam | Bảo hiểm Ngân hàng Đầu tư và Phát triển Việt Nam,,Tài chính,Bảo hiểm,Bảo hiểm,company_data/company_name.xlsx ; trading_data/market_caps.parquet ; trading_data/os.xlsx ; industry_classification/industry_classification.xlsx
TICKER:BID,TICKER,BID,Ngân hàng TMCP Đầu tư và Phát triển Việt Nam,1,278071.7,Ngân hàng TMCP Đầu tư và Phát triển Việt Nam | Đầu tư và Phát triển Việt Nam | BIDV,,Tài chính,Ngân hàng,Ngân hàng,company_data/company_name.xlsx ; trading_data/market_caps.parquet ; trading_data/os.xlsx ; industry_classification/industry_classification.xlsx
TICKER:BIG,TICKER,BIG,CTCP Tập đoàn Đầu tư Big,2,160.65,CTCP Tập đoàn Đầu tư Big | Đầu tư Big,,Hàng tiêu dùng không thiết yếu,Bán lẻ,Bán lẻ,company_data/company_name.xlsx ; trading_data/market_caps.parquet ; trading_data/os.xlsx ; industry_classification/industry_classification.xlsx
TICKER:BIO,TICKER,BIO,CTCP Vắc xin và Sinh phẩm Nha Trang,2,102.62,CTCP Vắc xin và Sinh phẩm Nha Trang | Vắc xin và Sinh phẩm Nha Trang,,Y tế,Dược phẩm & Công nghệ sinh học,Dược phẩm,company_data/company_name.xlsx ; trading_data/market_caps.parquet ; trading_data/os.xlsx ; industry_classification/industry_classification.xlsx
TICKER:BKC,TICKER,BKC,CTCP Khoáng sản Bắc Kạn,1,374.56,CTCP Khoáng sản Bắc Kạn | Khoáng sản Bắc Kạn,,Nguyên vật liệu,Kim loại & Khai khoáng,Kim loại không chứa sắt,company_data/company_name.xlsx ; trading_data/market_caps.parquet ; trading_data/os.xlsx ; industry_classification/industry_classification.xlsx
TICKER:BKG,TICKER,BKG,CTCP Đầu tư BKG Việt Nam,2,132.48,CTCP Đầu tư BKG Việt Nam | Đầu tư BKG Việt Nam,,Nguyên vật liệu,Giấy và các sản phẩm từ gỗ,Gỗ và các sản phẩm từ gỗ,company_data/company_name.xlsx ; trading_data/market_caps.parquet ; trading_data/os.xlsx ; industry_classification/industry_classification.xlsx
TICKER:BLI,TICKER,BLI,Tổng Công ty cổ phần Bảo hiểm Bảo Long,1,480.0,Tổng Công ty cổ phần Bảo hiểm Bảo Long | Bảo hiểm Bảo Long,,Tài chính,Bảo hiểm,Bảo hiểm,company_data/company_name.xlsx ; trading_data/market_caps.parquet ; trading_data/os.xlsx ; industry_classification/industry_classification.xlsx
TICKER:BMC,TICKER,BMC,CTCP Khoáng sản Bình Định,2,134.46,CTCP Khoáng sản Bình Định | Khoáng sản Bình Định,,Nguyên vật liệu,Kim loại & Khai khoáng,Kim loại không chứa sắt,company_data/company_name.xlsx ; trading_data/market_caps.parquet ; trading_data/os.xlsx ; industry_classification/industry_classification.xlsx
TICKER:BMF,TICKER,BMF,CTCP Vật liệu Xây dựng và Chất đốt Đồng Nai,2,120.45,CTCP Vật liệu Xây dựng và Chất đốt Đồng Nai | Vật liệu Xây dựng và Chất đốt Đồng Nai,,Hàng tiêu dùng không thiết yếu,Bán lẻ,Bán lẻ,company_data/company_name.xlsx ; trading_data/market_caps.parquet ; trading_data/os.xlsx ; industry_classification/industry_classification.xlsx
TICKER:BMI,TICKER,BMI,Tổng Công ty cổ phần Bảo Minh,1,2009.81,Tổng Công ty cổ phần Bảo Minh | Bảo Minh,,Tài chính,Bảo hiểm,Bảo hiểm,company_data/company_name.xlsx ; trading_data/market_caps.parquet ; trading_data/os.xlsx ; industry_classification/industry_classification.xlsx
TICKER:BMJ,TICKER,BMJ,CTCP Khoáng sản Miền Đông AHP,1,1459.5,CTCP Khoáng sản Miền Đông AHP | Khoáng sản Miền Đông AHP,,Nguyên vật liệu,Vật liệu xây dựng,Vật liệu xây dựng,company_data/company_name.xlsx ; trading_data/market_caps.parquet ; trading_data/os.xlsx ; industry_classification/industry_classification.xlsx
TICKER:BMP,TICKER,BMP,CTCP Nhựa Bình Minh,1,11313.18,CTCP Nhựa Bình Minh | Nhựa Bình Minh,,Nguyên vật liệu,Vật liệu xây dựng,Vật liệu xây dựng,company_data/company_name.xlsx ; trading_data/market_caps.parquet ; trading_data/os.xlsx ; industry_classification/industry_classification.xlsx
TICKER:BMS,TICKER,BMS,CTCP Chứng khoán Bảo Minh,1,2710.87,CTCP Chứng khoán Bảo Minh | Chứng khoán Bảo Minh,,Tài chính,Công ty chứng khoán,Công ty chứng khoán,company_data/company_name.xlsx ; trading_data/market_caps.parquet ; trading_data/os.xlsx ; industry_classification/industry_classification.xlsx
SECURITY_OTHER:BNTB,SECURITY_OTHER,BNTB,BNTB,1,,,,Hàng tiêu dùng thiết yếu,Thực phẩm & Đồ uống,Đồ uống,industry_classification/industry_classification.xlsx
TICKER:BNW,TICKER,BNW,CTCP Nước sạch Bắc Ninh,1,638.34,CTCP Nước sạch Bắc Ninh | Nước sạch Bắc Ninh,,Dịch vụ công cộng,Dịch vụ công cộng,Nước,company_data/company_name.xlsx ; trading_data/market_caps.parquet ; trading_data/os.xlsx ; industry_classification/industry_classification.xlsx
TICKER:BQP,TICKER,BQP,CTCP Nhựa Chất lượng cao Bình Thuận,2,281.2,CTCP Nhựa Chất lượng cao Bình Thuận | Nhựa Chất lượng cao Bình Thuận,,Nguyên vật liệu,Nguyên vật liệu,Hóa chất,company_data/company_name.xlsx ; trading_data/market_caps.parquet ; trading_data/os.xlsx ; industry_classification/industry_classification.xlsx
TICKER:BRC,TICKER,BRC,CTCP Cao su Bến Thành,2,135.51,CTCP Cao su Bến Thành | Cao su Bến Thành,,Hàng tiêu dùng không thiết yếu,Ô tô & Phụ tùng,Lốp & Cao su,company_data/company_name.xlsx ; trading_data/market_caps.parquet ; trading_data/os.xlsx ; industry_classification/industry_classification.xlsx
TICKER:BRR,TICKER,BRR,CTCP Cao su Bà Rịa,1,1957.5,CTCP Cao su Bà Rịa | Cao su Bà Rịa,,Hàng tiêu dùng không thiết yếu,Ô tô & Phụ tùng,Lốp & Cao su,company_data/company_name.xlsx ; trading_data/market_caps.parquet ; trading_data/os.xlsx ; industry_classification/industry_classification.xlsx
TICKER:BSA,TICKER,BSA,CTCP Thủy điện Buôn Đôn,1,1350.39,CTCP Thủy điện Buôn Đôn | Thủy điện Buôn Đôn,,Dịch vụ công cộng,Dịch vụ công cộng,Điện,company_data/company_name.xlsx ; trading_data/market_caps.parquet ; trading_data/os.xlsx ; industry_classification/industry_classification.xlsx
TICKER:BSG,TICKER,BSG,CTCP Xe khách Sài Gòn,1,480.0,CTCP Xe khách Sài Gòn | Xe khách Sài Gòn,,Công nghiệp,Vận tải,Vận tải đường bộ & đường sắt,company_data/company_name.xlsx ; trading_data/market_caps.parquet ; trading_data/os.xlsx ; industry_classification/industry_classification.xlsx
TICKER:BSH,TICKER,BSH,CTCP Bia Sài Gòn - Hà Nội,1,324.0,CTCP Bia Sài Gòn - Hà Nội | Bia Sài Gòn - Hà Nội,,Hàng tiêu dùng thiết yếu,Thực phẩm & Đồ uống,Đồ uống,company_data/company_name.xlsx ; trading_data/market_caps.parquet ; trading_data/os.xlsx ; industry_classification/industry_classification.xlsx
TICKER:BSI,TICKER,BSI,CTCP Chứng khoán BIDV,1,7152.39,CTCP Chứng khoán BIDV | Chứng khoán BIDV,,Tài chính,Công ty chứng khoán,Công ty chứng khoán,company_data/company_name.xlsx ; trading_data/market_caps.parquet ; trading_data/os.xlsx ; industry_classification/industry_classification.xlsx
TICKER:BSL,TICKER,BSL,CTCP Bia Sài Gòn - Sông Lam,1,553.5,CTCP Bia Sài Gòn - Sông Lam | Bia Sài Gòn - Sông Lam,,Hàng tiêu dùng thiết yếu,Thực phẩm & Đồ uống,Đồ uống,company_data/company_name.xlsx ; trading_data/market_caps.parquet ; trading_data/os.xlsx ; industry_classification/industry_classification.xlsx
TICKER:BSP,TICKER,BSP,CTCP Bia Sài Gòn - Phú Thọ,2,202.5,CTCP Bia Sài Gòn - Phú Thọ | Bia Sài Gòn - Phú Thọ,,Hàng tiêu dùng thiết yếu,Thực phẩm & Đồ uống,Đồ uống,company_data/company_name.xlsx ; trading_data/market_caps.parquet ; trading_data/os.xlsx ; industry_classification/industry_classification.xlsx
TICKER:BSQ,TICKER,BSQ,CTCP Bia Sài Gòn - Quảng Ngãi,1,711.0,CTCP Bia Sài Gòn - Quảng Ngãi | Bia Sài Gòn - Quảng Ngãi,,Hàng tiêu dùng thiết yếu,Thực phẩm & Đồ uống,Đồ uống,company_data/company_name.xlsx ; trading_data/market_caps.parquet ; trading_data/os.xlsx ; industry_classification/industry_classification.xlsx
TICKER:BSR,TICKER,BSR,CTCP - Tổng Công ty Lọc hóa dầu Việt Nam,1,142708.04,CTCP - Tổng Công ty Lọc hóa dầu Việt Nam | Lọc hóa dầu Việt Nam | Lọc hóa dầu Bình Sơn | Lọc dầu Bình Sơn,,Năng lượng,Năng lượng,Dầu khí,company_data/company_name.xlsx ; trading_data/market_caps.parquet ; trading_data/os.xlsx ; industry_classification/industry_classification.xlsx
TICKER:BT1,TICKER,BT1,CTCP Bảo vệ Thực vật 1 Trung Ương,2,120.0,CTCP Bảo vệ Thực vật 1 Trung Ương | Bảo vệ Thực vật 1 Trung Ương,,nan,nan,nan,company_data/company_name.xlsx ; trading_data/market_caps.parquet ; trading_data/os.xlsx ; industry_classification/industry_classification.xlsx
TICKER:BT6,TICKER,BT6,CTCP Beton 6,2,111.88,CTCP Beton 6 | Beton 6,,Nguyên vật liệu,Vật liệu xây dựng,Vật liệu xây dựng,company_data/company_name.xlsx ; trading_data/market_caps.parquet ; trading_data/os.xlsx ; industry_classification/industry_classification.xlsx
TICKER:BTD,TICKER,BTD,CTCP Bê tông Ly tâm Thủ Đức,2,126.96,CTCP Bê tông Ly tâm Thủ Đức | Bê tông Ly tâm Thủ Đức,,Nguyên vật liệu,Vật liệu xây dựng,Vật liệu xây dựng,company_data/company_name.xlsx ; trading_data/market_caps.parquet ; trading_data/os.xlsx ; industry_classification/industry_classification.xlsx
TICKER:BTH,TICKER,BTH,CTCP Chế tạo Biến thế và Vật liệu Điện Hà Nội,1,480.0,CTCP Chế tạo Biến thế và Vật liệu Điện Hà Nội | Chế tạo Biến thế và Vật liệu Điện Hà Nội,,Hàng tiêu dùng không thiết yếu,Hàng tiêu dùng lâu bền và trang phục,"Khách sạn, nhà hàng & Giải trí",company_data/company_name.xlsx ; trading_data/market_caps.parquet ; trading_data/os.xlsx ; industry_classification/industry_classification.xlsx
TICKER:BTP,TICKER,BTP,CTCP Nhiệt điện Bà Rịa,1,433.08,CTCP Nhiệt điện Bà Rịa | Nhiệt điện Bà Rịa,,Dịch vụ công cộng,Dịch vụ công cộng,Điện,company_data/company_name.xlsx ; trading_data/market_caps.parquet ; trading_data/os.xlsx ; industry_classification/industry_classification.xlsx
TICKER:BTS,TICKER,BTS,CTCP Xi măng VICEM Bút Sơn,1,580.73,CTCP Xi măng VICEM Bút Sơn | Xi măng VICEM Bút Sơn,,Nguyên vật liệu,Vật liệu xây dựng,Vật liệu xây dựng,company_data/company_name.xlsx ; trading_data/market_caps.parquet ; trading_data/os.xlsx ; industry_classification/industry_classification.xlsx
TICKER:BTT,TICKER,BTT,CTCP Thương mại Dịch vụ Bến Thành,1,540.0,CTCP Thương mại Dịch vụ Bến Thành | Thương mại Dịch vụ Bến Thành,,Hàng tiêu dùng không thiết yếu,Bán lẻ,Bán lẻ,company_data/company_name.xlsx ; trading_data/market_caps.parquet ; trading_data/os.xlsx ; industry_classification/industry_classification.xlsx
TICKER:BTV,TICKER,BTV,CTCP Dịch vụ Du lịch Bến Thành,1,499.13,CTCP Dịch vụ Du lịch Bến Thành | Dịch vụ Du lịch Bến Thành,,Hàng tiêu dùng không thiết yếu,Hàng tiêu dùng lâu bền và trang phục,"Khách sạn, nhà hàng & Giải trí",company_data/company_name.xlsx ; trading_data/market_caps.parquet ; trading_data/os.xlsx ; industry_classification/industry_classification.xlsx
TICKER:BTW,TICKER,BTW,CTCP Cấp nước Bến Thành,1,926.64,CTCP Cấp nước Bến Thành | Cấp nước Bến Thành,,Dịch vụ công cộng,Dịch vụ công cộng,Nước,company_data/company_name.xlsx ; trading_data/market_caps.parquet ; trading_data/os.xlsx ; industry_classification/industry_classification.xlsx
TICKER:BVB,TICKER,BVB,Ngân hàng TMCP Bản Việt,1,7145.14,Ngân hàng TMCP Bản Việt | Bản Việt,,Tài chính,Ngân hàng,Ngân hàng,company_data/company_name.xlsx ; trading_data/market_caps.parquet ; trading_data/os.xlsx ; industry_classification/industry_classification.xlsx
TICKER:BVH,TICKER,BVH,Tập đoàn Bảo Việt,1,50477.95,Tập đoàn Bảo Việt | Bảo Việt,,Tài chính,Bảo hiểm,Bảo hiểm,company_data/company_name.xlsx ; trading_data/market_caps.parquet ; trading_data/os.xlsx ; industry_classification/industry_classification.xlsx
TICKER:BVL,TICKER,BVL,CTCP BV Land,1,1287.52,CTCP BV Land | BV Land,,Bất động sản,Quản lý và phát triển bất động sản,Bất động sản phức hợp,company_data/company_name.xlsx ; trading_data/market_caps.parquet ; trading_data/os.xlsx ; industry_classification/industry_classification.xlsx
TICKER:BVS,TICKER,BVS,CTCP Chứng khoán Bảo Việt,1,1963.84,CTCP Chứng khoán Bảo Việt | Chứng khoán Bảo Việt,,Tài chính,Công ty chứng khoán,Công ty chứng khoán,company_data/company_name.xlsx ; trading_data/market_caps.parquet ; trading_data/os.xlsx ; industry_classification/industry_classification.xlsx
TICKER:BWE,TICKER,BWE,CTCP - Tổng công ty nước - môi trường Bình Dương,1,10518.87,CTCP - Tổng công ty nước - môi trường Bình Dương | nước - môi trường Bình Dương,,Dịch vụ công cộng,Dịch vụ công cộng,Nước,company_data/company_name.xlsx ; trading_data/market_caps.parquet ; trading_data/os.xlsx ; industry_classification/industry_classification.xlsx
TICKER:BWS,TICKER,BWS,CTCP Cấp nước Bà Rịa - Vũng Tàu,1,3050.23,CTCP Cấp nước Bà Rịa - Vũng Tàu | Cấp nước Bà Rịa - Vũng Tàu,,Dịch vụ công cộng,Dịch vụ công cộng,Nước,company_data/company_name.xlsx ; trading_data/market_caps.parquet ; trading_data/os.xlsx ; industry_classification/industry_classification.xlsx
TICKER:C21,TICKER,C21,CTCP Thế Kỷ 21,1,351.89,CTCP Thế Kỷ 21 | Thế Kỷ 21,,Hàng tiêu dùng không thiết yếu,Hàng tiêu dùng lâu bền và trang phục,"Khách sạn, nhà hàng & Giải trí",company_data/company_name.xlsx ; trading_data/market_caps.parquet ; trading_data/os.xlsx ; industry_classification/industry_classification.xlsx
TICKER:C32,TICKER,C32,CTCP Đầu tư và Xây dựng 3-2,1,473.42,CTCP Đầu tư và Xây dựng 3-2 | Đầu tư và Xây dựng 3-2,,Nguyên vật liệu,Vật liệu xây dựng,Vật liệu xây dựng,company_data/company_name.xlsx ; trading_data/market_caps.parquet ; trading_data/os.xlsx ; industry_classification/industry_classification.xlsx
TICKER:C47,TICKER,C47,CTCP Xây dựng 47,1,325.26,CTCP Xây dựng 47 | Xây dựng 47,,Công nghiệp,Tư liệu sản xuất,Xây dựng,company_data/company_name.xlsx ; trading_data/market_caps.parquet ; trading_data/os.xlsx ; industry_classification/industry_classification.xlsx
TICKER:C4G,TICKER,C4G,CTCP Tập đoàn CIENCO4,1,1893.69,CTCP Tập đoàn CIENCO4 | CIENCO4,,Công nghiệp,Tư liệu sản xuất,Xây dựng,company_data/company_name.xlsx ; trading_data/market_caps.parquet ; trading_data/os.xlsx ; industry_classification/industry_classification.xlsx
TICKER:C69,TICKER,C69,CTCP Xây dựng 1369,1,1019.7,CTCP Xây dựng 1369 | Xây dựng 1369,,Công nghiệp,Tư liệu sản xuất,Xây dựng,company_data/company_name.xlsx ; trading_data/market_caps.parquet ; trading_data/os.xlsx ; industry_classification/industry_classification.xlsx
SECURITY_OTHER:CAFEC,SECURITY_OTHER,CAFEC,CAFEC,1,,,,Công nghiệp,Các dịch vụ thương mại và chuyên biệt,Dịch vụ tư vấn & nghiên cứu,industry_classification/industry_classification.xlsx
TICKER:CAN,TICKER,CAN,CTCP Đồ hộp Hạ Long,2,103.0,CTCP Đồ hộp Hạ Long | Đồ hộp Hạ Long,,Hàng tiêu dùng thiết yếu,Thực phẩm & Đồ uống,Thực phẩm,company_data/company_name.xlsx ; trading_data/market_caps.parquet ; trading_data/os.xlsx ; industry_classification/industry_classification.xlsx
TICKER:CAP,TICKER,CAP,CTCP Lâm Nông sản Thực phẩm Yên Bái,1,632.18,CTCP Lâm Nông sản Thực phẩm Yên Bái | Lâm Nông sản Thực phẩm Yên Bái,,Nguyên vật liệu,Giấy và các sản phẩm từ gỗ,Giấy,company_data/company_name.xlsx ; trading_data/market_caps.parquet ; trading_data/os.xlsx ; industry_classification/industry_classification.xlsx
TICKER:CAR,TICKER,CAR,CTCP Tập đoàn Giáo dục Trí Việt,2,109.07,CTCP Tập đoàn Giáo dục Trí Việt | Giáo dục Trí Việt,,Công nghiệp,Các dịch vụ thương mại và chuyên biệt,Dịch vụ hỗ trợ việc làm và nguồn nhân lực,company_data/company_name.xlsx ; trading_data/market_caps.parquet ; trading_data/os.xlsx ; industry_classification/industry_classification.xlsx
TICKER:CAT,TICKER,CAT,CTCP Thủy sản Cà Mau,2,188.68,CTCP Thủy sản Cà Mau | Thủy sản Cà Mau,,Hàng tiêu dùng thiết yếu,Thực phẩm & Đồ uống,Thực phẩm,company_data/company_name.xlsx ; trading_data/market_caps.parquet ; trading_data/os.xlsx ; industry_classification/industry_classification.xlsx
TICKER:CBI,TICKER,CBI,CTCP Gang thép Cao Bằng,1,632.19,CTCP Gang thép Cao Bằng | Gang thép Cao Bằng,,Nguyên vật liệu,Kim loại & Khai khoáng,Thép,company_data/company_name.xlsx ; trading_data/market_caps.parquet ; trading_data/os.xlsx ; industry_classification/industry_classification.xlsx
TICKER:CBS,TICKER,CBS,CTCP Mía Đường Cao Bằng,2,117.48,CTCP Mía Đường Cao Bằng | Mía Đường Cao Bằng,,Hàng tiêu dùng thiết yếu,Thực phẩm & Đồ uống,Thực phẩm,company_data/company_name.xlsx ; trading_data/market_caps.parquet ; trading_data/os.xlsx ; industry_classification/industry_classification.xlsx
TICKER:CC1,TICKER,CC1,Tổng Công ty Xây dựng Số 1 - CTCP,1,18369.19,Tổng Công ty Xây dựng Số 1 - CTCP | Xây dựng Số 1,,Công nghiệp,Tư liệu sản xuất,Xây dựng,company_data/company_name.xlsx ; trading_data/market_caps.parquet ; trading_data/os.xlsx ; industry_classification/industry_classification.xlsx
TICKER:CC4,TICKER,CC4,CTCP Đầu tư và Xây dựng Số 4,1,531.2,CTCP Đầu tư và Xây dựng Số 4 | Đầu tư và Xây dựng Số 4,,Công nghiệp,Tư liệu sản xuất,Xây dựng,company_data/company_name.xlsx ; trading_data/market_caps.parquet ; trading_data/os.xlsx ; industry_classification/industry_classification.xlsx
TICKER:CCA,TICKER,CCA,CTCP Xuất nhập khẩu Thuỷ sản Cần Thơ,1,321.06,CTCP Xuất nhập khẩu Thuỷ sản Cần Thơ | Xuất nhập khẩu Thuỷ sản Cần Thơ,,Hàng tiêu dùng thiết yếu,Thực phẩm & Đồ uống,Thực phẩm,company_data/company_name.xlsx ; trading_data/market_caps.parquet ; trading_data/os.xlsx ; industry_classification/industry_classification.xlsx
TICKER:CCC,TICKER,CCC,CTCP Xây dựng CDC,2,270.96,CTCP Xây dựng CDC | Xây dựng CDC,,Công nghiệp,Tư liệu sản xuất,Xây dựng,company_data/company_name.xlsx ; trading_data/market_caps.parquet ; trading_data/os.xlsx ; industry_classification/industry_classification.xlsx
TICKER:CCI,TICKER,CCI,CTCP Đầu tư Phát triển Công nghiệp Thương mại Củ Chi,1,412.8,CTCP Đầu tư Phát triển Công nghiệp Thương mại Củ Chi | Đầu tư Phát triển Công nghiệp Thương mại Củ Chi,,Hàng tiêu dùng không thiết yếu,Bán lẻ,Bán lẻ,company_data/company_name.xlsx ; trading_data/market_caps.parquet ; trading_data/os.xlsx ; industry_classification/industry_classification.xlsx
TICKER:CCL,TICKER,CCL,CTCP Đầu tư và Phát triển Đô thị Dầu khí Cửu Long,2,228.07,CTCP Đầu tư và Phát triển Đô thị Dầu khí Cửu Long | Đầu tư và Phát triển Đô thị Dầu khí Cửu Long,,Bất động sản,Quản lý và phát triển bất động sản,Bất động sản phức hợp,company_data/company_name.xlsx ; trading_data/market_caps.parquet ; trading_data/os.xlsx ; industry_classification/industry_classification.xlsx
TICKER:CCM,TICKER,CCM,CTCP khoáng sản và Xi măng Cần Thơ,2,184.14,CTCP khoáng sản và Xi măng Cần Thơ | khoáng sản và Xi măng Cần Thơ,,Nguyên vật liệu,Vật liệu xây dựng,Vật liệu xây dựng,company_data/company_name.xlsx ; trading_data/market_caps.parquet ; trading_data/os.xlsx ; industry_classification/industry_classification.xlsx
TICKER:CCR,TICKER,CCR,CTCP Cảng Cam Ranh,1,349.69,CTCP Cảng Cam Ranh | Cảng Cam Ranh,,Công nghiệp,Vận tải,Hỗ trợ vận tải,company_data/company_name.xlsx ; trading_data/market_caps.parquet ; trading_data/os.xlsx ; industry_classification/industry_classification.xlsx
TICKER:CCT,TICKER,CCT,CTCP Cảng Cần Thơ,2,256.32,CTCP Cảng Cần Thơ | Cảng Cần Thơ,,Công nghiệp,Cơ sở hạ tầng giao thông vận tải,Dịch vụ cảng biển,company_data/company_name.xlsx ; trading_data/market_caps.parquet ; trading_data/os.xlsx ; industry_classification/industry_classification.xlsx
TICKER:CDC,TICKER,CDC,CTCP Chương Dương,1,2015.92,CTCP Chương Dương | Chương Dương,,Công nghiệp,Tư liệu sản xuất,Xây dựng,company_data/company_name.xlsx ; trading_data/market_caps.parquet ; trading_data/os.xlsx ; industry_classification/industry_classification.xlsx
TICKER:CDN,TICKER,CDN,CTCP Cảng Đà Nẵng,1,2455.2,CTCP Cảng Đà Nẵng | Cảng Đà Nẵng,,Công nghiệp,Vận tải,Hỗ trợ vận tải,company_data/company_name.xlsx ; trading_data/market_caps.parquet ; trading_data/os.xlsx ; industry_classification/industry_classification.xlsx
TICKER:CDP,TICKER,CDP,CTCP Dược phẩm Trung ương Codupha,2,191.19,CTCP Dược phẩm Trung ương Codupha | Dược phẩm Trung ương Codupha,,Hàng tiêu dùng không thiết yếu,Bán lẻ,Bán lẻ,company_data/company_name.xlsx ; trading_data/market_caps.parquet ; trading_data/os.xlsx ; industry_classification/industry_classification.xlsx
TICKER:CEO,TICKER,CEO,CTCP Tập đoàn C.E.O,1,6911.0,CTCP Tập đoàn C.E.O | C.E.O,,Bất động sản,Quản lý và phát triển bất động sản,Bất động sản phức hợp,company_data/company_name.xlsx ; trading_data/market_caps.parquet ; trading_data/os.xlsx ; industry_classification/industry_classification.xlsx
TICKER:CFV,TICKER,CFV,CTCP Cà phê Thắng Lợi,2,169.51,CTCP Cà phê Thắng Lợi | Cà phê Thắng Lợi,,Hàng tiêu dùng thiết yếu,Thực phẩm & Đồ uống,Thực phẩm,company_data/company_name.xlsx ; trading_data/market_caps.parquet ; trading_data/os.xlsx ; industry_classification/industry_classification.xlsx
TICKER:CHP,TICKER,CHP,CTCP Thủy điện Miền Trung,1,4083.34,CTCP Thủy điện Miền Trung | Thủy điện Miền Trung,,Dịch vụ công cộng,Dịch vụ công cộng,Điện,company_data/company_name.xlsx ; trading_data/market_caps.parquet ; trading_data/os.xlsx ; industry_classification/industry_classification.xlsx
TICKER:CHS,TICKER,CHS,CTCP Chiếu sáng Công cộng Thành phố Hồ Chí Minh,2,284.0,CTCP Chiếu sáng Công cộng Thành phố Hồ Chí Minh | Chiếu sáng Công cộng Thành phố Hồ Chí Minh,,Công nghiệp,Các dịch vụ thương mại và chuyên biệt,Dịch vụ hỗ trợ khác,company_data/company_name.xlsx ; trading_data/market_caps.parquet ; trading_data/os.xlsx ; industry_classification/industry_classification.xlsx
TICKER:CIA,TICKER,CIA,CTCP Dịch vụ Sân bay Quốc tế Cam Ranh,2,171.68,CTCP Dịch vụ Sân bay Quốc tế Cam Ranh | Dịch vụ Sân bay Quốc tế Cam Ranh,,Công nghiệp,Cơ sở hạ tầng giao thông vận tải,Dịch vụ sân bay,company_data/company_name.xlsx ; trading_data/market_caps.parquet ; trading_data/os.xlsx ; industry_classification/industry_classification.xlsx
TICKER:CIG,TICKER,CIG,CTCP COMA 18,1,365.96,CTCP COMA 18 | COMA 18,,Bất động sản,Quản lý và phát triển bất động sản,Bất động sản phức hợp,company_data/company_name.xlsx ; trading_data/market_caps.parquet ; trading_data/os.xlsx ; industry_classification/industry_classification.xlsx
TICKER:CII,TICKER,CII,CTCP Đầu tư Hạ tầng Kỹ thuật Thành phố Hồ Chí Minh,1,8702.21,CTCP Đầu tư Hạ tầng Kỹ thuật Thành phố Hồ Chí Minh | Đầu tư Hạ tầng Kỹ thuật Thành phố Hồ Chí Minh,,Bất động sản,Quản lý và phát triển bất động sản,Bất động sản phức hợp,company_data/company_name.xlsx ; trading_data/market_caps.parquet ; trading_data/os.xlsx ; industry_classification/industry_classification.xlsx
TICKER:CJC,TICKER,CJC,CTCP Cơ điện Miền Trung,2,158.4,CTCP Cơ điện Miền Trung | Cơ điện Miền Trung,,Công nghiệp,Tư liệu sản xuất,Thiết bị điện,company_data/company_name.xlsx ; trading_data/market_caps.parquet ; trading_data/os.xlsx ; industry_classification/industry_classification.xlsx
TICKER:CKA,TICKER,CKA,CTCP Cơ Khí An Giang,2,226.43,CTCP Cơ Khí An Giang | Cơ Khí An Giang,,Công nghiệp,Tư liệu sản xuất,Máy công nghiệp,company_data/company_name.xlsx ; trading_data/market_caps.parquet ; trading_data/os.xlsx ; industry_classification/industry_classification.xlsx
TICKER:CKD,TICKER,CKD,CTCP Cơ khí Đông Anh LICOGI,1,598.3,CTCP Cơ khí Đông Anh LICOGI | Cơ khí Đông Anh LICOGI,,Nguyên vật liệu,Kim loại & Khai khoáng,Kim loại không chứa sắt,company_data/company_name.xlsx ; trading_data/market_caps.parquet ; trading_data/os.xlsx ; industry_classification/industry_classification.xlsx
TICKER:CKG,TICKER,CKG,CTCP Tập đoàn CIC,1,906.12,CTCP Tập đoàn CIC | CIC,,nan,nan,nan,company_data/company_name.xlsx ; trading_data/market_caps.parquet ; trading_data/os.xlsx ; industry_classification/industry_classification.xlsx
TICKER:CLC,TICKER,CLC,CTCP Cát Lợi,1,1415.21,CTCP Cát Lợi | Cát Lợi,,Hàng tiêu dùng thiết yếu,Thực phẩm & Đồ uống,Thuốc lá,company_data/company_name.xlsx ; trading_data/market_caps.parquet ; trading_data/os.xlsx ; industry_classification/industry_classification.xlsx
TICKER:CLH,TICKER,CLH,CTCP Xi măng La Hiên VVMI,2,240.0,CTCP Xi măng La Hiên VVMI | Xi măng La Hiên VVMI,,Nguyên vật liệu,Vật liệu xây dựng,Vật liệu xây dựng,company_data/company_name.xlsx ; trading_data/market_caps.parquet ; trading_data/os.xlsx ; industry_classification/industry_classification.xlsx
TICKER:CLI,TICKER,CLI,CTCP Tập đoàn CNCTech,1,2445.72,CTCP Tập đoàn CNCTech | CNCTech,,,,,company_data/company_name.xlsx ; trading_data/market_caps.parquet ; trading_data/os.xlsx
TICKER:CLL,TICKER,CLL,CTCP Cảng Cát Lái,1,918.0,CTCP Cảng Cát Lái | Cảng Cát Lái,,Công nghiệp,Cơ sở hạ tầng giao thông vận tải,Dịch vụ cảng biển,company_data/company_name.xlsx ; trading_data/market_caps.parquet ; trading_data/os.xlsx ; industry_classification/industry_classification.xlsx
TICKER:CLM,TICKER,CLM,CTCP Xuất nhập khẩu Than - Vinacomin,1,810.04,CTCP Xuất nhập khẩu Than - Vinacomin | Xuất nhập khẩu Than - Vinacomin,,Năng lượng,Năng lượng,Than đá và nhiên liệu khác,company_data/company_name.xlsx ; trading_data/market_caps.parquet ; trading_data/os.xlsx ; industry_classification/industry_classification.xlsx
TICKER:CLW,TICKER,CLW,CTCP Cấp nước Chợ Lớn,1,582.4,CTCP Cấp nước Chợ Lớn | Cấp nước Chợ Lớn,,Dịch vụ công cộng,Dịch vụ công cộng,Nước,company_data/company_name.xlsx ; trading_data/market_caps.parquet ; trading_data/os.xlsx ; industry_classification/industry_classification.xlsx
TICKER:CLX,TICKER,CLX,CTCP Xuất nhập khẩu và Đầu tư Chợ Lớn (CHOLIMEX),1,1108.48,CTCP Xuất nhập khẩu và Đầu tư Chợ Lớn (CHOLIMEX) | Xuất nhập khẩu và Đầu tư Chợ Lớn | CHOLIMEX,,Hàng tiêu dùng không thiết yếu,Bán lẻ,Bán lẻ,company_data/company_name.xlsx ; trading_data/market_caps.parquet ; trading_data/os.xlsx ; industry_classification/industry_classification.xlsx
TICKER:CMD,TICKER,CMD,CTCP Vật liệu Xây dựng và Trang trí nội thất Thành phố Hồ Chí Minh,2,199.72,CTCP Vật liệu Xây dựng và Trang trí nội thất Thành phố Hồ Chí Minh | Vật liệu Xây dựng và Trang trí nội thất Thành phố Hồ Chí Minh,,Nguyên vật liệu,Vật liệu xây dựng,Vật liệu xây dựng,company_data/company_name.xlsx ; trading_data/market_caps.parquet ; trading_data/os.xlsx ; industry_classification/industry_classification.xlsx
TICKER:CMF,TICKER,CMF,CTCP Thực phẩm Cholimex,1,2806.65,CTCP Thực phẩm Cholimex | Thực phẩm Cholimex,,Hàng tiêu dùng thiết yếu,Thực phẩm & Đồ uống,Thực phẩm,company_data/company_name.xlsx ; trading_data/market_caps.parquet ; trading_data/os.xlsx ; industry_classification/industry_classification.xlsx
TICKER:CMG,TICKER,CMG,CTCP Tập đoàn Công nghệ CMC,1,5240.07,CTCP Tập đoàn Công nghệ CMC | Công nghệ CMC,,Công nghệ,Công nghệ thông tin tích hợp,Công nghệ thông tin tích hợp,company_data/company_name.xlsx ; trading_data/market_caps.parquet ; trading_data/os.xlsx ; industry_classification/industry_classification.xlsx
TICKER:CMM,TICKER,CMM,CTCP Camimex,1,1390.18,CTCP Camimex | Camimex,,Hàng tiêu dùng thiết yếu,Thực phẩm & Đồ uống,Thực phẩm,company_data/company_name.xlsx ; trading_data/market_caps.parquet ; trading_data/os.xlsx ; industry_classification/industry_classification.xlsx
TICKER:CMN,TICKER,CMN,CTCP Lương thực Thực phẩm Colusa - Miliket,2,231.84,CTCP Lương thực Thực phẩm Colusa - Miliket | Lương thực Thực phẩm Colusa - Miliket,,Hàng tiêu dùng thiết yếu,Thực phẩm & Đồ uống,Thực phẩm,company_data/company_name.xlsx ; trading_data/market_caps.parquet ; trading_data/os.xlsx ; industry_classification/industry_classification.xlsx
TICKER:CMP,TICKER,CMP,CTCP Cảng Chân Mây,2,259.24,CTCP Cảng Chân Mây | Cảng Chân Mây,,Công nghiệp,Vận tải,Vận tải biển,company_data/company_name.xlsx ; trading_data/market_caps.parquet ; trading_data/os.xlsx ; industry_classification/industry_classification.xlsx
TICKER:CMS,TICKER,CMS,CTCP Tập Đoàn CMH Việt Nam,2,132.35,CTCP Tập Đoàn CMH Việt Nam | CMH Việt Nam,,Công nghiệp,Tư liệu sản xuất,Xây dựng,company_data/company_name.xlsx ; trading_data/market_caps.parquet ; trading_data/os.xlsx ; industry_classification/industry_classification.xlsx
TICKER:CMV,TICKER,CMV,CTCP Thương nghiệp Cà Mau,2,163.04,CTCP Thương nghiệp Cà Mau | Thương nghiệp Cà Mau,,Hàng tiêu dùng không thiết yếu,Bán lẻ,Bán lẻ,company_data/company_name.xlsx ; trading_data/market_caps.parquet ; trading_data/os.xlsx ; industry_classification/industry_classification.xlsx
TICKER:CMW,TICKER,CMW,CTCP Cấp nước Cà Mau,2,217.49,CTCP Cấp nước Cà Mau | Cấp nước Cà Mau,,Dịch vụ công cộng,Dịch vụ công cộng,Nước,company_data/company_name.xlsx ; trading_data/market_caps.parquet ; trading_data/os.xlsx ; industry_classification/industry_classification.xlsx
TICKER:CMX,TICKER,CMX,CTCP Camimex Group,1,464.66,CTCP Camimex Group | Camimex Group,,Hàng tiêu dùng thiết yếu,Thực phẩm & Đồ uống,Thực phẩm,company_data/company_name.xlsx ; trading_data/market_caps.parquet ; trading_data/os.xlsx ; industry_classification/industry_classification.xlsx
TICKER:CNA,TICKER,CNA,CTCP Tổng Công ty Chè Nghệ An,2,149.94,CTCP Tổng Công ty Chè Nghệ An | Chè Nghệ An,,Hàng tiêu dùng thiết yếu,Thực phẩm & Đồ uống,Thực phẩm,company_data/company_name.xlsx ; trading_data/market_caps.parquet ; trading_data/os.xlsx ; industry_classification/industry_classification.xlsx
TICKER:CNC,TICKER,CNC,CTCP Công nghệ Cao Traphaco,1,342.07,CTCP Công nghệ Cao Traphaco | Công nghệ Cao Traphaco,,Y tế,Dược phẩm & Công nghệ sinh học,Dược phẩm,company_data/company_name.xlsx ; trading_data/market_caps.parquet ; trading_data/os.xlsx ; industry_classification/industry_classification.xlsx
TICKER:CNG,TICKER,CNG,CTCP CNG Việt Nam,1,772.18,CTCP CNG Việt Nam | CNG Việt Nam,,Năng lượng,Năng lượng,Dầu khí,company_data/company_name.xlsx ; trading_data/market_caps.parquet ; trading_data/os.xlsx ; industry_classification/industry_classification.xlsx
TICKER:CNN,TICKER,CNN,"CTCP Tư vấn Công nghệ, Thiết bị và Kiểm Định Xây dựng - Coninco",1,488.4,"CTCP Tư vấn Công nghệ, Thiết bị và Kiểm Định Xây dựng - Coninco | Tư vấn Công nghệ, Thiết bị và Kiểm Định Xây dựng - Coninco",,Công nghiệp,Các dịch vụ thương mại và chuyên biệt,Dịch vụ tư vấn & nghiên cứu,company_data/company_name.xlsx ; trading_data/market_caps.parquet ; trading_data/os.xlsx ; industry_classification/industry_classification.xlsx
TICKER:CNT,TICKER,CNT,CTCP Tập đoàn CNT,1,326.9,CTCP Tập đoàn CNT | CNT,,Bất động sản,Quản lý và phát triển bất động sản,Bất động sản phức hợp,company_data/company_name.xlsx ; trading_data/market_caps.parquet ; trading_data/os.xlsx ; industry_classification/industry_classification.xlsx
TICKER:COM,TICKER,COM,CTCP Vật tư - Xăng Dầu,1,352.31,CTCP Vật tư - Xăng Dầu | Vật tư - Xăng Dầu,,Hàng tiêu dùng không thiết yếu,Bán lẻ,Bán lẻ,company_data/company_name.xlsx ; trading_data/market_caps.parquet ; trading_data/os.xlsx ; industry_classification/industry_classification.xlsx
TICKER:CPA,TICKER,CPA,CTCP Cà phê Phước An,2,203.2,CTCP Cà phê Phước An | Cà phê Phước An,,Hàng tiêu dùng thiết yếu,Thực phẩm & Đồ uống,Thực phẩm,company_data/company_name.xlsx ; trading_data/market_caps.parquet ; trading_data/os.xlsx ; industry_classification/industry_classification.xlsx
TICKER:CPI,TICKER,CPI,CTCP Đầu tư Cảng Cái Lân,2,156.97,CTCP Đầu tư Cảng Cái Lân | Đầu tư Cảng Cái Lân,,Công nghiệp,Cơ sở hạ tầng giao thông vận tải,Dịch vụ cảng biển,company_data/company_name.xlsx ; trading_data/market_caps.parquet ; trading_data/os.xlsx ; industry_classification/industry_classification.xlsx
TICKER:CQN,TICKER,CQN,CTCP Cảng Quảng Ninh,1,2236.49,CTCP Cảng Quảng Ninh | Cảng Quảng Ninh,,Công nghiệp,Cơ sở hạ tầng giao thông vận tải,Dịch vụ cảng biển,company_data/company_name.xlsx ; trading_data/market_caps.parquet ; trading_data/os.xlsx ; industry_classification/industry_classification.xlsx
TICKER:CQT,TICKER,CQT,CTCP Xi măng Quán Triều VVMI,2,160.0,CTCP Xi măng Quán Triều VVMI | Xi măng Quán Triều VVMI,,Nguyên vật liệu,Vật liệu xây dựng,Vật liệu xây dựng,company_data/company_name.xlsx ; trading_data/market_caps.parquet ; trading_data/os.xlsx ; industry_classification/industry_classification.xlsx
TICKER:CRC,TICKER,CRC,CTCP Create Capital Việt Nam,1,551.64,CTCP Create Capital Việt Nam | Create Capital Việt Nam,,Nguyên vật liệu,Vật liệu xây dựng,Vật liệu xây dựng,company_data/company_name.xlsx ; trading_data/market_caps.parquet ; trading_data/os.xlsx ; industry_classification/industry_classification.xlsx
TICKER:CRE,TICKER,CRE,CTCP Bất động sản Thế Kỷ,1,2874.81,CTCP Bất động sản Thế Kỷ | Bất động sản Thế Kỷ,,Bất động sản,Quản lý và phát triển bất động sản,Bất động sản phức hợp,company_data/company_name.xlsx ; trading_data/market_caps.parquet ; trading_data/os.xlsx ; industry_classification/industry_classification.xlsx
TICKER:CRV,TICKER,CRV,CTCP Tập đoàn Bất động sản CRV,1,16016.42,CTCP Tập đoàn Bất động sản CRV | Bất động sản CRV,,,,,company_data/company_name.xlsx ; trading_data/market_caps.parquet ; trading_data/os.xlsx
TICKER:CSC,TICKER,CSC,CTCP Tập đoàn Cotana,1,389.27,CTCP Tập đoàn Cotana | Cotana,,Bất động sản,Quản lý và phát triển bất động sản,Bất động sản phức hợp,company_data/company_name.xlsx ; trading_data/market_caps.parquet ; trading_data/os.xlsx ; industry_classification/industry_classification.xlsx
TICKER:CSI,TICKER,CSI,CTCP Chứng khoán Kirin,2,255.36,CTCP Chứng khoán Kirin | Chứng khoán Kirin,,Tài chính,Công ty chứng khoán,Công ty chứng khoán,company_data/company_name.xlsx ; trading_data/market_caps.parquet ; trading_data/os.xlsx ; industry_classification/industry_classification.xlsx
TICKER:CSM,TICKER,CSM,CTCP Công nghiệp Cao su Miền Nam,1,1295.32,CTCP Công nghiệp Cao su Miền Nam | Công nghiệp Cao su Miền Nam,,Hàng tiêu dùng không thiết yếu,Ô tô & Phụ tùng,Lốp & Cao su,company_data/company_name.xlsx ; trading_data/market_caps.parquet ; trading_data/os.xlsx ; industry_classification/industry_classification.xlsx
TICKER:CST,TICKER,CST,CTCP Than Cao Sơn - TKV,1,428.47,CTCP Than Cao Sơn - TKV | Than Cao Sơn - TKV,,Năng lượng,Năng lượng,Than đá và nhiên liệu khác,company_data/company_name.xlsx ; trading_data/market_caps.parquet ; trading_data/os.xlsx ; industry_classification/industry_classification.xlsx
TICKER:CSV,TICKER,CSV,CTCP Hóa chất Cơ bản Miền Nam,1,2237.62,CTCP Hóa chất Cơ bản Miền Nam | Hóa chất Cơ bản Miền Nam,,Nguyên vật liệu,Nguyên vật liệu,Hóa chất,company_data/company_name.xlsx ; trading_data/market_caps.parquet ; trading_data/os.xlsx ; industry_classification/industry_classification.xlsx
TICKER:CTB,TICKER,CTB,CTCP Chế tạo Bơm Hải Dương,1,336.96,CTCP Chế tạo Bơm Hải Dương | Chế tạo Bơm Hải Dương,,Công nghiệp,Tư liệu sản xuất,Máy công nghiệp,company_data/company_name.xlsx ; trading_data/market_caps.parquet ; trading_data/os.xlsx ; industry_classification/industry_classification.xlsx
TICKER:CTD,TICKER,CTD,CTCP Xây dựng Coteccons,1,6485.75,CTCP Xây dựng Coteccons | Xây dựng Coteccons,,Công nghiệp,Tư liệu sản xuất,Xây dựng,company_data/company_name.xlsx ; trading_data/market_caps.parquet ; trading_data/os.xlsx ; industry_classification/industry_classification.xlsx
TICKER:CTF,TICKER,CTF,CTCP City Auto,1,2023.08,CTCP City Auto | City Auto,,Hàng tiêu dùng không thiết yếu,Ô tô & Phụ tùng,Nhà sản xuất ô tô và thiết bị ô tô,company_data/company_name.xlsx ; trading_data/market_caps.parquet ; trading_data/os.xlsx ; industry_classification/industry_classification.xlsx
TICKER:CTG,TICKER,CTG,Ngân hàng TMCP Công Thương Việt Nam,1,231843.3,Ngân hàng TMCP Công Thương Việt Nam | Công Thương Việt Nam | VietinBank | Vietinbank,,Tài chính,Ngân hàng,Ngân hàng,company_data/company_name.xlsx ; trading_data/market_caps.parquet ; trading_data/os.xlsx ; industry_classification/industry_classification.xlsx
TICKER:CTI,TICKER,CTI,CTCP Đầu tư Phát triển Cường Thuận IDICO,1,1074.15,CTCP Đầu tư Phát triển Cường Thuận IDICO | Đầu tư Phát triển Cường Thuận IDICO,,Công nghiệp,Tư liệu sản xuất,Xây dựng,company_data/company_name.xlsx ; trading_data/market_caps.parquet ; trading_data/os.xlsx ; industry_classification/industry_classification.xlsx
TICKER:CTR,TICKER,CTR,Tổng Công ty cổ phần Công trình Viettel,1,9287.94,Tổng Công ty cổ phần Công trình Viettel | Công trình Viettel,,Dịch vụ viễn thông,Dịch vụ viễn thông,Dịch vụ viễn thông đa ngành,company_data/company_name.xlsx ; trading_data/market_caps.parquet ; trading_data/os.xlsx ; industry_classification/industry_classification.xlsx
TICKER:CTS,TICKER,CTS,CTCP Chứng khoán VietinBank,1,5839.65,CTCP Chứng khoán VietinBank | Chứng khoán VietinBank,,Tài chính,Công ty chứng khoán,Công ty chứng khoán,company_data/company_name.xlsx ; trading_data/market_caps.parquet ; trading_data/os.xlsx ; industry_classification/industry_classification.xlsx
TICKER:CTW,TICKER,CTW,CTCP Cấp thoát nước Cần Thơ,1,761.6,CTCP Cấp thoát nước Cần Thơ | Cấp thoát nước Cần Thơ,,Dịch vụ công cộng,Dịch vụ công cộng,Nước,company_data/company_name.xlsx ; trading_data/market_caps.parquet ; trading_data/os.xlsx ; industry_classification/industry_classification.xlsx
TICKER:CTX,TICKER,CTX,Tổng Công ty cổ phần Đầu tư Xây dựng và Thương mại Việt Nam,1,481.95,Tổng Công ty cổ phần Đầu tư Xây dựng và Thương mại Việt Nam | Đầu tư Xây dựng và Thương mại Việt Nam,,Bất động sản,Quản lý và phát triển bất động sản,Bất động sản phức hợp,company_data/company_name.xlsx ; trading_data/market_caps.parquet ; trading_data/os.xlsx ; industry_classification/industry_classification.xlsx
TICKER:CVT,TICKER,CVT,CTCP CMC,1,977.81,CTCP CMC | CMC,,Nguyên vật liệu,Vật liệu xây dựng,Vật liệu xây dựng,company_data/company_name.xlsx ; trading_data/market_caps.parquet ; trading_data/os.xlsx ; industry_classification/industry_classification.xlsx
TICKER:D11,TICKER,D11,CTCP Địa ốc 11,2,101.25,CTCP Địa ốc 11 | Địa ốc 11,,Bất động sản,Quản lý và phát triển bất động sản,Bất động sản phức hợp,company_data/company_name.xlsx ; trading_data/market_caps.parquet ; trading_data/os.xlsx ; industry_classification/industry_classification.xlsx
TICKER:D17,TICKER,D17,CTCP Đồng Tân,2,223.54,CTCP Đồng Tân | Đồng Tân,,Nguyên vật liệu,Vật liệu xây dựng,Vật liệu xây dựng,company_data/company_name.xlsx ; trading_data/market_caps.parquet ; trading_data/os.xlsx ; industry_classification/industry_classification.xlsx
TICKER:D2D,TICKER,D2D,CTCP Phát triển Đô thị Công nghiệp số 2,1,912.33,CTCP Phát triển Đô thị Công nghiệp số 2 | Phát triển Đô thị Công nghiệp số 2,,Bất động sản,Quản lý và phát triển bất động sản,Vận hành bất động sản,company_data/company_name.xlsx ; trading_data/market_caps.parquet ; trading_data/os.xlsx ; industry_classification/industry_classification.xlsx
TICKER:DAH,TICKER,DAH,CTCP Tập đoàn Khách sạn Đông Á,2,185.24,CTCP Tập đoàn Khách sạn Đông Á | Khách sạn Đông Á,,Hàng tiêu dùng không thiết yếu,Hàng tiêu dùng lâu bền và trang phục,"Khách sạn, nhà hàng & Giải trí",company_data/company_name.xlsx ; trading_data/market_caps.parquet ; trading_data/os.xlsx ; industry_classification/industry_classification.xlsx
TICKER:DAN,TICKER,DAN,CTCP Dược Danapha,1,523.45,CTCP Dược Danapha | Dược Danapha,,Y tế,Dược phẩm & Công nghệ sinh học,Dược phẩm,company_data/company_name.xlsx ; trading_data/market_caps.parquet ; trading_data/os.xlsx ; industry_classification/industry_classification.xlsx
TICKER:DAT,TICKER,DAT,CTCP Đầu tư du lịch và Phát triển Thủy sản,1,553.83,CTCP Đầu tư du lịch và Phát triển Thủy sản | Đầu tư du lịch và Phát triển Thủy sản,,Hàng tiêu dùng thiết yếu,Thực phẩm & Đồ uống,Thực phẩm,company_data/company_name.xlsx ; trading_data/market_caps.parquet ; trading_data/os.xlsx ; industry_classification/industry_classification.xlsx
TICKER:DBC,TICKER,DBC,CTCP Tập đoàn Dabaco Việt Nam,1,6832.09,CTCP Tập đoàn Dabaco Việt Nam | Dabaco Việt Nam,,Hàng tiêu dùng thiết yếu,Thực phẩm & Đồ uống,Thực phẩm,company_data/company_name.xlsx ; trading_data/market_caps.parquet ; trading_data/os.xlsx ; industry_classification/industry_classification.xlsx
TICKER:DBD,TICKER,DBD,CTCP Dược - Trang thiết bị Y tế Bình Định (Bidiphar),1,4426.82,CTCP Dược - Trang thiết bị Y tế Bình Định (Bidiphar) | Dược - Trang thiết bị Y tế Bình Định | Bidiphar,,Y tế,Dược phẩm & Công nghệ sinh học,Dược phẩm,company_data/company_name.xlsx ; trading_data/market_caps.parquet ; trading_data/os.xlsx ; industry_classification/industry_classification.xlsx
TICKER:DBT,TICKER,DBT,CTCP Dược phẩm Bến Tre,2,287.77,CTCP Dược phẩm Bến Tre | Dược phẩm Bến Tre,,Y tế,Dược phẩm & Công nghệ sinh học,Dược phẩm,company_data/company_name.xlsx ; trading_data/market_caps.parquet ; trading_data/os.xlsx ; industry_classification/industry_classification.xlsx
TICKER:DC4,TICKER,DC4,CTCP DICERA Holdings,1,699.14,CTCP DICERA Holdings | DICERA Holdings,,Công nghiệp,Tư liệu sản xuất,Xây dựng,company_data/company_name.xlsx ; trading_data/market_caps.parquet ; trading_data/os.xlsx ; industry_classification/industry_classification.xlsx
TICKER:DCF,TICKER,DCF,CTCP Xây dựng và Thiết kế Số 1,1,2125.04,CTCP Xây dựng và Thiết kế Số 1 | Xây dựng và Thiết kế Số 1,,Công nghiệp,Tư liệu sản xuất,Xây dựng,company_data/company_name.xlsx ; trading_data/market_caps.parquet ; trading_data/os.xlsx ; industry_classification/industry_classification.xlsx
TICKER:DCG,TICKER,DCG,CTCP Tổng Công ty May Đáp Cầu,2,137.18,CTCP Tổng Công ty May Đáp Cầu | May Đáp Cầu,,Hàng tiêu dùng không thiết yếu,Hàng tiêu dùng lâu bền và trang phục,"Dệt may & Trang phục, phụ kiện",company_data/company_name.xlsx ; trading_data/market_caps.parquet ; trading_data/os.xlsx ; industry_classification/industry_classification.xlsx
TICKER:DCL,TICKER,DCL,CTCP Dược phẩm Cửu Long,1,2775.56,CTCP Dược phẩm Cửu Long | Dược phẩm Cửu Long,,Y tế,Dược phẩm & Công nghệ sinh học,Dược phẩm,company_data/company_name.xlsx ; trading_data/market_caps.parquet ; trading_data/os.xlsx ; industry_classification/industry_classification.xlsx
TICKER:DCM,TICKER,DCM,CTCP - Tổng công ty Phân bón Dầu khí Cà Mau,1,17179.03,CTCP - Tổng công ty Phân bón Dầu khí Cà Mau | Phân bón Dầu khí Cà Mau | Đạm Cà Mau | Phân bón Cà Mau,,nan,nan,nan,company_data/company_name.xlsx ; trading_data/market_caps.parquet ; trading_data/os.xlsx ; industry_classification/industry_classification.xlsx
TICKER:DCV,TICKER,DCV,CTCP Quản lý Quỹ Đầu tư Dragon Capital Việt Nam,1,3931.34,CTCP Quản lý Quỹ Đầu tư Dragon Capital Việt Nam | Quản lý Quỹ Đầu tư Dragon Capital Việt Nam,,,,,company_data/company_name.xlsx ; trading_data/market_caps.parquet ; trading_data/os.xlsx
TICKER:DDB,TICKER,DDB,CTCP Thương mại và Xây dựng Đông Dương,2,109.2,CTCP Thương mại và Xây dựng Đông Dương | Thương mại và Xây dựng Đông Dương,,Nguyên vật liệu,Vật liệu xây dựng,Vật liệu xây dựng,company_data/company_name.xlsx ; trading_data/market_caps.parquet ; trading_data/os.xlsx ; industry_classification/industry_classification.xlsx
TICKER:DDN,TICKER,DDN,CTCP Dược và Thiết bị Y tế Đà Nẵng,2,157.94,CTCP Dược và Thiết bị Y tế Đà Nẵng | Dược và Thiết bị Y tế Đà Nẵng,,Y tế,Dược phẩm & Công nghệ sinh học,Dược phẩm,company_data/company_name.xlsx ; trading_data/market_caps.parquet ; trading_data/os.xlsx ; industry_classification/industry_classification.xlsx
TICKER:DDV,TICKER,DDV,CTCP DAP - VINACHEM,1,2469.26,CTCP DAP - VINACHEM | DAP - VINACHEM,,nan,nan,nan,company_data/company_name.xlsx ; trading_data/market_caps.parquet ; trading_data/os.xlsx ; industry_classification/industry_classification.xlsx
TICKER:DFC,TICKER,DFC,CTCP Xích líp Đông Anh,1,328.32,CTCP Xích líp Đông Anh | Xích líp Đông Anh,,Công nghiệp,Tư liệu sản xuất,Máy công nghiệp,company_data/company_name.xlsx ; trading_data/market_caps.parquet ; trading_data/os.xlsx ; industry_classification/industry_classification.xlsx
TICKER:DGC,TICKER,DGC,CTCP Tập đoàn Hóa chất Đức Giang,1,14203.71,CTCP Tập đoàn Hóa chất Đức Giang | Hóa chất Đức Giang | Đức Giang,,Nguyên vật liệu,Nguyên vật liệu,Hóa chất,company_data/company_name.xlsx ; trading_data/market_caps.parquet ; trading_data/os.xlsx ; industry_classification/industry_classification.xlsx
TICKER:DGT,TICKER,DGT,CTCP Công trình Giao thông Đồng Nai,2,292.3,CTCP Công trình Giao thông Đồng Nai | Công trình Giao thông Đồng Nai,,Nguyên vật liệu,Vật liệu xây dựng,Vật liệu xây dựng,company_data/company_name.xlsx ; trading_data/market_caps.parquet ; trading_data/os.xlsx ; industry_classification/industry_classification.xlsx
TICKER:DGW,TICKER,DGW,CTCP Thế Giới Số,1,10274.61,CTCP Thế Giới Số | Thế Giới Số,,Hàng tiêu dùng không thiết yếu,Bán lẻ,Bán lẻ,company_data/company_name.xlsx ; trading_data/market_caps.parquet ; trading_data/os.xlsx ; industry_classification/industry_classification.xlsx
TICKER:DHA,TICKER,DHA,CTCP Hóa An,1,765.76,CTCP Hóa An | Hóa An,,Nguyên vật liệu,Vật liệu xây dựng,Vật liệu xây dựng,company_data/company_name.xlsx ; trading_data/market_caps.parquet ; trading_data/os.xlsx ; industry_classification/industry_classification.xlsx
TICKER:DHB,TICKER,DHB,CTCP Phân đạm và Hóa chất Hà Bắc,1,2966.98,CTCP Phân đạm và Hóa chất Hà Bắc | Phân đạm và Hóa chất Hà Bắc,,nan,nan,nan,company_data/company_name.xlsx ; trading_data/market_caps.parquet ; trading_data/os.xlsx ; industry_classification/industry_classification.xlsx
TICKER:DHC,TICKER,DHC,CTCP Đông Hải Bến Tre,1,3878.11,CTCP Đông Hải Bến Tre | Đông Hải Bến Tre,,Nguyên vật liệu,Vật liệu xây dựng,Bao bì và đóng gói,company_data/company_name.xlsx ; trading_data/market_caps.parquet ; trading_data/os.xlsx ; industry_classification/industry_classification.xlsx
TICKER:DHD,TICKER,DHD,CTCP Dược Vật tư Y tế Hải Dương,1,1273.17,CTCP Dược Vật tư Y tế Hải Dương | Dược Vật tư Y tế Hải Dương,,Y tế,Dược phẩm & Công nghệ sinh học,Dược phẩm,company_data/company_name.xlsx ; trading_data/market_caps.parquet ; trading_data/os.xlsx ; industry_classification/industry_classification.xlsx
TICKER:DHG,TICKER,DHG,CTCP Dược Hậu Giang,1,11780.22,CTCP Dược Hậu Giang | Dược Hậu Giang,,Y tế,Dược phẩm & Công nghệ sinh học,Dược phẩm,company_data/company_name.xlsx ; trading_data/market_caps.parquet ; trading_data/os.xlsx ; industry_classification/industry_classification.xlsx
TICKER:DHM,TICKER,DHM,CTCP Đầu tư và Thương mại DHM,2,241.4,CTCP Đầu tư và Thương mại DHM | Đầu tư và Thương mại DHM,,Hàng tiêu dùng không thiết yếu,Bán lẻ,Bán lẻ,company_data/company_name.xlsx ; trading_data/market_caps.parquet ; trading_data/os.xlsx ; industry_classification/industry_classification.xlsx
TICKER:DHN,TICKER,DHN,CTCP Dược phẩm Hà Nội,2,100.65,CTCP Dược phẩm Hà Nội | Dược phẩm Hà Nội,,Y tế,Dược phẩm & Công nghệ sinh học,Dược phẩm,company_data/company_name.xlsx ; trading_data/market_caps.parquet ; trading_data/os.xlsx ; industry_classification/industry_classification.xlsx
TICKER:DHT,TICKER,DHT,CTCP Dược phẩm Hà Tây,1,4990.63,CTCP Dược phẩm Hà Tây | Dược phẩm Hà Tây,,Y tế,Dược phẩm & Công nghệ sinh học,Dược phẩm,company_data/company_name.xlsx ; trading_data/market_caps.parquet ; trading_data/os.xlsx ; industry_classification/industry_classification.xlsx
TICKER:DIG,TICKER,DIG,Tổng Công ty cổ phần Đầu tư Phát triển Xây dựng,1,8442.17,Tổng Công ty cổ phần Đầu tư Phát triển Xây dựng | Đầu tư Phát triển Xây dựng,,Bất động sản,Quản lý và phát triển bất động sản,Bất động sản phức hợp,company_data/company_name.xlsx ; trading_data/market_caps.parquet ; trading_data/os.xlsx ; industry_classification/industry_classification.xlsx
TICKER:DKG,TICKER,DKG,CTCP Tập đoàn Damik,2,160.32,CTCP Tập đoàn Damik | Damik,,Nguyên vật liệu,Vật liệu xây dựng,Vật liệu xây dựng,company_data/company_name.xlsx ; trading_data/market_caps.parquet ; trading_data/os.xlsx ; industry_classification/industry_classification.xlsx
TICKER:DL1,TICKER,DL1,CTCP Tập đoàn Alpha Seven,1,722.4,CTCP Tập đoàn Alpha Seven | Alpha Seven,,Dịch vụ công cộng,Dịch vụ công cộng,Điện,company_data/company_name.xlsx ; trading_data/market_caps.parquet ; trading_data/os.xlsx ; industry_classification/industry_classification.xlsx
TICKER:DLG,TICKER,DLG,CTCP Tập đoàn Đức Long Gia Lai,1,604.61,CTCP Tập đoàn Đức Long Gia Lai | Đức Long Gia Lai,,Công nghệ,Phần cứng,Phần cứng,company_data/company_name.xlsx ; trading_data/market_caps.parquet ; trading_data/os.xlsx ; industry_classification/industry_classification.xlsx
TICKER:DM7,TICKER,DM7,CTCP Dệt May 7,2,254.28,CTCP Dệt May 7 | Dệt May 7,,Hàng tiêu dùng không thiết yếu,Hàng tiêu dùng lâu bền và trang phục,"Dệt may & Trang phục, phụ kiện",company_data/company_name.xlsx ; trading_data/market_caps.parquet ; trading_data/os.xlsx ; industry_classification/industry_classification.xlsx
TICKER:DMC,TICKER,DMC,CTCP Xuất nhập khẩu Y Tế DOMESCO,1,2014.19,CTCP Xuất nhập khẩu Y Tế DOMESCO | Xuất nhập khẩu Y Tế DOMESCO,,Y tế,Dịch vụ & thiết bị y tế,Thiết bị & Vật tư y tế,company_data/company_name.xlsx ; trading_data/market_caps.parquet ; trading_data/os.xlsx ; industry_classification/industry_classification.xlsx
TICKER:DMN,TICKER,DMN,CTCP Domenal,2,140.0,CTCP Domenal | Domenal,,Hàng tiêu dùng thiết yếu,Thực phẩm & Đồ uống,Thực phẩm,company_data/company_name.xlsx ; trading_data/market_caps.parquet ; trading_data/os.xlsx ; industry_classification/industry_classification.xlsx
TICKER:DMX,TICKER,DMX,CTCP Đầu tư Điện máy Xanh,1,88740.54,CTCP Đầu tư Điện máy Xanh | Đầu tư Điện máy Xanh,,,,,company_data/company_name.xlsx ; trading_data/market_caps.parquet ; trading_data/os.xlsx
TICKER:DNA,TICKER,DNA,CTCP Điện Nước An Giang,1,1244.88,CTCP Điện Nước An Giang | Điện Nước An Giang,,Dịch vụ công cộng,Dịch vụ công cộng,Điện,company_data/company_name.xlsx ; trading_data/market_caps.parquet ; trading_data/os.xlsx ; industry_classification/industry_classification.xlsx
TICKER:DNC,TICKER,DNC,CTCP Điện Nước Lắp máy Hải Phòng,1,496.72,CTCP Điện Nước Lắp máy Hải Phòng | Điện Nước Lắp máy Hải Phòng,,Dịch vụ công cộng,Dịch vụ công cộng,Điện,company_data/company_name.xlsx ; trading_data/market_caps.parquet ; trading_data/os.xlsx ; industry_classification/industry_classification.xlsx
TICKER:DNH,TICKER,DNH,CTCP Thủy điện Đa Nhim - Hàm Thuận - Đa Mi,1,19008.0,CTCP Thủy điện Đa Nhim - Hàm Thuận - Đa Mi | Thủy điện Đa Nhim - Hàm Thuận - Đa Mi,,Dịch vụ công cộng,Dịch vụ công cộng,Điện,company_data/company_name.xlsx ; trading_data/market_caps.parquet ; trading_data/os.xlsx ; industry_classification/industry_classification.xlsx
TICKER:DNN,TICKER,DNN,CTCP Cấp nước Đà Nẵng,1,846.28,CTCP Cấp nước Đà Nẵng | Cấp nước Đà Nẵng,,Dịch vụ công cộng,Dịch vụ công cộng,Nước,company_data/company_name.xlsx ; trading_data/market_caps.parquet ; trading_data/os.xlsx ; industry_classification/industry_classification.xlsx
TICKER:DNP,TICKER,DNP,CTCP DNP Holding,1,2819.32,CTCP DNP Holding | DNP Holding,,Dịch vụ công cộng,Dịch vụ công cộng,Nước,company_data/company_name.xlsx ; trading_data/market_caps.parquet ; trading_data/os.xlsx ; industry_classification/industry_classification.xlsx
TICKER:DNT,TICKER,DNT,CTCP Du lịch Đồng Nai,2,266.48,CTCP Du lịch Đồng Nai | Du lịch Đồng Nai,,Hàng tiêu dùng không thiết yếu,Hàng tiêu dùng lâu bền và trang phục,"Khách sạn, nhà hàng & Giải trí",company_data/company_name.xlsx ; trading_data/market_caps.parquet ; trading_data/os.xlsx ; industry_classification/industry_classification.xlsx
TICKER:DNW,TICKER,DNW,CTCP Cấp nước Đồng Nai,1,3720.0,CTCP Cấp nước Đồng Nai | Cấp nước Đồng Nai,,Dịch vụ công cộng,Dịch vụ công cộng,Nước,company_data/company_name.xlsx ; trading_data/market_caps.parquet ; trading_data/os.xlsx ; industry_classification/industry_classification.xlsx
TICKER:DP1,TICKER,DP1,CTCP Dược phẩm Trung ương CPC1,1,570.63,CTCP Dược phẩm Trung ương CPC1 | Dược phẩm Trung ương CPC1,,Y tế,Dược phẩm & Công nghệ sinh học,Dược phẩm,company_data/company_name.xlsx ; trading_data/market_caps.parquet ; trading_data/os.xlsx ; industry_classification/industry_classification.xlsx
TICKER:DP3,TICKER,DP3,CTCP Dược phẩm Trung ương 3,1,1326.55,CTCP Dược phẩm Trung ương 3 | Dược phẩm Trung ương 3,,Y tế,Dược phẩm & Công nghệ sinh học,Dược phẩm,company_data/company_name.xlsx ; trading_data/market_caps.parquet ; trading_data/os.xlsx ; industry_classification/industry_classification.xlsx
TICKER:DPG,TICKER,DPG,CTCP Tập đoàn Đạt Phương,1,3201.85,CTCP Tập đoàn Đạt Phương | Đạt Phương,,Công nghiệp,Tư liệu sản xuất,Xây dựng,company_data/company_name.xlsx ; trading_data/market_caps.parquet ; trading_data/os.xlsx ; industry_classification/industry_classification.xlsx
TICKER:DPH,TICKER,DPH,CTCP Dược phẩm Hải Phòng,2,135.0,CTCP Dược phẩm Hải Phòng | Dược phẩm Hải Phòng,,Y tế,Dược phẩm & Công nghệ sinh học,Dược phẩm,company_data/company_name.xlsx ; trading_data/market_caps.parquet ; trading_data/os.xlsx ; industry_classification/industry_classification.xlsx
TICKER:DPM,TICKER,DPM,Tổng công ty Phân bón và Hóa chất Dầu khí - CTCP,1,14992.35,Tổng công ty Phân bón và Hóa chất Dầu khí - CTCP | Phân bón và Hóa chất Dầu khí | Đạm Phú Mỹ | Phân bón Phú Mỹ,,nan,nan,nan,company_data/company_name.xlsx ; trading_data/market_caps.parquet ; trading_data/os.xlsx ; industry_classification/industry_classification.xlsx
TICKER:DPR,TICKER,DPR,CTCP Cao su Đồng Phú,1,3214.78,CTCP Cao su Đồng Phú | Cao su Đồng Phú,,Hàng tiêu dùng không thiết yếu,Ô tô & Phụ tùng,Lốp & Cao su,company_data/company_name.xlsx ; trading_data/market_caps.parquet ; trading_data/os.xlsx ; industry_classification/industry_classification.xlsx
TICKER:DQC,TICKER,DQC,CTCP Tập đoàn Điện Quang,2,259.05,CTCP Tập đoàn Điện Quang | Điện Quang,,Hàng tiêu dùng không thiết yếu,Hàng tiêu dùng lâu bền và trang phục,Đồ gia dụng lâu bền,company_data/company_name.xlsx ; trading_data/market_caps.parquet ; trading_data/os.xlsx ; industry_classification/industry_classification.xlsx
TICKER:DRC,TICKER,DRC,CTCP Cao su Đà Nẵng,1,1513.41,CTCP Cao su Đà Nẵng | Cao su Đà Nẵng,,Hàng tiêu dùng không thiết yếu,Ô tô & Phụ tùng,Lốp & Cao su,company_data/company_name.xlsx ; trading_data/market_caps.parquet ; trading_data/os.xlsx ; industry_classification/industry_classification.xlsx
TICKER:DRG,TICKER,DRG,CTCP Cao su Đắk Lắk,1,1230.82,CTCP Cao su Đắk Lắk | Cao su Đắk Lắk,,Hàng tiêu dùng không thiết yếu,Ô tô & Phụ tùng,Lốp & Cao su,company_data/company_name.xlsx ; trading_data/market_caps.parquet ; trading_data/os.xlsx ; industry_classification/industry_classification.xlsx
TICKER:DRH,TICKER,DRH,CTCP DRH Holdings,2,197.93,CTCP DRH Holdings | DRH Holdings,,Bất động sản,Quản lý và phát triển bất động sản,Vận hành bất động sản,company_data/company_name.xlsx ; trading_data/market_caps.parquet ; trading_data/os.xlsx ; industry_classification/industry_classification.xlsx
TICKER:DRI,TICKER,DRI,CTCP Đầu tư Cao su Đắk Lắk,1,1039.44,CTCP Đầu tư Cao su Đắk Lắk | Đầu tư Cao su Đắk Lắk,,Hàng tiêu dùng không thiết yếu,Ô tô & Phụ tùng,Lốp & Cao su,company_data/company_name.xlsx ; trading_data/market_caps.parquet ; trading_data/os.xlsx ; industry_classification/industry_classification.xlsx
TICKER:DRL,TICKER,DRL,CTCP Thủy điện - Điện Lực 3,1,402.8,CTCP Thủy điện - Điện Lực 3 | Thủy điện - Điện Lực 3,,Dịch vụ công cộng,Dịch vụ công cộng,Điện,company_data/company_name.xlsx ; trading_data/market_caps.parquet ; trading_data/os.xlsx ; industry_classification/industry_classification.xlsx
TICKER:DSC,TICKER,DSC,CTCP Chứng khoán DSC,1,2709.53,CTCP Chứng khoán DSC | Chứng khoán DSC,,Tài chính,Công ty chứng khoán,Công ty chứng khoán,company_data/company_name.xlsx ; trading_data/market_caps.parquet ; trading_data/os.xlsx ; industry_classification/industry_classification.xlsx
TICKER:DSD,TICKER,DSD,CTCP DHC Suối Đôi,1,1045.36,CTCP DHC Suối Đôi | DHC Suối Đôi,,Hàng tiêu dùng không thiết yếu,Hàng tiêu dùng lâu bền và trang phục,"Khách sạn, nhà hàng & Giải trí",company_data/company_name.xlsx ; trading_data/market_caps.parquet ; trading_data/os.xlsx ; industry_classification/industry_classification.xlsx
TICKER:DSE,TICKER,DSE,CTCP Chứng khoán DNSE,1,9314.43,CTCP Chứng khoán DNSE | Chứng khoán DNSE,,Tài chính,Công ty chứng khoán,Công ty chứng khoán,company_data/company_name.xlsx ; trading_data/market_caps.parquet ; trading_data/os.xlsx ; industry_classification/industry_classification.xlsx
TICKER:DSG,TICKER,DSG,CTCP Kính Đáp Cầu,2,207.0,CTCP Kính Đáp Cầu | Kính Đáp Cầu,,Nguyên vật liệu,Vật liệu xây dựng,Vật liệu xây dựng,company_data/company_name.xlsx ; trading_data/market_caps.parquet ; trading_data/os.xlsx ; industry_classification/industry_classification.xlsx
TICKER:DSH,TICKER,DSH,CTCP Đông Sơn Holding,1,413.0,CTCP Đông Sơn Holding | Đông Sơn Holding,,Công nghiệp,Tư liệu sản xuất,Xây dựng,company_data/company_name.xlsx ; trading_data/market_caps.parquet ; trading_data/os.xlsx ; industry_classification/industry_classification.xlsx
TICKER:DSN,TICKER,DSN,CTCP Công viên nước Đầm Sen,1,443.45,CTCP Công viên nước Đầm Sen | Công viên nước Đầm Sen,,Hàng tiêu dùng không thiết yếu,Hàng tiêu dùng lâu bền và trang phục,"Khách sạn, nhà hàng & Giải trí",company_data/company_name.xlsx ; trading_data/market_caps.parquet ; trading_data/os.xlsx ; industry_classification/industry_classification.xlsx
TICKER:DSP,TICKER,DSP,CTCP Dịch vụ Du lịch Phú Thọ,1,1412.34,CTCP Dịch vụ Du lịch Phú Thọ | Dịch vụ Du lịch Phú Thọ,,Hàng tiêu dùng không thiết yếu,Hàng tiêu dùng lâu bền và trang phục,"Khách sạn, nhà hàng & Giải trí",company_data/company_name.xlsx ; trading_data/market_caps.parquet ; trading_data/os.xlsx ; industry_classification/industry_classification.xlsx
TICKER:DST,TICKER,DST,CTCP Đầu tư Sao Thăng Long,2,225.53,CTCP Đầu tư Sao Thăng Long | Đầu tư Sao Thăng Long,,Hàng tiêu dùng không thiết yếu,Bán lẻ,Bán lẻ,company_data/company_name.xlsx ; trading_data/market_caps.parquet ; trading_data/os.xlsx ; industry_classification/industry_classification.xlsx
TICKER:DTD,TICKER,DTD,CTCP Đầu tư Phát triển Thành Đạt,1,770.21,CTCP Đầu tư Phát triển Thành Đạt | Đầu tư Phát triển Thành Đạt,,Bất động sản,Quản lý và phát triển bất động sản,Vận hành bất động sản,company_data/company_name.xlsx ; trading_data/market_caps.parquet ; trading_data/os.xlsx ; industry_classification/industry_classification.xlsx
TICKER:DTE,TICKER,DTE,CTCP Đầu tư Năng lượng Đại Trường Thành Holdings,2,187.69,CTCP Đầu tư Năng lượng Đại Trường Thành Holdings | Đầu tư Năng lượng Đại Trường Thành Holdings,,Công nghiệp,Tư liệu sản xuất,Xây dựng,company_data/company_name.xlsx ; trading_data/market_caps.parquet ; trading_data/os.xlsx ; industry_classification/industry_classification.xlsx
TICKER:DTG,TICKER,DTG,CTCP Dược phẩm Tipharco,2,134.18,CTCP Dược phẩm Tipharco | Dược phẩm Tipharco,,Y tế,Dược phẩm & Công nghệ sinh học,Dược phẩm,company_data/company_name.xlsx ; trading_data/market_caps.parquet ; trading_data/os.xlsx ; industry_classification/industry_classification.xlsx
TICKER:DTH,TICKER,DTH,CTCP Dược - Vật tư Y Tế Thanh Hóa,2,118.05,CTCP Dược - Vật tư Y Tế Thanh Hóa | Dược - Vật tư Y Tế Thanh Hóa,,Y tế,Dược phẩm & Công nghệ sinh học,Dược phẩm,company_data/company_name.xlsx ; trading_data/market_caps.parquet ; trading_data/os.xlsx ; industry_classification/industry_classification.xlsx
TICKER:DTK,TICKER,DTK,Tổng Công ty Điện lực TKV - CTCP,1,7169.06,Tổng Công ty Điện lực TKV - CTCP | Điện lực TKV,,Dịch vụ công cộng,Dịch vụ công cộng,Điện,company_data/company_name.xlsx ; trading_data/market_caps.parquet ; trading_data/os.xlsx ; industry_classification/industry_classification.xlsx
TICKER:DTL,TICKER,DTL,CTCP Đại Thiên Lộc,1,642.69,CTCP Đại Thiên Lộc | Đại Thiên Lộc,,Nguyên vật liệu,Kim loại & Khai khoáng,Thép,company_data/company_name.xlsx ; trading_data/market_caps.parquet ; trading_data/os.xlsx ; industry_classification/industry_classification.xlsx
TICKER:DTP,TICKER,DTP,CTCP Dược phẩm CPC1 Hà Nội,1,2357.27,CTCP Dược phẩm CPC1 Hà Nội | Dược phẩm CPC1 Hà Nội,,Y tế,Dược phẩm & Công nghệ sinh học,Dược phẩm,company_data/company_name.xlsx ; trading_data/market_caps.parquet ; trading_data/os.xlsx ; industry_classification/industry_classification.xlsx
TICKER:DTT,TICKER,DTT,CTCP Kỹ nghệ Đô Thành,2,128.8,CTCP Kỹ nghệ Đô Thành | Kỹ nghệ Đô Thành,,Nguyên vật liệu,Nguyên vật liệu,Hóa chất,company_data/company_name.xlsx ; trading_data/market_caps.parquet ; trading_data/os.xlsx ; industry_classification/industry_classification.xlsx
TICKER:DVC,TICKER,DVC,CTCP Thương mại Dịch vụ Tổng hợp Cảng Hải Phòng,2,107.94,CTCP Thương mại Dịch vụ Tổng hợp Cảng Hải Phòng | Thương mại Dịch vụ Tổng hợp Cảng Hải Phòng,,Hàng tiêu dùng không thiết yếu,Bán lẻ,Bán lẻ,company_data/company_name.xlsx ; trading_data/market_caps.parquet ; trading_data/os.xlsx ; industry_classification/industry_classification.xlsx
TICKER:DVM,TICKER,DVM,CTCP Dược liệu Việt Nam,2,211.76,CTCP Dược liệu Việt Nam | Dược liệu Việt Nam,,Y tế,Dược phẩm & Công nghệ sinh học,Dược phẩm,company_data/company_name.xlsx ; trading_data/market_caps.parquet ; trading_data/os.xlsx ; industry_classification/industry_classification.xlsx
TICKER:DVN,TICKER,DVN,Tổng Công ty Dược Việt Nam - CTCP,1,4052.7,Tổng Công ty Dược Việt Nam - CTCP | Dược Việt Nam,,Y tế,Dược phẩm & Công nghệ sinh học,Dược phẩm,company_data/company_name.xlsx ; trading_data/market_caps.parquet ; trading_data/os.xlsx ; industry_classification/industry_classification.xlsx
TICKER:DVP,TICKER,DVP,CTCP Đầu tư và Phát triển Cảng Đình Vũ,1,2936.0,CTCP Đầu tư và Phát triển Cảng Đình Vũ | Đầu tư và Phát triển Cảng Đình Vũ,,Công nghiệp,Cơ sở hạ tầng giao thông vận tải,Dịch vụ cảng biển,company_data/company_name.xlsx ; trading_data/market_caps.parquet ; trading_data/os.xlsx ; industry_classification/industry_classification.xlsx
TICKER:DVT,TICKER,DVT,Trung tâm đào tạo nghiệp vụ Giao thông vận tải Bình Định,2,119.1,Trung tâm đào tạo nghiệp vụ Giao thông vận tải Bình Định,,,,,company_data/company_name.xlsx ; trading_data/market_caps.parquet ; trading_data/os.xlsx
TICKER:DWC,TICKER,DWC,CTCP Cấp nước Đắk Lắk,1,346.72,CTCP Cấp nước Đắk Lắk | Cấp nước Đắk Lắk,,Dịch vụ công cộng,Dịch vụ công cộng,Nước,company_data/company_name.xlsx ; trading_data/market_caps.parquet ; trading_data/os.xlsx ; industry_classification/industry_classification.xlsx
TICKER:DWS,TICKER,DWS,CTCP Cấp nước và Môi trường đô thị Đồng Tháp,1,357.67,CTCP Cấp nước và Môi trường đô thị Đồng Tháp | Cấp nước và Môi trường đô thị Đồng Tháp,,Dịch vụ công cộng,Dịch vụ công cộng,Nước,company_data/company_name.xlsx ; trading_data/market_caps.parquet ; trading_data/os.xlsx ; industry_classification/industry_classification.xlsx
TICKER:DXG,TICKER,DXG,CTCP Bluemarq Group,1,13632.13,CTCP Bluemarq Group | Bluemarq Group,,Bất động sản,Quản lý và phát triển bất động sản,Bất động sản phức hợp,company_data/company_name.xlsx ; trading_data/market_caps.parquet ; trading_data/os.xlsx ; industry_classification/industry_classification.xlsx
TICKER:DXP,TICKER,DXP,CTCP Cảng Đoạn Xá,1,766.85,CTCP Cảng Đoạn Xá | Cảng Đoạn Xá,,Công nghiệp,Cơ sở hạ tầng giao thông vận tải,Dịch vụ cảng biển,company_data/company_name.xlsx ; trading_data/market_caps.parquet ; trading_data/os.xlsx ; industry_classification/industry_classification.xlsx
TICKER:DXS,TICKER,DXS,CTCP Dịch vụ Bất động sản Đất Xanh,1,3242.98,CTCP Dịch vụ Bất động sản Đất Xanh | Dịch vụ Bất động sản Đất Xanh,,Bất động sản,Quản lý và phát triển bất động sản,Bất động sản phức hợp,company_data/company_name.xlsx ; trading_data/market_caps.parquet ; trading_data/os.xlsx ; industry_classification/industry_classification.xlsx
ETF:E12,ETF,E12,CTCP Xây dựng Điện VNECO12,1,,CTCP Xây dựng Điện VNECO12 | Xây dựng Điện VNECO12,,Công nghiệp,Tư liệu sản xuất,Xây dựng,company_data/company_name.xlsx ; trading_data/market_caps.parquet ; trading_data/os.xlsx ; industry_classification/industry_classification.xlsx
ETF:E1SSHN30,ETF,E1SSHN30,E1SSHN30,1,,,,Tài chính,Quỹ,Quỹ,industry_classification/industry_classification.xlsx
ETF:E1VFVN30,ETF,E1VFVN30,Quỹ ETF DCVFMVN30,1,,Quỹ ETF DCVFMVN30 | DCVFMVN30,,Tài chính,Quỹ,Quỹ,company_data/etf_name.xlsx ; industry_classification/industry_classification.xlsx
TICKER:EBS,TICKER,EBS,CTCP Sách Giáo dục tại Thành phố Hà Nội,2,105.64,CTCP Sách Giáo dục tại Thành phố Hà Nội | Sách Giáo dục tại Thành phố Hà Nội,,Hàng tiêu dùng không thiết yếu,Truyền thông và xuất bản,Truyền thông và xuất bản,company_data/company_name.xlsx ; trading_data/market_caps.parquet ; trading_data/os.xlsx ; industry_classification/industry_classification.xlsx
TICKER:ECO,TICKER,ECO,CTCP Nhựa sinh thái Việt Nam,1,2079.74,CTCP Nhựa sinh thái Việt Nam | Nhựa sinh thái Việt Nam,,Nguyên vật liệu,Vật liệu xây dựng,Bao bì và đóng gói,company_data/company_name.xlsx ; trading_data/market_caps.parquet ; trading_data/os.xlsx ; industry_classification/industry_classification.xlsx
TICKER:EIB,TICKER,EIB,Ngân hàng TMCP Xuất nhập khẩu Việt Nam,1,29803.53,Ngân hàng TMCP Xuất nhập khẩu Việt Nam | Xuất nhập khẩu Việt Nam | Eximbank,,Tài chính,Ngân hàng,Ngân hàng,company_data/company_name.xlsx ; trading_data/market_caps.parquet ; trading_data/os.xlsx ; industry_classification/industry_classification.xlsx
TICKER:EIC,TICKER,EIC,CTCP EVN Quốc tế,1,696.87,CTCP EVN Quốc tế | EVN Quốc tế,,Công nghiệp,Các dịch vụ thương mại và chuyên biệt,Dịch vụ tư vấn & nghiên cứu,company_data/company_name.xlsx ; trading_data/market_caps.parquet ; trading_data/os.xlsx ; industry_classification/industry_classification.xlsx
TICKER:EID,TICKER,EID,CTCP Đầu tư và Phát triển Giáo dục Hà Nội,2,283.5,CTCP Đầu tư và Phát triển Giáo dục Hà Nội | Đầu tư và Phát triển Giáo dục Hà Nội,,Hàng tiêu dùng không thiết yếu,Truyền thông và xuất bản,Truyền thông và xuất bản,company_data/company_name.xlsx ; trading_data/market_caps.parquet ; trading_data/os.xlsx ; industry_classification/industry_classification.xlsx
TICKER:ELC,TICKER,ELC,CTCP Công Nghệ - Viễn Thông Elcom,1,1566.08,CTCP Công Nghệ - Viễn Thông Elcom | Công Nghệ - Viễn Thông Elcom,,Công nghệ,Công nghệ thông tin tích hợp,Công nghệ thông tin tích hợp,company_data/company_name.xlsx ; trading_data/market_caps.parquet ; trading_data/os.xlsx ; industry_classification/industry_classification.xlsx
TICKER:EME,TICKER,EME,CTCP Điện cơ,2,113.41,CTCP Điện cơ | Điện cơ,,Công nghiệp,Tư liệu sản xuất,Thiết bị điện,company_data/company_name.xlsx ; trading_data/market_caps.parquet ; trading_data/os.xlsx ; industry_classification/industry_classification.xlsx
TICKER:EMS,TICKER,EMS,Tổng Công ty Chuyển phát nhanh Bưu Điện - CTCP,1,377.99,Tổng Công ty Chuyển phát nhanh Bưu Điện - CTCP | Chuyển phát nhanh Bưu Điện,,Công nghiệp,Vận tải,Hỗ trợ vận tải,company_data/company_name.xlsx ; trading_data/market_caps.parquet ; trading_data/os.xlsx ; industry_classification/industry_classification.xlsx
TICKER:EVE,TICKER,EVE,CTCP Everpia,1,349.27,CTCP Everpia | Everpia,,Hàng tiêu dùng không thiết yếu,Hàng tiêu dùng lâu bền và trang phục,"Dệt may & Trang phục, phụ kiện",company_data/company_name.xlsx ; trading_data/market_caps.parquet ; trading_data/os.xlsx ; industry_classification/industry_classification.xlsx
TICKER:EVF,TICKER,EVF,Công ty Tài chính Tổng hợp Cổ phần Điện lực,1,8860.59,Công ty Tài chính Tổng hợp Cổ phần Điện lực,,Tài chính,Ngân hàng,Ngân hàng,company_data/company_name.xlsx ; trading_data/market_caps.parquet ; trading_data/os.xlsx ; industry_classification/industry_classification.xlsx
TICKER:EVG,TICKER,EVG,CTCP Tập đoàn EverLand,1,915.35,CTCP Tập đoàn EverLand | EverLand,,Bất động sản,Quản lý và phát triển bất động sản,Bất động sản phức hợp,company_data/company_name.xlsx ; trading_data/market_caps.parquet ; trading_data/os.xlsx ; industry_classification/industry_classification.xlsx
TICKER:EVS,TICKER,EVS,CTCP Chứng khoán EVS,1,774.56,CTCP Chứng khoán EVS | Chứng khoán EVS,,Tài chính,Công ty chứng khoán,Công ty chứng khoán,company_data/company_name.xlsx ; trading_data/market_caps.parquet ; trading_data/os.xlsx ; industry_classification/industry_classification.xlsx
TICKER:F88,TICKER,F88,CTCP Đầu tư F88,1,13806.53,CTCP Đầu tư F88 | Đầu tư F88,,Tài chính,Tài chính chuyên biệt khác,Tài chính chuyên biệt khác,company_data/company_name.xlsx ; trading_data/market_caps.parquet ; trading_data/os.xlsx ; industry_classification/industry_classification.xlsx
TICKER:FCC,TICKER,FCC,CTCP Liên hợp Thực phẩm,1,479.76,CTCP Liên hợp Thực phẩm | Liên hợp Thực phẩm,,Hàng tiêu dùng không thiết yếu,Hàng tiêu dùng lâu bền và trang phục,"Khách sạn, nhà hàng & Giải trí",company_data/company_name.xlsx ; trading_data/market_caps.parquet ; trading_data/os.xlsx ; industry_classification/industry_classification.xlsx
TICKER:FCM,TICKER,FCM,CTCP Bê tông Phan Vũ Hà Nam,2,136.83,CTCP Bê tông Phan Vũ Hà Nam | Bê tông Phan Vũ Hà Nam,,Nguyên vật liệu,Vật liệu xây dựng,Vật liệu xây dựng,company_data/company_name.xlsx ; trading_data/market_caps.parquet ; trading_data/os.xlsx ; industry_classification/industry_classification.xlsx
TICKER:FCN,TICKER,FCN,CTCP FECON,1,1731.83,CTCP FECON | FECON,,Công nghiệp,Tư liệu sản xuất,Xây dựng,company_data/company_name.xlsx ; trading_data/market_caps.parquet ; trading_data/os.xlsx ; industry_classification/industry_classification.xlsx
TICKER:FCS,TICKER,FCS,CTCP Lương thực Thành phố Hồ Chí Minh,2,194.37,CTCP Lương thực Thành phố Hồ Chí Minh | Lương thực Thành phố Hồ Chí Minh,,Hàng tiêu dùng thiết yếu,Thực phẩm & Đồ uống,Thực phẩm,company_data/company_name.xlsx ; trading_data/market_caps.parquet ; trading_data/os.xlsx ; industry_classification/industry_classification.xlsx
TICKER:FDC,TICKER,FDC,CTCP Ngoại thương và Phát triển Đầu tư Thành phố Hồ Chí Minh,1,874.82,CTCP Ngoại thương và Phát triển Đầu tư Thành phố Hồ Chí Minh | Ngoại thương và Phát triển Đầu tư Thành phố Hồ Chí Minh,,Bất động sản,Quản lý và phát triển bất động sản,Vận hành bất động sản,company_data/company_name.xlsx ; trading_data/market_caps.parquet ; trading_data/os.xlsx ; industry_classification/industry_classification.xlsx
TICKER:FHS,TICKER,FHS,CTCP Phát hành Sách Thành phố Hồ Chí Minh,1,455.22,CTCP Phát hành Sách Thành phố Hồ Chí Minh | Phát hành Sách Thành phố Hồ Chí Minh,,Hàng tiêu dùng không thiết yếu,Truyền thông và xuất bản,Truyền thông và xuất bản,company_data/company_name.xlsx ; trading_data/market_caps.parquet ; trading_data/os.xlsx ; industry_classification/industry_classification.xlsx
TICKER:FIC,TICKER,FIC,Tổng Công ty Vật liệu Xây dựng số 1 - CTCP,1,1981.2,Tổng Công ty Vật liệu Xây dựng số 1 - CTCP | Vật liệu Xây dựng số 1,,Nguyên vật liệu,Vật liệu xây dựng,Vật liệu xây dựng,company_data/company_name.xlsx ; trading_data/market_caps.parquet ; trading_data/os.xlsx ; industry_classification/industry_classification.xlsx
TICKER:FIR,TICKER,FIR,CTCP Địa ốc First Real,2,201.41,CTCP Địa ốc First Real | Địa ốc First Real,,Bất động sản,Quản lý và phát triển bất động sản,Bất động sản phức hợp,company_data/company_name.xlsx ; trading_data/market_caps.parquet ; trading_data/os.xlsx ; industry_classification/industry_classification.xlsx
TICKER:FIT,TICKER,FIT,CTCP Tập đoàn F.I.T,1,979.01,CTCP Tập đoàn F.I.T | F.I.T,,Y tế,Dược phẩm & Công nghệ sinh học,Dược phẩm,company_data/company_name.xlsx ; trading_data/market_caps.parquet ; trading_data/os.xlsx ; industry_classification/industry_classification.xlsx
TICKER:FLC,TICKER,FLC,CTCP Tập đoàn FLC,1,2484.99,CTCP Tập đoàn FLC | FLC,,Bất động sản,Quản lý và phát triển bất động sản,Bất động sản phức hợp,company_data/company_name.xlsx ; trading_data/market_caps.parquet ; trading_data/os.xlsx ; industry_classification/industry_classification.xlsx
TICKER:FMC,TICKER,FMC,CTCP Thực phẩm Sao Ta,1,2164.37,CTCP Thực phẩm Sao Ta | Thực phẩm Sao Ta,,Hàng tiêu dùng thiết yếu,Thực phẩm & Đồ uống,Thực phẩm,company_data/company_name.xlsx ; trading_data/market_caps.parquet ; trading_data/os.xlsx ; industry_classification/industry_classification.xlsx
TICKER:FOC,TICKER,FOC,CTCP Dịch vụ Trực tuyến FPT,1,1129.14,CTCP Dịch vụ Trực tuyến FPT | Dịch vụ Trực tuyến FPT,,Hàng tiêu dùng không thiết yếu,Truyền thông và xuất bản,Truyền thông và xuất bản,company_data/company_name.xlsx ; trading_data/market_caps.parquet ; trading_data/os.xlsx ; industry_classification/industry_classification.xlsx
TICKER:FOX,TICKER,FOX,CTCP Viễn thông FPT,1,44990.69,CTCP Viễn thông FPT | Viễn thông FPT,,Dịch vụ viễn thông,Dịch vụ viễn thông,Dịch vụ viễn thông đa ngành,company_data/company_name.xlsx ; trading_data/market_caps.parquet ; trading_data/os.xlsx ; industry_classification/industry_classification.xlsx
TICKER:FPT,TICKER,FPT,CTCP FPT,1,124117.23,CTCP FPT | FPT | FPT Corporation | Tập đoàn FPT,,Công nghệ,Phần mềm,Phần mềm,company_data/company_name.xlsx ; trading_data/market_caps.parquet ; trading_data/os.xlsx ; industry_classification/industry_classification.xlsx
TICKER:FRM,TICKER,FRM,CTCP Lâm Nghiệp Sài Gòn,2,134.55,CTCP Lâm Nghiệp Sài Gòn | Lâm Nghiệp Sài Gòn,,Nguyên vật liệu,Giấy và các sản phẩm từ gỗ,Gỗ và các sản phẩm từ gỗ,company_data/company_name.xlsx ; trading_data/market_caps.parquet ; trading_data/os.xlsx ; industry_classification/industry_classification.xlsx
TICKER:FRT,TICKER,FRT,CTCP Bán lẻ Kỹ thuật số FPT,1,23782.4,CTCP Bán lẻ Kỹ thuật số FPT | Bán lẻ Kỹ thuật số FPT | FPT Retail,,Hàng tiêu dùng không thiết yếu,Bán lẻ,Bán lẻ,company_data/company_name.xlsx ; trading_data/market_caps.parquet ; trading_data/os.xlsx ; industry_classification/industry_classification.xlsx
TICKER:FT1,TICKER,FT1,CTCP Phụ tùng Máy số 1,2,273.99,CTCP Phụ tùng Máy số 1 | Phụ tùng Máy số 1,,Hàng tiêu dùng không thiết yếu,Ô tô & Phụ tùng,Nhà sản xuất ô tô và thiết bị ô tô,company_data/company_name.xlsx ; trading_data/market_caps.parquet ; trading_data/os.xlsx ; industry_classification/industry_classification.xlsx
TICKER:FTS,TICKER,FTS,CTCP Chứng khoán FPT,1,7661.03,CTCP Chứng khoán FPT | Chứng khoán FPT,,Tài chính,Công ty chứng khoán,Công ty chứng khoán,company_data/company_name.xlsx ; trading_data/market_caps.parquet ; trading_data/os.xlsx ; industry_classification/industry_classification.xlsx
ETF:FUCTVGF1,ETF,FUCTVGF1,FUCTVGF1,1,,,,Tài chính,Quỹ,Quỹ,industry_classification/industry_classification.xlsx
ETF:FUCTVGF2,ETF,FUCTVGF2,FUCTVGF2,1,,,,Tài chính,Quỹ,Quỹ,industry_classification/industry_classification.xlsx
ETF:FUCTVGF3,ETF,FUCTVGF3,Quỹ Đầu tư Tăng trưởng Thiên Việt 3,1,,Quỹ Đầu tư Tăng trưởng Thiên Việt 3 | Tăng trưởng Thiên Việt 3,,Tài chính,Quỹ,Quỹ,company_data/etf_name.xlsx ; industry_classification/industry_classification.xlsx
ETF:FUCTVGF4,ETF,FUCTVGF4,Quỹ Đầu tư Tăng trưởng Thiên Việt 4,1,,Quỹ Đầu tư Tăng trưởng Thiên Việt 4 | Tăng trưởng Thiên Việt 4,,,,,company_data/etf_name.xlsx
ETF:FUCTVGF5,ETF,FUCTVGF5,Quỹ đầu tư tăng trưởng Thiên Việt 5,1,,Quỹ đầu tư tăng trưởng Thiên Việt 5 | tăng trưởng Thiên Việt 5,,Tài chính,Quỹ,Quỹ,company_data/etf_name.xlsx ; industry_classification/industry_classification.xlsx
ETF:FUCVREIT,ETF,FUCVREIT,Quỹ đầu tư Bất động sản Techcom Việt Nam,1,,Quỹ đầu tư Bất động sản Techcom Việt Nam | Bất động sản Techcom Việt Nam,,Tài chính,Quỹ,Quỹ,company_data/etf_name.xlsx ; industry_classification/industry_classification.xlsx
ETF:FUEABVND,ETF,FUEABVND,Chứng chỉ Quỹ ETF ABFVN DIAMOND,1,,Chứng chỉ Quỹ ETF ABFVN DIAMOND | ABFVN DIAMOND,,,,,company_data/etf_name.xlsx
ETF:FUEBFVND,ETF,FUEBFVND,Chứng chỉ Quỹ ETF BVFVN DIAMOND,1,,Chứng chỉ Quỹ ETF BVFVN DIAMOND | BVFVN DIAMOND,,,,,company_data/etf_name.xlsx
ETF:FUEDCMID,ETF,FUEDCMID,Chứng chỉ Quỹ ETF DCVFMVNMIDCAP,1,,Chứng chỉ Quỹ ETF DCVFMVNMIDCAP | DCVFMVNMIDCAP,,Tài chính,Quỹ,Quỹ,company_data/etf_name.xlsx ; industry_classification/industry_classification.xlsx
ETF:FUEFCV50,ETF,FUEFCV50,Chứng chỉ Quỹ ETF FPT CAPITAL VNX50,1,,Chứng chỉ Quỹ ETF FPT CAPITAL VNX50 | FPT CAPITAL VNX50,,Tài chính,Quỹ,Quỹ,company_data/etf_name.xlsx ; industry_classification/industry_classification.xlsx
ETF:FUEIP100,ETF,FUEIP100,Chứng chỉ Quỹ ETF IPAAM VN100,1,,Chứng chỉ Quỹ ETF IPAAM VN100 | IPAAM VN100,,Tài chính,Quỹ,Quỹ,company_data/etf_name.xlsx ; industry_classification/industry_classification.xlsx
ETF:FUEKIV30,ETF,FUEKIV30,Chứng chỉ Quỹ ETF KIM GROWTH VN30,1,,Chứng chỉ Quỹ ETF KIM GROWTH VN30 | KIM GROWTH VN30,,Tài chính,Quỹ,Quỹ,company_data/etf_name.xlsx ; industry_classification/industry_classification.xlsx
ETF:FUEKIVFS,ETF,FUEKIVFS,Chứng chỉ Quỹ ETF Kim Growth VNFINSELECT,1,,Chứng chỉ Quỹ ETF Kim Growth VNFINSELECT | Kim Growth VNFINSELECT,,Tài chính,Quỹ,Quỹ,company_data/etf_name.xlsx ; industry_classification/industry_classification.xlsx
ETF:FUEKIVND,ETF,FUEKIVND,Chứng chỉ Quỹ ETF KIM GROWTH VN DIAMOND,1,,Chứng chỉ Quỹ ETF KIM GROWTH VN DIAMOND | KIM GROWTH VN DIAMOND,,Tài chính,Quỹ,Quỹ,company_data/etf_name.xlsx ; industry_classification/industry_classification.xlsx
ETF:FUEMAV30,ETF,FUEMAV30,Quỹ ETF MAFM VN30,1,,Quỹ ETF MAFM VN30 | MAFM VN30,,Tài chính,Quỹ,Quỹ,company_data/etf_name.xlsx ; industry_classification/industry_classification.xlsx
ETF:FUEMAVND,ETF,FUEMAVND,Chứng chỉ Quỹ ETF MAFM VNDIAMOND,1,,Chứng chỉ Quỹ ETF MAFM VNDIAMOND | MAFM VNDIAMOND,,Tài chính,Quỹ,Quỹ,company_data/etf_name.xlsx ; industry_classification/industry_classification.xlsx
ETF:FUEMITEC,ETF,FUEMITEC,Quỹ ETF VINACAPITAL VNMITECH,1,,Quỹ ETF VINACAPITAL VNMITECH | VINACAPITAL VNMITECH,,,,,company_data/etf_name.xlsx
ETF:FUESSV30,ETF,FUESSV30,Quỹ ETF SSIAM VN30,1,,Quỹ ETF SSIAM VN30 | SSIAM VN30,,Tài chính,Quỹ,Quỹ,company_data/etf_name.xlsx ; industry_classification/industry_classification.xlsx
ETF:FUESSV50,ETF,FUESSV50,Quỹ ETF SSIAM VNX50,1,,Quỹ ETF SSIAM VNX50 | SSIAM VNX50,,Tài chính,Quỹ,Quỹ,company_data/etf_name.xlsx ; industry_classification/industry_classification.xlsx
ETF:FUESSVFL,ETF,FUESSVFL,Quỹ ETF SSIAM VNFIN LEAD,1,,Quỹ ETF SSIAM VNFIN LEAD | SSIAM VNFIN LEAD,,Tài chính,Quỹ,Quỹ,company_data/etf_name.xlsx ; industry_classification/industry_classification.xlsx
ETF:FUETCC50,ETF,FUETCC50,Chứng chỉ Quỹ ETF TECHCOM CAPITAL VNX50,1,,Chứng chỉ Quỹ ETF TECHCOM CAPITAL VNX50 | TECHCOM CAPITAL VNX50,,Tài chính,Quỹ,Quỹ,company_data/etf_name.xlsx ; industry_classification/industry_classification.xlsx
ETF:FUETPVND,ETF,FUETPVND,Chứng chỉ quỹ ETF VFCVN DIAMOND,1,,Chứng chỉ quỹ ETF VFCVN DIAMOND | VFCVN DIAMOND,,,,,company_data/etf_name.xlsx
ETF:FUEVFVND,ETF,FUEVFVND,Quỹ ETF DCVFMVN DIAMOND,1,,Quỹ ETF DCVFMVN DIAMOND | DCVFMVN DIAMOND,,Tài chính,Quỹ,Quỹ,company_data/etf_name.xlsx ; industry_classification/industry_classification.xlsx
ETF:FUEVN100,ETF,FUEVN100,Quỹ ETF VINACAPITAL VN100,1,,Quỹ ETF VINACAPITAL VN100 | VINACAPITAL VN100,,Tài chính,Quỹ,Quỹ,company_data/etf_name.xlsx ; industry_classification/industry_classification.xlsx
ETF:FUEVN50G,ETF,FUEVN50G,Quỹ ETF VINACAPITAL VN50 GROWTH,1,,Quỹ ETF VINACAPITAL VN50 GROWTH | VINACAPITAL VN50 GROWTH,,,,,company_data/etf_name.xlsx
TICKER:G36,TICKER,G36,Tổng Công ty 36 - CTCP,1,798.84,Tổng Công ty 36 - CTCP,,Công nghiệp,Tư liệu sản xuất,Xây dựng,company_data/company_name.xlsx ; trading_data/market_caps.parquet ; trading_data/os.xlsx ; industry_classification/industry_classification.xlsx
TICKER:GAB,TICKER,GAB,CTCP Đầu tư Khai Khoáng và Quản lý Tài sản FLC,1,2927.14,CTCP Đầu tư Khai Khoáng và Quản lý Tài sản FLC | Đầu tư Khai Khoáng và Quản lý Tài sản FLC,,Nguyên vật liệu,Vật liệu xây dựng,Vật liệu xây dựng,company_data/company_name.xlsx ; trading_data/market_caps.parquet ; trading_data/os.xlsx ; industry_classification/industry_classification.xlsx
TICKER:GAS,TICKER,GAS,Tổng Công ty Khí Việt Nam - CTCP,1,206789.79,Tổng Công ty Khí Việt Nam - CTCP | Khí Việt Nam | PV GAS | PV Gas | PVGas,,Năng lượng,Năng lượng,Dầu khí,company_data/company_name.xlsx ; trading_data/market_caps.parquet ; trading_data/os.xlsx ; industry_classification/industry_classification.xlsx
TICKER:GCF,TICKER,GCF,CTCP Thực phẩm G.C,1,821.68,CTCP Thực phẩm G.C | Thực phẩm G.C,,Hàng tiêu dùng không thiết yếu,Bán lẻ,Bán lẻ,company_data/company_name.xlsx ; trading_data/market_caps.parquet ; trading_data/os.xlsx ; industry_classification/industry_classification.xlsx
TICKER:GDA,TICKER,GDA,CTCP Tôn Đông Á,1,1804.1,CTCP Tôn Đông Á | Tôn Đông Á,,Nguyên vật liệu,Kim loại & Khai khoáng,Thép,company_data/company_name.xlsx ; trading_data/market_caps.parquet ; trading_data/os.xlsx ; industry_classification/industry_classification.xlsx
TICKER:GDH,TICKER,GDH,CTCP Tập đoàn GDC,2,149.4,CTCP Tập đoàn GDC | GDC,,,,,company_data/company_name.xlsx ; trading_data/market_caps.parquet ; trading_data/os.xlsx
TICKER:GDT,TICKER,GDT,CTCP Chế biến Gỗ Đức Thành,1,427.79,CTCP Chế biến Gỗ Đức Thành | Chế biến Gỗ Đức Thành,,Nguyên vật liệu,Giấy và các sản phẩm từ gỗ,Gỗ và các sản phẩm từ gỗ,company_data/company_name.xlsx ; trading_data/market_caps.parquet ; trading_data/os.xlsx ; industry_classification/industry_classification.xlsx
TICKER:GDW,TICKER,GDW,CTCP Cấp nước Gia Định,1,315.4,CTCP Cấp nước Gia Định | Cấp nước Gia Định,,Dịch vụ công cộng,Dịch vụ công cộng,Nước,company_data/company_name.xlsx ; trading_data/market_caps.parquet ; trading_data/os.xlsx ; industry_classification/industry_classification.xlsx
TICKER:GEE,TICKER,GEE,CTCP Điện lực Gelex,1,36956.8,CTCP Điện lực Gelex | Điện lực Gelex,,Công nghiệp,Tư liệu sản xuất,Thiết bị điện,company_data/company_name.xlsx ; trading_data/market_caps.parquet ; trading_data/os.xlsx ; industry_classification/industry_classification.xlsx
TICKER:GEG,TICKER,GEG,CTCP Điện Gia Lai,1,4665.13,CTCP Điện Gia Lai | Điện Gia Lai,,Dịch vụ công cộng,Dịch vụ công cộng,Điện,company_data/company_name.xlsx ; trading_data/market_caps.parquet ; trading_data/os.xlsx ; industry_classification/industry_classification.xlsx
TICKER:GEL,TICKER,GEL,CTCP Hạ tầng GELEX,1,20224.0,CTCP Hạ tầng GELEX | Hạ tầng GELEX,,,,,company_data/company_name.xlsx ; trading_data/market_caps.parquet ; trading_data/os.xlsx
TICKER:GEX,TICKER,GEX,CTCP Tập đoàn GELEX,1,29178.91,CTCP Tập đoàn GELEX | GELEX,,Công nghiệp,Tư liệu sản xuất,Thiết bị điện,company_data/company_name.xlsx ; trading_data/market_caps.parquet ; trading_data/os.xlsx ; industry_classification/industry_classification.xlsx
TICKER:GGG,TICKER,GGG,CTCP Ô tô Giải Phóng,2,103.72,CTCP Ô tô Giải Phóng | Ô tô Giải Phóng,,Hàng tiêu dùng không thiết yếu,Ô tô & Phụ tùng,Nhà sản xuất ô tô và thiết bị ô tô,company_data/company_name.xlsx ; trading_data/market_caps.parquet ; trading_data/os.xlsx ; industry_classification/industry_classification.xlsx
TICKER:GHC,TICKER,GHC,CTCP Thủy điện Gia Lai,1,1182.03,CTCP Thủy điện Gia Lai | Thủy điện Gia Lai,,Dịch vụ công cộng,Dịch vụ công cộng,Điện,company_data/company_name.xlsx ; trading_data/market_caps.parquet ; trading_data/os.xlsx ; industry_classification/industry_classification.xlsx
TICKER:GIC,TICKER,GIC,CTCP VSC Green Logistics,1,302.88,CTCP VSC Green Logistics | VSC Green Logistics,,Công nghiệp,Vận tải,Hỗ trợ vận tải,company_data/company_name.xlsx ; trading_data/market_caps.parquet ; trading_data/os.xlsx ; industry_classification/industry_classification.xlsx
TICKER:GIL,TICKER,GIL,CTCP Sản xuất Kinh doanh và Xuất nhập khẩu Bình Thạnh,1,767.05,CTCP Sản xuất Kinh doanh và Xuất nhập khẩu Bình Thạnh | Sản xuất Kinh doanh và Xuất nhập khẩu Bình Thạnh,,Hàng tiêu dùng không thiết yếu,Hàng tiêu dùng lâu bền và trang phục,"Dệt may & Trang phục, phụ kiện",company_data/company_name.xlsx ; trading_data/market_caps.parquet ; trading_data/os.xlsx ; industry_classification/industry_classification.xlsx
TICKER:GLT,TICKER,GLT,CTCP Kỹ thuật Điện Toàn cầu,2,273.27,CTCP Kỹ thuật Điện Toàn cầu | Kỹ thuật Điện Toàn cầu,,Dịch vụ viễn thông,Dịch vụ viễn thông,Dịch vụ viễn thông đa ngành,company_data/company_name.xlsx ; trading_data/market_caps.parquet ; trading_data/os.xlsx ; industry_classification/industry_classification.xlsx
TICKER:GLW,TICKER,GLW,CTCP Cấp thoát nước Gia Lai,2,239.4,CTCP Cấp thoát nước Gia Lai | Cấp thoát nước Gia Lai,,Dịch vụ công cộng,Dịch vụ công cộng,Nước,company_data/company_name.xlsx ; trading_data/market_caps.parquet ; trading_data/os.xlsx ; industry_classification/industry_classification.xlsx
TICKER:GMA,TICKER,GMA,CTCP G-Automobile,1,1140.0,CTCP G-Automobile | G-Automobile,,Công nghiệp,Tư liệu sản xuất,Máy công nghiệp,company_data/company_name.xlsx ; trading_data/market_caps.parquet ; trading_data/os.xlsx ; industry_classification/industry_classification.xlsx
TICKER:GMC,TICKER,GMC,CTCP Garmex Sài Gòn,2,131.8,CTCP Garmex Sài Gòn | Garmex Sài Gòn,,Hàng tiêu dùng không thiết yếu,Hàng tiêu dùng lâu bền và trang phục,"Dệt may & Trang phục, phụ kiện",company_data/company_name.xlsx ; trading_data/market_caps.parquet ; trading_data/os.xlsx ; industry_classification/industry_classification.xlsx
TICKER:GMD,TICKER,GMD,CTCP Tập đoàn Gemadept,1,32293.78,CTCP Tập đoàn Gemadept | Gemadept,,Công nghiệp,Cơ sở hạ tầng giao thông vận tải,Dịch vụ cảng biển,company_data/company_name.xlsx ; trading_data/market_caps.parquet ; trading_data/os.xlsx ; industry_classification/industry_classification.xlsx
TICKER:GMH,TICKER,GMH,CTCP Minh Hưng Quảng Trị,2,113.19,CTCP Minh Hưng Quảng Trị | Minh Hưng Quảng Trị,,Nguyên vật liệu,Vật liệu xây dựng,Vật liệu xây dựng,company_data/company_name.xlsx ; trading_data/market_caps.parquet ; trading_data/os.xlsx ; industry_classification/industry_classification.xlsx
TICKER:GMX,TICKER,GMX,CTCP Gạch ngói Gốm Xây dựng Mỹ Xuân,2,155.39,CTCP Gạch ngói Gốm Xây dựng Mỹ Xuân | Gạch ngói Gốm Xây dựng Mỹ Xuân,,Nguyên vật liệu,Vật liệu xây dựng,Vật liệu xây dựng,company_data/company_name.xlsx ; trading_data/market_caps.parquet ; trading_data/os.xlsx ; industry_classification/industry_classification.xlsx
TICKER:GND,TICKER,GND,CTCP Gạch ngói Đồng Nai,2,233.1,CTCP Gạch ngói Đồng Nai | Gạch ngói Đồng Nai,,Nguyên vật liệu,Vật liệu xây dựng,Vật liệu xây dựng,company_data/company_name.xlsx ; trading_data/market_caps.parquet ; trading_data/os.xlsx ; industry_classification/industry_classification.xlsx
TICKER:GPC,TICKER,GPC,CTCP Tập đoàn Green+,2,102.74,CTCP Tập đoàn Green+ | Green+,,Hàng tiêu dùng không thiết yếu,Bán lẻ,Bán lẻ,company_data/company_name.xlsx ; trading_data/market_caps.parquet ; trading_data/os.xlsx ; industry_classification/industry_classification.xlsx
TICKER:GSM,TICKER,GSM,CTCP Thủy điện Hương Sơn,1,694.06,CTCP Thủy điện Hương Sơn | Thủy điện Hương Sơn,,Dịch vụ công cộng,Dịch vụ công cộng,Điện,company_data/company_name.xlsx ; trading_data/market_caps.parquet ; trading_data/os.xlsx ; industry_classification/industry_classification.xlsx
TICKER:GSP,TICKER,GSP,CTCP Vận tải Sản Phẩm Khí Quốc tế,1,718.92,CTCP Vận tải Sản Phẩm Khí Quốc tế | Vận tải Sản Phẩm Khí Quốc tế,,Công nghiệp,Vận tải,Vận tải biển,company_data/company_name.xlsx ; trading_data/market_caps.parquet ; trading_data/os.xlsx ; industry_classification/industry_classification.xlsx
TICKER:GTD,TICKER,GTD,CTCP Giầy Thượng Đình,1,889.08,CTCP Giầy Thượng Đình | Giầy Thượng Đình,,Hàng tiêu dùng không thiết yếu,Hàng tiêu dùng lâu bền và trang phục,"Dệt may & Trang phục, phụ kiện",company_data/company_name.xlsx ; trading_data/market_caps.parquet ; trading_data/os.xlsx ; industry_classification/industry_classification.xlsx
TICKER:GTS,TICKER,GTS,CTCP Công trình Giao thông Sài Gòn,2,293.55,CTCP Công trình Giao thông Sài Gòn | Công trình Giao thông Sài Gòn,,Công nghiệp,Tư liệu sản xuất,Xây dựng,company_data/company_name.xlsx ; trading_data/market_caps.parquet ; trading_data/os.xlsx ; industry_classification/industry_classification.xlsx
TICKER:GVR,TICKER,GVR,Tập đoàn Công nghiệp Cao su Việt Nam - CTCP,1,119800.0,Tập đoàn Công nghiệp Cao su Việt Nam - CTCP | Công nghiệp Cao su Việt Nam | Tập đoàn Công nghiệp Cao su Việt Nam | Cao su Việt Nam,,Hàng tiêu dùng không thiết yếu,Ô tô & Phụ tùng,Lốp & Cao su,company_data/company_name.xlsx ; trading_data/market_caps.parquet ; trading_data/os.xlsx ; industry_classification/industry_classification.xlsx
TICKER:GVT,TICKER,GVT,CTCP Giấy Việt Trì,1,817.0,CTCP Giấy Việt Trì | Giấy Việt Trì,,Nguyên vật liệu,Giấy và các sản phẩm từ gỗ,Giấy,company_data/company_name.xlsx ; trading_data/market_caps.parquet ; trading_data/os.xlsx ; industry_classification/industry_classification.xlsx
TICKER:HAC,TICKER,HAC,CTCP Chứng khoán Hải Phòng,2,262.59,CTCP Chứng khoán Hải Phòng | Chứng khoán Hải Phòng,,Tài chính,Công ty chứng khoán,Công ty chứng khoán,company_data/company_name.xlsx ; trading_data/market_caps.parquet ; trading_data/os.xlsx ; industry_classification/industry_classification.xlsx
TICKER:HAF,TICKER,HAF,CTCP Thực phẩm Hà Nội,2,246.5,CTCP Thực phẩm Hà Nội | Thực phẩm Hà Nội,,Hàng tiêu dùng thiết yếu,Thực phẩm & Đồ uống,Thực phẩm,company_data/company_name.xlsx ; trading_data/market_caps.parquet ; trading_data/os.xlsx ; industry_classification/industry_classification.xlsx
TICKER:HAG,TICKER,HAG,CTCP Hoàng Anh Gia Lai,1,17426.74,CTCP Hoàng Anh Gia Lai | Hoàng Anh Gia Lai,,Hàng tiêu dùng thiết yếu,Thực phẩm & Đồ uống,Thực phẩm,company_data/company_name.xlsx ; trading_data/market_caps.parquet ; trading_data/os.xlsx ; industry_classification/industry_classification.xlsx
TICKER:HAH,TICKER,HAH,CTCP Vận tải và Xếp dỡ Hải An,1,8623.23,CTCP Vận tải và Xếp dỡ Hải An | Vận tải và Xếp dỡ Hải An,,Công nghiệp,Cơ sở hạ tầng giao thông vận tải,Dịch vụ cảng biển,company_data/company_name.xlsx ; trading_data/market_caps.parquet ; trading_data/os.xlsx ; industry_classification/industry_classification.xlsx
TICKER:HAI,TICKER,HAI,CTCP Nông dược H.A.I,2,274.02,CTCP Nông dược H.A.I | Nông dược H.A.I,,nan,nan,nan,company_data/company_name.xlsx ; trading_data/market_caps.parquet ; trading_data/os.xlsx ; industry_classification/industry_classification.xlsx
TICKER:HAM,TICKER,HAM,CTCP Vật tư Hậu Giang,1,612.42,CTCP Vật tư Hậu Giang | Vật tư Hậu Giang,,Hàng tiêu dùng không thiết yếu,Bán lẻ,Bán lẻ,company_data/company_name.xlsx ; trading_data/market_caps.parquet ; trading_data/os.xlsx ; industry_classification/industry_classification.xlsx
TICKER:HAN,TICKER,HAN,Tổng Công ty Xây dựng Hà Nội - CTCP,1,1071.96,Tổng Công ty Xây dựng Hà Nội - CTCP | Xây dựng Hà Nội,,Công nghiệp,Tư liệu sản xuất,Xây dựng,company_data/company_name.xlsx ; trading_data/market_caps.parquet ; trading_data/os.xlsx ; industry_classification/industry_classification.xlsx
TICKER:HAP,TICKER,HAP,CTCP Tập đoàn Hapaco,1,818.75,CTCP Tập đoàn Hapaco | Hapaco,,Nguyên vật liệu,Giấy và các sản phẩm từ gỗ,Giấy,company_data/company_name.xlsx ; trading_data/market_caps.parquet ; trading_data/os.xlsx ; industry_classification/industry_classification.xlsx
TICKER:HAR,TICKER,HAR,CTCP Đầu tư Thương mại Bất động sản An Dương Thảo Điền,2,238.25,CTCP Đầu tư Thương mại Bất động sản An Dương Thảo Điền | Đầu tư Thương mại Bất động sản An Dương Thảo Điền,,Bất động sản,Quản lý và phát triển bất động sản,Bất động sản phức hợp,company_data/company_name.xlsx ; trading_data/market_caps.parquet ; trading_data/os.xlsx ; industry_classification/industry_classification.xlsx
TICKER:HAX,TICKER,HAX,CTCP Dịch vụ Ô tô Hàng Xanh,1,887.45,CTCP Dịch vụ Ô tô Hàng Xanh | Dịch vụ Ô tô Hàng Xanh,,Hàng tiêu dùng không thiết yếu,Bán lẻ,Bán lẻ,company_data/company_name.xlsx ; trading_data/market_caps.parquet ; trading_data/os.xlsx ; industry_classification/industry_classification.xlsx
TICKER:HBC,TICKER,HBC,CTCP Tập đoàn Xây dựng Hòa Bình,1,1215.25,CTCP Tập đoàn Xây dựng Hòa Bình | Xây dựng Hòa Bình,,Công nghiệp,Tư liệu sản xuất,Xây dựng,company_data/company_name.xlsx ; trading_data/market_caps.parquet ; trading_data/os.xlsx ; industry_classification/industry_classification.xlsx
TICKER:HBS,TICKER,HBS,CTCP Chứng khoán Hòa Bình,2,122.1,CTCP Chứng khoán Hòa Bình | Chứng khoán Hòa Bình,,Tài chính,Công ty chứng khoán,Công ty chứng khoán,company_data/company_name.xlsx ; trading_data/market_caps.parquet ; trading_data/os.xlsx ; industry_classification/industry_classification.xlsx
TICKER:HC1,TICKER,HC1,CTCP Xây dựng Số 1 Hà Nội,2,102.4,CTCP Xây dựng Số 1 Hà Nội | Xây dựng Số 1 Hà Nội,,Công nghiệp,Tư liệu sản xuất,Xây dựng,company_data/company_name.xlsx ; trading_data/market_caps.parquet ; trading_data/os.xlsx ; industry_classification/industry_classification.xlsx
TICKER:HC3,TICKER,HC3,CTCP Xây dựng Số 3 Hải Phòng,1,517.14,CTCP Xây dựng Số 3 Hải Phòng | Xây dựng Số 3 Hải Phòng,,Hàng tiêu dùng không thiết yếu,Hàng tiêu dùng lâu bền và trang phục,"Khách sạn, nhà hàng & Giải trí",company_data/company_name.xlsx ; trading_data/market_caps.parquet ; trading_data/os.xlsx ; industry_classification/industry_classification.xlsx
TICKER:HCC,TICKER,HCC,CTCP Bê tông Hòa Cầm - Intimex,2,164.2,CTCP Bê tông Hòa Cầm - Intimex | Bê tông Hòa Cầm - Intimex,,Nguyên vật liệu,Vật liệu xây dựng,Vật liệu xây dựng,company_data/company_name.xlsx ; trading_data/market_caps.parquet ; trading_data/os.xlsx ; industry_classification/industry_classification.xlsx
TICKER:HCD,TICKER,HCD,CTCP Đầu tư Sản xuất và Thương mại HCD,2,293.36,CTCP Đầu tư Sản xuất và Thương mại HCD | Đầu tư Sản xuất và Thương mại HCD,,Hàng tiêu dùng không thiết yếu,Bán lẻ,Bán lẻ,company_data/company_name.xlsx ; trading_data/market_caps.parquet ; trading_data/os.xlsx ; industry_classification/industry_classification.xlsx
TICKER:HCM,TICKER,HCM,CTCP Chứng khoán Thành phố Hồ Chí Minh,1,33411.16,CTCP Chứng khoán Thành phố Hồ Chí Minh | Chứng khoán Thành phố Hồ Chí Minh | Chứng khoán HSC,,Tài chính,Công ty chứng khoán,Công ty chứng khoán,company_data/company_name.xlsx ; trading_data/market_caps.parquet ; trading_data/os.xlsx ; industry_classification/industry_classification.xlsx
TICKER:HD6,TICKER,HD6,CTCP Đầu tư và Phát triển Nhà Số 6 Hà Nội,2,113.4,CTCP Đầu tư và Phát triển Nhà Số 6 Hà Nội | Đầu tư và Phát triển Nhà Số 6 Hà Nội,,Bất động sản,Quản lý và phát triển bất động sản,Bất động sản phức hợp,company_data/company_name.xlsx ; trading_data/market_caps.parquet ; trading_data/os.xlsx ; industry_classification/industry_classification.xlsx
TICKER:HDA,TICKER,HDA,CTCP Hãng sơn Đông Á,2,197.34,CTCP Hãng sơn Đông Á | Hãng sơn Đông Á,,Nguyên vật liệu,Nguyên vật liệu,Hóa chất,company_data/company_name.xlsx ; trading_data/market_caps.parquet ; trading_data/os.xlsx ; industry_classification/industry_classification.xlsx
TICKER:HDB,TICKER,HDB,Ngân hàng TMCP Phát triển Thành phố Hồ Chí Minh,1,134141.4,Ngân hàng TMCP Phát triển Thành phố Hồ Chí Minh | Phát triển Thành phố Hồ Chí Minh | HDBank,,Tài chính,Ngân hàng,Ngân hàng,company_data/company_name.xlsx ; trading_data/market_caps.parquet ; trading_data/os.xlsx ; industry_classification/industry_classification.xlsx
TICKER:HDC,TICKER,HDC,CTCP Phát triển Nhà Bà Rịa - Vũng Tàu,1,2584.27,CTCP Phát triển Nhà Bà Rịa - Vũng Tàu | Phát triển Nhà Bà Rịa - Vũng Tàu,,Bất động sản,Quản lý và phát triển bất động sản,Bất động sản phức hợp,company_data/company_name.xlsx ; trading_data/market_caps.parquet ; trading_data/os.xlsx ; industry_classification/industry_classification.xlsx
TICKER:HDG,TICKER,HDG,CTCP Tập đoàn Hà Đô,1,6348.53,CTCP Tập đoàn Hà Đô | Hà Đô,,Dịch vụ công cộng,Dịch vụ công cộng,Điện,company_data/company_name.xlsx ; trading_data/market_caps.parquet ; trading_data/os.xlsx ; industry_classification/industry_classification.xlsx
TICKER:HDM,TICKER,HDM,CTCP Dệt may Huế,1,633.03,CTCP Dệt may Huế | Dệt may Huế,,Hàng tiêu dùng không thiết yếu,Hàng tiêu dùng lâu bền và trang phục,"Dệt may & Trang phục, phụ kiện",company_data/company_name.xlsx ; trading_data/market_caps.parquet ; trading_data/os.xlsx ; industry_classification/industry_classification.xlsx
TICKER:HDP,TICKER,HDP,CTCP Dược Hà Tĩnh,2,257.3,CTCP Dược Hà Tĩnh | Dược Hà Tĩnh,,Y tế,Dược phẩm & Công nghệ sinh học,Dược phẩm,company_data/company_name.xlsx ; trading_data/market_caps.parquet ; trading_data/os.xlsx ; industry_classification/industry_classification.xlsx
TICKER:HDW,TICKER,HDW,CTCP Kinh doanh Nước sạch Hải Dương,1,498.91,CTCP Kinh doanh Nước sạch Hải Dương | Kinh doanh Nước sạch Hải Dương,,Dịch vụ công cộng,Dịch vụ công cộng,Nước,company_data/company_name.xlsx ; trading_data/market_caps.parquet ; trading_data/os.xlsx ; industry_classification/industry_classification.xlsx
TICKER:HEC,TICKER,HEC,CTCP Tư vấn Xây dựng Thủy Lợi II,1,330.0,CTCP Tư vấn Xây dựng Thủy Lợi II | Tư vấn Xây dựng Thủy Lợi II,,Công nghiệp,Các dịch vụ thương mại và chuyên biệt,Dịch vụ tư vấn & nghiên cứu,company_data/company_name.xlsx ; trading_data/market_caps.parquet ; trading_data/os.xlsx ; industry_classification/industry_classification.xlsx
TICKER:HES,TICKER,HES,CTCP Dịch vụ Giải trí Hà Nội,2,145.04,CTCP Dịch vụ Giải trí Hà Nội | Dịch vụ Giải trí Hà Nội,,Hàng tiêu dùng không thiết yếu,Hàng tiêu dùng lâu bền và trang phục,"Khách sạn, nhà hàng & Giải trí",company_data/company_name.xlsx ; trading_data/market_caps.parquet ; trading_data/os.xlsx ; industry_classification/industry_classification.xlsx
TICKER:HGM,TICKER,HGM,CTCP Cơ khí và Khoáng sản Hà Giang,1,1411.2,CTCP Cơ khí và Khoáng sản Hà Giang | Cơ khí và Khoáng sản Hà Giang,,Nguyên vật liệu,Kim loại & Khai khoáng,Kim loại không chứa sắt,company_data/company_name.xlsx ; trading_data/market_caps.parquet ; trading_data/os.xlsx ; industry_classification/industry_classification.xlsx
TICKER:HGT,TICKER,HGT,CTCP Du lịch Hương Giang,2,242.0,CTCP Du lịch Hương Giang | Du lịch Hương Giang,,Hàng tiêu dùng không thiết yếu,Hàng tiêu dùng lâu bền và trang phục,"Khách sạn, nhà hàng & Giải trí",company_data/company_name.xlsx ; trading_data/market_caps.parquet ; trading_data/os.xlsx ; industry_classification/industry_classification.xlsx
TICKER:HHB,TICKER,HHB,CTCP Bia Hà Nội - Hồng Hà,1,300.0,CTCP Bia Hà Nội - Hồng Hà | Bia Hà Nội - Hồng Hà,,Hàng tiêu dùng thiết yếu,Thực phẩm & Đồ uống,Đồ uống,company_data/company_name.xlsx ; trading_data/market_caps.parquet ; trading_data/os.xlsx ; industry_classification/industry_classification.xlsx
TICKER:HHC,TICKER,HHC,CTCP Bánh kẹo Hải Hà,1,1297.58,CTCP Bánh kẹo Hải Hà | Bánh kẹo Hải Hà,,Hàng tiêu dùng thiết yếu,Thực phẩm & Đồ uống,Thực phẩm,company_data/company_name.xlsx ; trading_data/market_caps.parquet ; trading_data/os.xlsx ; industry_classification/industry_classification.xlsx
TICKER:HHP,TICKER,HHP,CTCP HHP Global,1,1567.05,CTCP HHP Global | HHP Global,,Nguyên vật liệu,Giấy và các sản phẩm từ gỗ,Giấy,company_data/company_name.xlsx ; trading_data/market_caps.parquet ; trading_data/os.xlsx ; industry_classification/industry_classification.xlsx
TICKER:HHS,TICKER,HHS,CTCP Đầu tư Dịch vụ Hoàng Huy,1,4233.46,CTCP Đầu tư Dịch vụ Hoàng Huy | Đầu tư Dịch vụ Hoàng Huy,,Hàng tiêu dùng không thiết yếu,Ô tô & Phụ tùng,Nhà sản xuất ô tô và thiết bị ô tô,company_data/company_name.xlsx ; trading_data/market_caps.parquet ; trading_data/os.xlsx ; industry_classification/industry_classification.xlsx
TICKER:HHV,TICKER,HHV,CTCP Đầu tư Hạ tầng Giao thông Đèo Cả,1,5342.96,CTCP Đầu tư Hạ tầng Giao thông Đèo Cả | Đầu tư Hạ tầng Giao thông Đèo Cả,,Công nghiệp,Tư liệu sản xuất,Xây dựng,company_data/company_name.xlsx ; trading_data/market_caps.parquet ; trading_data/os.xlsx ; industry_classification/industry_classification.xlsx
TICKER:HID,TICKER,HID,CTCP Halcom Việt Nam,1,355.38,CTCP Halcom Việt Nam | Halcom Việt Nam,,Hàng tiêu dùng không thiết yếu,Bán lẻ,Bán lẻ,company_data/company_name.xlsx ; trading_data/market_caps.parquet ; trading_data/os.xlsx ; industry_classification/industry_classification.xlsx
TICKER:HIG,TICKER,HIG,CTCP Tập đoàn HIPT,2,286.5,CTCP Tập đoàn HIPT | HIPT,,Công nghệ,Phần mềm,Phần mềm,company_data/company_name.xlsx ; trading_data/market_caps.parquet ; trading_data/os.xlsx ; industry_classification/industry_classification.xlsx
TICKER:HII,TICKER,HII,CTCP An Tiến Industries,1,806.61,CTCP An Tiến Industries | An Tiến Industries,,Nguyên vật liệu,Nguyên vật liệu,Hóa chất,company_data/company_name.xlsx ; trading_data/market_caps.parquet ; trading_data/os.xlsx ; industry_classification/industry_classification.xlsx
TICKER:HIO,TICKER,HIO,CTCP Helio Energy,1,306.6,CTCP Helio Energy | Helio Energy,,Dịch vụ công cộng,Dịch vụ công cộng,Điện,company_data/company_name.xlsx ; trading_data/market_caps.parquet ; trading_data/os.xlsx ; industry_classification/industry_classification.xlsx
TICKER:HJS,TICKER,HJS,CTCP Thủy điện Nậm Mu,1,522.9,CTCP Thủy điện Nậm Mu | Thủy điện Nậm Mu,,Dịch vụ công cộng,Dịch vụ công cộng,Điện,company_data/company_name.xlsx ; trading_data/market_caps.parquet ; trading_data/os.xlsx ; industry_classification/industry_classification.xlsx
TICKER:HKT,TICKER,HKT,CTCP QP Holdings,1,481.89,CTCP QP Holdings | QP Holdings,,Hàng tiêu dùng thiết yếu,Thực phẩm & Đồ uống,Thực phẩm,company_data/company_name.xlsx ; trading_data/market_caps.parquet ; trading_data/os.xlsx ; industry_classification/industry_classification.xlsx
TICKER:HLB,TICKER,HLB,CTCP Bia và Nước giải khát Hạ Long,1,2125.92,CTCP Bia và Nước giải khát Hạ Long | Bia và Nước giải khát Hạ Long,,Hàng tiêu dùng thiết yếu,Thực phẩm & Đồ uống,Đồ uống,company_data/company_name.xlsx ; trading_data/market_caps.parquet ; trading_data/os.xlsx ; industry_classification/industry_classification.xlsx
TICKER:HLC,TICKER,HLC,CTCP Than Hà Lầm - Vinacomin,2,256.69,CTCP Than Hà Lầm - Vinacomin | Than Hà Lầm - Vinacomin,,Năng lượng,Năng lượng,Than đá và nhiên liệu khác,company_data/company_name.xlsx ; trading_data/market_caps.parquet ; trading_data/os.xlsx ; industry_classification/industry_classification.xlsx
TICKER:HLD,TICKER,HLD,CTCP Đầu tư và Phát triển Bất động sản Hudland,1,753.5,CTCP Đầu tư và Phát triển Bất động sản Hudland | Đầu tư và Phát triển Bất động sản Hudland,,Bất động sản,Quản lý và phát triển bất động sản,Bất động sản phức hợp,company_data/company_name.xlsx ; trading_data/market_caps.parquet ; trading_data/os.xlsx ; industry_classification/industry_classification.xlsx
TICKER:HLO,TICKER,HLO,CTCP Công nghệ Ha Lô,2,193.6,CTCP Công nghệ Ha Lô | Công nghệ Ha Lô,,Công nghiệp,Tư liệu sản xuất,Máy công nghiệp,company_data/company_name.xlsx ; trading_data/market_caps.parquet ; trading_data/os.xlsx ; industry_classification/industry_classification.xlsx
TICKER:HLS,TICKER,HLS,CTCP Sứ Kỹ thuật Hoàng Liên Sơn,2,178.71,CTCP Sứ Kỹ thuật Hoàng Liên Sơn | Sứ Kỹ thuật Hoàng Liên Sơn,,Công nghiệp,Tư liệu sản xuất,Thiết bị điện,company_data/company_name.xlsx ; trading_data/market_caps.parquet ; trading_data/os.xlsx ; industry_classification/industry_classification.xlsx
TICKER:HMC,TICKER,HMC,CTCP Kim khí Thành phố Hồ Chí Minh - VNSTEEL,2,292.11,CTCP Kim khí Thành phố Hồ Chí Minh - VNSTEEL | Kim khí Thành phố Hồ Chí Minh - VNSTEEL,,Nguyên vật liệu,Kim loại & Khai khoáng,Kim loại không chứa sắt,company_data/company_name.xlsx ; trading_data/market_caps.parquet ; trading_data/os.xlsx ; industry_classification/industry_classification.xlsx
TICKER:HMH,TICKER,HMH,CTCP Hải Minh,2,209.02,CTCP Hải Minh | Hải Minh,,Công nghiệp,Vận tải,Hỗ trợ vận tải,company_data/company_name.xlsx ; trading_data/market_caps.parquet ; trading_data/os.xlsx ; industry_classification/industry_classification.xlsx
TICKER:HMS,TICKER,HMS,CTCP Xây dựng Bảo tàng Hồ Chí Minh,1,316.68,CTCP Xây dựng Bảo tàng Hồ Chí Minh | Xây dựng Bảo tàng Hồ Chí Minh,,Công nghiệp,Tư liệu sản xuất,Xây dựng,company_data/company_name.xlsx ; trading_data/market_caps.parquet ; trading_data/os.xlsx ; industry_classification/industry_classification.xlsx
TICKER:HNA,TICKER,HNA,CTCP Thủy điện Hủa Na,1,4963.4,CTCP Thủy điện Hủa Na | Thủy điện Hủa Na,,Dịch vụ công cộng,Dịch vụ công cộng,Điện,company_data/company_name.xlsx ; trading_data/market_caps.parquet ; trading_data/os.xlsx ; industry_classification/industry_classification.xlsx
TICKER:HNB,TICKER,HNB,CTCP Bến xe Hà Nội,2,116.85,CTCP Bến xe Hà Nội | Bến xe Hà Nội,,Công nghiệp,Vận tải,Hỗ trợ vận tải,company_data/company_name.xlsx ; trading_data/market_caps.parquet ; trading_data/os.xlsx ; industry_classification/industry_classification.xlsx
TICKER:HND,TICKER,HND,CTCP Nhiệt điện Hải Phòng,1,4700.0,CTCP Nhiệt điện Hải Phòng | Nhiệt điện Hải Phòng,,Dịch vụ công cộng,Dịch vụ công cộng,Điện,company_data/company_name.xlsx ; trading_data/market_caps.parquet ; trading_data/os.xlsx ; industry_classification/industry_classification.xlsx
TICKER:HNF,TICKER,HNF,CTCP Thực phẩm Hữu Nghị,1,702.0,CTCP Thực phẩm Hữu Nghị | Thực phẩm Hữu Nghị,,Hàng tiêu dùng thiết yếu,Thực phẩm & Đồ uống,Thực phẩm,company_data/company_name.xlsx ; trading_data/market_caps.parquet ; trading_data/os.xlsx ; industry_classification/industry_classification.xlsx
TICKER:HNG,TICKER,HNG,CTCP Nông nghiệp Quốc tế Hoàng Anh Gia Lai,1,6873.03,CTCP Nông nghiệp Quốc tế Hoàng Anh Gia Lai | Nông nghiệp Quốc tế Hoàng Anh Gia Lai,,Hàng tiêu dùng thiết yếu,Thực phẩm & Đồ uống,Thực phẩm,company_data/company_name.xlsx ; trading_data/market_caps.parquet ; trading_data/os.xlsx ; industry_classification/industry_classification.xlsx
TICKER:HNI,TICKER,HNI,CTCP May Hữu Nghị,1,706.2,CTCP May Hữu Nghị | May Hữu Nghị,,Hàng tiêu dùng không thiết yếu,Hàng tiêu dùng lâu bền và trang phục,"Dệt may & Trang phục, phụ kiện",company_data/company_name.xlsx ; trading_data/market_caps.parquet ; trading_data/os.xlsx ; industry_classification/industry_classification.xlsx
TICKER:HNM,TICKER,HNM,CTCP Sữa Hà Nội,1,404.04,CTCP Sữa Hà Nội | Sữa Hà Nội,,Hàng tiêu dùng thiết yếu,Thực phẩm & Đồ uống,Thực phẩm,company_data/company_name.xlsx ; trading_data/market_caps.parquet ; trading_data/os.xlsx ; industry_classification/industry_classification.xlsx
TICKER:HNR,TICKER,HNR,CTCP Rượu và Nước giải khát Hà Nội,2,240.0,CTCP Rượu và Nước giải khát Hà Nội | Rượu và Nước giải khát Hà Nội,,Hàng tiêu dùng thiết yếu,Thực phẩm & Đồ uống,Đồ uống,company_data/company_name.xlsx ; trading_data/market_caps.parquet ; trading_data/os.xlsx ; industry_classification/industry_classification.xlsx
TICKER:HOM,TICKER,HOM,CTCP Xi măng VICEM Hoàng Mai,2,280.79,CTCP Xi măng VICEM Hoàng Mai | Xi măng VICEM Hoàng Mai,,Nguyên vật liệu,Vật liệu xây dựng,Vật liệu xây dựng,company_data/company_name.xlsx ; trading_data/market_caps.parquet ; trading_data/os.xlsx ; industry_classification/industry_classification.xlsx
TICKER:HOT,TICKER,HOT,CTCP Du lịch - Dịch vụ Hội An,2,180.0,CTCP Du lịch - Dịch vụ Hội An | Du lịch - Dịch vụ Hội An,,Hàng tiêu dùng không thiết yếu,Hàng tiêu dùng lâu bền và trang phục,"Khách sạn, nhà hàng & Giải trí",company_data/company_name.xlsx ; trading_data/market_caps.parquet ; trading_data/os.xlsx ; industry_classification/industry_classification.xlsx
TICKER:HPA,TICKER,HPA,CTCP Phát triển Nông nghiệp Hòa Phát,1,7609.5,CTCP Phát triển Nông nghiệp Hòa Phát | Phát triển Nông nghiệp Hòa Phát,,,,,company_data/company_name.xlsx ; trading_data/market_caps.parquet ; trading_data/os.xlsx
TICKER:HPD,TICKER,HPD,CTCP Thủy điện ĐăK Đoa,2,134.57,CTCP Thủy điện ĐăK Đoa | Thủy điện ĐăK Đoa,,Dịch vụ công cộng,Dịch vụ công cộng,Điện,company_data/company_name.xlsx ; trading_data/market_caps.parquet ; trading_data/os.xlsx ; industry_classification/industry_classification.xlsx
TICKER:HPG,TICKER,HPG,CTCP Tập đoàn Hòa Phát,1,176457.96,CTCP Tập đoàn Hòa Phát | Hòa Phát | Hoa Phat | Tập đoàn Hòa Phát,,Nguyên vật liệu,Kim loại & Khai khoáng,Thép,company_data/company_name.xlsx ; trading_data/market_caps.parquet ; trading_data/os.xlsx ; industry_classification/industry_classification.xlsx
TICKER:HPH,TICKER,HPH,CTCP Hóa Chất Hưng Phát Hà Bắc,2,118.44,CTCP Hóa Chất Hưng Phát Hà Bắc | Hóa Chất Hưng Phát Hà Bắc,,Nguyên vật liệu,Nguyên vật liệu,Hóa chất,company_data/company_name.xlsx ; trading_data/market_caps.parquet ; trading_data/os.xlsx ; industry_classification/industry_classification.xlsx
TICKER:HPI,TICKER,HPI,CTCP Khu công nghiệp Hiệp Phước,1,1146.0,CTCP Khu công nghiệp Hiệp Phước | Khu công nghiệp Hiệp Phước,,Bất động sản,Quản lý và phát triển bất động sản,Vận hành bất động sản,company_data/company_name.xlsx ; trading_data/market_caps.parquet ; trading_data/os.xlsx ; industry_classification/industry_classification.xlsx
TICKER:HPP,TICKER,HPP,CTCP Sơn Hải Phòng,1,588.62,CTCP Sơn Hải Phòng | Sơn Hải Phòng,,Nguyên vật liệu,Nguyên vật liệu,Hóa chất,company_data/company_name.xlsx ; trading_data/market_caps.parquet ; trading_data/os.xlsx ; industry_classification/industry_classification.xlsx
TICKER:HPT,TICKER,HPT,CTCP Dịch vụ Công nghệ Tin học HPT,1,316.55,CTCP Dịch vụ Công nghệ Tin học HPT | Dịch vụ Công nghệ Tin học HPT,,Công nghệ,Công nghệ thông tin tích hợp,Công nghệ thông tin tích hợp,company_data/company_name.xlsx ; trading_data/market_caps.parquet ; trading_data/os.xlsx ; industry_classification/industry_classification.xlsx
TICKER:HPW,TICKER,HPW,CTCP Cấp nước Hải Phòng,1,1780.97,CTCP Cấp nước Hải Phòng | Cấp nước Hải Phòng,,Dịch vụ công cộng,Dịch vụ công cộng,Nước,company_data/company_name.xlsx ; trading_data/market_caps.parquet ; trading_data/os.xlsx ; industry_classification/industry_classification.xlsx
TICKER:HPX,TICKER,HPX,CTCP Đầu tư Hải Phát,1,1213.63,CTCP Đầu tư Hải Phát | Đầu tư Hải Phát,,Bất động sản,Quản lý và phát triển bất động sản,Bất động sản phức hợp,company_data/company_name.xlsx ; trading_data/market_caps.parquet ; trading_data/os.xlsx ; industry_classification/industry_classification.xlsx
TICKER:HQC,TICKER,HQC,CTCP Tư vấn Thương mại Dịch vụ Địa Ốc Hoàng Quân,1,1196.8,CTCP Tư vấn Thương mại Dịch vụ Địa Ốc Hoàng Quân | Tư vấn Thương mại Dịch vụ Địa Ốc Hoàng Quân,,Bất động sản,Quản lý và phát triển bất động sản,Bất động sản phức hợp,company_data/company_name.xlsx ; trading_data/market_caps.parquet ; trading_data/os.xlsx ; industry_classification/industry_classification.xlsx
TICKER:HRB,TICKER,HRB,CTCP Harec Đầu tư và Thương mại,2,196.49,CTCP Harec Đầu tư và Thương mại | Harec Đầu tư và Thương mại,,Bất động sản,Quản lý và phát triển bất động sản,Vận hành bất động sản,company_data/company_name.xlsx ; trading_data/market_caps.parquet ; trading_data/os.xlsx ; industry_classification/industry_classification.xlsx
TICKER:HRC,TICKER,HRC,CTCP Cao su Hòa Bình,1,981.72,CTCP Cao su Hòa Bình | Cao su Hòa Bình,,Hàng tiêu dùng không thiết yếu,Ô tô & Phụ tùng,Lốp & Cao su,company_data/company_name.xlsx ; trading_data/market_caps.parquet ; trading_data/os.xlsx ; industry_classification/industry_classification.xlsx
TICKER:HSA,TICKER,HSA,CTCP Hestia,2,259.8,CTCP Hestia | Hestia,,Tài chính,Tài chính chuyên biệt khác,Tài chính chuyên biệt khác,company_data/company_name.xlsx ; trading_data/market_caps.parquet ; trading_data/os.xlsx ; industry_classification/industry_classification.xlsx
TICKER:HSG,TICKER,HSG,CTCP Tập đoàn Hoa Sen,1,8153.35,CTCP Tập đoàn Hoa Sen | Hoa Sen | Tôn Hoa Sen | Tập đoàn Hoa Sen,,Nguyên vật liệu,Kim loại & Khai khoáng,Thép,company_data/company_name.xlsx ; trading_data/market_caps.parquet ; trading_data/os.xlsx ; industry_classification/industry_classification.xlsx
TICKER:HSL,TICKER,HSL,CTCP Đầu tư Phát triển Thực phẩm Hồng Hà,1,354.43,CTCP Đầu tư Phát triển Thực phẩm Hồng Hà | Đầu tư Phát triển Thực phẩm Hồng Hà,,Hàng tiêu dùng thiết yếu,Thực phẩm & Đồ uống,Thực phẩm,company_data/company_name.xlsx ; trading_data/market_caps.parquet ; trading_data/os.xlsx ; industry_classification/industry_classification.xlsx
TICKER:HSM,TICKER,HSM,Tổng Công ty cổ phần Dệt may Hà Nội,2,137.35,Tổng Công ty cổ phần Dệt may Hà Nội | Dệt may Hà Nội,,Hàng tiêu dùng không thiết yếu,Hàng tiêu dùng lâu bền và trang phục,"Dệt may & Trang phục, phụ kiện",company_data/company_name.xlsx ; trading_data/market_caps.parquet ; trading_data/os.xlsx ; industry_classification/industry_classification.xlsx
TICKER:HSP,TICKER,HSP,CTCP Sơn Tổng hợp Hà Nội,2,192.43,CTCP Sơn Tổng hợp Hà Nội | Sơn Tổng hợp Hà Nội,,Nguyên vật liệu,Nguyên vật liệu,Hóa chất,company_data/company_name.xlsx ; trading_data/market_caps.parquet ; trading_data/os.xlsx ; industry_classification/industry_classification.xlsx
TICKER:HSV,TICKER,HSV,CTCP Tập đoàn HSV Việt Nam,2,116.85,CTCP Tập đoàn HSV Việt Nam | HSV Việt Nam,,Nguyên vật liệu,Kim loại & Khai khoáng,Kim loại không chứa sắt,company_data/company_name.xlsx ; trading_data/market_caps.parquet ; trading_data/os.xlsx ; industry_classification/industry_classification.xlsx
TICKER:HT1,TICKER,HT1,CTCP Xi Măng Vicem Hà Tiên,1,4579.08,CTCP Xi Măng Vicem Hà Tiên | Xi Măng Vicem Hà Tiên,,Nguyên vật liệu,Vật liệu xây dựng,Vật liệu xây dựng,company_data/company_name.xlsx ; trading_data/market_caps.parquet ; trading_data/os.xlsx ; industry_classification/industry_classification.xlsx
TICKER:HTC,TICKER,HTC,CTCP Thương mại Hóc Môn,1,544.5,CTCP Thương mại Hóc Môn | Thương mại Hóc Môn,,Hàng tiêu dùng không thiết yếu,Bán lẻ,Bán lẻ,company_data/company_name.xlsx ; trading_data/market_caps.parquet ; trading_data/os.xlsx ; industry_classification/industry_classification.xlsx
TICKER:HTG,TICKER,HTG,Tổng Công ty cổ phần Dệt may Hòa Thọ,1,1438.64,Tổng Công ty cổ phần Dệt may Hòa Thọ | Dệt may Hòa Thọ,,Hàng tiêu dùng không thiết yếu,Hàng tiêu dùng lâu bền và trang phục,"Dệt may & Trang phục, phụ kiện",company_data/company_name.xlsx ; trading_data/market_caps.parquet ; trading_data/os.xlsx ; industry_classification/industry_classification.xlsx
TICKER:HTI,TICKER,HTI,CTCP Đầu tư Phát triển Hạ tầng IDICO,1,459.07,CTCP Đầu tư Phát triển Hạ tầng IDICO | Đầu tư Phát triển Hạ tầng IDICO,,Công nghiệp,Tư liệu sản xuất,Xây dựng,company_data/company_name.xlsx ; trading_data/market_caps.parquet ; trading_data/os.xlsx ; industry_classification/industry_classification.xlsx
TICKER:HTL,TICKER,HTL,CTCP Kỹ thuật và Ô tô Trường Long,2,267.6,CTCP Kỹ thuật và Ô tô Trường Long | Kỹ thuật và Ô tô Trường Long,,Hàng tiêu dùng không thiết yếu,Bán lẻ,Bán lẻ,company_data/company_name.xlsx ; trading_data/market_caps.parquet ; trading_data/os.xlsx ; industry_classification/industry_classification.xlsx
TICKER:HTM,TICKER,HTM,Tổng Công ty Thương mại Hà Nội - CTCP,1,2397.55,Tổng Công ty Thương mại Hà Nội - CTCP | Thương mại Hà Nội,,Hàng tiêu dùng không thiết yếu,Bán lẻ,Bán lẻ,company_data/company_name.xlsx ; trading_data/market_caps.parquet ; trading_data/os.xlsx ; industry_classification/industry_classification.xlsx
TICKER:HTN,TICKER,HTN,CTCP Hưng Thịnh Incons,1,887.6,CTCP Hưng Thịnh Incons | Hưng Thịnh Incons,,Công nghiệp,Tư liệu sản xuất,Xây dựng,company_data/company_name.xlsx ; trading_data/market_caps.parquet ; trading_data/os.xlsx ; industry_classification/industry_classification.xlsx
TICKER:HTV,TICKER,HTV,CTCP Logistics Vicem,2,164.46,CTCP Logistics Vicem | Logistics Vicem,,Công nghiệp,Vận tải,Vận tải biển,company_data/company_name.xlsx ; trading_data/market_caps.parquet ; trading_data/os.xlsx ; industry_classification/industry_classification.xlsx
TICKER:HU1,TICKER,HU1,CTCP Đầu tư và Xây dựng HUD1,2,151.25,CTCP Đầu tư và Xây dựng HUD1 | Đầu tư và Xây dựng HUD1,,Công nghiệp,Tư liệu sản xuất,Xây dựng,company_data/company_name.xlsx ; trading_data/market_caps.parquet ; trading_data/os.xlsx ; industry_classification/industry_classification.xlsx
TICKER:HU4,TICKER,HU4,CTCP Đầu tư và Xây dựng HUD4,2,126.0,CTCP Đầu tư và Xây dựng HUD4 | Đầu tư và Xây dựng HUD4,,Công nghiệp,Tư liệu sản xuất,Xây dựng,company_data/company_name.xlsx ; trading_data/market_caps.parquet ; trading_data/os.xlsx ; industry_classification/industry_classification.xlsx
TICKER:HUB,TICKER,HUB,CTCP Xây lắp Thừa Thiên Huế,1,355.66,CTCP Xây lắp Thừa Thiên Huế | Xây lắp Thừa Thiên Huế,,Nguyên vật liệu,Vật liệu xây dựng,Vật liệu xây dựng,company_data/company_name.xlsx ; trading_data/market_caps.parquet ; trading_data/os.xlsx ; industry_classification/industry_classification.xlsx
TICKER:HUG,TICKER,HUG,Tổng Công ty May Hưng Yên - CTCP,1,585.34,Tổng Công ty May Hưng Yên - CTCP | May Hưng Yên,,Hàng tiêu dùng không thiết yếu,Hàng tiêu dùng lâu bền và trang phục,"Dệt may & Trang phục, phụ kiện",company_data/company_name.xlsx ; trading_data/market_caps.parquet ; trading_data/os.xlsx ; industry_classification/industry_classification.xlsx
TICKER:HUT,TICKER,HUT,CTCP Tasco,1,13567.23,CTCP Tasco | Tasco,,Công nghiệp,Tư liệu sản xuất,Xây dựng,company_data/company_name.xlsx ; trading_data/market_caps.parquet ; trading_data/os.xlsx ; industry_classification/industry_classification.xlsx
TICKER:HVG,TICKER,HVG,CTCP Hùng Vương,1,317.85,CTCP Hùng Vương | Hùng Vương,,Hàng tiêu dùng thiết yếu,Thực phẩm & Đồ uống,Thực phẩm,company_data/company_name.xlsx ; trading_data/market_caps.parquet ; trading_data/os.xlsx ; industry_classification/industry_classification.xlsx
TICKER:HVH,TICKER,HVH,CTCP Đầu tư và Công nghệ HVC,1,774.82,CTCP Đầu tư và Công nghệ HVC | Đầu tư và Công nghệ HVC,,Công nghiệp,Tư liệu sản xuất,Xây dựng,company_data/company_name.xlsx ; trading_data/market_caps.parquet ; trading_data/os.xlsx ; industry_classification/industry_classification.xlsx
TICKER:HVN,TICKER,HVN,Tổng Công ty Hàng không Việt Nam - CTCP,1,64096.86,Tổng Công ty Hàng không Việt Nam - CTCP | Hàng không Việt Nam | Vietnam Airlines | Hãng hàng không Quốc gia,,Công nghiệp,Vận tải,Vận tải hàng không,company_data/company_name.xlsx ; trading_data/market_caps.parquet ; trading_data/os.xlsx ; industry_classification/industry_classification.xlsx
TICKER:HVT,TICKER,HVT,CTCP Hóa chất Việt Trì,1,640.05,CTCP Hóa chất Việt Trì | Hóa chất Việt Trì,,Nguyên vật liệu,Nguyên vật liệu,Hóa chất,company_data/company_name.xlsx ; trading_data/market_caps.parquet ; trading_data/os.xlsx ; industry_classification/industry_classification.xlsx
TICKER:HWS,TICKER,HWS,CTCP Cấp nước Huế,1,1267.05,CTCP Cấp nước Huế | Cấp nước Huế,,Dịch vụ công cộng,Dịch vụ công cộng,Nước,company_data/company_name.xlsx ; trading_data/market_caps.parquet ; trading_data/os.xlsx ; industry_classification/industry_classification.xlsx
TICKER:IBC,TICKER,IBC,CTCP Đầu tư Apax Holdings,2,141.36,CTCP Đầu tư Apax Holdings | Đầu tư Apax Holdings,,Công nghiệp,Các dịch vụ thương mại và chuyên biệt,Dịch vụ tư vấn & nghiên cứu,company_data/company_name.xlsx ; trading_data/market_caps.parquet ; trading_data/os.xlsx ; industry_classification/industry_classification.xlsx
TICKER:ICC,TICKER,ICC,CTCP Xây dựng Công nghiệp (ICC),2,108.3,CTCP Xây dựng Công nghiệp (ICC) | Xây dựng Công nghiệp | ICC,,Công nghiệp,Tư liệu sản xuất,Xây dựng,company_data/company_name.xlsx ; trading_data/market_caps.parquet ; trading_data/os.xlsx ; industry_classification/industry_classification.xlsx
TICKER:ICG,TICKER,ICG,CTCP Xây dựng Sông Hồng,2,177.48,CTCP Xây dựng Sông Hồng | Xây dựng Sông Hồng,,Công nghiệp,Các dịch vụ thương mại và chuyên biệt,Dịch vụ tư vấn & nghiên cứu,company_data/company_name.xlsx ; trading_data/market_caps.parquet ; trading_data/os.xlsx ; industry_classification/industry_classification.xlsx
TICKER:ICN,TICKER,ICN,CTCP Đầu tư Xây dựng Dầu khí IDICO,1,768.06,CTCP Đầu tư Xây dựng Dầu khí IDICO | Đầu tư Xây dựng Dầu khí IDICO,,Bất động sản,Quản lý và phát triển bất động sản,Vận hành bất động sản,company_data/company_name.xlsx ; trading_data/market_caps.parquet ; trading_data/os.xlsx ; industry_classification/industry_classification.xlsx
TICKER:ICT,TICKER,ICT,CTCP Viễn thông - Tin học Bưu điện,1,547.14,CTCP Viễn thông - Tin học Bưu điện | Viễn thông - Tin học Bưu điện,,Dịch vụ viễn thông,Dịch vụ viễn thông,Dịch vụ viễn thông đa ngành,company_data/company_name.xlsx ; trading_data/market_caps.parquet ; trading_data/os.xlsx ; industry_classification/industry_classification.xlsx
TICKER:IDC,TICKER,IDC,Tổng Công ty IDICO - CTCP,1,12815.62,Tổng Công ty IDICO - CTCP | IDICO,,Bất động sản,Quản lý và phát triển bất động sản,Vận hành bất động sản,company_data/company_name.xlsx ; trading_data/market_caps.parquet ; trading_data/os.xlsx ; industry_classification/industry_classification.xlsx
TICKER:IDI,TICKER,IDI,CTCP Đầu tư và Phát triển Đa Quốc Gia - IDI,1,1283.91,CTCP Đầu tư và Phát triển Đa Quốc Gia - IDI | Đầu tư và Phát triển Đa Quốc Gia - IDI,,Hàng tiêu dùng thiết yếu,Thực phẩm & Đồ uống,Thực phẩm,company_data/company_name.xlsx ; trading_data/market_caps.parquet ; trading_data/os.xlsx ; industry_classification/industry_classification.xlsx
TICKER:IDJ,TICKER,IDJ,CTCP Đầu tư IDJ Việt Nam,1,607.22,CTCP Đầu tư IDJ Việt Nam | Đầu tư IDJ Việt Nam,,Bất động sản,Quản lý và phát triển bất động sản,Bất động sản phức hợp,company_data/company_name.xlsx ; trading_data/market_caps.parquet ; trading_data/os.xlsx ; industry_classification/industry_classification.xlsx
TICKER:IDP,TICKER,IDP,CTCP Sữa Quốc tế Lof,1,14740.37,CTCP Sữa Quốc tế Lof | Sữa Quốc tế Lof,,Hàng tiêu dùng thiết yếu,Thực phẩm & Đồ uống,Thực phẩm,company_data/company_name.xlsx ; trading_data/market_caps.parquet ; trading_data/os.xlsx ; industry_classification/industry_classification.xlsx
TICKER:IDV,TICKER,IDV,CTCP Phát triển Hạ tầng Vĩnh Phúc,1,1000.6,CTCP Phát triển Hạ tầng Vĩnh Phúc | Phát triển Hạ tầng Vĩnh Phúc,,Công nghiệp,Các dịch vụ thương mại và chuyên biệt,Dịch vụ môi trường,company_data/company_name.xlsx ; trading_data/market_caps.parquet ; trading_data/os.xlsx ; industry_classification/industry_classification.xlsx
TICKER:IFS,TICKER,IFS,CTCP Thực phẩm Quốc tế,1,1481.4,CTCP Thực phẩm Quốc tế | Thực phẩm Quốc tế,,Hàng tiêu dùng thiết yếu,Thực phẩm & Đồ uống,Đồ uống,company_data/company_name.xlsx ; trading_data/market_caps.parquet ; trading_data/os.xlsx ; industry_classification/industry_classification.xlsx
TICKER:IJC,TICKER,IJC,CTCP Phát triển Hạ tầng Kỹ thuật,1,4287.44,CTCP Phát triển Hạ tầng Kỹ thuật | Phát triển Hạ tầng Kỹ thuật,,Bất động sản,Quản lý và phát triển bất động sản,Bất động sản phức hợp,company_data/company_name.xlsx ; trading_data/market_caps.parquet ; trading_data/os.xlsx ; industry_classification/industry_classification.xlsx
TICKER:ILA,TICKER,ILA,CTCP ILA,2,121.78,CTCP ILA | ILA,,Hàng tiêu dùng không thiết yếu,Bán lẻ,Bán lẻ,company_data/company_name.xlsx ; trading_data/market_caps.parquet ; trading_data/os.xlsx ; industry_classification/industry_classification.xlsx
TICKER:ILB,TICKER,ILB,CTCP ICD Tân Cảng - Long Bình,1,721.97,CTCP ICD Tân Cảng - Long Bình | ICD Tân Cảng - Long Bình,,Công nghiệp,Cơ sở hạ tầng giao thông vận tải,Dịch vụ cảng biển,company_data/company_name.xlsx ; trading_data/market_caps.parquet ; trading_data/os.xlsx ; industry_classification/industry_classification.xlsx
TICKER:ILS,TICKER,ILS,CTCP Đầu tư Thương mại và Dịch vụ Quốc tế,1,666.0,CTCP Đầu tư Thương mại và Dịch vụ Quốc tế | Đầu tư Thương mại và Dịch vụ Quốc tế,,Công nghiệp,Vận tải,Hỗ trợ vận tải,company_data/company_name.xlsx ; trading_data/market_caps.parquet ; trading_data/os.xlsx ; industry_classification/industry_classification.xlsx
TICKER:IMP,TICKER,IMP,CTCP Dược phẩm Imexpharm,1,5575.12,CTCP Dược phẩm Imexpharm | Dược phẩm Imexpharm,,Y tế,Dược phẩm & Công nghệ sinh học,Dược phẩm,company_data/company_name.xlsx ; trading_data/market_caps.parquet ; trading_data/os.xlsx ; industry_classification/industry_classification.xlsx
TICKER:ING,TICKER,ING,CTCP Đầu tư và Phát triển Xây dựng,2,218.5,CTCP Đầu tư và Phát triển Xây dựng | Đầu tư và Phát triển Xây dựng,,Bất động sản,Quản lý và phát triển bất động sản,Bất động sản phức hợp,company_data/company_name.xlsx ; trading_data/market_caps.parquet ; trading_data/os.xlsx ; industry_classification/industry_classification.xlsx
TICKER:INN,TICKER,INN,CTCP Bao bì và In Nông nghiệp,1,980.1,CTCP Bao bì và In Nông nghiệp | Bao bì và In Nông nghiệp,,Hàng tiêu dùng không thiết yếu,Truyền thông và xuất bản,Truyền thông và xuất bản,company_data/company_name.xlsx ; trading_data/market_caps.parquet ; trading_data/os.xlsx ; industry_classification/industry_classification.xlsx
TICKER:IPA,TICKER,IPA,CTCP Tập đoàn Đầu tư I.P.A,1,3123.07,CTCP Tập đoàn Đầu tư I.P.A | Đầu tư I.P.A,,Tài chính,Tài chính chuyên biệt khác,Tài chính chuyên biệt khác,company_data/company_name.xlsx ; trading_data/market_caps.parquet ; trading_data/os.xlsx ; industry_classification/industry_classification.xlsx
TICKER:ISH,TICKER,ISH,CTCP Thủy điện Srok Phu Miêng IDICO,1,1048.5,CTCP Thủy điện Srok Phu Miêng IDICO | Thủy điện Srok Phu Miêng IDICO,,Dịch vụ công cộng,Dịch vụ công cộng,Điện,company_data/company_name.xlsx ; trading_data/market_caps.parquet ; trading_data/os.xlsx ; industry_classification/industry_classification.xlsx
TICKER:IST,TICKER,IST,CTCP ICD Tân Cảng Sóng Thần,1,463.76,CTCP ICD Tân Cảng Sóng Thần | ICD Tân Cảng Sóng Thần,,Công nghiệp,Cơ sở hạ tầng giao thông vận tải,Dịch vụ cảng biển,company_data/company_name.xlsx ; trading_data/market_caps.parquet ; trading_data/os.xlsx ; industry_classification/industry_classification.xlsx
TICKER:ITA,TICKER,ITA,CTCP Đầu tư và Công nghiệp Tân Tạo,1,2158.14,CTCP Đầu tư và Công nghiệp Tân Tạo | Đầu tư và Công nghiệp Tân Tạo,,Bất động sản,Quản lý và phát triển bất động sản,Vận hành bất động sản,company_data/company_name.xlsx ; trading_data/market_caps.parquet ; trading_data/os.xlsx ; industry_classification/industry_classification.xlsx
TICKER:ITC,TICKER,ITC,CTCP Đầu tư và Kinh doanh Nhà,1,829.84,CTCP Đầu tư và Kinh doanh Nhà | Đầu tư và Kinh doanh Nhà,,Bất động sản,Quản lý và phát triển bất động sản,Bất động sản phức hợp,company_data/company_name.xlsx ; trading_data/market_caps.parquet ; trading_data/os.xlsx ; industry_classification/industry_classification.xlsx
TICKER:ITD,TICKER,ITD,CTCP Công nghệ ITD,1,356.7,CTCP Công nghệ ITD | Công nghệ ITD,,Công nghệ,Phần mềm,Phần mềm,company_data/company_name.xlsx ; trading_data/market_caps.parquet ; trading_data/os.xlsx ; industry_classification/industry_classification.xlsx
TICKER:IVS,TICKER,IVS,CTCP Chứng khoán Guotai Haitong (Việt Nam),1,682.0,CTCP Chứng khoán Guotai Haitong (Việt Nam) | Chứng khoán Guotai Haitong,,Tài chính,Công ty chứng khoán,Công ty chứng khoán,company_data/company_name.xlsx ; trading_data/market_caps.parquet ; trading_data/os.xlsx ; industry_classification/industry_classification.xlsx
TICKER:JVC,TICKER,JVC,CTCP Đầu tư Y tế - Dược phẩm Việt Nam,1,320.63,CTCP Đầu tư Y tế - Dược phẩm Việt Nam | Đầu tư Y tế - Dược phẩm Việt Nam,,Y tế,Dịch vụ & thiết bị y tế,Thiết bị & Vật tư y tế,company_data/company_name.xlsx ; trading_data/market_caps.parquet ; trading_data/os.xlsx ; industry_classification/industry_classification.xlsx
TICKER:KAC,TICKER,KAC,CTCP Đầu tư Địa ốc Khang An,1,504.0,CTCP Đầu tư Địa ốc Khang An | Đầu tư Địa ốc Khang An,,Bất động sản,Quản lý và phát triển bất động sản,Bất động sản phức hợp,company_data/company_name.xlsx ; trading_data/market_caps.parquet ; trading_data/os.xlsx ; industry_classification/industry_classification.xlsx
TICKER:KAI,TICKER,KAI,KAI,1,9075.0,,,,,,trading_data/market_caps.parquet ; trading_data/os.xlsx
TICKER:KBC,TICKER,KBC,Tổng Công ty Phát triển Đô thị Kinh Bắc - CTCP,1,24956.5,Tổng Công ty Phát triển Đô thị Kinh Bắc - CTCP | Phát triển Đô thị Kinh Bắc,,Bất động sản,Quản lý và phát triển bất động sản,Vận hành bất động sản,company_data/company_name.xlsx ; trading_data/market_caps.parquet ; trading_data/os.xlsx ; industry_classification/industry_classification.xlsx
TICKER:KDC,TICKER,KDC,CTCP Tập đoàn KIDO,1,14176.51,CTCP Tập đoàn KIDO | KIDO,,Hàng tiêu dùng thiết yếu,Thực phẩm & Đồ uống,Thực phẩm,company_data/company_name.xlsx ; trading_data/market_caps.parquet ; trading_data/os.xlsx ; industry_classification/industry_classification.xlsx
TICKER:KDH,TICKER,KDH,CTCP Đầu tư và Kinh doanh Nhà Khang Điền,1,17618.77,CTCP Đầu tư và Kinh doanh Nhà Khang Điền | Đầu tư và Kinh doanh Nhà Khang Điền,,Bất động sản,Quản lý và phát triển bất động sản,Bất động sản phức hợp,company_data/company_name.xlsx ; trading_data/market_caps.parquet ; trading_data/os.xlsx ; industry_classification/industry_classification.xlsx
TICKER:KDM,TICKER,KDM,CTCP Tập Đoàn GCL,2,155.74,CTCP Tập Đoàn GCL | GCL,,Hàng tiêu dùng không thiết yếu,Bán lẻ,Bán lẻ,company_data/company_name.xlsx ; trading_data/market_caps.parquet ; trading_data/os.xlsx ; industry_classification/industry_classification.xlsx
TICKER:KGM,TICKER,KGM,CTCP Xuất nhập khẩu Kiên Giang,2,137.32,CTCP Xuất nhập khẩu Kiên Giang | Xuất nhập khẩu Kiên Giang,,Hàng tiêu dùng thiết yếu,Thực phẩm & Đồ uống,Thực phẩm,company_data/company_name.xlsx ; trading_data/market_caps.parquet ; trading_data/os.xlsx ; industry_classification/industry_classification.xlsx
TICKER:KHG,TICKER,KHG,CTCP Tập đoàn Khải Hoàn Land,1,2076.39,CTCP Tập đoàn Khải Hoàn Land | Khải Hoàn Land,,Bất động sản,Quản lý và phát triển bất động sản,Bất động sản phức hợp,company_data/company_name.xlsx ; trading_data/market_caps.parquet ; trading_data/os.xlsx ; industry_classification/industry_classification.xlsx
TICKER:KHP,TICKER,KHP,CTCP Điện lực Khánh Hòa,1,584.55,CTCP Điện lực Khánh Hòa | Điện lực Khánh Hòa,,Dịch vụ công cộng,Dịch vụ công cộng,Điện,company_data/company_name.xlsx ; trading_data/market_caps.parquet ; trading_data/os.xlsx ; industry_classification/industry_classification.xlsx
TICKER:KHS,TICKER,KHS,CTCP Kiên Hùng,2,195.78,CTCP Kiên Hùng | Kiên Hùng,,Hàng tiêu dùng thiết yếu,Thực phẩm & Đồ uống,Thực phẩm,company_data/company_name.xlsx ; trading_data/market_caps.parquet ; trading_data/os.xlsx ; industry_classification/industry_classification.xlsx
TICKER:KHW,TICKER,KHW,CTCP Cấp thoát nước Khánh Hòa,1,929.5,CTCP Cấp thoát nước Khánh Hòa | Cấp thoát nước Khánh Hòa,,Dịch vụ công cộng,Dịch vụ công cộng,Nước,company_data/company_name.xlsx ; trading_data/market_caps.parquet ; trading_data/os.xlsx ; industry_classification/industry_classification.xlsx
TICKER:KIP,TICKER,KIP,CTCP K.I.P Việt Nam,2,125.44,CTCP K.I.P Việt Nam | K.I.P Việt Nam,,Công nghiệp,Tư liệu sản xuất,Thiết bị điện,company_data/company_name.xlsx ; trading_data/market_caps.parquet ; trading_data/os.xlsx ; industry_classification/industry_classification.xlsx
TICKER:KLB,TICKER,KLB,Ngân hàng TMCP Kiên Long,1,8875.51,Ngân hàng TMCP Kiên Long | Kiên Long,,Tài chính,Ngân hàng,Ngân hàng,company_data/company_name.xlsx ; trading_data/market_caps.parquet ; trading_data/os.xlsx ; industry_classification/industry_classification.xlsx
TICKER:KLF,TICKER,KLF,CTCP Đầu tư Thương mại và Xuất nhập khẩu CFS,2,132.28,CTCP Đầu tư Thương mại và Xuất nhập khẩu CFS | Đầu tư Thương mại và Xuất nhập khẩu CFS,,Hàng tiêu dùng không thiết yếu,Bán lẻ,Bán lẻ,company_data/company_name.xlsx ; trading_data/market_caps.parquet ; trading_data/os.xlsx ; industry_classification/industry_classification.xlsx
TICKER:KMR,TICKER,KMR,CTCP Mirae,2,129.68,CTCP Mirae | Mirae,,Hàng tiêu dùng không thiết yếu,Hàng tiêu dùng lâu bền và trang phục,"Dệt may & Trang phục, phụ kiện",company_data/company_name.xlsx ; trading_data/market_caps.parquet ; trading_data/os.xlsx ; industry_classification/industry_classification.xlsx
TICKER:KMT,TICKER,KMT,CTCP Kim khí Miền Trung,2,129.97,CTCP Kim khí Miền Trung | Kim khí Miền Trung,,Nguyên vật liệu,Vật liệu xây dựng,Vật liệu xây dựng,company_data/company_name.xlsx ; trading_data/market_caps.parquet ; trading_data/os.xlsx ; industry_classification/industry_classification.xlsx
TICKER:KOS,TICKER,KOS,CTCP KOSY,1,7208.83,CTCP KOSY | KOSY,,Bất động sản,Quản lý và phát triển bất động sản,Bất động sản phức hợp,company_data/company_name.xlsx ; trading_data/market_caps.parquet ; trading_data/os.xlsx ; industry_classification/industry_classification.xlsx
TICKER:KSB,TICKER,KSB,CTCP Khoáng sản và Xây dựng Bình Dương,1,1482.05,CTCP Khoáng sản và Xây dựng Bình Dương | Khoáng sản và Xây dựng Bình Dương,,Nguyên vật liệu,Vật liệu xây dựng,Vật liệu xây dựng,company_data/company_name.xlsx ; trading_data/market_caps.parquet ; trading_data/os.xlsx ; industry_classification/industry_classification.xlsx
TICKER:KSF,TICKER,KSF,CTCP Tập đoàn Sunshine,1,70363.37,CTCP Tập đoàn Sunshine | Sunshine,,Bất động sản,Quản lý và phát triển bất động sản,Bất động sản phức hợp,company_data/company_name.xlsx ; trading_data/market_caps.parquet ; trading_data/os.xlsx ; industry_classification/industry_classification.xlsx
TICKER:KSV,TICKER,KSV,Tổng Công ty Khoáng sản TKV - CTCP,1,30659.98,Tổng Công ty Khoáng sản TKV - CTCP | Khoáng sản TKV,,Nguyên vật liệu,Kim loại & Khai khoáng,Kim loại không chứa sắt,company_data/company_name.xlsx ; trading_data/market_caps.parquet ; trading_data/os.xlsx ; industry_classification/industry_classification.xlsx
TICKER:KTC,TICKER,KTC,CTCP Thương mại Kiên Giang,1,437.69,CTCP Thương mại Kiên Giang | Thương mại Kiên Giang,,Hàng tiêu dùng không thiết yếu,Bán lẻ,Bán lẻ,company_data/company_name.xlsx ; trading_data/market_caps.parquet ; trading_data/os.xlsx ; industry_classification/industry_classification.xlsx
TICKER:KTL,TICKER,KTL,CTCP Kim Khí Thăng Long,1,418.56,CTCP Kim Khí Thăng Long | Kim Khí Thăng Long,,Hàng tiêu dùng không thiết yếu,Ô tô & Phụ tùng,Nhà sản xuất ô tô và thiết bị ô tô,company_data/company_name.xlsx ; trading_data/market_caps.parquet ; trading_data/os.xlsx ; industry_classification/industry_classification.xlsx
TICKER:KTS,TICKER,KTS,CTCP Đường Kon Tum,2,106.47,CTCP Đường Kon Tum | Đường Kon Tum,,Hàng tiêu dùng thiết yếu,Thực phẩm & Đồ uống,Thực phẩm,company_data/company_name.xlsx ; trading_data/market_caps.parquet ; trading_data/os.xlsx ; industry_classification/industry_classification.xlsx
TICKER:L10,TICKER,L10,CTCP Lilama 10,2,225.17,CTCP Lilama 10 | Lilama 10,,Công nghiệp,Tư liệu sản xuất,Xây dựng,company_data/company_name.xlsx ; trading_data/market_caps.parquet ; trading_data/os.xlsx ; industry_classification/industry_classification.xlsx
TICKER:L14,TICKER,L14,CTCP Licogi 14,1,589.41,CTCP Licogi 14 | Licogi 14,,Bất động sản,Quản lý và phát triển bất động sản,Bất động sản phức hợp,company_data/company_name.xlsx ; trading_data/market_caps.parquet ; trading_data/os.xlsx ; industry_classification/industry_classification.xlsx
TICKER:L18,TICKER,L18,CTCP Đầu tư và Xây dựng Số 18,1,829.03,CTCP Đầu tư và Xây dựng Số 18 | Đầu tư và Xây dựng Số 18,,Công nghiệp,Tư liệu sản xuất,Xây dựng,company_data/company_name.xlsx ; trading_data/market_caps.parquet ; trading_data/os.xlsx ; industry_classification/industry_classification.xlsx
TICKER:L40,TICKER,L40,CTCP Đầu Tư và Xây dựng 40,1,494.21,CTCP Đầu Tư và Xây dựng 40 | Đầu Tư và Xây dựng 40,,Công nghiệp,Tư liệu sản xuất,Xây dựng,company_data/company_name.xlsx ; trading_data/market_caps.parquet ; trading_data/os.xlsx ; industry_classification/industry_classification.xlsx
TICKER:LAF,TICKER,LAF,CTCP Chế biến hàng Xuất khẩu Long An,2,289.33,CTCP Chế biến hàng Xuất khẩu Long An | Chế biến hàng Xuất khẩu Long An,,Hàng tiêu dùng thiết yếu,Thực phẩm & Đồ uống,Thực phẩm,company_data/company_name.xlsx ; trading_data/market_caps.parquet ; trading_data/os.xlsx ; industry_classification/industry_classification.xlsx
TICKER:LAI,TICKER,LAI,CTCP Đầu Tư Xây dựng Long An IDICO,2,256.09,CTCP Đầu Tư Xây dựng Long An IDICO | Đầu Tư Xây dựng Long An IDICO,,Công nghiệp,Tư liệu sản xuất,Xây dựng,company_data/company_name.xlsx ; trading_data/market_caps.parquet ; trading_data/os.xlsx ; industry_classification/industry_classification.xlsx
TICKER:LAS,TICKER,LAS,CTCP Supe Phốt phát và Hóa chất Lâm Thao,1,1297.85,CTCP Supe Phốt phát và Hóa chất Lâm Thao | Supe Phốt phát và Hóa chất Lâm Thao,,nan,nan,nan,company_data/company_name.xlsx ; trading_data/market_caps.parquet ; trading_data/os.xlsx ; industry_classification/industry_classification.xlsx
TICKER:LAW,TICKER,LAW,CTCP Cấp thoát nước Long An,2,280.6,CTCP Cấp thoát nước Long An | Cấp thoát nước Long An,,Dịch vụ công cộng,Dịch vụ công cộng,Nước,company_data/company_name.xlsx ; trading_data/market_caps.parquet ; trading_data/os.xlsx ; industry_classification/industry_classification.xlsx
TICKER:LBM,TICKER,LBM,CTCP Khoáng sản và Vật liệu Xây dựng Lâm Đồng,1,1397.5,CTCP Khoáng sản và Vật liệu Xây dựng Lâm Đồng | Khoáng sản và Vật liệu Xây dựng Lâm Đồng,,Nguyên vật liệu,Vật liệu xây dựng,Vật liệu xây dựng,company_data/company_name.xlsx ; trading_data/market_caps.parquet ; trading_data/os.xlsx ; industry_classification/industry_classification.xlsx
TICKER:LCG,TICKER,LCG,CTCP Lizen,1,1380.1,CTCP Lizen | Lizen,,Công nghiệp,Tư liệu sản xuất,Xây dựng,company_data/company_name.xlsx ; trading_data/market_caps.parquet ; trading_data/os.xlsx ; industry_classification/industry_classification.xlsx
TICKER:LDG,TICKER,LDG,CTCP Đầu tư LDG,1,633.93,CTCP Đầu tư LDG | Đầu tư LDG,,Bất động sản,Quản lý và phát triển bất động sản,Bất động sản phức hợp,company_data/company_name.xlsx ; trading_data/market_caps.parquet ; trading_data/os.xlsx ; industry_classification/industry_classification.xlsx
TICKER:LDP,TICKER,LDP,CTCP Dược Lâm Đồng (Ladophar),2,132.97,CTCP Dược Lâm Đồng (Ladophar) | Dược Lâm Đồng | Ladophar,,Y tế,Dược phẩm & Công nghệ sinh học,Dược phẩm,company_data/company_name.xlsx ; trading_data/market_caps.parquet ; trading_data/os.xlsx ; industry_classification/industry_classification.xlsx
TICKER:LDW,TICKER,LDW,CTCP Cấp thoát nước Lâm Đồng,1,2048.8,CTCP Cấp thoát nước Lâm Đồng | Cấp thoát nước Lâm Đồng,,Dịch vụ công cộng,Dịch vụ công cộng,Nước,company_data/company_name.xlsx ; trading_data/market_caps.parquet ; trading_data/os.xlsx ; industry_classification/industry_classification.xlsx
TICKER:LEC,TICKER,LEC,CTCP Bất động sản Điện lực Miền Trung,2,117.45,CTCP Bất động sản Điện lực Miền Trung | Bất động sản Điện lực Miền Trung,,Công nghiệp,Tư liệu sản xuất,Xây dựng,company_data/company_name.xlsx ; trading_data/market_caps.parquet ; trading_data/os.xlsx ; industry_classification/industry_classification.xlsx
TICKER:LGC,TICKER,LGC,CTCP Đầu tư Cầu đường CII,1,13746.04,CTCP Đầu tư Cầu đường CII | Đầu tư Cầu đường CII,,Công nghiệp,Vận tải,Vận tải đường bộ & đường sắt,company_data/company_name.xlsx ; trading_data/market_caps.parquet ; trading_data/os.xlsx ; industry_classification/industry_classification.xlsx
TICKER:LGL,TICKER,LGL,CTCP Đầu tư và Phát triển Đô thị Long Giang,2,244.61,CTCP Đầu tư và Phát triển Đô thị Long Giang | Đầu tư và Phát triển Đô thị Long Giang,,Bất động sản,Quản lý và phát triển bất động sản,Bất động sản phức hợp,company_data/company_name.xlsx ; trading_data/market_caps.parquet ; trading_data/os.xlsx ; industry_classification/industry_classification.xlsx
TICKER:LGM,TICKER,LGM,CTCP Giày da và May mặc Xuất khẩu,2,148.0,CTCP Giày da và May mặc Xuất khẩu | Giày da và May mặc Xuất khẩu,,Hàng tiêu dùng không thiết yếu,Hàng tiêu dùng lâu bền và trang phục,"Dệt may & Trang phục, phụ kiện",company_data/company_name.xlsx ; trading_data/market_caps.parquet ; trading_data/os.xlsx ; industry_classification/industry_classification.xlsx
TICKER:LHC,TICKER,LHC,CTCP Đầu tư và Xây dựng Thủy lợi Lâm Đồng,1,1324.8,CTCP Đầu tư và Xây dựng Thủy lợi Lâm Đồng | Đầu tư và Xây dựng Thủy lợi Lâm Đồng,,Công nghiệp,Tư liệu sản xuất,Xây dựng,company_data/company_name.xlsx ; trading_data/market_caps.parquet ; trading_data/os.xlsx ; industry_classification/industry_classification.xlsx
TICKER:LHG,TICKER,LHG,CTCP Long Hậu,1,1330.32,CTCP Long Hậu | Long Hậu,,Bất động sản,Quản lý và phát triển bất động sản,Vận hành bất động sản,company_data/company_name.xlsx ; trading_data/market_caps.parquet ; trading_data/os.xlsx ; industry_classification/industry_classification.xlsx
TICKER:LIC,TICKER,LIC,Tổng Công ty LICOGI - CTCP,1,2997.0,Tổng Công ty LICOGI - CTCP | LICOGI,,Nguyên vật liệu,Vật liệu xây dựng,Vật liệu xây dựng,company_data/company_name.xlsx ; trading_data/market_caps.parquet ; trading_data/os.xlsx ; industry_classification/industry_classification.xlsx
TICKER:LIG,TICKER,LIG,CTCP Licogi 13,2,273.24,CTCP Licogi 13 | Licogi 13,,Công nghiệp,Tư liệu sản xuất,Xây dựng,company_data/company_name.xlsx ; trading_data/market_caps.parquet ; trading_data/os.xlsx ; industry_classification/industry_classification.xlsx
TICKER:LIX,TICKER,LIX,CTCP Bột Giặt Lix,1,1581.12,CTCP Bột Giặt Lix | Bột Giặt Lix,,Hàng tiêu dùng thiết yếu,Sản phẩm cá nhân & hộ gia đình,Sản phẩm gia dụng không lâu bền,company_data/company_name.xlsx ; trading_data/market_caps.parquet ; trading_data/os.xlsx ; industry_classification/industry_classification.xlsx
TICKER:LLM,TICKER,LLM,Tổng Công ty Lắp máy Việt Nam - CTCP,1,2511.37,Tổng Công ty Lắp máy Việt Nam - CTCP | Lắp máy Việt Nam,,Công nghiệp,Tư liệu sản xuất,Xây dựng,company_data/company_name.xlsx ; trading_data/market_caps.parquet ; trading_data/os.xlsx ; industry_classification/industry_classification.xlsx
TICKER:LM8,TICKER,LM8,CTCP Lilama 18,2,138.95,CTCP Lilama 18 | Lilama 18,,Công nghiệp,Tư liệu sản xuất,Xây dựng,company_data/company_name.xlsx ; trading_data/market_caps.parquet ; trading_data/os.xlsx ; industry_classification/industry_classification.xlsx
TICKER:LPB,TICKER,LPB,Ngân hàng TMCP Lộc Phát Việt Nam,1,137414.98,Ngân hàng TMCP Lộc Phát Việt Nam | Lộc Phát Việt Nam | LPBank | Ngân hàng Lộc Phát,,Tài chính,Ngân hàng,Ngân hàng,company_data/company_name.xlsx ; trading_data/market_caps.parquet ; trading_data/os.xlsx ; industry_classification/industry_classification.xlsx
TICKER:LPS,TICKER,LPS,LPS,1,29793.33,,,,,,trading_data/market_caps.parquet ; trading_data/os.xlsx
TICKER:LSG,TICKER,LSG,CTCP Bất động sản Sài Gòn Vina,1,3240.0,CTCP Bất động sản Sài Gòn Vina | Bất động sản Sài Gòn Vina,,Bất động sản,Quản lý và phát triển bất động sản,Bất động sản phức hợp,company_data/company_name.xlsx ; trading_data/market_caps.parquet ; trading_data/os.xlsx ; industry_classification/industry_classification.xlsx
TICKER:LSS,TICKER,LSS,CTCP Mía Đường Lam Sơn,1,711.21,CTCP Mía Đường Lam Sơn | Mía Đường Lam Sơn,,Hàng tiêu dùng thiết yếu,Thực phẩm & Đồ uống,Thực phẩm,company_data/company_name.xlsx ; trading_data/market_caps.parquet ; trading_data/os.xlsx ; industry_classification/industry_classification.xlsx
TICKER:LTG,TICKER,LTG,CTCP Tập đoàn Lộc Trời,1,533.93,CTCP Tập đoàn Lộc Trời | Lộc Trời,,Hàng tiêu dùng thiết yếu,Thực phẩm & Đồ uống,Thực phẩm,company_data/company_name.xlsx ; trading_data/market_caps.parquet ; trading_data/os.xlsx ; industry_classification/industry_classification.xlsx
TICKER:M10,TICKER,M10,Tổng Công ty May 10 - CTCP,1,625.49,Tổng Công ty May 10 - CTCP | May 10,,Hàng tiêu dùng không thiết yếu,Hàng tiêu dùng lâu bền và trang phục,"Dệt may & Trang phục, phụ kiện",company_data/company_name.xlsx ; trading_data/market_caps.parquet ; trading_data/os.xlsx ; industry_classification/industry_classification.xlsx
TICKER:MA1,TICKER,MA1,CTCP Thiết bị,1,301.51,CTCP Thiết bị | Thiết bị,,Bất động sản,Quản lý và phát triển bất động sản,Vận hành bất động sản,company_data/company_name.xlsx ; trading_data/market_caps.parquet ; trading_data/os.xlsx ; industry_classification/industry_classification.xlsx
TICKER:MAC,TICKER,MAC,CTCP Tập đoàn Macstar,1,541.53,CTCP Tập đoàn Macstar | Macstar,,Công nghiệp,Vận tải,Hỗ trợ vận tải,company_data/company_name.xlsx ; trading_data/market_caps.parquet ; trading_data/os.xlsx ; industry_classification/industry_classification.xlsx
SECURITY_OTHER:MAFPF1,SECURITY_OTHER,MAFPF1,MAFPF1,1,,,,Tài chính,Quỹ,Quỹ,industry_classification/industry_classification.xlsx
TICKER:MAS,TICKER,MAS,CTCP Dịch vụ Hàng không Sân bay Đà Nẵng,2,142.97,CTCP Dịch vụ Hàng không Sân bay Đà Nẵng | Dịch vụ Hàng không Sân bay Đà Nẵng,,Công nghiệp,Cơ sở hạ tầng giao thông vận tải,Dịch vụ sân bay,company_data/company_name.xlsx ; trading_data/market_caps.parquet ; trading_data/os.xlsx ; industry_classification/industry_classification.xlsx
TICKER:MBB,TICKER,MBB,Ngân hàng TMCP Quân đội,1,198354.38,Ngân hàng TMCP Quân đội | Quân đội | MBBank | MB Bank,,Tài chính,Ngân hàng,Ngân hàng,company_data/company_name.xlsx ; trading_data/market_caps.parquet ; trading_data/os.xlsx ; industry_classification/industry_classification.xlsx
TICKER:MBG,TICKER,MBG,CTCP Tập đoàn MBG,2,276.5,CTCP Tập đoàn MBG | MBG,,Công nghiệp,Tư liệu sản xuất,Thiết bị điện,company_data/company_name.xlsx ; trading_data/market_caps.parquet ; trading_data/os.xlsx ; industry_classification/industry_classification.xlsx
TICKER:MBS,TICKER,MBS,CTCP Chứng khoán MB,1,16415.31,CTCP Chứng khoán MB | Chứng khoán MB,,Tài chính,Công ty chứng khoán,Công ty chứng khoán,company_data/company_name.xlsx ; trading_data/market_caps.parquet ; trading_data/os.xlsx ; industry_classification/industry_classification.xlsx
TICKER:MCG,TICKER,MCG,CTCP Năng lượng và Bất động sản MCG,2,138.02,CTCP Năng lượng và Bất động sản MCG | Năng lượng và Bất động sản MCG,,Công nghiệp,Tư liệu sản xuất,Xây dựng,company_data/company_name.xlsx ; trading_data/market_caps.parquet ; trading_data/os.xlsx ; industry_classification/industry_classification.xlsx
TICKER:MCH,TICKER,MCH,CTCP Hàng tiêu dùng Masan,1,185520.76,CTCP Hàng tiêu dùng Masan | Hàng tiêu dùng Masan,,Hàng tiêu dùng thiết yếu,Thực phẩm & Đồ uống,Thực phẩm,company_data/company_name.xlsx ; trading_data/market_caps.parquet ; trading_data/os.xlsx ; industry_classification/industry_classification.xlsx
TICKER:MCM,TICKER,MCM,CTCP Giống Bò sữa Mộc Châu,1,2871.0,CTCP Giống Bò sữa Mộc Châu | Giống Bò sữa Mộc Châu,,Hàng tiêu dùng thiết yếu,Thực phẩm & Đồ uống,Thực phẩm,company_data/company_name.xlsx ; trading_data/market_caps.parquet ; trading_data/os.xlsx ; industry_classification/industry_classification.xlsx
TICKER:MCP,TICKER,MCP,CTCP In và Bao bì Mỹ Châu,1,552.33,CTCP In và Bao bì Mỹ Châu | In và Bao bì Mỹ Châu,,Nguyên vật liệu,Vật liệu xây dựng,Bao bì và đóng gói,company_data/company_name.xlsx ; trading_data/market_caps.parquet ; trading_data/os.xlsx ; industry_classification/industry_classification.xlsx
TICKER:MDC,TICKER,MDC,CTCP Than Mông Dương - Vinacomin,2,175.63,CTCP Than Mông Dương - Vinacomin | Than Mông Dương - Vinacomin,,Năng lượng,Năng lượng,Than đá và nhiên liệu khác,company_data/company_name.xlsx ; trading_data/market_caps.parquet ; trading_data/os.xlsx ; industry_classification/industry_classification.xlsx
TICKER:MDF,TICKER,MDF,CTCP Gỗ MDF VRG - Quảng Trị,1,303.12,CTCP Gỗ MDF VRG - Quảng Trị | Gỗ MDF VRG - Quảng Trị,,Nguyên vật liệu,Giấy và các sản phẩm từ gỗ,Gỗ và các sản phẩm từ gỗ,company_data/company_name.xlsx ; trading_data/market_caps.parquet ; trading_data/os.xlsx ; industry_classification/industry_classification.xlsx
TICKER:MDG,TICKER,MDG,CTCP Miền Đông,1,382.02,CTCP Miền Đông | Miền Đông,,Nguyên vật liệu,Vật liệu xây dựng,Vật liệu xây dựng,company_data/company_name.xlsx ; trading_data/market_caps.parquet ; trading_data/os.xlsx ; industry_classification/industry_classification.xlsx
TICKER:MED,TICKER,MED,CTCP Dược Trung ương Mediplantex,2,228.34,CTCP Dược Trung ương Mediplantex | Dược Trung ương Mediplantex,,Y tế,Dược phẩm & Công nghệ sinh học,Dược phẩm,company_data/company_name.xlsx ; trading_data/market_caps.parquet ; trading_data/os.xlsx ; industry_classification/industry_classification.xlsx
TICKER:MES,TICKER,MES,CTCP Cơ điện Công trình,2,186.0,CTCP Cơ điện Công trình | Cơ điện Công trình,,Công nghiệp,Các dịch vụ thương mại và chuyên biệt,Dịch vụ môi trường,company_data/company_name.xlsx ; trading_data/market_caps.parquet ; trading_data/os.xlsx ; industry_classification/industry_classification.xlsx
TICKER:MFS,TICKER,MFS,CTCP Dịch vụ Kỹ thuật Mobifone,2,202.0,CTCP Dịch vụ Kỹ thuật Mobifone | Dịch vụ Kỹ thuật Mobifone,,Dịch vụ viễn thông,Dịch vụ viễn thông,Dịch vụ viễn thông đa ngành,company_data/company_name.xlsx ; trading_data/market_caps.parquet ; trading_data/os.xlsx ; industry_classification/industry_classification.xlsx
TICKER:MGC,TICKER,MGC,CTCP Địa chất mỏ - TKV,2,104.76,CTCP Địa chất mỏ - TKV | Địa chất mỏ - TKV,,Công nghiệp,Các dịch vụ thương mại và chuyên biệt,Dịch vụ tư vấn & nghiên cứu,company_data/company_name.xlsx ; trading_data/market_caps.parquet ; trading_data/os.xlsx ; industry_classification/industry_classification.xlsx
TICKER:MGG,TICKER,MGG,Tổng Công ty Đức Giang - CTCP,2,224.99,Tổng Công ty Đức Giang - CTCP | Đức Giang,,Hàng tiêu dùng không thiết yếu,Hàng tiêu dùng lâu bền và trang phục,"Dệt may & Trang phục, phụ kiện",company_data/company_name.xlsx ; trading_data/market_caps.parquet ; trading_data/os.xlsx ; industry_classification/industry_classification.xlsx
TICKER:MGR,TICKER,MGR,CTCP Tập đoàn MGROUP,2,106.0,CTCP Tập đoàn MGROUP | MGROUP,,Bất động sản,Quản lý và phát triển bất động sản,Bất động sản phức hợp,company_data/company_name.xlsx ; trading_data/market_caps.parquet ; trading_data/os.xlsx ; industry_classification/industry_classification.xlsx
TICKER:MH3,TICKER,MH3,CTCP Khu Công nghiệp Cao su Bình Long,1,600.0,CTCP Khu Công nghiệp Cao su Bình Long | Khu Công nghiệp Cao su Bình Long,,Bất động sản,Quản lý và phát triển bất động sản,Vận hành bất động sản,company_data/company_name.xlsx ; trading_data/market_caps.parquet ; trading_data/os.xlsx ; industry_classification/industry_classification.xlsx
TICKER:MHC,TICKER,MHC,CTCP MHC,1,333.24,CTCP MHC | MHC,,Bất động sản,Quản lý và phát triển bất động sản,Bất động sản phức hợp,company_data/company_name.xlsx ; trading_data/market_caps.parquet ; trading_data/os.xlsx ; industry_classification/industry_classification.xlsx
TICKER:MIE,TICKER,MIE,Tổng Công ty Máy và Thiết bị Công nghiệp - CTCP,1,894.55,Tổng Công ty Máy và Thiết bị Công nghiệp - CTCP | Máy và Thiết bị Công nghiệp,,Công nghiệp,Tư liệu sản xuất,Máy công nghiệp,company_data/company_name.xlsx ; trading_data/market_caps.parquet ; trading_data/os.xlsx ; industry_classification/industry_classification.xlsx
TICKER:MIG,TICKER,MIG,Tổng Công ty cổ phần Bảo hiểm Quân Đội,1,3172.55,Tổng Công ty cổ phần Bảo hiểm Quân Đội | Bảo hiểm Quân Đội,,Tài chính,Bảo hiểm,Bảo hiểm,company_data/company_name.xlsx ; trading_data/market_caps.parquet ; trading_data/os.xlsx ; industry_classification/industry_classification.xlsx
TICKER:MKP,TICKER,MKP,CTCP Hoá - Dược phẩm Mekophar,1,679.72,CTCP Hoá - Dược phẩm Mekophar | Hoá - Dược phẩm Mekophar,,Y tế,Dược phẩm & Công nghệ sinh học,Dược phẩm,company_data/company_name.xlsx ; trading_data/market_caps.parquet ; trading_data/os.xlsx ; industry_classification/industry_classification.xlsx
TICKER:MLC,TICKER,MLC,CTCP Môi trường Đô thị Tỉnh Lào Cai,2,110.95,CTCP Môi trường Đô thị Tỉnh Lào Cai | Môi trường Đô thị Tỉnh Lào Cai,,Công nghiệp,Các dịch vụ thương mại và chuyên biệt,Dịch vụ môi trường,company_data/company_name.xlsx ; trading_data/market_caps.parquet ; trading_data/os.xlsx ; industry_classification/industry_classification.xlsx
TICKER:MML,TICKER,MML,CTCP Masan MeatLife,1,8972.85,CTCP Masan MeatLife | Masan MeatLife,,Hàng tiêu dùng thiết yếu,Thực phẩm & Đồ uống,Thực phẩm,company_data/company_name.xlsx ; trading_data/market_caps.parquet ; trading_data/os.xlsx ; industry_classification/industry_classification.xlsx
TICKER:MNB,TICKER,MNB,Tổng Công ty May Nhà Bè - CTCP,1,480.0,Tổng Công ty May Nhà Bè - CTCP | May Nhà Bè,,Hàng tiêu dùng không thiết yếu,Hàng tiêu dùng lâu bền và trang phục,"Dệt may & Trang phục, phụ kiện",company_data/company_name.xlsx ; trading_data/market_caps.parquet ; trading_data/os.xlsx ; industry_classification/industry_classification.xlsx
TICKER:MPC,TICKER,MPC,CTCP Tập đoàn Thủy sản Minh Phú,1,5575.19,CTCP Tập đoàn Thủy sản Minh Phú | Thủy sản Minh Phú,,Hàng tiêu dùng thiết yếu,Thực phẩm & Đồ uống,Thực phẩm,company_data/company_name.xlsx ; trading_data/market_caps.parquet ; trading_data/os.xlsx ; industry_classification/industry_classification.xlsx
TICKER:MQN,TICKER,MQN,CTCP Môi trường đô thị Quảng Ngãi,2,163.42,CTCP Môi trường đô thị Quảng Ngãi | Môi trường đô thị Quảng Ngãi,,Công nghiệp,Các dịch vụ thương mại và chuyên biệt,Dịch vụ môi trường,company_data/company_name.xlsx ; trading_data/market_caps.parquet ; trading_data/os.xlsx ; industry_classification/industry_classification.xlsx
TICKER:MRF,TICKER,MRF,CTCP Merufa,2,176.6,CTCP Merufa | Merufa,,Y tế,Dịch vụ & thiết bị y tế,Thiết bị & Vật tư y tế,company_data/company_name.xlsx ; trading_data/market_caps.parquet ; trading_data/os.xlsx ; industry_classification/industry_classification.xlsx
TICKER:MSB,TICKER,MSB,Ngân hàng TMCP Hàng hải Việt Nam,1,47923.2,Ngân hàng TMCP Hàng hải Việt Nam | Hàng hải Việt Nam | Ngân hàng Hàng Hải,,Tài chính,Ngân hàng,Ngân hàng,company_data/company_name.xlsx ; trading_data/market_caps.parquet ; trading_data/os.xlsx ; industry_classification/industry_classification.xlsx
TICKER:MSH,TICKER,MSH,CTCP May Sông Hồng,1,3353.13,CTCP May Sông Hồng | May Sông Hồng,,Hàng tiêu dùng không thiết yếu,Hàng tiêu dùng lâu bền và trang phục,"Dệt may & Trang phục, phụ kiện",company_data/company_name.xlsx ; trading_data/market_caps.parquet ; trading_data/os.xlsx ; industry_classification/industry_classification.xlsx
TICKER:MSN,TICKER,MSN,CTCP Tập đoàn Masan,1,97260.95,CTCP Tập đoàn Masan | Masan | Masan Group | WinCommerce | WinMart | WinMart+ | Masan Consumer | Phúc Long | MEATDeli,,Hàng tiêu dùng thiết yếu,Thực phẩm & Đồ uống,Thực phẩm,company_data/company_name.xlsx ; trading_data/market_caps.parquet ; trading_data/os.xlsx ; industry_classification/industry_classification.xlsx
TICKER:MSR,TICKER,MSR,CTCP Masan High-Tech Materials,1,53370.22,CTCP Masan High-Tech Materials | Masan High-Tech Materials,,Nguyên vật liệu,Kim loại & Khai khoáng,Kim loại không chứa sắt,company_data/company_name.xlsx ; trading_data/market_caps.parquet ; trading_data/os.xlsx ; industry_classification/industry_classification.xlsx
TICKER:MST,TICKER,MST,CTCP Đầu tư MST,1,1079.24,CTCP Đầu tư MST | Đầu tư MST,,Công nghiệp,Tư liệu sản xuất,Xây dựng,company_data/company_name.xlsx ; trading_data/market_caps.parquet ; trading_data/os.xlsx ; industry_classification/industry_classification.xlsx
TICKER:MTA,TICKER,MTA,Tổng Công ty Khoáng sản và Thương mại Hà Tĩnh - CTCP,1,1156.19,Tổng Công ty Khoáng sản và Thương mại Hà Tĩnh - CTCP | Khoáng sản và Thương mại Hà Tĩnh,,Nguyên vật liệu,Vật liệu xây dựng,Vật liệu xây dựng,company_data/company_name.xlsx ; trading_data/market_caps.parquet ; trading_data/os.xlsx ; industry_classification/industry_classification.xlsx
TICKER:MTG,TICKER,MTG,CTCP MT Gas,2,104.5,CTCP MT Gas | MT Gas,,Năng lượng,Năng lượng,Dầu khí,company_data/company_name.xlsx ; trading_data/market_caps.parquet ; trading_data/os.xlsx ; industry_classification/industry_classification.xlsx
TICKER:MTH,TICKER,MTH,CTCP Môi trường Đô thị Hà Đông,2,119.7,CTCP Môi trường Đô thị Hà Đông | Môi trường Đô thị Hà Đông,,Công nghiệp,Các dịch vụ thương mại và chuyên biệt,Dịch vụ môi trường,company_data/company_name.xlsx ; trading_data/market_caps.parquet ; trading_data/os.xlsx ; industry_classification/industry_classification.xlsx
TICKER:MTP,TICKER,MTP,CTCP Dược Medipharco,2,128.9,CTCP Dược Medipharco | Dược Medipharco,,Y tế,Dược phẩm & Công nghệ sinh học,Dược phẩm,company_data/company_name.xlsx ; trading_data/market_caps.parquet ; trading_data/os.xlsx ; industry_classification/industry_classification.xlsx
TICKER:MTS,TICKER,MTS,CTCP Vật tư - TKV,2,135.0,CTCP Vật tư - TKV | Vật tư - TKV,,Hàng tiêu dùng không thiết yếu,Bán lẻ,Bán lẻ,company_data/company_name.xlsx ; trading_data/market_caps.parquet ; trading_data/os.xlsx ; industry_classification/industry_classification.xlsx
TICKER:MVB,TICKER,MVB,Tổng Công ty Công nghiệp mỏ Việt Bắc TKV - CTCP,1,1470.0,Tổng Công ty Công nghiệp mỏ Việt Bắc TKV - CTCP | Công nghiệp mỏ Việt Bắc TKV,,Năng lượng,Năng lượng,Than đá và nhiên liệu khác,company_data/company_name.xlsx ; trading_data/market_caps.parquet ; trading_data/os.xlsx ; industry_classification/industry_classification.xlsx
TICKER:MVC,TICKER,MVC,CTCP Vật liệu và Xây dựng Bình Dương,1,1190.0,CTCP Vật liệu và Xây dựng Bình Dương | Vật liệu và Xây dựng Bình Dương,,Nguyên vật liệu,Vật liệu xây dựng,Vật liệu xây dựng,company_data/company_name.xlsx ; trading_data/market_caps.parquet ; trading_data/os.xlsx ; industry_classification/industry_classification.xlsx
TICKER:MVN,TICKER,MVN,Tổng Công ty Hàng hải Việt Nam - CTCP,1,73917.53,Tổng Công ty Hàng hải Việt Nam - CTCP | Hàng hải Việt Nam,,Công nghiệp,Cơ sở hạ tầng giao thông vận tải,Dịch vụ cảng biển,company_data/company_name.xlsx ; trading_data/market_caps.parquet ; trading_data/os.xlsx ; industry_classification/industry_classification.xlsx
TICKER:MWG,TICKER,MWG,CTCP Đầu tư Thế giới Di động,1,103008.44,CTCP Đầu tư Thế giới Di động | Đầu tư Thế giới Di động | Thế Giới Di Động | Thegioididong | Bách Hóa Xanh | Bach Hoa Xanh | Điện Máy Xanh | Dien May Xanh | An Khang | EraBlue,,Hàng tiêu dùng không thiết yếu,Bán lẻ,Bán lẻ,company_data/company_name.xlsx ; trading_data/market_caps.parquet ; trading_data/os.xlsx ; industry_classification/industry_classification.xlsx
TICKER:MZG,TICKER,MZG,CTCP Miza,1,1550.7,CTCP Miza | Miza,,Nguyên vật liệu,Giấy và các sản phẩm từ gỗ,Giấy,company_data/company_name.xlsx ; trading_data/market_caps.parquet ; trading_data/os.xlsx ; industry_classification/industry_classification.xlsx
TICKER:NAB,TICKER,NAB,Ngân hàng TMCP Nam Á,1,24070.87,Ngân hàng TMCP Nam Á | Nam Á | Nam A Bank | NamABank,,Tài chính,Ngân hàng,Ngân hàng,company_data/company_name.xlsx ; trading_data/market_caps.parquet ; trading_data/os.xlsx ; industry_classification/industry_classification.xlsx
TICKER:NAF,TICKER,NAF,CTCP Nafoods Group,1,2936.74,CTCP Nafoods Group | Nafoods Group,,Hàng tiêu dùng thiết yếu,Thực phẩm & Đồ uống,Thực phẩm,company_data/company_name.xlsx ; trading_data/market_caps.parquet ; trading_data/os.xlsx ; industry_classification/industry_classification.xlsx
TICKER:NAG,TICKER,NAG,CTCP Tập đoàn Nagakawa,1,383.94,CTCP Tập đoàn Nagakawa | Nagakawa,,Công nghiệp,Tư liệu sản xuất,Thiết bị điện,company_data/company_name.xlsx ; trading_data/market_caps.parquet ; trading_data/os.xlsx ; industry_classification/industry_classification.xlsx
TICKER:NAP,TICKER,NAP,CTCP Cảng Nghệ Tĩnh,2,238.84,CTCP Cảng Nghệ Tĩnh | Cảng Nghệ Tĩnh,,Công nghiệp,Vận tải,Hỗ trợ vận tải,company_data/company_name.xlsx ; trading_data/market_caps.parquet ; trading_data/os.xlsx ; industry_classification/industry_classification.xlsx
TICKER:NAS,TICKER,NAS,CTCP Dịch vụ Hàng không Sân bay Việt Nam,2,251.96,CTCP Dịch vụ Hàng không Sân bay Việt Nam | Dịch vụ Hàng không Sân bay Việt Nam,,Công nghiệp,Cơ sở hạ tầng giao thông vận tải,Dịch vụ sân bay,company_data/company_name.xlsx ; trading_data/market_caps.parquet ; trading_data/os.xlsx ; industry_classification/industry_classification.xlsx
TICKER:NAV,TICKER,NAV,CTCP Nam Việt,2,110.4,CTCP Nam Việt | Nam Việt,,Nguyên vật liệu,Vật liệu xây dựng,Vật liệu xây dựng,company_data/company_name.xlsx ; trading_data/market_caps.parquet ; trading_data/os.xlsx ; industry_classification/industry_classification.xlsx
TICKER:NAW,TICKER,NAW,CTCP Cấp nước Nghệ An,1,329.0,CTCP Cấp nước Nghệ An | Cấp nước Nghệ An,,Dịch vụ công cộng,Dịch vụ công cộng,Nước,company_data/company_name.xlsx ; trading_data/market_caps.parquet ; trading_data/os.xlsx ; industry_classification/industry_classification.xlsx
TICKER:NBB,TICKER,NBB,CTCP Đầu tư Năm Bảy Bảy,1,1698.04,CTCP Đầu tư Năm Bảy Bảy | Đầu tư Năm Bảy Bảy,,Bất động sản,Quản lý và phát triển bất động sản,Bất động sản phức hợp,company_data/company_name.xlsx ; trading_data/market_caps.parquet ; trading_data/os.xlsx ; industry_classification/industry_classification.xlsx
TICKER:NBC,TICKER,NBC,CTCP Than Núi Béo - Vinacomin,2,273.79,CTCP Than Núi Béo - Vinacomin | Than Núi Béo - Vinacomin,,Năng lượng,Năng lượng,Than đá và nhiên liệu khác,company_data/company_name.xlsx ; trading_data/market_caps.parquet ; trading_data/os.xlsx ; industry_classification/industry_classification.xlsx
TICKER:NBT,TICKER,NBT,CTCP Cấp thoát nước Bến Tre,1,411.6,CTCP Cấp thoát nước Bến Tre | Cấp thoát nước Bến Tre,,Dịch vụ công cộng,Dịch vụ công cộng,Nước,company_data/company_name.xlsx ; trading_data/market_caps.parquet ; trading_data/os.xlsx ; industry_classification/industry_classification.xlsx
TICKER:NBW,TICKER,NBW,CTCP Cấp nước Nhà Bè,1,316.1,CTCP Cấp nước Nhà Bè | Cấp nước Nhà Bè,,Dịch vụ công cộng,Dịch vụ công cộng,Nước,company_data/company_name.xlsx ; trading_data/market_caps.parquet ; trading_data/os.xlsx ; industry_classification/industry_classification.xlsx
TICKER:NCG,TICKER,NCG,CTCP Đầu tư Anova Agri,1,1413.46,CTCP Đầu tư Anova Agri | Đầu tư Anova Agri,,Y tế,Dược phẩm & Công nghệ sinh học,Dược phẩm,company_data/company_name.xlsx ; trading_data/market_caps.parquet ; trading_data/os.xlsx ; industry_classification/industry_classification.xlsx
TICKER:NCS,TICKER,NCS,CTCP Suất ăn Hàng không Nội Bài,1,604.85,CTCP Suất ăn Hàng không Nội Bài | Suất ăn Hàng không Nội Bài,,Công nghiệp,Cơ sở hạ tầng giao thông vận tải,Dịch vụ sân bay,company_data/company_name.xlsx ; trading_data/market_caps.parquet ; trading_data/os.xlsx ; industry_classification/industry_classification.xlsx
TICKER:NCT,TICKER,NCT,CTCP Dịch vụ Hàng hóa Nội Bài,1,2200.54,CTCP Dịch vụ Hàng hóa Nội Bài | Dịch vụ Hàng hóa Nội Bài,,Công nghiệp,Cơ sở hạ tầng giao thông vận tải,Dịch vụ sân bay,company_data/company_name.xlsx ; trading_data/market_caps.parquet ; trading_data/os.xlsx ; industry_classification/industry_classification.xlsx
TICKER:ND2,TICKER,ND2,CTCP Đầu tư và Phát triển Điện Miền Bắc 2,1,1639.8,CTCP Đầu tư và Phát triển Điện Miền Bắc 2 | Đầu tư và Phát triển Điện Miền Bắc 2,,Dịch vụ công cộng,Dịch vụ công cộng,Điện,company_data/company_name.xlsx ; trading_data/market_caps.parquet ; trading_data/os.xlsx ; industry_classification/industry_classification.xlsx
TICKER:NDC,TICKER,NDC,CTCP Nam Dược,1,849.87,CTCP Nam Dược | Nam Dược,,Y tế,Dược phẩm & Công nghệ sinh học,Dược phẩm,company_data/company_name.xlsx ; trading_data/market_caps.parquet ; trading_data/os.xlsx ; industry_classification/industry_classification.xlsx
TICKER:NDN,TICKER,NDN,CTCP Đầu tư Phát triển Nhà Đà Nẵng,1,609.09,CTCP Đầu tư Phát triển Nhà Đà Nẵng | Đầu tư Phát triển Nhà Đà Nẵng,,Bất động sản,Quản lý và phát triển bất động sản,Bất động sản phức hợp,company_data/company_name.xlsx ; trading_data/market_caps.parquet ; trading_data/os.xlsx ; industry_classification/industry_classification.xlsx
TICKER:NDP,TICKER,NDP,CTCP Dược phẩm 2/9,2,219.78,CTCP Dược phẩm 2/9 | Dược phẩm 2/9,,Y tế,Dược phẩm & Công nghệ sinh học,Dược phẩm,company_data/company_name.xlsx ; trading_data/market_caps.parquet ; trading_data/os.xlsx ; industry_classification/industry_classification.xlsx
TICKER:NDW,TICKER,NDW,CTCP Cấp nước Nam Định,1,664.02,CTCP Cấp nước Nam Định | Cấp nước Nam Định,,Dịch vụ công cộng,Dịch vụ công cộng,Nước,company_data/company_name.xlsx ; trading_data/market_caps.parquet ; trading_data/os.xlsx ; industry_classification/industry_classification.xlsx
TICKER:NED,TICKER,NED,CTCP Đầu tư và Phát triển Điện Tây Bắc,2,226.8,CTCP Đầu tư và Phát triển Điện Tây Bắc | Đầu tư và Phát triển Điện Tây Bắc,,Dịch vụ công cộng,Dịch vụ công cộng,Điện,company_data/company_name.xlsx ; trading_data/market_caps.parquet ; trading_data/os.xlsx ; industry_classification/industry_classification.xlsx
TICKER:NEM,TICKER,NEM,CTCP Thiết bị điện Miền Bắc,2,117.69,CTCP Thiết bị điện Miền Bắc | Thiết bị điện Miền Bắc,,Công nghiệp,Tư liệu sản xuất,Thiết bị điện,company_data/company_name.xlsx ; trading_data/market_caps.parquet ; trading_data/os.xlsx ; industry_classification/industry_classification.xlsx
TICKER:NET,TICKER,NET,CTCP Bột giặt NET,1,1355.1,CTCP Bột giặt NET | Bột giặt NET,,Hàng tiêu dùng thiết yếu,Sản phẩm cá nhân & hộ gia đình,Sản phẩm gia dụng không lâu bền,company_data/company_name.xlsx ; trading_data/market_caps.parquet ; trading_data/os.xlsx ; industry_classification/industry_classification.xlsx
TICKER:NFC,TICKER,NFC,CTCP Phân lân Ninh Bình,1,849.49,CTCP Phân lân Ninh Bình | Phân lân Ninh Bình,,nan,nan,nan,company_data/company_name.xlsx ; trading_data/market_caps.parquet ; trading_data/os.xlsx ; industry_classification/industry_classification.xlsx
TICKER:NHA,TICKER,NHA,Tổng Công ty Đầu tư Phát triển Nhà và Đô thị Nam Hà Nội,2,148.44,Tổng Công ty Đầu tư Phát triển Nhà và Đô thị Nam Hà Nội | Đầu tư Phát triển Nhà và Đô thị Nam Hà Nội,,Công nghiệp,Tư liệu sản xuất,Xây dựng,company_data/company_name.xlsx ; trading_data/market_caps.parquet ; trading_data/os.xlsx ; industry_classification/industry_classification.xlsx
TICKER:NHD,TICKER,NHD,CTCP Dược phẩm Nam Hà,2,298.48,CTCP Dược phẩm Nam Hà | Dược phẩm Nam Hà,,,,,company_data/company_name.xlsx ; trading_data/market_caps.parquet ; trading_data/os.xlsx
TICKER:NHH,TICKER,NHH,CTCP Nhựa Hà Nội,1,1109.31,CTCP Nhựa Hà Nội | Nhựa Hà Nội,,Nguyên vật liệu,Nguyên vật liệu,Hóa chất,company_data/company_name.xlsx ; trading_data/market_caps.parquet ; trading_data/os.xlsx ; industry_classification/industry_classification.xlsx
TICKER:NHT,TICKER,NHT,CTCP Sản xuất và Thương mại Nam Hoa,2,270.04,CTCP Sản xuất và Thương mại Nam Hoa | Sản xuất và Thương mại Nam Hoa,,Hàng tiêu dùng không thiết yếu,Hàng tiêu dùng lâu bền và trang phục,Đồ gia dụng lâu bền,company_data/company_name.xlsx ; trading_data/market_caps.parquet ; trading_data/os.xlsx ; industry_classification/industry_classification.xlsx
TICKER:NKG,TICKER,NKG,CTCP Thép Nam Kim,1,4972.47,CTCP Thép Nam Kim | Thép Nam Kim | Nam Kim,,Nguyên vật liệu,Kim loại & Khai khoáng,Thép,company_data/company_name.xlsx ; trading_data/market_caps.parquet ; trading_data/os.xlsx ; industry_classification/industry_classification.xlsx
TICKER:NLG,TICKER,NLG,CTCP Đầu tư Nam Long,1,11521.06,CTCP Đầu tư Nam Long | Đầu tư Nam Long,,Bất động sản,Quản lý và phát triển bất động sản,Bất động sản phức hợp,company_data/company_name.xlsx ; trading_data/market_caps.parquet ; trading_data/os.xlsx ; industry_classification/industry_classification.xlsx
TICKER:NNC,TICKER,NNC,CTCP Đá Núi Nhỏ,1,809.94,CTCP Đá Núi Nhỏ | Đá Núi Nhỏ,,Nguyên vật liệu,Vật liệu xây dựng,Vật liệu xây dựng,company_data/company_name.xlsx ; trading_data/market_caps.parquet ; trading_data/os.xlsx ; industry_classification/industry_classification.xlsx
TICKER:NNT,TICKER,NNT,CTCP Cấp nước Ninh Thuận,1,578.94,CTCP Cấp nước Ninh Thuận | Cấp nước Ninh Thuận,,Dịch vụ công cộng,Dịch vụ công cộng,Nước,company_data/company_name.xlsx ; trading_data/market_caps.parquet ; trading_data/os.xlsx ; industry_classification/industry_classification.xlsx
TICKER:NQB,TICKER,NQB,CTCP Cấp nước Quảng Bình,2,130.95,CTCP Cấp nước Quảng Bình | Cấp nước Quảng Bình,,Dịch vụ công cộng,Dịch vụ công cộng,Nước,company_data/company_name.xlsx ; trading_data/market_caps.parquet ; trading_data/os.xlsx ; industry_classification/industry_classification.xlsx
TICKER:NQN,TICKER,NQN,CTCP Nước sạch Quảng Ninh,1,508.32,CTCP Nước sạch Quảng Ninh | Nước sạch Quảng Ninh,,Dịch vụ công cộng,Dịch vụ công cộng,Nước,company_data/company_name.xlsx ; trading_data/market_caps.parquet ; trading_data/os.xlsx ; industry_classification/industry_classification.xlsx
TICKER:NQT,TICKER,NQT,CTCP Nước sạch Quảng Trị,2,144.04,CTCP Nước sạch Quảng Trị | Nước sạch Quảng Trị,,Dịch vụ công cộng,Dịch vụ công cộng,Nước,company_data/company_name.xlsx ; trading_data/market_caps.parquet ; trading_data/os.xlsx ; industry_classification/industry_classification.xlsx
TICKER:NRC,TICKER,NRC,CTCP Tập đoàn Bất động sản Quốc gia,1,425.95,CTCP Tập đoàn Bất động sản Quốc gia | Bất động sản Quốc gia,,Bất động sản,Quản lý và phát triển bất động sản,Bất động sản phức hợp,company_data/company_name.xlsx ; trading_data/market_caps.parquet ; trading_data/os.xlsx ; industry_classification/industry_classification.xlsx
TICKER:NS2,TICKER,NS2,CTCP Nước sạch Số 2 Hà Nội,1,880.4,CTCP Nước sạch Số 2 Hà Nội | Nước sạch Số 2 Hà Nội,,Dịch vụ công cộng,Dịch vụ công cộng,Nước,company_data/company_name.xlsx ; trading_data/market_caps.parquet ; trading_data/os.xlsx ; industry_classification/industry_classification.xlsx
TICKER:NSC,TICKER,NSC,CTCP Tập đoàn Giống cây trồng Việt Nam,1,1133.56,CTCP Tập đoàn Giống cây trồng Việt Nam | Giống cây trồng Việt Nam,,Hàng tiêu dùng thiết yếu,Thực phẩm & Đồ uống,Thực phẩm,company_data/company_name.xlsx ; trading_data/market_caps.parquet ; trading_data/os.xlsx ; industry_classification/industry_classification.xlsx
TICKER:NSG,TICKER,NSG,CTCP Nhựa Sài Gòn,2,112.31,CTCP Nhựa Sài Gòn | Nhựa Sài Gòn,,Nguyên vật liệu,Vật liệu xây dựng,Bao bì và đóng gói,company_data/company_name.xlsx ; trading_data/market_caps.parquet ; trading_data/os.xlsx ; industry_classification/industry_classification.xlsx
SECURITY_OTHER:NSHC,SECURITY_OTHER,NSHC,NSHC,1,,,,Nguyên vật liệu,Kim loại & Khai khoáng,Kim loại không chứa sắt,industry_classification/industry_classification.xlsx
TICKER:NSL,TICKER,NSL,CTCP Cấp nước Sơn La,2,193.75,CTCP Cấp nước Sơn La | Cấp nước Sơn La,,Dịch vụ công cộng,Dịch vụ công cộng,Nước,company_data/company_name.xlsx ; trading_data/market_caps.parquet ; trading_data/os.xlsx ; industry_classification/industry_classification.xlsx
TICKER:NST,TICKER,NST,CTCP Ngân Sơn,2,138.9,CTCP Ngân Sơn | Ngân Sơn,,Hàng tiêu dùng thiết yếu,Thực phẩm & Đồ uống,Thuốc lá,company_data/company_name.xlsx ; trading_data/market_caps.parquet ; trading_data/os.xlsx ; industry_classification/industry_classification.xlsx
TICKER:NT2,TICKER,NT2,CTCP Điện lực Dầu khí Nhơn Trạch 2,1,5829.49,CTCP Điện lực Dầu khí Nhơn Trạch 2 | Điện lực Dầu khí Nhơn Trạch 2,,Dịch vụ công cộng,Dịch vụ công cộng,Điện,company_data/company_name.xlsx ; trading_data/market_caps.parquet ; trading_data/os.xlsx ; industry_classification/industry_classification.xlsx
TICKER:NTC,TICKER,NTC,CTCP Khu Công nghiệp Nam Tân Uyên,1,3100.8,CTCP Khu Công nghiệp Nam Tân Uyên | Khu Công nghiệp Nam Tân Uyên,,Bất động sản,Quản lý và phát triển bất động sản,Vận hành bất động sản,company_data/company_name.xlsx ; trading_data/market_caps.parquet ; trading_data/os.xlsx ; industry_classification/industry_classification.xlsx
TICKER:NTF,TICKER,NTF,CTCP Dược - Vật tư Y tế Nghệ An,2,180.0,CTCP Dược - Vật tư Y tế Nghệ An | Dược - Vật tư Y tế Nghệ An,,Y tế,Dược phẩm & Công nghệ sinh học,Dược phẩm,company_data/company_name.xlsx ; trading_data/market_caps.parquet ; trading_data/os.xlsx ; industry_classification/industry_classification.xlsx
TICKER:NTH,TICKER,NTH,CTCP Thủy điện Nước Trong,1,561.71,CTCP Thủy điện Nước Trong | Thủy điện Nước Trong,,Dịch vụ công cộng,Dịch vụ công cộng,Điện,company_data/company_name.xlsx ; trading_data/market_caps.parquet ; trading_data/os.xlsx ; industry_classification/industry_classification.xlsx
TICKER:NTL,TICKER,NTL,CTCP Phát triển Đô thị Từ Liêm,1,1524.75,CTCP Phát triển Đô thị Từ Liêm | Phát triển Đô thị Từ Liêm,,Bất động sản,Quản lý và phát triển bất động sản,Bất động sản phức hợp,company_data/company_name.xlsx ; trading_data/market_caps.parquet ; trading_data/os.xlsx ; industry_classification/industry_classification.xlsx
TICKER:NTP,TICKER,NTP,CTCP Nhựa Thiếu niên Tiền Phong,1,10549.6,CTCP Nhựa Thiếu niên Tiền Phong | Nhựa Thiếu niên Tiền Phong,,Nguyên vật liệu,Vật liệu xây dựng,Vật liệu xây dựng,company_data/company_name.xlsx ; trading_data/market_caps.parquet ; trading_data/os.xlsx ; industry_classification/industry_classification.xlsx
SECURITY_OTHER:NTSF,SECURITY_OTHER,NTSF,NTSF,1,,,,Hàng tiêu dùng thiết yếu,Thực phẩm & Đồ uống,Thực phẩm,industry_classification/industry_classification.xlsx
TICKER:NTT,TICKER,NTT,CTCP Dệt - May Nha Trang,2,267.9,CTCP Dệt - May Nha Trang | Dệt - May Nha Trang,,Hàng tiêu dùng không thiết yếu,Hàng tiêu dùng lâu bền và trang phục,"Dệt may & Trang phục, phụ kiện",company_data/company_name.xlsx ; trading_data/market_caps.parquet ; trading_data/os.xlsx ; industry_classification/industry_classification.xlsx
TICKER:NTW,TICKER,NTW,CTCP Cấp nước Nhơn Trạch,2,166.0,CTCP Cấp nước Nhơn Trạch | Cấp nước Nhơn Trạch,,Dịch vụ công cộng,Dịch vụ công cộng,Nước,company_data/company_name.xlsx ; trading_data/market_caps.parquet ; trading_data/os.xlsx ; industry_classification/industry_classification.xlsx
TICKER:NVB,TICKER,NVB,Ngân hàng TMCP Quốc Dân,1,33340.81,Ngân hàng TMCP Quốc Dân | Quốc Dân,,Tài chính,Ngân hàng,Ngân hàng,company_data/company_name.xlsx ; trading_data/market_caps.parquet ; trading_data/os.xlsx ; industry_classification/industry_classification.xlsx
TICKER:NVL,TICKER,NVL,CTCP Tập đoàn Đầu tư Địa ốc No Va,1,28704.71,CTCP Tập đoàn Đầu tư Địa ốc No Va | Đầu tư Địa ốc No Va,,Bất động sản,Quản lý và phát triển bất động sản,Bất động sản phức hợp,company_data/company_name.xlsx ; trading_data/market_caps.parquet ; trading_data/os.xlsx ; industry_classification/industry_classification.xlsx
TICKER:NVP,TICKER,NVP,CTCP Nước sạch Vĩnh Phúc,2,118.4,CTCP Nước sạch Vĩnh Phúc | Nước sạch Vĩnh Phúc,,Dịch vụ công cộng,Dịch vụ công cộng,Nước,company_data/company_name.xlsx ; trading_data/market_caps.parquet ; trading_data/os.xlsx ; industry_classification/industry_classification.xlsx
TICKER:NVT,TICKER,NVT,CTCP Bất động sản Du lịch Ninh Vân Bay,1,660.65,CTCP Bất động sản Du lịch Ninh Vân Bay | Bất động sản Du lịch Ninh Vân Bay,,Hàng tiêu dùng không thiết yếu,Hàng tiêu dùng lâu bền và trang phục,"Khách sạn, nhà hàng & Giải trí",company_data/company_name.xlsx ; trading_data/market_caps.parquet ; trading_data/os.xlsx ; industry_classification/industry_classification.xlsx
TICKER:OCB,TICKER,OCB,Ngân hàng TMCP Phương Đông,1,31237.6,Ngân hàng TMCP Phương Đông | Phương Đông | Ngân hàng Phương Đông,,Tài chính,Ngân hàng,Ngân hàng,company_data/company_name.xlsx ; trading_data/market_caps.parquet ; trading_data/os.xlsx ; industry_classification/industry_classification.xlsx
TICKER:OCH,TICKER,OCH,CTCP One Capital Hospitality,1,1300.0,CTCP One Capital Hospitality | One Capital Hospitality,,Hàng tiêu dùng không thiết yếu,Hàng tiêu dùng lâu bền và trang phục,"Khách sạn, nhà hàng & Giải trí",company_data/company_name.xlsx ; trading_data/market_caps.parquet ; trading_data/os.xlsx ; industry_classification/industry_classification.xlsx
TICKER:ODE,TICKER,ODE,CTCP Tập đoàn Truyền thông và Giải trí ODE,1,452.0,CTCP Tập đoàn Truyền thông và Giải trí ODE | Truyền thông và Giải trí ODE,,Hàng tiêu dùng không thiết yếu,Truyền thông và xuất bản,Truyền thông và xuất bản,company_data/company_name.xlsx ; trading_data/market_caps.parquet ; trading_data/os.xlsx ; industry_classification/industry_classification.xlsx
TICKER:OGC,TICKER,OGC,CTCP Tập đoàn Đại Dương,1,636.0,CTCP Tập đoàn Đại Dương | Đại Dương,,Bất động sản,Quản lý và phát triển bất động sản,Bất động sản phức hợp,company_data/company_name.xlsx ; trading_data/market_caps.parquet ; trading_data/os.xlsx ; industry_classification/industry_classification.xlsx
TICKER:OIL,TICKER,OIL,Tổng Công ty Dầu Việt Nam - CTCP,1,14375.79,Tổng Công ty Dầu Việt Nam - CTCP | Dầu Việt Nam,,Năng lượng,Năng lượng,Dầu khí,company_data/company_name.xlsx ; trading_data/market_caps.parquet ; trading_data/os.xlsx ; industry_classification/industry_classification.xlsx
TICKER:OPC,TICKER,OPC,CTCP Dược phẩm OPC,1,1495.04,CTCP Dược phẩm OPC | Dược phẩm OPC,,Y tế,Dược phẩm & Công nghệ sinh học,Dược phẩm,company_data/company_name.xlsx ; trading_data/market_caps.parquet ; trading_data/os.xlsx ; industry_classification/industry_classification.xlsx
TICKER:ORS,TICKER,ORS,CTCP Chứng khoán Tiên Phong,1,8111.1,CTCP Chứng khoán Tiên Phong | Chứng khoán Tiên Phong,,Tài chính,Công ty chứng khoán,Công ty chứng khoán,company_data/company_name.xlsx ; trading_data/market_caps.parquet ; trading_data/os.xlsx ; industry_classification/industry_classification.xlsx
TICKER:PAC,TICKER,PAC,CTCP Pin Ắc quy Miền Nam,1,1058.15,CTCP Pin Ắc quy Miền Nam | Pin Ắc quy Miền Nam,,Công nghiệp,Tư liệu sản xuất,Thiết bị điện,company_data/company_name.xlsx ; trading_data/market_caps.parquet ; trading_data/os.xlsx ; industry_classification/industry_classification.xlsx
TICKER:PAN,TICKER,PAN,CTCP Tập đoàn PAN,1,4587.32,CTCP Tập đoàn PAN | PAN,,Hàng tiêu dùng thiết yếu,Thực phẩm & Đồ uống,Thực phẩm,company_data/company_name.xlsx ; trading_data/market_caps.parquet ; trading_data/os.xlsx ; industry_classification/industry_classification.xlsx
TICKER:PAP,TICKER,PAP,CTCP Dầu khí Đầu tư Khai thác Cảng Phước An,1,10353.0,CTCP Dầu khí Đầu tư Khai thác Cảng Phước An | Dầu khí Đầu tư Khai thác Cảng Phước An,,Công nghiệp,Cơ sở hạ tầng giao thông vận tải,Dịch vụ cảng biển,company_data/company_name.xlsx ; trading_data/market_caps.parquet ; trading_data/os.xlsx ; industry_classification/industry_classification.xlsx
TICKER:PAT,TICKER,PAT,CTCP Phốt Pho Apatit Việt Nam,1,1750.0,CTCP Phốt Pho Apatit Việt Nam | Phốt Pho Apatit Việt Nam,,Nguyên vật liệu,Nguyên vật liệu,Hóa chất,company_data/company_name.xlsx ; trading_data/market_caps.parquet ; trading_data/os.xlsx ; industry_classification/industry_classification.xlsx
TICKER:PBC,TICKER,PBC,CTCP Dược phẩm Trung ương I - Pharbaco,1,606.83,CTCP Dược phẩm Trung ương I - Pharbaco | Dược phẩm Trung ương I - Pharbaco,,Y tế,Dược phẩm & Công nghệ sinh học,Dược phẩm,company_data/company_name.xlsx ; trading_data/market_caps.parquet ; trading_data/os.xlsx ; industry_classification/industry_classification.xlsx
TICKER:PBT,TICKER,PBT,CTCP Bao bì và Thương mại dầu khí Bình Sơn,2,208.52,CTCP Bao bì và Thương mại dầu khí Bình Sơn | Bao bì và Thương mại dầu khí Bình Sơn,,Nguyên vật liệu,Nguyên vật liệu,Hóa chất,company_data/company_name.xlsx ; trading_data/market_caps.parquet ; trading_data/os.xlsx ; industry_classification/industry_classification.xlsx
TICKER:PC1,TICKER,PC1,CTCP Tập Đoàn PC1,1,8328.53,CTCP Tập Đoàn PC1 | PC1,,Công nghiệp,Tư liệu sản xuất,Xây dựng,company_data/company_name.xlsx ; trading_data/market_caps.parquet ; trading_data/os.xlsx ; industry_classification/industry_classification.xlsx
TICKER:PCB,TICKER,PCB,PCB,1,7470.0,,,,,,trading_data/market_caps.parquet ; trading_data/os.xlsx
TICKER:PCC,TICKER,PCC,CTCP Tập đoàn Xây lắp 1 - Petrolimex,2,248.4,CTCP Tập đoàn Xây lắp 1 - Petrolimex | Xây lắp 1 - Petrolimex,,Công nghiệp,Tư liệu sản xuất,Xây dựng,company_data/company_name.xlsx ; trading_data/market_caps.parquet ; trading_data/os.xlsx ; industry_classification/industry_classification.xlsx
TICKER:PCE,TICKER,PCE,CTCP Phân bón và Hóa chất Dầu khí Miền Trung,2,178.0,CTCP Phân bón và Hóa chất Dầu khí Miền Trung | Phân bón và Hóa chất Dầu khí Miền Trung,,nan,nan,nan,company_data/company_name.xlsx ; trading_data/market_caps.parquet ; trading_data/os.xlsx ; industry_classification/industry_classification.xlsx
TICKER:PCH,TICKER,PCH,CTCP Picomat Holding,1,492.11,CTCP Picomat Holding | Picomat Holding,,Hàng tiêu dùng không thiết yếu,Bán lẻ,Bán lẻ,company_data/company_name.xlsx ; trading_data/market_caps.parquet ; trading_data/os.xlsx ; industry_classification/industry_classification.xlsx
TICKER:PCT,TICKER,PCT,CTCP Vận tải biển Global Pacific,1,808.36,CTCP Vận tải biển Global Pacific | Vận tải biển Global Pacific,,Hàng tiêu dùng không thiết yếu,Bán lẻ,Bán lẻ,company_data/company_name.xlsx ; trading_data/market_caps.parquet ; trading_data/os.xlsx ; industry_classification/industry_classification.xlsx
TICKER:PDB,TICKER,PDB,CTCP Tập đoàn Đầu tư Din Capital,2,212.06,CTCP Tập đoàn Đầu tư Din Capital | Đầu tư Din Capital,,Nguyên vật liệu,Vật liệu xây dựng,Vật liệu xây dựng,company_data/company_name.xlsx ; trading_data/market_caps.parquet ; trading_data/os.xlsx ; industry_classification/industry_classification.xlsx
TICKER:PDN,TICKER,PDN,CTCP Cảng Đồng Nai,1,4684.2,CTCP Cảng Đồng Nai | Cảng Đồng Nai,,Công nghiệp,Cơ sở hạ tầng giao thông vận tải,Dịch vụ cảng biển,company_data/company_name.xlsx ; trading_data/market_caps.parquet ; trading_data/os.xlsx ; industry_classification/industry_classification.xlsx
TICKER:PDR,TICKER,PDR,CTCP Phát triển Bất động sản Phát Đạt,1,11524.7,CTCP Phát triển Bất động sản Phát Đạt | Phát triển Bất động sản Phát Đạt,,Bất động sản,Quản lý và phát triển bất động sản,Bất động sản phức hợp,company_data/company_name.xlsx ; trading_data/market_caps.parquet ; trading_data/os.xlsx ; industry_classification/industry_classification.xlsx
TICKER:PDV,TICKER,PDV,CTCP Vận Tải Và Tiếp Vận Phương Đông Việt,1,661.49,CTCP Vận Tải Và Tiếp Vận Phương Đông Việt | Vận Tải Và Tiếp Vận Phương Đông Việt,,Công nghiệp,Vận tải,Hỗ trợ vận tải,company_data/company_name.xlsx ; trading_data/market_caps.parquet ; trading_data/os.xlsx ; industry_classification/industry_classification.xlsx
TICKER:PEG,TICKER,PEG,Tổng Công ty Thương mại Kỹ thuật và Đầu tư - CTCP,1,1194.61,Tổng Công ty Thương mại Kỹ thuật và Đầu tư - CTCP | Thương mại Kỹ thuật và Đầu tư,,Năng lượng,Năng lượng,Dầu khí,company_data/company_name.xlsx ; trading_data/market_caps.parquet ; trading_data/os.xlsx ; industry_classification/industry_classification.xlsx
TICKER:PEQ,TICKER,PEQ,CTCP Thiết bị Xăng dầu Petrolimex,2,209.05,CTCP Thiết bị Xăng dầu Petrolimex | Thiết bị Xăng dầu Petrolimex,,Hàng tiêu dùng không thiết yếu,Bán lẻ,Bán lẻ,company_data/company_name.xlsx ; trading_data/market_caps.parquet ; trading_data/os.xlsx ; industry_classification/industry_classification.xlsx
TICKER:PET,TICKER,PET,Tổng Công ty cổ phần Dịch vụ Tổng hợp Dầu khí,1,5710.04,Tổng Công ty cổ phần Dịch vụ Tổng hợp Dầu khí | Dịch vụ Tổng hợp Dầu khí,,Hàng tiêu dùng không thiết yếu,Bán lẻ,Bán lẻ,company_data/company_name.xlsx ; trading_data/market_caps.parquet ; trading_data/os.xlsx ; industry_classification/industry_classification.xlsx
TICKER:PGB,TICKER,PGB,Ngân hàng TMCP Thịnh vượng và Phát triển,1,7033.94,Ngân hàng TMCP Thịnh vượng và Phát triển | Thịnh vượng và Phát triển,,Tài chính,Ngân hàng,Ngân hàng,company_data/company_name.xlsx ; trading_data/market_caps.parquet ; trading_data/os.xlsx ; industry_classification/industry_classification.xlsx
TICKER:PGC,TICKER,PGC,Tổng Công ty Gas Petrolimex - CTCP,1,890.0,Tổng Công ty Gas Petrolimex - CTCP | Gas Petrolimex,,Năng lượng,Năng lượng,Dầu khí,company_data/company_name.xlsx ; trading_data/market_caps.parquet ; trading_data/os.xlsx ; industry_classification/industry_classification.xlsx
TICKER:PGD,TICKER,PGD,CTCP Phân phối khí thấp áp Dầu khí Việt Nam,1,2177.94,CTCP Phân phối khí thấp áp Dầu khí Việt Nam | Phân phối khí thấp áp Dầu khí Việt Nam,,Năng lượng,Năng lượng,Dầu khí,company_data/company_name.xlsx ; trading_data/market_caps.parquet ; trading_data/os.xlsx ; industry_classification/industry_classification.xlsx
TICKER:PGI,TICKER,PGI,Tổng Công ty cổ phần Bảo hiểm Petrolimex,1,2450.82,Tổng Công ty cổ phần Bảo hiểm Petrolimex | Bảo hiểm Petrolimex,,Tài chính,Bảo hiểm,Bảo hiểm,company_data/company_name.xlsx ; trading_data/market_caps.parquet ; trading_data/os.xlsx ; industry_classification/industry_classification.xlsx
TICKER:PGS,TICKER,PGS,CTCP Kinh doanh Khí Miền Nam,1,3799.91,CTCP Kinh doanh Khí Miền Nam | Kinh doanh Khí Miền Nam,,Năng lượng,Năng lượng,Dầu khí,company_data/company_name.xlsx ; trading_data/market_caps.parquet ; trading_data/os.xlsx ; industry_classification/industry_classification.xlsx
TICKER:PGV,TICKER,PGV,Tổng Công ty Phát điện 3 - CTCP,1,25844.25,Tổng Công ty Phát điện 3 - CTCP | Phát điện 3,,Dịch vụ công cộng,Dịch vụ công cộng,Điện,company_data/company_name.xlsx ; trading_data/market_caps.parquet ; trading_data/os.xlsx ; industry_classification/industry_classification.xlsx
TICKER:PHC,TICKER,PHC,CTCP Xây dựng Phục Hưng Holdings,2,204.75,CTCP Xây dựng Phục Hưng Holdings | Xây dựng Phục Hưng Holdings,,Công nghiệp,Tư liệu sản xuất,Xây dựng,company_data/company_name.xlsx ; trading_data/market_caps.parquet ; trading_data/os.xlsx ; industry_classification/industry_classification.xlsx
TICKER:PHN,TICKER,PHN,CTCP Pin Hà Nội,1,402.59,CTCP Pin Hà Nội | Pin Hà Nội,,Công nghiệp,Tư liệu sản xuất,Thiết bị điện,company_data/company_name.xlsx ; trading_data/market_caps.parquet ; trading_data/os.xlsx ; industry_classification/industry_classification.xlsx
TICKER:PHP,TICKER,PHP,CTCP Cảng Hải Phòng,1,13830.41,CTCP Cảng Hải Phòng | Cảng Hải Phòng,,Công nghiệp,Cơ sở hạ tầng giao thông vận tải,Dịch vụ cảng biển,company_data/company_name.xlsx ; trading_data/market_caps.parquet ; trading_data/os.xlsx ; industry_classification/industry_classification.xlsx
TICKER:PHR,TICKER,PHR,CTCP Cao su Phước Hòa,1,7585.25,CTCP Cao su Phước Hòa | Cao su Phước Hòa,,Hàng tiêu dùng không thiết yếu,Ô tô & Phụ tùng,Lốp & Cao su,company_data/company_name.xlsx ; trading_data/market_caps.parquet ; trading_data/os.xlsx ; industry_classification/industry_classification.xlsx
TICKER:PHS,TICKER,PHS,CTCP Chứng khoán Phú Hưng,1,2575.1,CTCP Chứng khoán Phú Hưng | Chứng khoán Phú Hưng,,Tài chính,Công ty chứng khoán,Công ty chứng khoán,company_data/company_name.xlsx ; trading_data/market_caps.parquet ; trading_data/os.xlsx ; industry_classification/industry_classification.xlsx
TICKER:PIA,TICKER,PIA,CTCP Tin học Viễn thông Petrolimex,2,109.2,CTCP Tin học Viễn thông Petrolimex | Tin học Viễn thông Petrolimex,,Công nghệ,Phần cứng,Phần cứng,company_data/company_name.xlsx ; trading_data/market_caps.parquet ; trading_data/os.xlsx ; industry_classification/industry_classification.xlsx
TICKER:PIC,TICKER,PIC,CTCP Đầu tư Điện lực 3,1,463.42,CTCP Đầu tư Điện lực 3 | Đầu tư Điện lực 3,,Dịch vụ công cộng,Dịch vụ công cộng,Điện,company_data/company_name.xlsx ; trading_data/market_caps.parquet ; trading_data/os.xlsx ; industry_classification/industry_classification.xlsx
TICKER:PIS,TICKER,PIS,Tổng Công ty Pisico Bình Định - CTCP,1,316.25,Tổng Công ty Pisico Bình Định - CTCP | Pisico Bình Định,,Nguyên vật liệu,Giấy và các sản phẩm từ gỗ,Gỗ và các sản phẩm từ gỗ,company_data/company_name.xlsx ; trading_data/market_caps.parquet ; trading_data/os.xlsx ; industry_classification/industry_classification.xlsx
TICKER:PIT,TICKER,PIT,CTCP Xuất nhập khẩu Petrolimex,2,129.31,CTCP Xuất nhập khẩu Petrolimex | Xuất nhập khẩu Petrolimex,,Hàng tiêu dùng không thiết yếu,Bán lẻ,Bán lẻ,company_data/company_name.xlsx ; trading_data/market_caps.parquet ; trading_data/os.xlsx ; industry_classification/industry_classification.xlsx
TICKER:PIV,TICKER,PIV,CTCP PIV,2,110.88,CTCP PIV | PIV,,Hàng tiêu dùng không thiết yếu,Bán lẻ,Bán lẻ,company_data/company_name.xlsx ; trading_data/market_caps.parquet ; trading_data/os.xlsx ; industry_classification/industry_classification.xlsx
TICKER:PJC,TICKER,PJC,CTCP Thương mại và Vận tải Petrolimex Hà Nội,2,234.46,CTCP Thương mại và Vận tải Petrolimex Hà Nội | Thương mại và Vận tải Petrolimex Hà Nội,,Hàng tiêu dùng không thiết yếu,Bán lẻ,Bán lẻ,company_data/company_name.xlsx ; trading_data/market_caps.parquet ; trading_data/os.xlsx ; industry_classification/industry_classification.xlsx
TICKER:PJS,TICKER,PJS,CTCP Cấp nước Phú Hòa Tân,2,198.0,CTCP Cấp nước Phú Hòa Tân | Cấp nước Phú Hòa Tân,,Dịch vụ công cộng,Dịch vụ công cộng,Nước,company_data/company_name.xlsx ; trading_data/market_caps.parquet ; trading_data/os.xlsx ; industry_classification/industry_classification.xlsx
TICKER:PJT,TICKER,PJT,CTCP Vận tải Xăng dầu Đường Thủy Petrolimex,2,228.67,CTCP Vận tải Xăng dầu Đường Thủy Petrolimex | Vận tải Xăng dầu Đường Thủy Petrolimex,,Công nghiệp,Vận tải,Vận tải biển,company_data/company_name.xlsx ; trading_data/market_caps.parquet ; trading_data/os.xlsx ; industry_classification/industry_classification.xlsx
TICKER:PLC,TICKER,PLC,Tổng Công ty Hóa dầu Petrolimex - CTCP,1,1502.83,Tổng Công ty Hóa dầu Petrolimex - CTCP | Hóa dầu Petrolimex,,Nguyên vật liệu,Nguyên vật liệu,Hóa chất,company_data/company_name.xlsx ; trading_data/market_caps.parquet ; trading_data/os.xlsx ; industry_classification/industry_classification.xlsx
TICKER:PLP,TICKER,PLP,CTCP Sản xuất và Công nghệ Nhựa Pha Lê,1,360.9,CTCP Sản xuất và Công nghệ Nhựa Pha Lê | Sản xuất và Công nghệ Nhựa Pha Lê,,Nguyên vật liệu,Nguyên vật liệu,Hóa chất,company_data/company_name.xlsx ; trading_data/market_caps.parquet ; trading_data/os.xlsx ; industry_classification/industry_classification.xlsx
TICKER:PLX,TICKER,PLX,Tập đoàn Xăng Dầu Việt Nam,1,44788.38,Tập đoàn Xăng Dầu Việt Nam | Xăng Dầu Việt Nam | Petrolimex,,Năng lượng,Năng lượng,Dầu khí,company_data/company_name.xlsx ; trading_data/market_caps.parquet ; trading_data/os.xlsx ; industry_classification/industry_classification.xlsx
TICKER:PMB,TICKER,PMB,CTCP Phân bón và Hóa chất Dầu khí Miền Bắc,2,117.6,CTCP Phân bón và Hóa chất Dầu khí Miền Bắc | Phân bón và Hóa chất Dầu khí Miền Bắc,,nan,nan,nan,company_data/company_name.xlsx ; trading_data/market_caps.parquet ; trading_data/os.xlsx ; industry_classification/industry_classification.xlsx
TICKER:PMC,TICKER,PMC,CTCP Dược phẩm Dược liệu Pharmedic,1,1119.91,CTCP Dược phẩm Dược liệu Pharmedic | Dược phẩm Dược liệu Pharmedic,,Y tế,Dược phẩm & Công nghệ sinh học,Dược phẩm,company_data/company_name.xlsx ; trading_data/market_caps.parquet ; trading_data/os.xlsx ; industry_classification/industry_classification.xlsx
TICKER:PMG,TICKER,PMG,CTCP Đầu tư và Sản xuất Petro Miền Trung,2,296.55,CTCP Đầu tư và Sản xuất Petro Miền Trung | Đầu tư và Sản xuất Petro Miền Trung,,Năng lượng,Năng lượng,Dầu khí,company_data/company_name.xlsx ; trading_data/market_caps.parquet ; trading_data/os.xlsx ; industry_classification/industry_classification.xlsx
TICKER:PMS,TICKER,PMS,CTCP Cơ khí Xăng dầu,2,248.46,CTCP Cơ khí Xăng dầu | Cơ khí Xăng dầu,,Công nghiệp,Tư liệu sản xuất,Máy công nghiệp,company_data/company_name.xlsx ; trading_data/market_caps.parquet ; trading_data/os.xlsx ; industry_classification/industry_classification.xlsx
TICKER:PMW,TICKER,PMW,CTCP Cấp nước Phú Mỹ,1,1724.99,CTCP Cấp nước Phú Mỹ | Cấp nước Phú Mỹ,,Dịch vụ công cộng,Dịch vụ công cộng,Nước,company_data/company_name.xlsx ; trading_data/market_caps.parquet ; trading_data/os.xlsx ; industry_classification/industry_classification.xlsx
TICKER:PNC,TICKER,PNC,CTCP Văn hóa Phương Nam,2,279.7,CTCP Văn hóa Phương Nam | Văn hóa Phương Nam,,Hàng tiêu dùng không thiết yếu,Truyền thông và xuất bản,Truyền thông và xuất bản,company_data/company_name.xlsx ; trading_data/market_caps.parquet ; trading_data/os.xlsx ; industry_classification/industry_classification.xlsx
TICKER:PNG,TICKER,PNG,CTCP Thương mại Phú Nhuận,1,405.9,CTCP Thương mại Phú Nhuận | Thương mại Phú Nhuận,,Hàng tiêu dùng không thiết yếu,Hàng tiêu dùng lâu bền và trang phục,"Khách sạn, nhà hàng & Giải trí",company_data/company_name.xlsx ; trading_data/market_caps.parquet ; trading_data/os.xlsx ; industry_classification/industry_classification.xlsx
TICKER:PNJ,TICKER,PNJ,CTCP Vàng bạc Đá quý Phú Nhuận,1,18370.82,CTCP Vàng bạc Đá quý Phú Nhuận | Vàng bạc Đá quý Phú Nhuận,,Hàng tiêu dùng không thiết yếu,Bán lẻ,Bán lẻ,company_data/company_name.xlsx ; trading_data/market_caps.parquet ; trading_data/os.xlsx ; industry_classification/industry_classification.xlsx
TICKER:PNP,TICKER,PNP,CTCP Tân Cảng - Phú Hữu,1,317.17,CTCP Tân Cảng - Phú Hữu | Tân Cảng - Phú Hữu,,Công nghiệp,Cơ sở hạ tầng giao thông vận tải,Dịch vụ cảng biển,company_data/company_name.xlsx ; trading_data/market_caps.parquet ; trading_data/os.xlsx ; industry_classification/industry_classification.xlsx
TICKER:POB,TICKER,POB,CTCP Xăng dầu Dầu khí Hưng Yên,1,501.4,CTCP Xăng dầu Dầu khí Hưng Yên | Xăng dầu Dầu khí Hưng Yên,,nan,nan,nan,company_data/company_name.xlsx ; trading_data/market_caps.parquet ; trading_data/os.xlsx ; industry_classification/industry_classification.xlsx
TICKER:POM,TICKER,POM,CTCP Thép Pomina,1,974.9,CTCP Thép Pomina | Thép Pomina,,Nguyên vật liệu,Kim loại & Khai khoáng,Thép,company_data/company_name.xlsx ; trading_data/market_caps.parquet ; trading_data/os.xlsx ; industry_classification/industry_classification.xlsx
TICKER:POS,TICKER,POS,CTCP Vận hành và Xây lắp PTSC,1,667.0,CTCP Vận hành và Xây lắp PTSC | Vận hành và Xây lắp PTSC,,Năng lượng,Năng lượng,Dầu khí,company_data/company_name.xlsx ; trading_data/market_caps.parquet ; trading_data/os.xlsx ; industry_classification/industry_classification.xlsx
TICKER:POT,TICKER,POT,CTCP Thiết bị Bưu điện,1,425.52,CTCP Thiết bị Bưu điện | Thiết bị Bưu điện,,Công nghiệp,Tư liệu sản xuất,Thiết bị điện,company_data/company_name.xlsx ; trading_data/market_caps.parquet ; trading_data/os.xlsx ; industry_classification/industry_classification.xlsx
TICKER:POW,TICKER,POW,Tổng Công ty Điện lực Dầu khí Việt Nam - CTCP,1,38041.29,Tổng Công ty Điện lực Dầu khí Việt Nam - CTCP | Điện lực Dầu khí Việt Nam | PV Power | PVPower,,Dịch vụ công cộng,Dịch vụ công cộng,Điện,company_data/company_name.xlsx ; trading_data/market_caps.parquet ; trading_data/os.xlsx ; industry_classification/industry_classification.xlsx
TICKER:PPC,TICKER,PPC,CTCP Nhiệt điện Phả Lại,1,2811.78,CTCP Nhiệt điện Phả Lại | Nhiệt điện Phả Lại,,Dịch vụ công cộng,Dịch vụ công cộng,Điện,company_data/company_name.xlsx ; trading_data/market_caps.parquet ; trading_data/os.xlsx ; industry_classification/industry_classification.xlsx
TICKER:PPH,TICKER,PPH,Tổng Công ty cổ phần Phong Phú,1,1991.47,Tổng Công ty cổ phần Phong Phú | Phong Phú,,Hàng tiêu dùng không thiết yếu,Hàng tiêu dùng lâu bền và trang phục,"Dệt may & Trang phục, phụ kiện",company_data/company_name.xlsx ; trading_data/market_caps.parquet ; trading_data/os.xlsx ; industry_classification/industry_classification.xlsx
TICKER:PPP,TICKER,PPP,CTCP Dược phẩm Phong Phú,2,160.16,CTCP Dược phẩm Phong Phú | Dược phẩm Phong Phú,,Y tế,Dược phẩm & Công nghệ sinh học,Dược phẩm,company_data/company_name.xlsx ; trading_data/market_caps.parquet ; trading_data/os.xlsx ; industry_classification/industry_classification.xlsx
TICKER:PPS,TICKER,PPS,CTCP Dịch vụ Kỹ thuật Điện lực Dầu khí Việt Nam,2,150.0,CTCP Dịch vụ Kỹ thuật Điện lực Dầu khí Việt Nam | Dịch vụ Kỹ thuật Điện lực Dầu khí Việt Nam,,Công nghiệp,Các dịch vụ thương mại và chuyên biệt,Dịch vụ tư vấn & nghiên cứu,company_data/company_name.xlsx ; trading_data/market_caps.parquet ; trading_data/os.xlsx ; industry_classification/industry_classification.xlsx
TICKER:PPT,TICKER,PPT,CTCP Petro Times,2,294.67,CTCP Petro Times | Petro Times,,Hàng tiêu dùng không thiết yếu,Bán lẻ,Bán lẻ,company_data/company_name.xlsx ; trading_data/market_caps.parquet ; trading_data/os.xlsx ; industry_classification/industry_classification.xlsx
TICKER:PPY,TICKER,PPY,CTCP Xăng dầu Dầu khí Phú Yên,2,100.99,CTCP Xăng dầu Dầu khí Phú Yên | Xăng dầu Dầu khí Phú Yên,,Hàng tiêu dùng không thiết yếu,Bán lẻ,Bán lẻ,company_data/company_name.xlsx ; trading_data/market_caps.parquet ; trading_data/os.xlsx ; industry_classification/industry_classification.xlsx
TICKER:PQN,TICKER,PQN,CTCP Dịch vụ Dầu khí Quảng Ngãi PTSC,2,120.0,CTCP Dịch vụ Dầu khí Quảng Ngãi PTSC | Dịch vụ Dầu khí Quảng Ngãi PTSC,,Công nghiệp,Tư liệu sản xuất,Xây dựng,company_data/company_name.xlsx ; trading_data/market_caps.parquet ; trading_data/os.xlsx ; industry_classification/industry_classification.xlsx
TICKER:PRE,TICKER,PRE,Tổng Công ty cổ phần Tái bảo hiểm Hà Nội,1,3038.04,Tổng Công ty cổ phần Tái bảo hiểm Hà Nội | Tái bảo hiểm Hà Nội,,Tài chính,Bảo hiểm,Bảo hiểm,company_data/company_name.xlsx ; trading_data/market_caps.parquet ; trading_data/os.xlsx ; industry_classification/industry_classification.xlsx
TICKER:PRT,TICKER,PRT,Tổng Công ty Sản xuất - Xuất nhập khẩu Bình Dương - CTCP,1,2550.0,Tổng Công ty Sản xuất - Xuất nhập khẩu Bình Dương - CTCP | Sản xuất - Xuất nhập khẩu Bình Dương,,Công nghiệp,Tư liệu sản xuất,Công nghiệp đa ngành,company_data/company_name.xlsx ; trading_data/market_caps.parquet ; trading_data/os.xlsx ; industry_classification/industry_classification.xlsx
SECURITY_OTHER:PRUBF1,SECURITY_OTHER,PRUBF1,PRUBF1,1,,,,Tài chính,Quỹ,Quỹ,industry_classification/industry_classification.xlsx
TICKER:PSB,TICKER,PSB,CTCP Cảng Kỹ thuật PTSC Sao Mai,2,240.0,CTCP Cảng Kỹ thuật PTSC Sao Mai | Cảng Kỹ thuật PTSC Sao Mai,,Hàng tiêu dùng không thiết yếu,Bán lẻ,Bán lẻ,company_data/company_name.xlsx ; trading_data/market_caps.parquet ; trading_data/os.xlsx ; industry_classification/industry_classification.xlsx
TICKER:PSD,TICKER,PSD,CTCP Dịch vụ Phân phối Tổng hợp Dầu khí,1,807.72,CTCP Dịch vụ Phân phối Tổng hợp Dầu khí | Dịch vụ Phân phối Tổng hợp Dầu khí,,Hàng tiêu dùng không thiết yếu,Bán lẻ,Bán lẻ,company_data/company_name.xlsx ; trading_data/market_caps.parquet ; trading_data/os.xlsx ; industry_classification/industry_classification.xlsx
TICKER:PSE,TICKER,PSE,CTCP Phân Bón và Hóa Chất Dầu khí Đông Nam Bộ,2,135.0,CTCP Phân Bón và Hóa Chất Dầu khí Đông Nam Bộ | Phân Bón và Hóa Chất Dầu khí Đông Nam Bộ,,nan,nan,nan,company_data/company_name.xlsx ; trading_data/market_caps.parquet ; trading_data/os.xlsx ; industry_classification/industry_classification.xlsx
TICKER:PSH,TICKER,PSH,CTCP Thương mại Đầu tư Dầu khí Nam Sông Hậu,2,214.49,CTCP Thương mại Đầu tư Dầu khí Nam Sông Hậu | Thương mại Đầu tư Dầu khí Nam Sông Hậu,,Năng lượng,Năng lượng,Dầu khí,company_data/company_name.xlsx ; trading_data/market_caps.parquet ; trading_data/os.xlsx ; industry_classification/industry_classification.xlsx
TICKER:PSI,TICKER,PSI,CTCP Chứng khoán Dầu khí,1,484.71,CTCP Chứng khoán Dầu khí | Chứng khoán Dầu khí,,Tài chính,Công ty chứng khoán,Công ty chứng khoán,company_data/company_name.xlsx ; trading_data/market_caps.parquet ; trading_data/os.xlsx ; industry_classification/industry_classification.xlsx
TICKER:PSN,TICKER,PSN,CTCP Dịch Vụ Kỹ Thuật PTSC Thanh Hóa,1,320.0,CTCP Dịch Vụ Kỹ Thuật PTSC Thanh Hóa | Dịch Vụ Kỹ Thuật PTSC Thanh Hóa,,Công nghiệp,Cơ sở hạ tầng giao thông vận tải,Dịch vụ cảng biển,company_data/company_name.xlsx ; trading_data/market_caps.parquet ; trading_data/os.xlsx ; industry_classification/industry_classification.xlsx
TICKER:PSP,TICKER,PSP,CTCP Cảng Dịch vụ Dầu khí Đình Vũ,1,680.0,CTCP Cảng Dịch vụ Dầu khí Đình Vũ | Cảng Dịch vụ Dầu khí Đình Vũ,,Công nghiệp,Vận tải,Vận tải biển,company_data/company_name.xlsx ; trading_data/market_caps.parquet ; trading_data/os.xlsx ; industry_classification/industry_classification.xlsx
TICKER:PSW,TICKER,PSW,CTCP Phân bón và Hóa chất Dầu khí Tây Nam Bộ,2,127.5,CTCP Phân bón và Hóa chất Dầu khí Tây Nam Bộ | Phân bón và Hóa chất Dầu khí Tây Nam Bộ,,nan,nan,nan,company_data/company_name.xlsx ; trading_data/market_caps.parquet ; trading_data/os.xlsx ; industry_classification/industry_classification.xlsx
TICKER:PTB,TICKER,PTB,CTCP Phú Tài,1,3012.21,CTCP Phú Tài | Phú Tài,,Nguyên vật liệu,Giấy và các sản phẩm từ gỗ,Gỗ và các sản phẩm từ gỗ,company_data/company_name.xlsx ; trading_data/market_caps.parquet ; trading_data/os.xlsx ; industry_classification/industry_classification.xlsx
TICKER:PTC,TICKER,PTC,CTCP Đầu Tư Icapital,2,178.34,CTCP Đầu Tư Icapital | Đầu Tư Icapital,,Dịch vụ công cộng,Dịch vụ công cộng,Điện,company_data/company_name.xlsx ; trading_data/market_caps.parquet ; trading_data/os.xlsx ; industry_classification/industry_classification.xlsx
TICKER:PTD,TICKER,PTD,CTCP Thiết kế Xây dựng Thương mại Phúc Thịnh,2,146.0,CTCP Thiết kế Xây dựng Thương mại Phúc Thịnh | Thiết kế Xây dựng Thương mại Phúc Thịnh,,Công nghiệp,Tư liệu sản xuất,Xây dựng,company_data/company_name.xlsx ; trading_data/market_caps.parquet ; trading_data/os.xlsx ; industry_classification/industry_classification.xlsx
TICKER:PTI,TICKER,PTI,Tổng Công ty cổ phần Bảo hiểm Bưu điện,1,2387.72,Tổng Công ty cổ phần Bảo hiểm Bưu điện | Bảo hiểm Bưu điện,,Tài chính,Bảo hiểm,Bảo hiểm,company_data/company_name.xlsx ; trading_data/market_caps.parquet ; trading_data/os.xlsx ; industry_classification/industry_classification.xlsx
TICKER:PTL,TICKER,PTL,CTCP Victory Group,2,169.0,CTCP Victory Group | Victory Group,,Bất động sản,Quản lý và phát triển bất động sản,Bất động sản phức hợp,company_data/company_name.xlsx ; trading_data/market_caps.parquet ; trading_data/os.xlsx ; industry_classification/industry_classification.xlsx
TICKER:PTM,TICKER,PTM,CTCP Sản xuất Thương mại và Dịch vụ Ô tô PTM,1,383.68,CTCP Sản xuất Thương mại và Dịch vụ Ô tô PTM | Sản xuất Thương mại và Dịch vụ Ô tô PTM,,Hàng tiêu dùng không thiết yếu,Bán lẻ,Bán lẻ,company_data/company_name.xlsx ; trading_data/market_caps.parquet ; trading_data/os.xlsx ; industry_classification/industry_classification.xlsx
TICKER:PTT,TICKER,PTT,CTCP Vận tải Dầu khí Đông Dương,2,140.19,CTCP Vận tải Dầu khí Đông Dương | Vận tải Dầu khí Đông Dương,,Công nghiệp,Vận tải,Vận tải đường bộ & đường sắt,company_data/company_name.xlsx ; trading_data/market_caps.parquet ; trading_data/os.xlsx ; industry_classification/industry_classification.xlsx
TICKER:PTX,TICKER,PTX,CTCP Vận tải và Dịch vụ Petrolimex Nghệ Tĩnh,2,139.58,CTCP Vận tải và Dịch vụ Petrolimex Nghệ Tĩnh | Vận tải và Dịch vụ Petrolimex Nghệ Tĩnh,,Năng lượng,Năng lượng,Dầu khí,company_data/company_name.xlsx ; trading_data/market_caps.parquet ; trading_data/os.xlsx ; industry_classification/industry_classification.xlsx
TICKER:PVB,TICKER,PVB,CTCP Bọc ống Dầu khí Việt Nam,1,466.56,CTCP Bọc ống Dầu khí Việt Nam | Bọc ống Dầu khí Việt Nam,,Năng lượng,Năng lượng,Dầu khí,company_data/company_name.xlsx ; trading_data/market_caps.parquet ; trading_data/os.xlsx ; industry_classification/industry_classification.xlsx
TICKER:PVC,TICKER,PVC,Tổng Công ty Hóa chất và Dịch vụ Dầu khí - CTCP,1,990.57,Tổng Công ty Hóa chất và Dịch vụ Dầu khí - CTCP | Hóa chất và Dịch vụ Dầu khí,,Năng lượng,Năng lượng,Dầu khí,company_data/company_name.xlsx ; trading_data/market_caps.parquet ; trading_data/os.xlsx ; industry_classification/industry_classification.xlsx
TICKER:PVD,TICKER,PVD,Tổng Công ty cổ phần Khoan và Dịch vụ khoan Dầu khí,1,17580.71,Tổng Công ty cổ phần Khoan và Dịch vụ khoan Dầu khí | Khoan và Dịch vụ khoan Dầu khí,,Năng lượng,Năng lượng,Dầu khí,company_data/company_name.xlsx ; trading_data/market_caps.parquet ; trading_data/os.xlsx ; industry_classification/industry_classification.xlsx
TICKER:PVG,TICKER,PVG,CTCP Kinh doanh LPG Việt Nam,2,263.99,CTCP Kinh doanh LPG Việt Nam | Kinh doanh LPG Việt Nam,,Năng lượng,Năng lượng,Dầu khí,company_data/company_name.xlsx ; trading_data/market_caps.parquet ; trading_data/os.xlsx ; industry_classification/industry_classification.xlsx
TICKER:PVI,TICKER,PVI,CTCP PVI,1,16645.16,CTCP PVI | PVI,,Tài chính,Bảo hiểm,Bảo hiểm,company_data/company_name.xlsx ; trading_data/market_caps.parquet ; trading_data/os.xlsx ; industry_classification/industry_classification.xlsx
TICKER:PVL,TICKER,PVL,CTCP Địa ốc Dầu khí,2,105.0,CTCP Địa ốc Dầu khí | Địa ốc Dầu khí,,Bất động sản,Quản lý và phát triển bất động sản,Bất động sản phức hợp,company_data/company_name.xlsx ; trading_data/market_caps.parquet ; trading_data/os.xlsx ; industry_classification/industry_classification.xlsx
TICKER:PVM,TICKER,PVM,CTCP Máy - Thiết bị Dầu khí,1,695.49,CTCP Máy - Thiết bị Dầu khí | Máy - Thiết bị Dầu khí,,Công nghiệp,Tư liệu sản xuất,Máy công nghiệp,company_data/company_name.xlsx ; trading_data/market_caps.parquet ; trading_data/os.xlsx ; industry_classification/industry_classification.xlsx
TICKER:PVP,TICKER,PVP,CTCP Vận tải Dầu khí Thái Bình Dương,1,1975.53,CTCP Vận tải Dầu khí Thái Bình Dương | Vận tải Dầu khí Thái Bình Dương,,Công nghiệp,Vận tải,Vận tải biển,company_data/company_name.xlsx ; trading_data/market_caps.parquet ; trading_data/os.xlsx ; industry_classification/industry_classification.xlsx
TICKER:PVS,TICKER,PVS,Tổng Công ty cổ phần Dịch vụ Kỹ thuật Dầu khí Việt Nam,1,16672.3,Tổng Công ty cổ phần Dịch vụ Kỹ thuật Dầu khí Việt Nam | Dịch vụ Kỹ thuật Dầu khí Việt Nam,,Năng lượng,Năng lượng,Dầu khí,company_data/company_name.xlsx ; trading_data/market_caps.parquet ; trading_data/os.xlsx ; industry_classification/industry_classification.xlsx
TICKER:PVT,TICKER,PVT,Tổng Công ty cổ phần Vận tải Dầu khí,1,11734.06,Tổng Công ty cổ phần Vận tải Dầu khí | Vận tải Dầu khí,,Năng lượng,Năng lượng,Dầu khí,company_data/company_name.xlsx ; trading_data/market_caps.parquet ; trading_data/os.xlsx ; industry_classification/industry_classification.xlsx
TICKER:PVX,TICKER,PVX,Tổng Công ty cổ phần Xây lắp Dầu khí Việt Nam,1,600.0,Tổng Công ty cổ phần Xây lắp Dầu khí Việt Nam | Xây lắp Dầu khí Việt Nam,,Công nghiệp,Tư liệu sản xuất,Xây dựng,company_data/company_name.xlsx ; trading_data/market_caps.parquet ; trading_data/os.xlsx ; industry_classification/industry_classification.xlsx
TICKER:PVY,TICKER,PVY,CTCP Chế tạo Giàn khoan Dầu khí,2,101.13,CTCP Chế tạo Giàn khoan Dầu khí | Chế tạo Giàn khoan Dầu khí,,Công nghiệp,Cơ sở hạ tầng giao thông vận tải,Dịch vụ cảng biển,company_data/company_name.xlsx ; trading_data/market_caps.parquet ; trading_data/os.xlsx ; industry_classification/industry_classification.xlsx
TICKER:PWS,TICKER,PWS,CTCP Cấp thoát nước Phú Yên,1,556.27,CTCP Cấp thoát nước Phú Yên | Cấp thoát nước Phú Yên,,Dịch vụ công cộng,Dịch vụ công cộng,Nước,company_data/company_name.xlsx ; trading_data/market_caps.parquet ; trading_data/os.xlsx ; industry_classification/industry_classification.xlsx
TICKER:PX1,TICKER,PX1,CTCP Xi măng Sông Lam 2,2,200.0,CTCP Xi măng Sông Lam 2 | Xi măng Sông Lam 2,,Nguyên vật liệu,Vật liệu xây dựng,Vật liệu xây dựng,company_data/company_name.xlsx ; trading_data/market_caps.parquet ; trading_data/os.xlsx ; industry_classification/industry_classification.xlsx
TICKER:PXL,TICKER,PXL,CTCP Đầu tư Khu Công nghiệp Dầu khí Long Sơn,1,1724.78,CTCP Đầu tư Khu Công nghiệp Dầu khí Long Sơn | Đầu tư Khu Công nghiệp Dầu khí Long Sơn,,Bất động sản,Quản lý và phát triển bất động sản,Vận hành bất động sản,company_data/company_name.xlsx ; trading_data/market_caps.parquet ; trading_data/os.xlsx ; industry_classification/industry_classification.xlsx
TICKER:PXS,TICKER,PXS,CTCP Kết cấu Kim loại và Lắp máy Dầu khí,2,144.0,CTCP Kết cấu Kim loại và Lắp máy Dầu khí | Kết cấu Kim loại và Lắp máy Dầu khí,,Công nghiệp,Tư liệu sản xuất,Xây dựng,company_data/company_name.xlsx ; trading_data/market_caps.parquet ; trading_data/os.xlsx ; industry_classification/industry_classification.xlsx
TICKER:QCG,TICKER,QCG,CTCP Quốc Cường Gia Lai,1,2723.78,CTCP Quốc Cường Gia Lai | Quốc Cường Gia Lai,,Bất động sản,Quản lý và phát triển bất động sản,Bất động sản phức hợp,company_data/company_name.xlsx ; trading_data/market_caps.parquet ; trading_data/os.xlsx ; industry_classification/industry_classification.xlsx
TICKER:QHW,TICKER,QHW,CTCP Nước khoáng Quảng Ninh,2,263.32,CTCP Nước khoáng Quảng Ninh | Nước khoáng Quảng Ninh,,Hàng tiêu dùng thiết yếu,Thực phẩm & Đồ uống,Đồ uống,company_data/company_name.xlsx ; trading_data/market_caps.parquet ; trading_data/os.xlsx ; industry_classification/industry_classification.xlsx
TICKER:QNC,TICKER,QNC,CTCP Xi măng và Xây dựng Quảng Ninh,1,329.63,CTCP Xi măng và Xây dựng Quảng Ninh | Xi măng và Xây dựng Quảng Ninh,,Nguyên vật liệu,Vật liệu xây dựng,Vật liệu xây dựng,company_data/company_name.xlsx ; trading_data/market_caps.parquet ; trading_data/os.xlsx ; industry_classification/industry_classification.xlsx
TICKER:QNP,TICKER,QNP,CTCP Cảng Quy Nhơn,1,1264.83,CTCP Cảng Quy Nhơn | Cảng Quy Nhơn,,Công nghiệp,Cơ sở hạ tầng giao thông vận tải,Dịch vụ cảng biển,company_data/company_name.xlsx ; trading_data/market_caps.parquet ; trading_data/os.xlsx ; industry_classification/industry_classification.xlsx
TICKER:QNS,TICKER,QNS,CTCP Đường Quảng Ngãi,1,18308.88,CTCP Đường Quảng Ngãi | Đường Quảng Ngãi,,Hàng tiêu dùng thiết yếu,Thực phẩm & Đồ uống,Thực phẩm,company_data/company_name.xlsx ; trading_data/market_caps.parquet ; trading_data/os.xlsx ; industry_classification/industry_classification.xlsx
TICKER:QNW,TICKER,QNW,CTCP Cấp thoát nước và Xây dựng Quảng Ngãi,1,360.0,CTCP Cấp thoát nước và Xây dựng Quảng Ngãi | Cấp thoát nước và Xây dựng Quảng Ngãi,,Dịch vụ công cộng,Dịch vụ công cộng,Nước,company_data/company_name.xlsx ; trading_data/market_caps.parquet ; trading_data/os.xlsx ; industry_classification/industry_classification.xlsx
TICKER:QPH,TICKER,QPH,CTCP Thủy điện Quế Phong,1,622.53,CTCP Thủy điện Quế Phong | Thủy điện Quế Phong,,Dịch vụ công cộng,Dịch vụ công cộng,Điện,company_data/company_name.xlsx ; trading_data/market_caps.parquet ; trading_data/os.xlsx ; industry_classification/industry_classification.xlsx
TICKER:QSP,TICKER,QSP,CTCP Tân Cảng Quy Nhơn,2,237.43,CTCP Tân Cảng Quy Nhơn | Tân Cảng Quy Nhơn,,Công nghiệp,Cơ sở hạ tầng giao thông vận tải,Dịch vụ cảng biển,company_data/company_name.xlsx ; trading_data/market_caps.parquet ; trading_data/os.xlsx ; industry_classification/industry_classification.xlsx
TICKER:QTP,TICKER,QTP,CTCP Nhiệt điện Quảng Ninh,1,4950.0,CTCP Nhiệt điện Quảng Ninh | Nhiệt điện Quảng Ninh,,Dịch vụ công cộng,Dịch vụ công cộng,Điện,company_data/company_name.xlsx ; trading_data/market_caps.parquet ; trading_data/os.xlsx ; industry_classification/industry_classification.xlsx
TICKER:RAL,TICKER,RAL,CTCP Bóng đèn Phích nước Rạng Đông,1,1751.93,CTCP Bóng đèn Phích nước Rạng Đông | Bóng đèn Phích nước Rạng Đông,,Hàng tiêu dùng không thiết yếu,Hàng tiêu dùng lâu bền và trang phục,Đồ gia dụng lâu bền,company_data/company_name.xlsx ; trading_data/market_caps.parquet ; trading_data/os.xlsx ; industry_classification/industry_classification.xlsx
TICKER:RCC,TICKER,RCC,CTCP Tổng Công ty Công trình Đường sắt Việt Nam,1,545.1,CTCP Tổng Công ty Công trình Đường sắt Việt Nam | Công trình Đường sắt Việt Nam,,Công nghiệp,Tư liệu sản xuất,Xây dựng,company_data/company_name.xlsx ; trading_data/market_caps.parquet ; trading_data/os.xlsx ; industry_classification/industry_classification.xlsx
TICKER:RCL,TICKER,RCL,CTCP Địa ốc Chợ Lớn,2,160.04,CTCP Địa ốc Chợ Lớn | Địa ốc Chợ Lớn,,Bất động sản,Quản lý và phát triển bất động sản,Bất động sản phức hợp,company_data/company_name.xlsx ; trading_data/market_caps.parquet ; trading_data/os.xlsx ; industry_classification/industry_classification.xlsx
TICKER:REE,TICKER,REE,CTCP Cơ Điện Lạnh,1,28052.96,CTCP Cơ Điện Lạnh | Cơ Điện Lạnh,,Dịch vụ công cộng,Dịch vụ công cộng,Điện,company_data/company_name.xlsx ; trading_data/market_caps.parquet ; trading_data/os.xlsx ; industry_classification/industry_classification.xlsx
TICKER:RGG,TICKER,RGG,CTCP Regal Group,1,9768.0,CTCP Regal Group | Regal Group,,Bất động sản,Quản lý và phát triển bất động sản,Vận hành bất động sản,company_data/company_name.xlsx ; trading_data/market_caps.parquet ; trading_data/os.xlsx ; industry_classification/industry_classification.xlsx
TICKER:RIC,TICKER,RIC,CTCP Quốc tế Hoàng Gia,1,401.1,CTCP Quốc tế Hoàng Gia | Quốc tế Hoàng Gia,,Hàng tiêu dùng không thiết yếu,Hàng tiêu dùng lâu bền và trang phục,"Khách sạn, nhà hàng & Giải trí",company_data/company_name.xlsx ; trading_data/market_caps.parquet ; trading_data/os.xlsx ; industry_classification/industry_classification.xlsx
TICKER:RTB,TICKER,RTB,CTCP Cao su Tân Biên,1,2286.57,CTCP Cao su Tân Biên | Cao su Tân Biên,,Hàng tiêu dùng không thiết yếu,Ô tô & Phụ tùng,Lốp & Cao su,company_data/company_name.xlsx ; trading_data/market_caps.parquet ; trading_data/os.xlsx ; industry_classification/industry_classification.xlsx
TICKER:RYG,TICKER,RYG,CTCP Sản xuất và Đầu tư Hoàng Gia,1,619.99,CTCP Sản xuất và Đầu tư Hoàng Gia | Sản xuất và Đầu tư Hoàng Gia,,Nguyên vật liệu,Vật liệu xây dựng,Vật liệu xây dựng,company_data/company_name.xlsx ; trading_data/market_caps.parquet ; trading_data/os.xlsx ; industry_classification/industry_classification.xlsx
TICKER:S4A,TICKER,S4A,CTCP Thủy điện Sê San 4A,1,1329.3,CTCP Thủy điện Sê San 4A | Thủy điện Sê San 4A,,nan,nan,nan,company_data/company_name.xlsx ; trading_data/market_caps.parquet ; trading_data/os.xlsx ; industry_classification/industry_classification.xlsx
TICKER:S55,TICKER,S55,CTCP Sông Đà 505,1,660.0,CTCP Sông Đà 505 | Sông Đà 505,,Công nghiệp,Tư liệu sản xuất,Xây dựng,company_data/company_name.xlsx ; trading_data/market_caps.parquet ; trading_data/os.xlsx ; industry_classification/industry_classification.xlsx
TICKER:S99,TICKER,S99,CTCP SCI,1,795.86,CTCP SCI | SCI,,Công nghiệp,Tư liệu sản xuất,Xây dựng,company_data/company_name.xlsx ; trading_data/market_caps.parquet ; trading_data/os.xlsx ; industry_classification/industry_classification.xlsx
TICKER:SAB,TICKER,SAB,Tổng Công ty cổ phần Bia - Rượu - Nước giải khát Sài Gòn,1,57394.67,Tổng Công ty cổ phần Bia - Rượu - Nước giải khát Sài Gòn | Bia - Rượu - Nước giải khát Sài Gòn | Sabeco,,Hàng tiêu dùng thiết yếu,Thực phẩm & Đồ uống,Đồ uống,company_data/company_name.xlsx ; trading_data/market_caps.parquet ; trading_data/os.xlsx ; industry_classification/industry_classification.xlsx
TICKER:SAF,TICKER,SAF,CTCP Lương thực Thực phẩm Safoco,1,685.45,CTCP Lương thực Thực phẩm Safoco | Lương thực Thực phẩm Safoco,,Hàng tiêu dùng thiết yếu,Thực phẩm & Đồ uống,Thực phẩm,company_data/company_name.xlsx ; trading_data/market_caps.parquet ; trading_data/os.xlsx ; industry_classification/industry_classification.xlsx
TICKER:SAM,TICKER,SAM,CTCP SAM Holdings,1,2448.74,CTCP SAM Holdings | SAM Holdings,,Công nghiệp,Tư liệu sản xuất,Thiết bị điện,company_data/company_name.xlsx ; trading_data/market_caps.parquet ; trading_data/os.xlsx ; industry_classification/industry_classification.xlsx
TICKER:SAS,TICKER,SAS,CTCP Dịch vụ Hàng không Sân bay Tân Sơn Nhất,1,4403.91,CTCP Dịch vụ Hàng không Sân bay Tân Sơn Nhất | Dịch vụ Hàng không Sân bay Tân Sơn Nhất,,Công nghiệp,Cơ sở hạ tầng giao thông vận tải,Dịch vụ sân bay,company_data/company_name.xlsx ; trading_data/market_caps.parquet ; trading_data/os.xlsx ; industry_classification/industry_classification.xlsx
TICKER:SAV,TICKER,SAV,CTCP Hợp tác Kinh tế và Xuất nhập khẩu Savimex,1,337.58,CTCP Hợp tác Kinh tế và Xuất nhập khẩu Savimex | Hợp tác Kinh tế và Xuất nhập khẩu Savimex,,Nguyên vật liệu,Giấy và các sản phẩm từ gỗ,Gỗ và các sản phẩm từ gỗ,company_data/company_name.xlsx ; trading_data/market_caps.parquet ; trading_data/os.xlsx ; industry_classification/industry_classification.xlsx
TICKER:SBA,TICKER,SBA,CTCP Sông Ba,1,1500.11,CTCP Sông Ba | Sông Ba,,Dịch vụ công cộng,Dịch vụ công cộng,Điện,company_data/company_name.xlsx ; trading_data/market_caps.parquet ; trading_data/os.xlsx ; industry_classification/industry_classification.xlsx
TICKER:SBB,TICKER,SBB,CTCP Tập đoàn Bia Sài Gòn - Bình Tây,1,1724.23,CTCP Tập đoàn Bia Sài Gòn - Bình Tây | Bia Sài Gòn - Bình Tây,,Hàng tiêu dùng thiết yếu,Thực phẩm & Đồ uống,Đồ uống,company_data/company_name.xlsx ; trading_data/market_caps.parquet ; trading_data/os.xlsx ; industry_classification/industry_classification.xlsx
TICKER:SBD,TICKER,SBD,CTCP Công nghệ Sao Bắc Đẩu,2,100.2,CTCP Công nghệ Sao Bắc Đẩu | Công nghệ Sao Bắc Đẩu,,Công nghệ,Công nghệ thông tin tích hợp,Công nghệ thông tin tích hợp,company_data/company_name.xlsx ; trading_data/market_caps.parquet ; trading_data/os.xlsx ; industry_classification/industry_classification.xlsx
TICKER:SBG,TICKER,SBG,CTCP Tập đoàn Cơ khí Công nghệ cao Siba,1,822.0,CTCP Tập đoàn Cơ khí Công nghệ cao Siba | Cơ khí Công nghệ cao Siba,,Công nghiệp,Tư liệu sản xuất,Máy công nghiệp,company_data/company_name.xlsx ; trading_data/market_caps.parquet ; trading_data/os.xlsx ; industry_classification/industry_classification.xlsx
TICKER:SBH,TICKER,SBH,CTCP Thủy điện Sông Ba Hạ,1,4770.24,CTCP Thủy điện Sông Ba Hạ | Thủy điện Sông Ba Hạ,,Dịch vụ công cộng,Dịch vụ công cộng,Điện,company_data/company_name.xlsx ; trading_data/market_caps.parquet ; trading_data/os.xlsx ; industry_classification/industry_classification.xlsx
TICKER:SBM,TICKER,SBM,CTCP Đầu tư Phát triển Bắc Minh,1,1441.44,CTCP Đầu tư Phát triển Bắc Minh | Đầu tư Phát triển Bắc Minh,,Dịch vụ công cộng,Dịch vụ công cộng,Điện,company_data/company_name.xlsx ; trading_data/market_caps.parquet ; trading_data/os.xlsx ; industry_classification/industry_classification.xlsx
TICKER:SBR,TICKER,SBR,CTCP Cao su Sông Bé,1,667.45,CTCP Cao su Sông Bé | Cao su Sông Bé,,Hàng tiêu dùng không thiết yếu,Ô tô & Phụ tùng,Lốp & Cao su,company_data/company_name.xlsx ; trading_data/market_caps.parquet ; trading_data/os.xlsx ; industry_classification/industry_classification.xlsx
TICKER:SBS,TICKER,SBS,CTCP Chứng khoán SBS,1,671.26,CTCP Chứng khoán SBS | Chứng khoán SBS,,Tài chính,Công ty chứng khoán,Công ty chứng khoán,company_data/company_name.xlsx ; trading_data/market_caps.parquet ; trading_data/os.xlsx ; industry_classification/industry_classification.xlsx
TICKER:SBT,TICKER,SBT,CTCP Thành Thành Công - Biên Hòa,1,20756.9,CTCP Thành Thành Công - Biên Hòa | Thành Thành Công - Biên Hòa,,Hàng tiêu dùng thiết yếu,Thực phẩm & Đồ uống,Thực phẩm,company_data/company_name.xlsx ; trading_data/market_caps.parquet ; trading_data/os.xlsx ; industry_classification/industry_classification.xlsx
TICKER:SBV,TICKER,SBV,CTCP Siam Brothers Việt Nam,2,180.17,CTCP Siam Brothers Việt Nam | Siam Brothers Việt Nam,,Công nghiệp,Các dịch vụ thương mại và chuyên biệt,Dịch vụ hỗ trợ khác,company_data/company_name.xlsx ; trading_data/market_caps.parquet ; trading_data/os.xlsx ; industry_classification/industry_classification.xlsx
TICKER:SC5,TICKER,SC5,CTCP Xây dựng Số 5,2,249.48,CTCP Xây dựng Số 5 | Xây dựng Số 5,,Công nghiệp,Tư liệu sản xuất,Xây dựng,company_data/company_name.xlsx ; trading_data/market_caps.parquet ; trading_data/os.xlsx ; industry_classification/industry_classification.xlsx
TICKER:SCD,TICKER,SCD,CTCP Nước giải khát Chương Dương,2,148.36,CTCP Nước giải khát Chương Dương | Nước giải khát Chương Dương,,Hàng tiêu dùng thiết yếu,Thực phẩm & Đồ uống,Đồ uống,company_data/company_name.xlsx ; trading_data/market_caps.parquet ; trading_data/os.xlsx ; industry_classification/industry_classification.xlsx
TICKER:SCG,TICKER,SCG,CTCP Tập đoàn Xây dựng SCG,1,5465.5,CTCP Tập đoàn Xây dựng SCG | Xây dựng SCG,,Công nghiệp,Tư liệu sản xuất,Xây dựng,company_data/company_name.xlsx ; trading_data/market_caps.parquet ; trading_data/os.xlsx ; industry_classification/industry_classification.xlsx
TICKER:SCI,TICKER,SCI,CTCP SCI E&C,1,420.0,CTCP SCI E&C | SCI E&C,,Công nghiệp,Tư liệu sản xuất,Xây dựng,company_data/company_name.xlsx ; trading_data/market_caps.parquet ; trading_data/os.xlsx ; industry_classification/industry_classification.xlsx
TICKER:SCJ,TICKER,SCJ,CTCP Xi măng Sài Sơn,2,150.38,CTCP Xi măng Sài Sơn | Xi măng Sài Sơn,,Nguyên vật liệu,Vật liệu xây dựng,Vật liệu xây dựng,company_data/company_name.xlsx ; trading_data/market_caps.parquet ; trading_data/os.xlsx ; industry_classification/industry_classification.xlsx
TICKER:SCL,TICKER,SCL,CTCP Sông Đà Cao Cường,1,1013.64,CTCP Sông Đà Cao Cường | Sông Đà Cao Cường,,Nguyên vật liệu,Vật liệu xây dựng,Vật liệu xây dựng,company_data/company_name.xlsx ; trading_data/market_caps.parquet ; trading_data/os.xlsx ; industry_classification/industry_classification.xlsx
TICKER:SCR,TICKER,SCR,CTCP Địa ốc Sài Gòn Thương Tín,1,1782.66,CTCP Địa ốc Sài Gòn Thương Tín | Địa ốc Sài Gòn Thương Tín,,Bất động sản,Quản lý và phát triển bất động sản,Bất động sản phức hợp,company_data/company_name.xlsx ; trading_data/market_caps.parquet ; trading_data/os.xlsx ; industry_classification/industry_classification.xlsx
TICKER:SCS,TICKER,SCS,CTCP Dịch vụ Hàng hóa Sài Gòn,1,4090.46,CTCP Dịch vụ Hàng hóa Sài Gòn | Dịch vụ Hàng hóa Sài Gòn,,Công nghiệp,Cơ sở hạ tầng giao thông vận tải,Dịch vụ sân bay,company_data/company_name.xlsx ; trading_data/market_caps.parquet ; trading_data/os.xlsx ; industry_classification/industry_classification.xlsx
TICKER:SCY,TICKER,SCY,CTCP Đóng tàu Sông Cấm,1,619.69,CTCP Đóng tàu Sông Cấm | Đóng tàu Sông Cấm,,Công nghiệp,Tư liệu sản xuất,Máy công nghiệp,company_data/company_name.xlsx ; trading_data/market_caps.parquet ; trading_data/os.xlsx ; industry_classification/industry_classification.xlsx
TICKER:SD3,TICKER,SD3,CTCP Sông Đà 3,2,140.79,CTCP Sông Đà 3 | Sông Đà 3,,Dịch vụ công cộng,Dịch vụ công cộng,Điện,company_data/company_name.xlsx ; trading_data/market_caps.parquet ; trading_data/os.xlsx ; industry_classification/industry_classification.xlsx
TICKER:SD5,TICKER,SD5,CTCP Sông Đà 5,2,179.4,CTCP Sông Đà 5 | Sông Đà 5,,Công nghiệp,Tư liệu sản xuất,Xây dựng,company_data/company_name.xlsx ; trading_data/market_caps.parquet ; trading_data/os.xlsx ; industry_classification/industry_classification.xlsx
TICKER:SD9,TICKER,SD9,CTCP Sông Đà 9,1,369.73,CTCP Sông Đà 9 | Sông Đà 9,,Dịch vụ công cộng,Dịch vụ công cộng,Điện,company_data/company_name.xlsx ; trading_data/market_caps.parquet ; trading_data/os.xlsx ; industry_classification/industry_classification.xlsx
TICKER:SDT,TICKER,SDT,CTCP Sông Đà 10,2,166.66,CTCP Sông Đà 10 | Sông Đà 10,,Công nghiệp,Tư liệu sản xuất,Xây dựng,company_data/company_name.xlsx ; trading_data/market_caps.parquet ; trading_data/os.xlsx ; industry_classification/industry_classification.xlsx
TICKER:SDU,TICKER,SDU,CTCP Đầu tư Xây dựng và Phát triển Đô thị Sông Đà,2,146.0,CTCP Đầu tư Xây dựng và Phát triển Đô thị Sông Đà | Đầu tư Xây dựng và Phát triển Đô thị Sông Đà,,Bất động sản,Quản lý và phát triển bất động sản,Vận hành bất động sản,company_data/company_name.xlsx ; trading_data/market_caps.parquet ; trading_data/os.xlsx ; industry_classification/industry_classification.xlsx
TICKER:SDV,TICKER,SDV,CTCP Dịch vụ Sonadezi,1,300.0,CTCP Dịch vụ Sonadezi | Dịch vụ Sonadezi,,Công nghiệp,Các dịch vụ thương mại và chuyên biệt,Dịch vụ môi trường,company_data/company_name.xlsx ; trading_data/market_caps.parquet ; trading_data/os.xlsx ; industry_classification/industry_classification.xlsx
TICKER:SEA,TICKER,SEA,Tổng Công ty Thủy sản Việt Nam - CTCP,1,9124.31,Tổng Công ty Thủy sản Việt Nam - CTCP | Thủy sản Việt Nam,,Hàng tiêu dùng thiết yếu,Thực phẩm & Đồ uống,Thực phẩm,company_data/company_name.xlsx ; trading_data/market_caps.parquet ; trading_data/os.xlsx ; industry_classification/industry_classification.xlsx
TICKER:SEB,TICKER,SEB,CTCP Đầu tư và Phát triển Điện Miền Trung,1,1312.0,CTCP Đầu tư và Phát triển Điện Miền Trung | Đầu tư và Phát triển Điện Miền Trung,,Dịch vụ công cộng,Dịch vụ công cộng,Điện,company_data/company_name.xlsx ; trading_data/market_caps.parquet ; trading_data/os.xlsx ; industry_classification/industry_classification.xlsx
TICKER:SED,TICKER,SED,CTCP Đầu tư và Phát triển Giáo dục Phương Nam,2,141.86,CTCP Đầu tư và Phát triển Giáo dục Phương Nam | Đầu tư và Phát triển Giáo dục Phương Nam,,Hàng tiêu dùng không thiết yếu,Truyền thông và xuất bản,Truyền thông và xuất bản,company_data/company_name.xlsx ; trading_data/market_caps.parquet ; trading_data/os.xlsx ; industry_classification/industry_classification.xlsx
TICKER:SEP,TICKER,SEP,CTCP Tổng Công ty Thương mại Quảng Trị,2,155.4,CTCP Tổng Công ty Thương mại Quảng Trị | Thương mại Quảng Trị,,Hàng tiêu dùng thiết yếu,Thực phẩm & Đồ uống,Thực phẩm,company_data/company_name.xlsx ; trading_data/market_caps.parquet ; trading_data/os.xlsx ; industry_classification/industry_classification.xlsx
TICKER:SFC,TICKER,SFC,CTCP Nhiên liệu Sài Gòn,2,186.31,CTCP Nhiên liệu Sài Gòn | Nhiên liệu Sài Gòn,,Hàng tiêu dùng không thiết yếu,Bán lẻ,Bán lẻ,company_data/company_name.xlsx ; trading_data/market_caps.parquet ; trading_data/os.xlsx ; industry_classification/industry_classification.xlsx
TICKER:SFG,TICKER,SFG,CTCP Phân Bón Miền Nam,1,481.37,CTCP Phân Bón Miền Nam | Phân Bón Miền Nam,,nan,nan,nan,company_data/company_name.xlsx ; trading_data/market_caps.parquet ; trading_data/os.xlsx ; industry_classification/industry_classification.xlsx
TICKER:SFI,TICKER,SFI,CTCP Đại lý Vận tải SAFI,1,675.33,CTCP Đại lý Vận tải SAFI | Đại lý Vận tải SAFI,,Công nghiệp,Vận tải,Hỗ trợ vận tải,company_data/company_name.xlsx ; trading_data/market_caps.parquet ; trading_data/os.xlsx ; industry_classification/industry_classification.xlsx
TICKER:SGB,TICKER,SGB,Ngân hàng TMCP Sài Gòn Công Thương,1,4798.9,Ngân hàng TMCP Sài Gòn Công Thương | Sài Gòn Công Thương,,Tài chính,Ngân hàng,Ngân hàng,company_data/company_name.xlsx ; trading_data/market_caps.parquet ; trading_data/os.xlsx ; industry_classification/industry_classification.xlsx
TICKER:SGC,TICKER,SGC,CTCP Xuất nhập khẩu Sa Giang,1,771.22,CTCP Xuất nhập khẩu Sa Giang | Xuất nhập khẩu Sa Giang,,Hàng tiêu dùng thiết yếu,Thực phẩm & Đồ uống,Thực phẩm,company_data/company_name.xlsx ; trading_data/market_caps.parquet ; trading_data/os.xlsx ; industry_classification/industry_classification.xlsx
TICKER:SGH,TICKER,SGH,CTCP Khách sạn Sài Gòn,2,197.83,CTCP Khách sạn Sài Gòn | Khách sạn Sài Gòn,,Hàng tiêu dùng không thiết yếu,Hàng tiêu dùng lâu bền và trang phục,"Khách sạn, nhà hàng & Giải trí",company_data/company_name.xlsx ; trading_data/market_caps.parquet ; trading_data/os.xlsx ; industry_classification/industry_classification.xlsx
TICKER:SGI,TICKER,SGI,CTCP Đầu tư SGI Holdings,1,739.55,CTCP Đầu tư SGI Holdings | Đầu tư SGI Holdings,,Hàng tiêu dùng không thiết yếu,Hàng tiêu dùng lâu bền và trang phục,"Dệt may & Trang phục, phụ kiện",company_data/company_name.xlsx ; trading_data/market_caps.parquet ; trading_data/os.xlsx ; industry_classification/industry_classification.xlsx
TICKER:SGN,TICKER,SGN,CTCP Phục vụ Mặt đất Sài Gòn,1,1758.68,CTCP Phục vụ Mặt đất Sài Gòn | Phục vụ Mặt đất Sài Gòn,,Công nghiệp,Cơ sở hạ tầng giao thông vận tải,Dịch vụ sân bay,company_data/company_name.xlsx ; trading_data/market_caps.parquet ; trading_data/os.xlsx ; industry_classification/industry_classification.xlsx
TICKER:SGP,TICKER,SGP,CTCP Cảng Sài Gòn,1,4282.64,CTCP Cảng Sài Gòn | Cảng Sài Gòn,,Công nghiệp,Cơ sở hạ tầng giao thông vận tải,Dịch vụ cảng biển,company_data/company_name.xlsx ; trading_data/market_caps.parquet ; trading_data/os.xlsx ; industry_classification/industry_classification.xlsx
TICKER:SGR,TICKER,SGR,CTCP Tổng CTCP Địa ốc Sài Gòn,1,835.98,CTCP Tổng CTCP Địa ốc Sài Gòn | Địa ốc Sài Gòn,,Bất động sản,Quản lý và phát triển bất động sản,Bất động sản phức hợp,company_data/company_name.xlsx ; trading_data/market_caps.parquet ; trading_data/os.xlsx ; industry_classification/industry_classification.xlsx
TICKER:SGS,TICKER,SGS,CTCP Vận tải biển Sài Gòn,2,197.55,CTCP Vận tải biển Sài Gòn | Vận tải biển Sài Gòn,,Công nghiệp,Vận tải,Vận tải biển,company_data/company_name.xlsx ; trading_data/market_caps.parquet ; trading_data/os.xlsx ; industry_classification/industry_classification.xlsx
TICKER:SGT,TICKER,SGT,CTCP Công nghệ Viễn Thông Sài Gòn,1,1235.83,CTCP Công nghệ Viễn Thông Sài Gòn | Công nghệ Viễn Thông Sài Gòn,,Dịch vụ viễn thông,Dịch vụ viễn thông,Dịch vụ viễn thông đa ngành,company_data/company_name.xlsx ; trading_data/market_caps.parquet ; trading_data/os.xlsx ; industry_classification/industry_classification.xlsx
TICKER:SHA,TICKER,SHA,CTCP Sơn Hà Sài Gòn,2,135.56,CTCP Sơn Hà Sài Gòn | Sơn Hà Sài Gòn,,Hàng tiêu dùng không thiết yếu,Hàng tiêu dùng lâu bền và trang phục,Đồ gia dụng lâu bền,company_data/company_name.xlsx ; trading_data/market_caps.parquet ; trading_data/os.xlsx ; industry_classification/industry_classification.xlsx
TICKER:SHB,TICKER,SHB,Ngân hàng TMCP Sài Gòn - Hà Nội,1,60918.23,Ngân hàng TMCP Sài Gòn - Hà Nội | Sài Gòn - Hà Nội | Ngân hàng Sài Gòn - Hà Nội,,Tài chính,Ngân hàng,Ngân hàng,company_data/company_name.xlsx ; trading_data/market_caps.parquet ; trading_data/os.xlsx ; industry_classification/industry_classification.xlsx
TICKER:SHE,TICKER,SHE,CTCP Phát triển Năng lượng Sơn Hà,1,409.52,CTCP Phát triển Năng lượng Sơn Hà | Phát triển Năng lượng Sơn Hà,,Công nghiệp,Tư liệu sản xuất,Thiết bị điện,company_data/company_name.xlsx ; trading_data/market_caps.parquet ; trading_data/os.xlsx ; industry_classification/industry_classification.xlsx
TICKER:SHI,TICKER,SHI,CTCP Quốc tế Sơn Hà,1,2455.77,CTCP Quốc tế Sơn Hà | Quốc tế Sơn Hà,,Hàng tiêu dùng không thiết yếu,Hàng tiêu dùng lâu bền và trang phục,Đồ gia dụng lâu bền,company_data/company_name.xlsx ; trading_data/market_caps.parquet ; trading_data/os.xlsx ; industry_classification/industry_classification.xlsx
TICKER:SHN,TICKER,SHN,CTCP Đầu tư Tổng hợp Hà Nội,1,868.37,CTCP Đầu tư Tổng hợp Hà Nội | Đầu tư Tổng hợp Hà Nội,,Hàng tiêu dùng không thiết yếu,Bán lẻ,Bán lẻ,company_data/company_name.xlsx ; trading_data/market_caps.parquet ; trading_data/os.xlsx ; industry_classification/industry_classification.xlsx
TICKER:SHP,TICKER,SHP,CTCP Thủy điện Miền Nam,1,3137.4,CTCP Thủy điện Miền Nam | Thủy điện Miền Nam,,Dịch vụ công cộng,Dịch vụ công cộng,Điện,company_data/company_name.xlsx ; trading_data/market_caps.parquet ; trading_data/os.xlsx ; industry_classification/industry_classification.xlsx
TICKER:SHS,TICKER,SHS,CTCP Chứng khoán Sài Gòn - Hà Nội,1,12592.47,CTCP Chứng khoán Sài Gòn - Hà Nội | Chứng khoán Sài Gòn - Hà Nội,,Tài chính,Công ty chứng khoán,Công ty chứng khoán,company_data/company_name.xlsx ; trading_data/market_caps.parquet ; trading_data/os.xlsx ; industry_classification/industry_classification.xlsx
TICKER:SID,TICKER,SID,CTCP Đầu tư Phát triển Sài Gòn Co.op,1,1210.0,CTCP Đầu tư Phát triển Sài Gòn Co.op | Đầu tư Phát triển Sài Gòn Co.op,,Bất động sản,Quản lý và phát triển bất động sản,Vận hành bất động sản,company_data/company_name.xlsx ; trading_data/market_caps.parquet ; trading_data/os.xlsx ; industry_classification/industry_classification.xlsx
TICKER:SII,TICKER,SII,CTCP Hạ tầng Nước Sài Gòn,1,1051.71,CTCP Hạ tầng Nước Sài Gòn | Hạ tầng Nước Sài Gòn,,Dịch vụ công cộng,Dịch vụ công cộng,Nước,company_data/company_name.xlsx ; trading_data/market_caps.parquet ; trading_data/os.xlsx ; industry_classification/industry_classification.xlsx
TICKER:SIP,TICKER,SIP,CTCP Đầu tư Sài Gòn VRG,1,11560.89,CTCP Đầu tư Sài Gòn VRG | Đầu tư Sài Gòn VRG,,Bất động sản,Quản lý và phát triển bất động sản,Vận hành bất động sản,company_data/company_name.xlsx ; trading_data/market_caps.parquet ; trading_data/os.xlsx ; industry_classification/industry_classification.xlsx
TICKER:SIV,TICKER,SIV,CTCP SIVICO,2,138.57,CTCP SIVICO | SIVICO,,Nguyên vật liệu,Nguyên vật liệu,Hóa chất,company_data/company_name.xlsx ; trading_data/market_caps.parquet ; trading_data/os.xlsx ; industry_classification/industry_classification.xlsx
TICKER:SJ1,TICKER,SJ1,CTCP Nông nghiệp Hùng Hậu,1,760.75,CTCP Nông nghiệp Hùng Hậu | Nông nghiệp Hùng Hậu,,Hàng tiêu dùng thiết yếu,Thực phẩm & Đồ uống,Thực phẩm,company_data/company_name.xlsx ; trading_data/market_caps.parquet ; trading_data/os.xlsx ; industry_classification/industry_classification.xlsx
TICKER:SJD,TICKER,SJD,CTCP Thủy điện Cần Đơn,1,959.08,CTCP Thủy điện Cần Đơn | Thủy điện Cần Đơn,,Dịch vụ công cộng,Dịch vụ công cộng,Điện,company_data/company_name.xlsx ; trading_data/market_caps.parquet ; trading_data/os.xlsx ; industry_classification/industry_classification.xlsx
TICKER:SJE,TICKER,SJE,CTCP Sông Đà 11,1,464.0,CTCP Sông Đà 11 | Sông Đà 11,,Công nghiệp,Tư liệu sản xuất,Xây dựng,company_data/company_name.xlsx ; trading_data/market_caps.parquet ; trading_data/os.xlsx ; industry_classification/industry_classification.xlsx
TICKER:SJF,TICKER,SJF,CTCP Đầu tư Sao Thái Dương,2,134.64,CTCP Đầu tư Sao Thái Dương | Đầu tư Sao Thái Dương,,Hàng tiêu dùng thiết yếu,Thực phẩm & Đồ uống,Thực phẩm,company_data/company_name.xlsx ; trading_data/market_caps.parquet ; trading_data/os.xlsx ; industry_classification/industry_classification.xlsx
TICKER:SJG,TICKER,SJG,Tổng Công ty Sông Đà - CTCP,1,9260.46,Tổng Công ty Sông Đà - CTCP,,Công nghiệp,Tư liệu sản xuất,Xây dựng,company_data/company_name.xlsx ; trading_data/market_caps.parquet ; trading_data/os.xlsx ; industry_classification/industry_classification.xlsx
TICKER:SJS,TICKER,SJS,CTCP SJ Group,1,16807.33,CTCP SJ Group | SJ Group,,Bất động sản,Quản lý và phát triển bất động sản,Bất động sản phức hợp,company_data/company_name.xlsx ; trading_data/market_caps.parquet ; trading_data/os.xlsx ; industry_classification/industry_classification.xlsx
TICKER:SKG,TICKER,SKG,CTCP Tàu cao tốc Superdong - Kiên Giang,1,491.42,CTCP Tàu cao tốc Superdong - Kiên Giang | Tàu cao tốc Superdong - Kiên Giang,,Công nghiệp,Vận tải,Vận tải biển,company_data/company_name.xlsx ; trading_data/market_caps.parquet ; trading_data/os.xlsx ; industry_classification/industry_classification.xlsx
TICKER:SKH,TICKER,SKH,CTCP Nước giải khát Sanest Khánh Hòa,1,669.9,CTCP Nước giải khát Sanest Khánh Hòa | Nước giải khát Sanest Khánh Hòa,,Hàng tiêu dùng thiết yếu,Thực phẩm & Đồ uống,Thực phẩm,company_data/company_name.xlsx ; trading_data/market_caps.parquet ; trading_data/os.xlsx ; industry_classification/industry_classification.xlsx
TICKER:SKV,TICKER,SKV,CTCP Nước giải khát Yến sào Khánh Hòa,1,531.3,CTCP Nước giải khát Yến sào Khánh Hòa | Nước giải khát Yến sào Khánh Hòa,,Hàng tiêu dùng thiết yếu,Thực phẩm & Đồ uống,Đồ uống,company_data/company_name.xlsx ; trading_data/market_caps.parquet ; trading_data/os.xlsx ; industry_classification/industry_classification.xlsx
TICKER:SLD,TICKER,SLD,CTCP Địa ốc Sacom,1,801.45,CTCP Địa ốc Sacom | Địa ốc Sacom,,,,,company_data/company_name.xlsx ; trading_data/market_caps.parquet ; trading_data/os.xlsx
TICKER:SLS,TICKER,SLS,CTCP Mía Đường Sơn La,1,1400.25,CTCP Mía Đường Sơn La | Mía Đường Sơn La,,Hàng tiêu dùng thiết yếu,Thực phẩm & Đồ uống,Thực phẩm,company_data/company_name.xlsx ; trading_data/market_caps.parquet ; trading_data/os.xlsx ; industry_classification/industry_classification.xlsx
TICKER:SMA,TICKER,SMA,CTCP Thiết bị Phụ tùng Sài Gòn,2,126.19,CTCP Thiết bị Phụ tùng Sài Gòn | Thiết bị Phụ tùng Sài Gòn,,Dịch vụ công cộng,Dịch vụ công cộng,Điện,company_data/company_name.xlsx ; trading_data/market_caps.parquet ; trading_data/os.xlsx ; industry_classification/industry_classification.xlsx
TICKER:SMB,TICKER,SMB,CTCP Bia Sài Gòn - Miền Trung,1,1195.36,CTCP Bia Sài Gòn - Miền Trung | Bia Sài Gòn - Miền Trung,,Hàng tiêu dùng thiết yếu,Thực phẩm & Đồ uống,Đồ uống,company_data/company_name.xlsx ; trading_data/market_caps.parquet ; trading_data/os.xlsx ; industry_classification/industry_classification.xlsx
TICKER:SMC,TICKER,SMC,CTCP Đầu tư Thương mại SMC,1,722.08,CTCP Đầu tư Thương mại SMC | Đầu tư Thương mại SMC,,Nguyên vật liệu,Kim loại & Khai khoáng,Thép,company_data/company_name.xlsx ; trading_data/market_caps.parquet ; trading_data/os.xlsx ; industry_classification/industry_classification.xlsx
TICKER:SNC,TICKER,SNC,CTCP Xuất nhập khẩu Thủy sản Năm Căn,2,109.0,CTCP Xuất nhập khẩu Thủy sản Năm Căn | Xuất nhập khẩu Thủy sản Năm Căn,,Hàng tiêu dùng thiết yếu,Thực phẩm & Đồ uống,Thực phẩm,company_data/company_name.xlsx ; trading_data/market_caps.parquet ; trading_data/os.xlsx ; industry_classification/industry_classification.xlsx
TICKER:SNZ,TICKER,SNZ,Tổng Công ty cổ phần Phát triển Khu Công nghiệp,1,8922.86,Tổng Công ty cổ phần Phát triển Khu Công nghiệp | Phát triển Khu Công nghiệp,,Bất động sản,Quản lý và phát triển bất động sản,Vận hành bất động sản,company_data/company_name.xlsx ; trading_data/market_caps.parquet ; trading_data/os.xlsx ; industry_classification/industry_classification.xlsx
TICKER:SP2,TICKER,SP2,CTCP Thủy điện Sử Pán 2,1,618.69,CTCP Thủy điện Sử Pán 2 | Thủy điện Sử Pán 2,,Dịch vụ công cộng,Dịch vụ công cộng,Điện,company_data/company_name.xlsx ; trading_data/market_caps.parquet ; trading_data/os.xlsx ; industry_classification/industry_classification.xlsx
TICKER:SPB,TICKER,SPB,CTCP Sợi Phú Bài,2,199.5,CTCP Sợi Phú Bài | Sợi Phú Bài,,Hàng tiêu dùng không thiết yếu,Hàng tiêu dùng lâu bền và trang phục,"Dệt may & Trang phục, phụ kiện",company_data/company_name.xlsx ; trading_data/market_caps.parquet ; trading_data/os.xlsx ; industry_classification/industry_classification.xlsx
TICKER:SPC,TICKER,SPC,CTCP Bảo vệ Thực vật Sài Gòn,2,105.3,CTCP Bảo vệ Thực vật Sài Gòn | Bảo vệ Thực vật Sài Gòn,,Nguyên vật liệu,Nguyên vật liệu,Hóa chất,company_data/company_name.xlsx ; trading_data/market_caps.parquet ; trading_data/os.xlsx ; industry_classification/industry_classification.xlsx
TICKER:SPM,TICKER,SPM,CTCP SPM,2,113.05,CTCP SPM | SPM,,Y tế,Dược phẩm & Công nghệ sinh học,Dược phẩm,company_data/company_name.xlsx ; trading_data/market_caps.parquet ; trading_data/os.xlsx ; industry_classification/industry_classification.xlsx
TICKER:SPV,TICKER,SPV,CTCP Thủy Đặc sản,1,460.08,CTCP Thủy Đặc sản | Thủy Đặc sản,,Hàng tiêu dùng thiết yếu,Thực phẩm & Đồ uống,Thực phẩm,company_data/company_name.xlsx ; trading_data/market_caps.parquet ; trading_data/os.xlsx ; industry_classification/industry_classification.xlsx
TICKER:SQC,TICKER,SQC,CTCP Khoáng sản Sài Gòn - Quy Nhơn,2,118.03,CTCP Khoáng sản Sài Gòn - Quy Nhơn | Khoáng sản Sài Gòn - Quy Nhơn,,Bất động sản,Quản lý và phát triển bất động sản,Vận hành bất động sản,company_data/company_name.xlsx ; trading_data/market_caps.parquet ; trading_data/os.xlsx ; industry_classification/industry_classification.xlsx
TICKER:SRC,TICKER,SRC,CTCP Cao su Sao Vàng,1,1295.1,CTCP Cao su Sao Vàng | Cao su Sao Vàng,,Hàng tiêu dùng không thiết yếu,Ô tô & Phụ tùng,Lốp & Cao su,company_data/company_name.xlsx ; trading_data/market_caps.parquet ; trading_data/os.xlsx ; industry_classification/industry_classification.xlsx
TICKER:SRF,TICKER,SRF,CTCP SEAREFICO,2,250.02,CTCP SEAREFICO | SEAREFICO,,Công nghiệp,Tư liệu sản xuất,Xây dựng,company_data/company_name.xlsx ; trading_data/market_caps.parquet ; trading_data/os.xlsx ; industry_classification/industry_classification.xlsx
TICKER:SSB,TICKER,SSB,Ngân hàng TMCP Đông Nam Á,1,67815.04,Ngân hàng TMCP Đông Nam Á | Đông Nam Á | SeABank,,Tài chính,Ngân hàng,Ngân hàng,company_data/company_name.xlsx ; trading_data/market_caps.parquet ; trading_data/os.xlsx ; industry_classification/industry_classification.xlsx
TICKER:SSC,TICKER,SSC,CTCP Giống cây trồng Miền Nam,2,286.67,CTCP Giống cây trồng Miền Nam | Giống cây trồng Miền Nam,,Hàng tiêu dùng thiết yếu,Thực phẩm & Đồ uống,Thực phẩm,company_data/company_name.xlsx ; trading_data/market_caps.parquet ; trading_data/os.xlsx ; industry_classification/industry_classification.xlsx
TICKER:SSH,TICKER,SSH,CTCP Phát triển Sunshine Homes,1,22500.0,CTCP Phát triển Sunshine Homes | Phát triển Sunshine Homes,,Bất động sản,Quản lý và phát triển bất động sản,Bất động sản phức hợp,company_data/company_name.xlsx ; trading_data/market_caps.parquet ; trading_data/os.xlsx ; industry_classification/industry_classification.xlsx
TICKER:SSI,TICKER,SSI,CTCP Chứng khoán SSI,1,60926.44,CTCP Chứng khoán SSI | Chứng khoán SSI,,Tài chính,Công ty chứng khoán,Công ty chứng khoán,company_data/company_name.xlsx ; trading_data/market_caps.parquet ; trading_data/os.xlsx ; industry_classification/industry_classification.xlsx
TICKER:STB,TICKER,STB,Ngân hàng TMCP Sài Gòn Tài Lộc,1,144030.48,Ngân hàng TMCP Sài Gòn Tài Lộc | Sài Gòn Tài Lộc | Sacombank,,Tài chính,Ngân hàng,Ngân hàng,company_data/company_name.xlsx ; trading_data/market_caps.parquet ; trading_data/os.xlsx ; industry_classification/industry_classification.xlsx
TICKER:STD,TICKER,STD,CTCP Bia - Nước giải khát Sài Gòn - Tây Đô,2,102.0,CTCP Bia - Nước giải khát Sài Gòn - Tây Đô | Bia - Nước giải khát Sài Gòn - Tây Đô,,Hàng tiêu dùng thiết yếu,Thực phẩm & Đồ uống,Đồ uống,company_data/company_name.xlsx ; trading_data/market_caps.parquet ; trading_data/os.xlsx ; industry_classification/industry_classification.xlsx
TICKER:STG,TICKER,STG,CTCP Kho vận Miền Nam,1,3532.21,CTCP Kho vận Miền Nam | Kho vận Miền Nam,,Công nghiệp,Vận tải,Vận tải biển,company_data/company_name.xlsx ; trading_data/market_caps.parquet ; trading_data/os.xlsx ; industry_classification/industry_classification.xlsx
TICKER:STH,TICKER,STH,CTCP STH Holdings,1,485.55,CTCP STH Holdings | STH Holdings,,Hàng tiêu dùng không thiết yếu,Bán lẻ,Bán lẻ,company_data/company_name.xlsx ; trading_data/market_caps.parquet ; trading_data/os.xlsx ; industry_classification/industry_classification.xlsx
TICKER:STK,TICKER,STK,CTCP Sợi Thế Kỷ,1,1200.71,CTCP Sợi Thế Kỷ | Sợi Thế Kỷ,,Hàng tiêu dùng không thiết yếu,Hàng tiêu dùng lâu bền và trang phục,"Dệt may & Trang phục, phụ kiện",company_data/company_name.xlsx ; trading_data/market_caps.parquet ; trading_data/os.xlsx ; industry_classification/industry_classification.xlsx
TICKER:STS,TICKER,STS,CTCP Dịch vụ Vận tải Sài Gòn,1,368.28,CTCP Dịch vụ Vận tải Sài Gòn | Dịch vụ Vận tải Sài Gòn,,Công nghiệp,Vận tải,Hỗ trợ vận tải,company_data/company_name.xlsx ; trading_data/market_caps.parquet ; trading_data/os.xlsx ; industry_classification/industry_classification.xlsx
TICKER:STW,TICKER,STW,CTCP Cấp nước Sóc Trăng,1,475.89,CTCP Cấp nước Sóc Trăng | Cấp nước Sóc Trăng,,Dịch vụ công cộng,Dịch vụ công cộng,Nước,company_data/company_name.xlsx ; trading_data/market_caps.parquet ; trading_data/os.xlsx ; industry_classification/industry_classification.xlsx
TICKER:SVC,TICKER,SVC,CTCP Dịch vụ Tổng hợp Sài Gòn,1,1562.24,CTCP Dịch vụ Tổng hợp Sài Gòn | Dịch vụ Tổng hợp Sài Gòn,,Hàng tiêu dùng không thiết yếu,Bán lẻ,Bán lẻ,company_data/company_name.xlsx ; trading_data/market_caps.parquet ; trading_data/os.xlsx ; industry_classification/industry_classification.xlsx
TICKER:SVD,TICKER,SVD,CTCP Đầu tư & Thương mại Vũ Đăng,2,129.75,CTCP Đầu tư & Thương mại Vũ Đăng | Đầu tư & Thương mại Vũ Đăng,,Hàng tiêu dùng không thiết yếu,Hàng tiêu dùng lâu bền và trang phục,"Dệt may & Trang phục, phụ kiện",company_data/company_name.xlsx ; trading_data/market_caps.parquet ; trading_data/os.xlsx ; industry_classification/industry_classification.xlsx
TICKER:SVG,TICKER,SVG,CTCP Hơi Kỹ nghệ Que hàn,2,164.36,CTCP Hơi Kỹ nghệ Que hàn | Hơi Kỹ nghệ Que hàn,,Nguyên vật liệu,Nguyên vật liệu,Hóa chất,company_data/company_name.xlsx ; trading_data/market_caps.parquet ; trading_data/os.xlsx ; industry_classification/industry_classification.xlsx
TICKER:SVI,TICKER,SVI,CTCP Bao bì Biên Hòa,1,477.37,CTCP Bao bì Biên Hòa | Bao bì Biên Hòa,,Nguyên vật liệu,Vật liệu xây dựng,Bao bì và đóng gói,company_data/company_name.xlsx ; trading_data/market_caps.parquet ; trading_data/os.xlsx ; industry_classification/industry_classification.xlsx
TICKER:SVT,TICKER,SVT,CTCP Công nghệ Sài Gòn Viễn Đông,2,164.28,CTCP Công nghệ Sài Gòn Viễn Đông | Công nghệ Sài Gòn Viễn Đông,,Công nghiệp,Tư liệu sản xuất,Máy công nghiệp,company_data/company_name.xlsx ; trading_data/market_caps.parquet ; trading_data/os.xlsx ; industry_classification/industry_classification.xlsx
TICKER:SWC,TICKER,SWC,Tổng Công ty cổ phần Đường sông Miền Nam,1,1576.85,Tổng Công ty cổ phần Đường sông Miền Nam | Đường sông Miền Nam,,Công nghiệp,Vận tải,Vận tải biển,company_data/company_name.xlsx ; trading_data/market_caps.parquet ; trading_data/os.xlsx ; industry_classification/industry_classification.xlsx
TICKER:SZB,TICKER,SZB,CTCP Sonadezi Long Bình,1,1200.0,CTCP Sonadezi Long Bình | Sonadezi Long Bình,,Bất động sản,Quản lý và phát triển bất động sản,Vận hành bất động sản,company_data/company_name.xlsx ; trading_data/market_caps.parquet ; trading_data/os.xlsx ; industry_classification/industry_classification.xlsx
TICKER:SZC,TICKER,SZC,CTCP Sonadezi Châu Đức,1,3167.75,CTCP Sonadezi Châu Đức | Sonadezi Châu Đức,,Bất động sản,Quản lý và phát triển bất động sản,Vận hành bất động sản,company_data/company_name.xlsx ; trading_data/market_caps.parquet ; trading_data/os.xlsx ; industry_classification/industry_classification.xlsx
TICKER:SZE,TICKER,SZE,CTCP Môi trường Sonadezi,2,231.0,CTCP Môi trường Sonadezi | Môi trường Sonadezi,,Công nghiệp,Các dịch vụ thương mại và chuyên biệt,Dịch vụ môi trường,company_data/company_name.xlsx ; trading_data/market_caps.parquet ; trading_data/os.xlsx ; industry_classification/industry_classification.xlsx
TICKER:SZG,TICKER,SZG,CTCP Sonadezi Giang Điền,1,1811.63,CTCP Sonadezi Giang Điền | Sonadezi Giang Điền,,Bất động sản,Quản lý và phát triển bất động sản,Vận hành bất động sản,company_data/company_name.xlsx ; trading_data/market_caps.parquet ; trading_data/os.xlsx ; industry_classification/industry_classification.xlsx
TICKER:SZL,TICKER,SZL,CTCP Sonadezi Long Thành,1,1431.79,CTCP Sonadezi Long Thành | Sonadezi Long Thành,,Bất động sản,Quản lý và phát triển bất động sản,Vận hành bất động sản,company_data/company_name.xlsx ; trading_data/market_caps.parquet ; trading_data/os.xlsx ; industry_classification/industry_classification.xlsx
TICKER:TA9,TICKER,TA9,CTCP Xây lắp Thành An 96,2,148.73,CTCP Xây lắp Thành An 96 | Xây lắp Thành An 96,,Công nghiệp,Tư liệu sản xuất,Xây dựng,company_data/company_name.xlsx ; trading_data/market_caps.parquet ; trading_data/os.xlsx ; industry_classification/industry_classification.xlsx
TICKER:TAB,TICKER,TAB,CTCP Freco Việt Nam,2,208.0,CTCP Freco Việt Nam | Freco Việt Nam,,Nguyên vật liệu,Vật liệu xây dựng,Vật liệu xây dựng,company_data/company_name.xlsx ; trading_data/market_caps.parquet ; trading_data/os.xlsx ; industry_classification/industry_classification.xlsx
TICKER:TAH,TICKER,TAH,CTCP Thương mại Dịch vụ Giấy Thuận An,1,6075.0,CTCP Thương mại Dịch vụ Giấy Thuận An | Thương mại Dịch vụ Giấy Thuận An,,,,,company_data/company_name.xlsx ; trading_data/market_caps.parquet ; trading_data/os.xlsx
TICKER:TAL,TICKER,TAL,CTCP Đầu tư Bất động sản Taseco,1,11264.39,CTCP Đầu tư Bất động sản Taseco | Đầu tư Bất động sản Taseco,,Bất động sản,Quản lý và phát triển bất động sản,Bất động sản phức hợp,company_data/company_name.xlsx ; trading_data/market_caps.parquet ; trading_data/os.xlsx ; industry_classification/industry_classification.xlsx
TICKER:TAR,TICKER,TAR,CTCP Nông nghiệp Công nghệ cao Trung An,2,187.97,CTCP Nông nghiệp Công nghệ cao Trung An | Nông nghiệp Công nghệ cao Trung An,,Hàng tiêu dùng thiết yếu,Thực phẩm & Đồ uống,Thực phẩm,company_data/company_name.xlsx ; trading_data/market_caps.parquet ; trading_data/os.xlsx ; industry_classification/industry_classification.xlsx
TICKER:TAW,TICKER,TAW,CTCP Cấp nước Trung An,2,106.5,CTCP Cấp nước Trung An | Cấp nước Trung An,,Dịch vụ công cộng,Dịch vụ công cộng,Nước,company_data/company_name.xlsx ; trading_data/market_caps.parquet ; trading_data/os.xlsx ; industry_classification/industry_classification.xlsx
TICKER:TBC,TICKER,TBC,CTCP Thủy điện Thác Bà,1,2003.42,CTCP Thủy điện Thác Bà | Thủy điện Thác Bà,,Dịch vụ công cộng,Dịch vụ công cộng,Điện,company_data/company_name.xlsx ; trading_data/market_caps.parquet ; trading_data/os.xlsx ; industry_classification/industry_classification.xlsx
TICKER:TBD,TICKER,TBD,Tổng Công ty Thiết bị Điện Đông Anh - CTCP,1,3164.04,Tổng Công ty Thiết bị Điện Đông Anh - CTCP | Thiết bị Điện Đông Anh,,Công nghiệp,Tư liệu sản xuất,Thiết bị điện,company_data/company_name.xlsx ; trading_data/market_caps.parquet ; trading_data/os.xlsx ; industry_classification/industry_classification.xlsx
TICKER:TBH,TICKER,TBH,CTCP Tổng Bách Hóa,1,1219.84,CTCP Tổng Bách Hóa | Tổng Bách Hóa,,Bất động sản,Quản lý và phát triển bất động sản,Bất động sản phức hợp,company_data/company_name.xlsx ; trading_data/market_caps.parquet ; trading_data/os.xlsx ; industry_classification/industry_classification.xlsx
TICKER:TBW,TICKER,TBW,CTCP Nước sạch Thái Bình,2,112.29,CTCP Nước sạch Thái Bình | Nước sạch Thái Bình,,Dịch vụ công cộng,Dịch vụ công cộng,Nước,company_data/company_name.xlsx ; trading_data/market_caps.parquet ; trading_data/os.xlsx ; industry_classification/industry_classification.xlsx
TICKER:TCB,TICKER,TCB,Ngân hàng TMCP Kỹ thương Việt Nam,1,225696.75,Ngân hàng TMCP Kỹ thương Việt Nam | Kỹ thương Việt Nam | Techcombank,,Tài chính,Ngân hàng,Ngân hàng,company_data/company_name.xlsx ; trading_data/market_caps.parquet ; trading_data/os.xlsx ; industry_classification/industry_classification.xlsx
TICKER:TCD,TICKER,TCD,CTCP Tập đoàn Xây dựng TRACODI,1,335.82,CTCP Tập đoàn Xây dựng TRACODI | Xây dựng TRACODI,,Công nghiệp,Tư liệu sản xuất,Xây dựng,company_data/company_name.xlsx ; trading_data/market_caps.parquet ; trading_data/os.xlsx ; industry_classification/industry_classification.xlsx
TICKER:TCH,TICKER,TCH,CTCP Đầu tư Dịch vụ Tài chính Hoàng Huy,1,11487.93,CTCP Đầu tư Dịch vụ Tài chính Hoàng Huy | Đầu tư Dịch vụ Tài chính Hoàng Huy,,Bất động sản,Quản lý và phát triển bất động sản,Bất động sản phức hợp,company_data/company_name.xlsx ; trading_data/market_caps.parquet ; trading_data/os.xlsx ; industry_classification/industry_classification.xlsx
TICKER:TCI,TICKER,TCI,CTCP Chứng khoán Thành Công,1,1086.84,CTCP Chứng khoán Thành Công | Chứng khoán Thành Công,,Tài chính,Công ty chứng khoán,Công ty chứng khoán,company_data/company_name.xlsx ; trading_data/market_caps.parquet ; trading_data/os.xlsx ; industry_classification/industry_classification.xlsx
TICKER:TCL,TICKER,TCL,CTCP Đại lý Giao nhận Vận tải Xếp dỡ Tân Cảng,1,868.56,CTCP Đại lý Giao nhận Vận tải Xếp dỡ Tân Cảng | Đại lý Giao nhận Vận tải Xếp dỡ Tân Cảng,,Công nghiệp,Cơ sở hạ tầng giao thông vận tải,Dịch vụ cảng biển,company_data/company_name.xlsx ; trading_data/market_caps.parquet ; trading_data/os.xlsx ; industry_classification/industry_classification.xlsx
TICKER:TCM,TICKER,TCM,CTCP Dệt may - Đầu tư - Thương mại Thành Công,1,1941.04,CTCP Dệt may - Đầu tư - Thương mại Thành Công | Dệt may - Đầu tư - Thương mại Thành Công,,Hàng tiêu dùng không thiết yếu,Hàng tiêu dùng lâu bền và trang phục,"Dệt may & Trang phục, phụ kiện",company_data/company_name.xlsx ; trading_data/market_caps.parquet ; trading_data/os.xlsx ; industry_classification/industry_classification.xlsx
TICKER:TCO,TICKER,TCO,CTCP Janus Group,1,607.6,CTCP Janus Group | Janus Group,,Hàng tiêu dùng thiết yếu,Thực phẩm & Đồ uống,Thực phẩm,company_data/company_name.xlsx ; trading_data/market_caps.parquet ; trading_data/os.xlsx ; industry_classification/industry_classification.xlsx
TICKER:TCT,TICKER,TCT,CTCP Cáp treo Núi Bà Tây Ninh,2,228.91,CTCP Cáp treo Núi Bà Tây Ninh | Cáp treo Núi Bà Tây Ninh,,Công nghiệp,Vận tải,Hỗ trợ vận tải,company_data/company_name.xlsx ; trading_data/market_caps.parquet ; trading_data/os.xlsx ; industry_classification/industry_classification.xlsx
TICKER:TCW,TICKER,TCW,CTCP Kho Vận Tân Cảng,1,593.73,CTCP Kho Vận Tân Cảng | Kho Vận Tân Cảng,,Công nghiệp,Cơ sở hạ tầng giao thông vận tải,Dịch vụ cảng biển,company_data/company_name.xlsx ; trading_data/market_caps.parquet ; trading_data/os.xlsx ; industry_classification/industry_classification.xlsx
TICKER:TCX,TICKER,TCX,CTCP Chứng khoán Kỹ Thương,1,105984.11,CTCP Chứng khoán Kỹ Thương | Chứng khoán Kỹ Thương,,Tài chính,Công ty chứng khoán,Công ty chứng khoán,company_data/company_name.xlsx ; trading_data/market_caps.parquet ; trading_data/os.xlsx ; industry_classification/industry_classification.xlsx
TICKER:TD6,TICKER,TD6,CTCP Than Đèo Nai - Cọc Sáu - TKV,1,371.61,CTCP Than Đèo Nai - Cọc Sáu - TKV | Than Đèo Nai - Cọc Sáu - TKV,,Năng lượng,Năng lượng,Than đá và nhiên liệu khác,company_data/company_name.xlsx ; trading_data/market_caps.parquet ; trading_data/os.xlsx ; industry_classification/industry_classification.xlsx
TICKER:TDB,TICKER,TDB,CTCP Thủy điện Định Bình,1,320.97,CTCP Thủy điện Định Bình | Thủy điện Định Bình,,Dịch vụ công cộng,Dịch vụ công cộng,Điện,company_data/company_name.xlsx ; trading_data/market_caps.parquet ; trading_data/os.xlsx ; industry_classification/industry_classification.xlsx
TICKER:TDC,TICKER,TDC,CTCP Kinh doanh và Phát triển Bình Dương,1,875.33,CTCP Kinh doanh và Phát triển Bình Dương | Kinh doanh và Phát triển Bình Dương,,Bất động sản,Quản lý và phát triển bất động sản,Bất động sản phức hợp,company_data/company_name.xlsx ; trading_data/market_caps.parquet ; trading_data/os.xlsx ; industry_classification/industry_classification.xlsx
TICKER:TDF,TICKER,TDF,CTCP Trung Đô,2,252.0,CTCP Trung Đô | Trung Đô,,Nguyên vật liệu,Vật liệu xây dựng,Vật liệu xây dựng,company_data/company_name.xlsx ; trading_data/market_caps.parquet ; trading_data/os.xlsx ; industry_classification/industry_classification.xlsx
TICKER:TDH,TICKER,TDH,CTCP Phát triển Nhà Thủ Đức,1,359.36,CTCP Phát triển Nhà Thủ Đức | Phát triển Nhà Thủ Đức,,Bất động sản,Quản lý và phát triển bất động sản,Bất động sản phức hợp,company_data/company_name.xlsx ; trading_data/market_caps.parquet ; trading_data/os.xlsx ; industry_classification/industry_classification.xlsx
TICKER:TDM,TICKER,TDM,CTCP Nước Thủ Dầu Một,1,7210.39,CTCP Nước Thủ Dầu Một | Nước Thủ Dầu Một,,Dịch vụ công cộng,Dịch vụ công cộng,Nước,company_data/company_name.xlsx ; trading_data/market_caps.parquet ; trading_data/os.xlsx ; industry_classification/industry_classification.xlsx
TICKER:TDP,TICKER,TDP,CTCP Thuận Đức,1,3176.42,CTCP Thuận Đức | Thuận Đức,,Nguyên vật liệu,Vật liệu xây dựng,Bao bì và đóng gói,company_data/company_name.xlsx ; trading_data/market_caps.parquet ; trading_data/os.xlsx ; industry_classification/industry_classification.xlsx
TICKER:TDS,TICKER,TDS,CTCP Thép Thủ Đức - VNSTEEL,2,102.69,CTCP Thép Thủ Đức - VNSTEEL | Thép Thủ Đức - VNSTEEL,,Nguyên vật liệu,Kim loại & Khai khoáng,Thép,company_data/company_name.xlsx ; trading_data/market_caps.parquet ; trading_data/os.xlsx ; industry_classification/industry_classification.xlsx
TICKER:TDT,TICKER,TDT,CTCP Đầu tư và Phát triển TDT,2,162.5,CTCP Đầu tư và Phát triển TDT | Đầu tư và Phát triển TDT,,Hàng tiêu dùng không thiết yếu,Hàng tiêu dùng lâu bền và trang phục,"Dệt may & Trang phục, phụ kiện",company_data/company_name.xlsx ; trading_data/market_caps.parquet ; trading_data/os.xlsx ; industry_classification/industry_classification.xlsx
TICKER:TDW,TICKER,TDW,CTCP Cấp nước Thủ Đức,1,371.88,CTCP Cấp nước Thủ Đức | Cấp nước Thủ Đức,,Dịch vụ công cộng,Dịch vụ công cộng,Nước,company_data/company_name.xlsx ; trading_data/market_caps.parquet ; trading_data/os.xlsx ; industry_classification/industry_classification.xlsx
TICKER:TED,TICKER,TED,Tổng công ty Tư vấn thiết kế Giao thông vận tải - CТСР,1,832.5,Tổng công ty Tư vấn thiết kế Giao thông vận tải - CТСР | Tư vấn thiết kế Giao thông vận tải - CТСР,,Công nghiệp,Các dịch vụ thương mại và chuyên biệt,Dịch vụ tư vấn & nghiên cứu,company_data/company_name.xlsx ; trading_data/market_caps.parquet ; trading_data/os.xlsx ; industry_classification/industry_classification.xlsx
TICKER:TEG,TICKER,TEG,CTCP Trường Thành Energy Group,1,716.38,CTCP Trường Thành Energy Group | Trường Thành Energy Group,,Nguyên vật liệu,Vật liệu xây dựng,Vật liệu xây dựng,company_data/company_name.xlsx ; trading_data/market_caps.parquet ; trading_data/os.xlsx ; industry_classification/industry_classification.xlsx
TICKER:TET,TICKER,TET,CTCP Bất động sản Pristie,1,3110.15,CTCP Bất động sản Pristie | Bất động sản Pristie,,Hàng tiêu dùng không thiết yếu,Hàng tiêu dùng lâu bền và trang phục,"Dệt may & Trang phục, phụ kiện",company_data/company_name.xlsx ; trading_data/market_caps.parquet ; trading_data/os.xlsx ; industry_classification/industry_classification.xlsx
TICKER:TFC,TICKER,TFC,CTCP Trang,1,681.61,CTCP Trang,,Hàng tiêu dùng thiết yếu,Thực phẩm & Đồ uống,Thực phẩm,company_data/company_name.xlsx ; trading_data/market_caps.parquet ; trading_data/os.xlsx ; industry_classification/industry_classification.xlsx
TICKER:THB,TICKER,THB,CTCP Bia Hà Nội - Thanh Hóa,2,103.96,CTCP Bia Hà Nội - Thanh Hóa | Bia Hà Nội - Thanh Hóa,,Hàng tiêu dùng thiết yếu,Thực phẩm & Đồ uống,Đồ uống,company_data/company_name.xlsx ; trading_data/market_caps.parquet ; trading_data/os.xlsx ; industry_classification/industry_classification.xlsx
TICKER:THD,TICKER,THD,CTCP Thaiholdings,1,49742.0,CTCP Thaiholdings | Thaiholdings,,Bất động sản,Quản lý và phát triển bất động sản,Bất động sản phức hợp,company_data/company_name.xlsx ; trading_data/market_caps.parquet ; trading_data/os.xlsx ; industry_classification/industry_classification.xlsx
TICKER:THG,TICKER,THG,CTCP Đầu tư và Xây dựng Tiền Giang,1,1016.6,CTCP Đầu tư và Xây dựng Tiền Giang | Đầu tư và Xây dựng Tiền Giang,,Nguyên vật liệu,Vật liệu xây dựng,Vật liệu xây dựng,company_data/company_name.xlsx ; trading_data/market_caps.parquet ; trading_data/os.xlsx ; industry_classification/industry_classification.xlsx
TICKER:THM,TICKER,THM,CTCP Tứ Hải Hà Nam,2,110.59,CTCP Tứ Hải Hà Nam | Tứ Hải Hà Nam,,Hàng tiêu dùng không thiết yếu,Hàng tiêu dùng lâu bền và trang phục,"Dệt may & Trang phục, phụ kiện",company_data/company_name.xlsx ; trading_data/market_caps.parquet ; trading_data/os.xlsx ; industry_classification/industry_classification.xlsx
TICKER:THN,TICKER,THN,CTCP Cấp nước Thanh Hóa,2,184.77,CTCP Cấp nước Thanh Hóa | Cấp nước Thanh Hóa,,Dịch vụ công cộng,Dịch vụ công cộng,Nước,company_data/company_name.xlsx ; trading_data/market_caps.parquet ; trading_data/os.xlsx ; industry_classification/industry_classification.xlsx
TICKER:THP,TICKER,THP,CTCP Thủy sản và Thương mại Thuận Phước,2,205.3,CTCP Thủy sản và Thương mại Thuận Phước | Thủy sản và Thương mại Thuận Phước,,Hàng tiêu dùng thiết yếu,Thực phẩm & Đồ uống,Thực phẩm,company_data/company_name.xlsx ; trading_data/market_caps.parquet ; trading_data/os.xlsx ; industry_classification/industry_classification.xlsx
TICKER:THT,TICKER,THT,CTCP Than Hà Tu - Vinacomin,2,169.53,CTCP Than Hà Tu - Vinacomin | Than Hà Tu - Vinacomin,,Năng lượng,Năng lượng,Than đá và nhiên liệu khác,company_data/company_name.xlsx ; trading_data/market_caps.parquet ; trading_data/os.xlsx ; industry_classification/industry_classification.xlsx
TICKER:TID,TICKER,TID,CTCP Tổng Công ty Tín Nghĩa,1,3800.0,CTCP Tổng Công ty Tín Nghĩa | Tín Nghĩa,,Hàng tiêu dùng thiết yếu,Thực phẩm & Đồ uống,Thực phẩm,company_data/company_name.xlsx ; trading_data/market_caps.parquet ; trading_data/os.xlsx ; industry_classification/industry_classification.xlsx
TICKER:TIG,TICKER,TIG,CTCP Tập đoàn Đầu tư Thăng Long,1,1103.56,CTCP Tập đoàn Đầu tư Thăng Long | Đầu tư Thăng Long,,Bất động sản,Quản lý và phát triển bất động sản,Bất động sản phức hợp,company_data/company_name.xlsx ; trading_data/market_caps.parquet ; trading_data/os.xlsx ; industry_classification/industry_classification.xlsx
TICKER:TIN,TICKER,TIN,Công Ty Tài chính tổng hợp cổ phần Tín Việt,1,11109.73,Công Ty Tài chính tổng hợp cổ phần Tín Việt,,Tài chính,Tài chính chuyên biệt khác,Tài chính chuyên biệt khác,company_data/company_name.xlsx ; trading_data/market_caps.parquet ; trading_data/os.xlsx ; industry_classification/industry_classification.xlsx
TICKER:TIP,TICKER,TIP,CTCP Phát triển Khu Công nghiệp Tín Nghĩa,1,1040.13,CTCP Phát triển Khu Công nghiệp Tín Nghĩa | Phát triển Khu Công nghiệp Tín Nghĩa,,Bất động sản,Quản lý và phát triển bất động sản,Vận hành bất động sản,company_data/company_name.xlsx ; trading_data/market_caps.parquet ; trading_data/os.xlsx ; industry_classification/industry_classification.xlsx
TICKER:TIS,TICKER,TIS,CTCP Gang thép Thái Nguyên,1,735.96,CTCP Gang thép Thái Nguyên | Gang thép Thái Nguyên,,Nguyên vật liệu,Kim loại & Khai khoáng,Thép,company_data/company_name.xlsx ; trading_data/market_caps.parquet ; trading_data/os.xlsx ; industry_classification/industry_classification.xlsx
TICKER:TIX,TICKER,TIX,CTCP Sản xuất Kinh doanh Xuất nhập khẩu Dịch vụ và Đầu tư Tân Bình,1,1140.0,CTCP Sản xuất Kinh doanh Xuất nhập khẩu Dịch vụ và Đầu tư Tân Bình | Sản xuất Kinh doanh Xuất nhập khẩu Dịch vụ và Đầu tư Tân Bình,,Bất động sản,Quản lý và phát triển bất động sản,Vận hành bất động sản,company_data/company_name.xlsx ; trading_data/market_caps.parquet ; trading_data/os.xlsx ; industry_classification/industry_classification.xlsx
TICKER:TKU,TICKER,TKU,CTCP Công nghiệp Tung Kuang,1,548.51,CTCP Công nghiệp Tung Kuang | Công nghiệp Tung Kuang,,Nguyên vật liệu,Kim loại & Khai khoáng,Kim loại không chứa sắt,company_data/company_name.xlsx ; trading_data/market_caps.parquet ; trading_data/os.xlsx ; industry_classification/industry_classification.xlsx
TICKER:TL4,TICKER,TL4,Tổng Công ty cổ phần Xây dựng Thủy Lợi 4 - CTCP,2,141.07,Tổng Công ty cổ phần Xây dựng Thủy Lợi 4 - CTCP | Xây dựng Thủy Lợi 4,,Công nghiệp,Tư liệu sản xuất,Xây dựng,company_data/company_name.xlsx ; trading_data/market_caps.parquet ; trading_data/os.xlsx ; industry_classification/industry_classification.xlsx
TICKER:TLD,TICKER,TLD,CTCP Đầu tư Xây dựng và Phát triển Đô thị Thăng Long,1,636.7,CTCP Đầu tư Xây dựng và Phát triển Đô thị Thăng Long | Đầu tư Xây dựng và Phát triển Đô thị Thăng Long,,Nguyên vật liệu,Giấy và các sản phẩm từ gỗ,Gỗ và các sản phẩm từ gỗ,company_data/company_name.xlsx ; trading_data/market_caps.parquet ; trading_data/os.xlsx ; industry_classification/industry_classification.xlsx
TICKER:TLG,TICKER,TLG,CTCP Tập đoàn Thiên Long,1,5009.82,CTCP Tập đoàn Thiên Long | Thiên Long,,Hàng tiêu dùng thiết yếu,Sản phẩm cá nhân & hộ gia đình,Sản phẩm gia dụng không lâu bền,company_data/company_name.xlsx ; trading_data/market_caps.parquet ; trading_data/os.xlsx ; industry_classification/industry_classification.xlsx
TICKER:TLH,TICKER,TLH,CTCP Tập đoàn Thép Tiến Lên,1,411.09,CTCP Tập đoàn Thép Tiến Lên | Thép Tiến Lên,,Nguyên vật liệu,Kim loại & Khai khoáng,Thép,company_data/company_name.xlsx ; trading_data/market_caps.parquet ; trading_data/os.xlsx ; industry_classification/industry_classification.xlsx
TICKER:TLP,TICKER,TLP,Tổng Công ty Thương mại Xuất nhập khẩu Thanh Lễ - CTCP,1,1585.09,Tổng Công ty Thương mại Xuất nhập khẩu Thanh Lễ - CTCP | Thương mại Xuất nhập khẩu Thanh Lễ,,Hàng tiêu dùng không thiết yếu,Bán lẻ,Bán lẻ,company_data/company_name.xlsx ; trading_data/market_caps.parquet ; trading_data/os.xlsx ; industry_classification/industry_classification.xlsx
TICKER:TLT,TICKER,TLT,CTCP Viglacera Thăng Long,2,185.23,CTCP Viglacera Thăng Long | Viglacera Thăng Long,,Nguyên vật liệu,Vật liệu xây dựng,Vật liệu xây dựng,company_data/company_name.xlsx ; trading_data/market_caps.parquet ; trading_data/os.xlsx ; industry_classification/industry_classification.xlsx
TICKER:TMB,TICKER,TMB,CTCP Kinh doanh Than Miền Bắc - Vinacomin,1,712.5,CTCP Kinh doanh Than Miền Bắc - Vinacomin | Kinh doanh Than Miền Bắc - Vinacomin,,Năng lượng,Năng lượng,Than đá và nhiên liệu khác,company_data/company_name.xlsx ; trading_data/market_caps.parquet ; trading_data/os.xlsx ; industry_classification/industry_classification.xlsx
TICKER:TMG,TICKER,TMG,CTCP Kim loại màu Thái Nguyên - Vimico,1,977.4,CTCP Kim loại màu Thái Nguyên - Vimico | Kim loại màu Thái Nguyên - Vimico,,Nguyên vật liệu,Kim loại & Khai khoáng,Kim loại không chứa sắt,company_data/company_name.xlsx ; trading_data/market_caps.parquet ; trading_data/os.xlsx ; industry_classification/industry_classification.xlsx
TICKER:TMP,TICKER,TMP,CTCP Thủy điện Thác Mơ,1,3759.0,CTCP Thủy điện Thác Mơ | Thủy điện Thác Mơ,,Dịch vụ công cộng,Dịch vụ công cộng,Điện,company_data/company_name.xlsx ; trading_data/market_caps.parquet ; trading_data/os.xlsx ; industry_classification/industry_classification.xlsx
TICKER:TMS,TICKER,TMS,CTCP Transimex,1,5898.48,CTCP Transimex | Transimex,,Công nghiệp,Vận tải,Hỗ trợ vận tải,company_data/company_name.xlsx ; trading_data/market_caps.parquet ; trading_data/os.xlsx ; industry_classification/industry_classification.xlsx
TICKER:TMT,TICKER,TMT,CTCP Ô tô TMT,1,394.59,CTCP Ô tô TMT | Ô tô TMT,,Hàng tiêu dùng không thiết yếu,Ô tô & Phụ tùng,Nhà sản xuất ô tô và thiết bị ô tô,company_data/company_name.xlsx ; trading_data/market_caps.parquet ; trading_data/os.xlsx ; industry_classification/industry_classification.xlsx
TICKER:TMW,TICKER,TMW,CTCP Tổng hợp Gỗ Tân Mai,2,102.57,CTCP Tổng hợp Gỗ Tân Mai | Tổng hợp Gỗ Tân Mai,,Nguyên vật liệu,Giấy và các sản phẩm từ gỗ,Gỗ và các sản phẩm từ gỗ,company_data/company_name.xlsx ; trading_data/market_caps.parquet ; trading_data/os.xlsx ; industry_classification/industry_classification.xlsx
TICKER:TN1,TICKER,TN1,CTCP Rox Key Holdings,1,809.79,CTCP Rox Key Holdings | Rox Key Holdings,,Bất động sản,Quản lý và phát triển bất động sản,Vận hành bất động sản,company_data/company_name.xlsx ; trading_data/market_caps.parquet ; trading_data/os.xlsx ; industry_classification/industry_classification.xlsx
TICKER:TNA,TICKER,TNA,CTCP Thương mại Xuất nhập khẩu Thiên Nam,2,182.16,CTCP Thương mại Xuất nhập khẩu Thiên Nam | Thương mại Xuất nhập khẩu Thiên Nam,,Hàng tiêu dùng không thiết yếu,Bán lẻ,Bán lẻ,company_data/company_name.xlsx ; trading_data/market_caps.parquet ; trading_data/os.xlsx ; industry_classification/industry_classification.xlsx
TICKER:TNB,TICKER,TNB,CTCP Thép Nhà Bè - VNSTEEL,1,309.0,CTCP Thép Nhà Bè - VNSTEEL | Thép Nhà Bè - VNSTEEL,,Nguyên vật liệu,Kim loại & Khai khoáng,Thép,company_data/company_name.xlsx ; trading_data/market_caps.parquet ; trading_data/os.xlsx ; industry_classification/industry_classification.xlsx
TICKER:TNC,TICKER,TNC,CTCP Cao su Thống Nhất,1,538.04,CTCP Cao su Thống Nhất | Cao su Thống Nhất,,Hàng tiêu dùng không thiết yếu,Ô tô & Phụ tùng,Lốp & Cao su,company_data/company_name.xlsx ; trading_data/market_caps.parquet ; trading_data/os.xlsx ; industry_classification/industry_classification.xlsx
TICKER:TNG,TICKER,TNG,CTCP Đầu tư và Thương mại TNG,1,2059.7,CTCP Đầu tư và Thương mại TNG | Đầu tư và Thương mại TNG,,Hàng tiêu dùng không thiết yếu,Hàng tiêu dùng lâu bền và trang phục,"Dệt may & Trang phục, phụ kiện",company_data/company_name.xlsx ; trading_data/market_caps.parquet ; trading_data/os.xlsx ; industry_classification/industry_classification.xlsx
TICKER:TNH,TICKER,TNH,CTCP Tập đoàn Bệnh viện TNH,1,1294.33,CTCP Tập đoàn Bệnh viện TNH | Bệnh viện TNH,,Y tế,Dịch vụ & thiết bị y tế,Thiết bị & Vật tư y tế,company_data/company_name.xlsx ; trading_data/market_caps.parquet ; trading_data/os.xlsx ; industry_classification/industry_classification.xlsx
TICKER:TNI,TICKER,TNI,CTCP Tập đoàn Thành Nam,2,287.7,CTCP Tập đoàn Thành Nam | Thành Nam,,Nguyên vật liệu,Kim loại & Khai khoáng,Thép,company_data/company_name.xlsx ; trading_data/market_caps.parquet ; trading_data/os.xlsx ; industry_classification/industry_classification.xlsx
TICKER:TNP,TICKER,TNP,CTCP Cảng Thị Nại,2,147.68,CTCP Cảng Thị Nại | Cảng Thị Nại,,Công nghiệp,Cơ sở hạ tầng giao thông vận tải,Dịch vụ cảng biển,company_data/company_name.xlsx ; trading_data/market_caps.parquet ; trading_data/os.xlsx ; industry_classification/industry_classification.xlsx
TICKER:TNT,TICKER,TNT,CTCP Tập đoàn TNT,1,504.9,CTCP Tập đoàn TNT | TNT,,Bất động sản,Quản lý và phát triển bất động sản,Bất động sản phức hợp,company_data/company_name.xlsx ; trading_data/market_caps.parquet ; trading_data/os.xlsx ; industry_classification/industry_classification.xlsx
TICKER:TNV,TICKER,TNV,CTCP Thống Nhất Hà Nội,2,241.74,CTCP Thống Nhất Hà Nội | Thống Nhất Hà Nội,,Hàng tiêu dùng không thiết yếu,Ô tô & Phụ tùng,Nhà sản xuất ô tô và thiết bị ô tô,company_data/company_name.xlsx ; trading_data/market_caps.parquet ; trading_data/os.xlsx ; industry_classification/industry_classification.xlsx
TICKER:TNW,TICKER,TNW,CTCP Nước sạch Thái Nguyên,2,220.8,CTCP Nước sạch Thái Nguyên | Nước sạch Thái Nguyên,,Dịch vụ công cộng,Dịch vụ công cộng,Nước,company_data/company_name.xlsx ; trading_data/market_caps.parquet ; trading_data/os.xlsx ; industry_classification/industry_classification.xlsx
TICKER:TOS,TICKER,TOS,CTCP Dịch vụ biển Tân Cảng,1,6419.97,CTCP Dịch vụ biển Tân Cảng | Dịch vụ biển Tân Cảng,,Công nghiệp,Cơ sở hạ tầng giao thông vận tải,Dịch vụ cảng biển,company_data/company_name.xlsx ; trading_data/market_caps.parquet ; trading_data/os.xlsx ; industry_classification/industry_classification.xlsx
TICKER:TOT,TICKER,TOT,CTCP Transimex Logistics,2,147.75,CTCP Transimex Logistics | Transimex Logistics,,Hàng tiêu dùng không thiết yếu,Ô tô & Phụ tùng,Nhà sản xuất ô tô và thiết bị ô tô,company_data/company_name.xlsx ; trading_data/market_caps.parquet ; trading_data/os.xlsx ; industry_classification/industry_classification.xlsx
TICKER:TOW,TICKER,TOW,CTCP Cấp nước Trà Nóc - Ô Môn,2,262.48,CTCP Cấp nước Trà Nóc - Ô Môn | Cấp nước Trà Nóc - Ô Môn,,Dịch vụ công cộng,Dịch vụ công cộng,Nước,company_data/company_name.xlsx ; trading_data/market_caps.parquet ; trading_data/os.xlsx ; industry_classification/industry_classification.xlsx
TICKER:TPB,TICKER,TPB,Ngân hàng TMCP Tiên Phong,1,38836.66,Ngân hàng TMCP Tiên Phong | Tiên Phong | TPBank,,Tài chính,Ngân hàng,Ngân hàng,company_data/company_name.xlsx ; trading_data/market_caps.parquet ; trading_data/os.xlsx ; industry_classification/industry_classification.xlsx
TICKER:TPC,TICKER,TPC,CTCP Nhựa Tân Đại Hưng,2,230.39,CTCP Nhựa Tân Đại Hưng | Nhựa Tân Đại Hưng,,Nguyên vật liệu,Vật liệu xây dựng,Bao bì và đóng gói,company_data/company_name.xlsx ; trading_data/market_caps.parquet ; trading_data/os.xlsx ; industry_classification/industry_classification.xlsx
TICKER:TPP,TICKER,TPP,CTCP Tân Phú Việt Nam,1,660.31,CTCP Tân Phú Việt Nam | Tân Phú Việt Nam,,Nguyên vật liệu,Vật liệu xây dựng,Bao bì và đóng gói,company_data/company_name.xlsx ; trading_data/market_caps.parquet ; trading_data/os.xlsx ; industry_classification/industry_classification.xlsx
TICKER:TPS,TICKER,TPS,CTCP Bến Bãi Vận tải Sài Gòn,2,290.0,CTCP Bến Bãi Vận tải Sài Gòn | Bến Bãi Vận tải Sài Gòn,,Công nghiệp,Vận tải,Vận tải đường bộ & đường sắt,company_data/company_name.xlsx ; trading_data/market_caps.parquet ; trading_data/os.xlsx ; industry_classification/industry_classification.xlsx
TICKER:TRA,TICKER,TRA,CTCP Traphaco,1,3067.34,CTCP Traphaco | Traphaco,,Y tế,Dược phẩm & Công nghệ sinh học,Dược phẩm,company_data/company_name.xlsx ; trading_data/market_caps.parquet ; trading_data/os.xlsx ; industry_classification/industry_classification.xlsx
TICKER:TRC,TICKER,TRC,CTCP Cao su Tây Ninh,1,2418.0,CTCP Cao su Tây Ninh | Cao su Tây Ninh,,Hàng tiêu dùng không thiết yếu,Ô tô & Phụ tùng,Lốp & Cao su,company_data/company_name.xlsx ; trading_data/market_caps.parquet ; trading_data/os.xlsx ; industry_classification/industry_classification.xlsx
TICKER:TRS,TICKER,TRS,CTCP Vận tải và Dịch vụ Hàng hải,2,265.92,CTCP Vận tải và Dịch vụ Hàng hải | Vận tải và Dịch vụ Hàng hải,,Công nghiệp,Vận tải,Hỗ trợ vận tải,company_data/company_name.xlsx ; trading_data/market_caps.parquet ; trading_data/os.xlsx ; industry_classification/industry_classification.xlsx
TICKER:TRV,TICKER,TRV,CTCP Vận tải Đường sắt,1,1407.98,CTCP Vận tải Đường sắt | Vận tải Đường sắt,,Công nghiệp,Vận tải,Vận tải đường bộ & đường sắt,company_data/company_name.xlsx ; trading_data/market_caps.parquet ; trading_data/os.xlsx ; industry_classification/industry_classification.xlsx
TICKER:TSA,TICKER,TSA,CTCP Đầu tư và Xây lắp Trường Sơn,1,647.23,CTCP Đầu tư và Xây lắp Trường Sơn | Đầu tư và Xây lắp Trường Sơn,,Công nghiệp,Tư liệu sản xuất,Xây dựng,company_data/company_name.xlsx ; trading_data/market_caps.parquet ; trading_data/os.xlsx ; industry_classification/industry_classification.xlsx
TICKER:TSB,TICKER,TSB,CTCP Ắc quy Tia Sáng,2,136.93,CTCP Ắc quy Tia Sáng | Ắc quy Tia Sáng,,Công nghiệp,Tư liệu sản xuất,Thiết bị điện,company_data/company_name.xlsx ; trading_data/market_caps.parquet ; trading_data/os.xlsx ; industry_classification/industry_classification.xlsx
TICKER:TSC,TICKER,TSC,CTCP Vật tư Kỹ thuật nông nghiệp Cần Thơ,1,370.09,CTCP Vật tư Kỹ thuật nông nghiệp Cần Thơ | Vật tư Kỹ thuật nông nghiệp Cần Thơ,,Hàng tiêu dùng thiết yếu,Thực phẩm & Đồ uống,Thực phẩm,company_data/company_name.xlsx ; trading_data/market_caps.parquet ; trading_data/os.xlsx ; industry_classification/industry_classification.xlsx
TICKER:TSJ,TICKER,TSJ,CTCP Du lịch Dịch vụ Hà Nội,1,1765.22,CTCP Du lịch Dịch vụ Hà Nội | Du lịch Dịch vụ Hà Nội,,Hàng tiêu dùng không thiết yếu,Hàng tiêu dùng lâu bền và trang phục,"Khách sạn, nhà hàng & Giải trí",company_data/company_name.xlsx ; trading_data/market_caps.parquet ; trading_data/os.xlsx ; industry_classification/industry_classification.xlsx
TICKER:TT6,TICKER,TT6,CTCP Tập đoàn Tiến Thịnh,2,273.3,CTCP Tập đoàn Tiến Thịnh | Tiến Thịnh,,Hàng tiêu dùng thiết yếu,Thực phẩm & Đồ uống,Thực phẩm,company_data/company_name.xlsx ; trading_data/market_caps.parquet ; trading_data/os.xlsx ; industry_classification/industry_classification.xlsx
TICKER:TTA,TICKER,TTA,CTCP Đầu tư Xây dựng và Phát triển Trường Thành,1,1973.08,CTCP Đầu tư Xây dựng và Phát triển Trường Thành | Đầu tư Xây dựng và Phát triển Trường Thành,,Dịch vụ công cộng,Dịch vụ công cộng,Điện,company_data/company_name.xlsx ; trading_data/market_caps.parquet ; trading_data/os.xlsx ; industry_classification/industry_classification.xlsx
TICKER:TTB,TICKER,TTB,CTCP TTBGroup,2,182.72,CTCP TTBGroup | TTBGroup,,Bất động sản,Quản lý và phát triển bất động sản,Bất động sản phức hợp,company_data/company_name.xlsx ; trading_data/market_caps.parquet ; trading_data/os.xlsx ; industry_classification/industry_classification.xlsx
TICKER:TTD,TICKER,TTD,CTCP Bệnh viện tim Tâm Đức,1,2982.87,CTCP Bệnh viện tim Tâm Đức | Bệnh viện tim Tâm Đức,,Y tế,Dịch vụ & thiết bị y tế,Thiết bị & Vật tư y tế,company_data/company_name.xlsx ; trading_data/market_caps.parquet ; trading_data/os.xlsx ; industry_classification/industry_classification.xlsx
TICKER:TTE,TICKER,TTE,CTCP Đầu tư Năng lượng Trường Thịnh,1,967.25,CTCP Đầu tư Năng lượng Trường Thịnh | Đầu tư Năng lượng Trường Thịnh,,Dịch vụ công cộng,Dịch vụ công cộng,Điện,company_data/company_name.xlsx ; trading_data/market_caps.parquet ; trading_data/os.xlsx ; industry_classification/industry_classification.xlsx
TICKER:TTF,TICKER,TTF,CTCP Tập đoàn Kỹ nghệ gỗ Trường Thành,1,558.82,CTCP Tập đoàn Kỹ nghệ gỗ Trường Thành | Kỹ nghệ gỗ Trường Thành,,Nguyên vật liệu,Giấy và các sản phẩm từ gỗ,Gỗ và các sản phẩm từ gỗ,company_data/company_name.xlsx ; trading_data/market_caps.parquet ; trading_data/os.xlsx ; industry_classification/industry_classification.xlsx
TICKER:TTL,TICKER,TTL,Tổng Công ty Thăng Long - CTCP,1,368.31,Tổng Công ty Thăng Long - CTCP | Thăng Long,,Công nghiệp,Tư liệu sản xuất,Xây dựng,company_data/company_name.xlsx ; trading_data/market_caps.parquet ; trading_data/os.xlsx ; industry_classification/industry_classification.xlsx
TICKER:TTN,TICKER,TTN,CTCP Công nghệ và Truyền thông Việt Nam,1,440.73,CTCP Công nghệ và Truyền thông Việt Nam | Công nghệ và Truyền thông Việt Nam,,Dịch vụ viễn thông,Dịch vụ viễn thông,Dịch vụ viễn thông đa ngành,company_data/company_name.xlsx ; trading_data/market_caps.parquet ; trading_data/os.xlsx ; industry_classification/industry_classification.xlsx
TICKER:TTP,TICKER,TTP,CTCP Bao bì Tân Tiến,1,550.17,CTCP Bao bì Tân Tiến | Bao bì Tân Tiến,,Nguyên vật liệu,Vật liệu xây dựng,Bao bì và đóng gói,company_data/company_name.xlsx ; trading_data/market_caps.parquet ; industry_classification/industry_classification.xlsx
TICKER:TTS,TICKER,TTS,CTCP Cán Thép Thái Trung,2,299.72,CTCP Cán Thép Thái Trung | Cán Thép Thái Trung,,Nguyên vật liệu,Kim loại & Khai khoáng,Thép,company_data/company_name.xlsx ; trading_data/market_caps.parquet ; trading_data/os.xlsx ; industry_classification/industry_classification.xlsx
TICKER:TTT,TICKER,TTT,CTCP Du lịch - Thương mại Tây Ninh,2,143.05,CTCP Du lịch - Thương mại Tây Ninh | Du lịch - Thương mại Tây Ninh,,Hàng tiêu dùng không thiết yếu,Hàng tiêu dùng lâu bền và trang phục,"Khách sạn, nhà hàng & Giải trí",company_data/company_name.xlsx ; trading_data/market_caps.parquet ; trading_data/os.xlsx ; industry_classification/industry_classification.xlsx
TICKER:TUG,TICKER,TUG,CTCP Lai Dắt và Vận tải Cảng Hải Phòng,2,116.64,CTCP Lai Dắt và Vận tải Cảng Hải Phòng | Lai Dắt và Vận tải Cảng Hải Phòng,,Công nghiệp,Cơ sở hạ tầng giao thông vận tải,Dịch vụ cảng biển,company_data/company_name.xlsx ; trading_data/market_caps.parquet ; trading_data/os.xlsx ; industry_classification/industry_classification.xlsx
TICKER:TV1,TICKER,TV1,CTCP Tư vấn Xây dựng Điện 1,1,531.16,CTCP Tư vấn Xây dựng Điện 1 | Tư vấn Xây dựng Điện 1,,Công nghiệp,Các dịch vụ thương mại và chuyên biệt,Dịch vụ tư vấn & nghiên cứu,company_data/company_name.xlsx ; trading_data/market_caps.parquet ; trading_data/os.xlsx ; industry_classification/industry_classification.xlsx
TICKER:TV2,TICKER,TV2,CTCP Tư vấn Xây dựng Điện 2,1,1735.42,CTCP Tư vấn Xây dựng Điện 2 | Tư vấn Xây dựng Điện 2,,Công nghiệp,Các dịch vụ thương mại và chuyên biệt,Dịch vụ tư vấn & nghiên cứu,company_data/company_name.xlsx ; trading_data/market_caps.parquet ; trading_data/os.xlsx ; industry_classification/industry_classification.xlsx
TICKER:TV3,TICKER,TV3,CTCP Tư vấn Xây dựng Điện 3,2,138.0,CTCP Tư vấn Xây dựng Điện 3 | Tư vấn Xây dựng Điện 3,,Công nghiệp,Các dịch vụ thương mại và chuyên biệt,Dịch vụ tư vấn & nghiên cứu,company_data/company_name.xlsx ; trading_data/market_caps.parquet ; trading_data/os.xlsx ; industry_classification/industry_classification.xlsx
TICKER:TV4,TICKER,TV4,CTCP Tư vấn Xây dựng Điện 4,2,257.16,CTCP Tư vấn Xây dựng Điện 4 | Tư vấn Xây dựng Điện 4,,Công nghiệp,Các dịch vụ thương mại và chuyên biệt,Dịch vụ tư vấn & nghiên cứu,company_data/company_name.xlsx ; trading_data/market_caps.parquet ; trading_data/os.xlsx ; industry_classification/industry_classification.xlsx
TICKER:TVB,TICKER,TVB,CTCP Chứng khoán T-Cap,1,650.36,CTCP Chứng khoán T-Cap | Chứng khoán T-Cap,,Tài chính,Công ty chứng khoán,Công ty chứng khoán,company_data/company_name.xlsx ; trading_data/market_caps.parquet ; trading_data/os.xlsx ; industry_classification/industry_classification.xlsx
TICKER:TVC,TICKER,TVC,CTCP Tập đoàn Quản lý tài sản T-Corp,1,555.94,CTCP Tập đoàn Quản lý tài sản T-Corp | Quản lý tài sản T-Corp,,Tài chính,Tài chính chuyên biệt khác,Tài chính chuyên biệt khác,company_data/company_name.xlsx ; trading_data/market_caps.parquet ; trading_data/os.xlsx ; industry_classification/industry_classification.xlsx
TICKER:TVD,TICKER,TVD,CTCP Than Vàng Danh - Vinacomin,1,391.18,CTCP Than Vàng Danh - Vinacomin | Than Vàng Danh - Vinacomin,,Năng lượng,Năng lượng,Than đá và nhiên liệu khác,company_data/company_name.xlsx ; trading_data/market_caps.parquet ; trading_data/os.xlsx ; industry_classification/industry_classification.xlsx
TICKER:TVH,TICKER,TVH,CTCP Tư vấn Xây dựng công trình Hàng hải,1,542.54,CTCP Tư vấn Xây dựng công trình Hàng hải | Tư vấn Xây dựng công trình Hàng hải,,Công nghiệp,Các dịch vụ thương mại và chuyên biệt,Dịch vụ tư vấn & nghiên cứu,company_data/company_name.xlsx ; trading_data/market_caps.parquet ; trading_data/os.xlsx ; industry_classification/industry_classification.xlsx
TICKER:TVN,TICKER,TVN,Tổng Công ty Thép Việt Nam - CTCP,1,6034.2,Tổng Công ty Thép Việt Nam - CTCP | Thép Việt Nam,,Nguyên vật liệu,Kim loại & Khai khoáng,Thép,company_data/company_name.xlsx ; trading_data/market_caps.parquet ; trading_data/os.xlsx ; industry_classification/industry_classification.xlsx
TICKER:TVS,TICKER,TVS,CTCP Chứng khoán Thiên Việt,1,3461.71,CTCP Chứng khoán Thiên Việt | Chứng khoán Thiên Việt,,Tài chính,Công ty chứng khoán,Công ty chứng khoán,company_data/company_name.xlsx ; trading_data/market_caps.parquet ; trading_data/os.xlsx ; industry_classification/industry_classification.xlsx
TICKER:TVT,TICKER,TVT,Tổng Công ty Việt Thắng - CTCP,1,306.6,Tổng Công ty Việt Thắng - CTCP | Việt Thắng,,Hàng tiêu dùng không thiết yếu,Hàng tiêu dùng lâu bền và trang phục,"Dệt may & Trang phục, phụ kiện",company_data/company_name.xlsx ; trading_data/market_caps.parquet ; trading_data/os.xlsx ; industry_classification/industry_classification.xlsx
TICKER:TYA,TICKER,TYA,CTCP Dây và Cáp Điện Taya Việt Nam,1,516.97,CTCP Dây và Cáp Điện Taya Việt Nam | Dây và Cáp Điện Taya Việt Nam,,Công nghiệp,Tư liệu sản xuất,Thiết bị điện,company_data/company_name.xlsx ; trading_data/market_caps.parquet ; trading_data/os.xlsx ; industry_classification/industry_classification.xlsx
TICKER:UDC,TICKER,UDC,CTCP Đầu tư Xây dựng UDCons,2,104.12,CTCP Đầu tư Xây dựng UDCons | Đầu tư Xây dựng UDCons,,Công nghiệp,Tư liệu sản xuất,Xây dựng,company_data/company_name.xlsx ; trading_data/market_caps.parquet ; trading_data/os.xlsx ; industry_classification/industry_classification.xlsx
TICKER:UDJ,TICKER,UDJ,CTCP Phát triển Đô thị,2,108.9,CTCP Phát triển Đô thị | Phát triển Đô thị,,Bất động sản,Quản lý và phát triển bất động sản,Bất động sản phức hợp,company_data/company_name.xlsx ; trading_data/market_caps.parquet ; trading_data/os.xlsx ; industry_classification/industry_classification.xlsx
TICKER:UDL,TICKER,UDL,CTCP Đô thị và Môi trường Đắk Lắk,2,182.46,CTCP Đô thị và Môi trường Đắk Lắk | Đô thị và Môi trường Đắk Lắk,,Công nghiệp,Các dịch vụ thương mại và chuyên biệt,Dịch vụ môi trường,company_data/company_name.xlsx ; trading_data/market_caps.parquet ; trading_data/os.xlsx ; industry_classification/industry_classification.xlsx
TICKER:UIC,TICKER,UIC,CTCP Đầu tư Phát triển Nhà và Đô thị IDICO,1,454.01,CTCP Đầu tư Phát triển Nhà và Đô thị IDICO | Đầu tư Phát triển Nhà và Đô thị IDICO,,Dịch vụ công cộng,Dịch vụ công cộng,Điện,company_data/company_name.xlsx ; trading_data/market_caps.parquet ; trading_data/os.xlsx ; industry_classification/industry_classification.xlsx
TICKER:ULG,TICKER,ULG,CTCP Logistics U&I,1,885.6,CTCP Logistics U&I | Logistics U&I,,,,,company_data/company_name.xlsx ; trading_data/market_caps.parquet ; trading_data/os.xlsx
TICKER:UNI,TICKER,UNI,CTCP Đầu Tư Và Phát Triển Sao Mai Việt,2,272.75,CTCP Đầu Tư Và Phát Triển Sao Mai Việt | Đầu Tư Và Phát Triển Sao Mai Việt,,Công nghiệp,Các dịch vụ thương mại và chuyên biệt,Dịch vụ tư vấn & nghiên cứu,company_data/company_name.xlsx ; trading_data/market_caps.parquet ; trading_data/os.xlsx ; industry_classification/industry_classification.xlsx
TICKER:UPC,TICKER,UPC,CTCP Phát triển Công viên Cây xanh và Đô thị Vũng Tàu,2,112.2,CTCP Phát triển Công viên Cây xanh và Đô thị Vũng Tàu | Phát triển Công viên Cây xanh và Đô thị Vũng Tàu,,nan,nan,nan,company_data/company_name.xlsx ; trading_data/market_caps.parquet ; trading_data/os.xlsx ; industry_classification/industry_classification.xlsx
TICKER:UPS,TICKER,UPS,CTCP Chứng khoán UP,1,699.29,CTCP Chứng khoán UP | Chứng khoán UP,,,,,company_data/company_name.xlsx ; trading_data/market_caps.parquet ; trading_data/os.xlsx
TICKER:V12,TICKER,V12,CTCP Xây dựng Số 12,2,128.0,CTCP Xây dựng Số 12 | Xây dựng Số 12,,Công nghiệp,Tư liệu sản xuất,Xây dựng,company_data/company_name.xlsx ; trading_data/market_caps.parquet ; trading_data/os.xlsx ; industry_classification/industry_classification.xlsx
TICKER:V21,TICKER,V21,CTCP Vinaconex 21,2,191.4,CTCP Vinaconex 21 | Vinaconex 21,,Bất động sản,Quản lý và phát triển bất động sản,Bất động sản phức hợp,company_data/company_name.xlsx ; trading_data/market_caps.parquet ; trading_data/os.xlsx ; industry_classification/industry_classification.xlsx
TICKER:V68,TICKER,V68,V68,1,759.0,,,,,,trading_data/market_caps.parquet ; trading_data/os.xlsx
TICKER:VAB,TICKER,VAB,Ngân hàng TMCP Việt Á,1,8136.72,Ngân hàng TMCP Việt Á | Việt Á,,Tài chính,Ngân hàng,Ngân hàng,company_data/company_name.xlsx ; trading_data/market_caps.parquet ; trading_data/os.xlsx ; industry_classification/industry_classification.xlsx
TICKER:VAF,TICKER,VAF,CTCP Phân lân Nung chảy Văn Điển,1,941.63,CTCP Phân lân Nung chảy Văn Điển | Phân lân Nung chảy Văn Điển,,nan,nan,nan,company_data/company_name.xlsx ; trading_data/market_caps.parquet ; trading_data/os.xlsx ; industry_classification/industry_classification.xlsx
TICKER:VAV,TICKER,VAV,CTCP VIWACO,1,1492.8,CTCP VIWACO | VIWACO,,Dịch vụ công cộng,Dịch vụ công cộng,Nước,company_data/company_name.xlsx ; trading_data/market_caps.parquet ; trading_data/os.xlsx ; industry_classification/industry_classification.xlsx
TICKER:VBB,TICKER,VBB,Ngân hàng TMCP Việt Nam Thương Tín,1,13030.45,Ngân hàng TMCP Việt Nam Thương Tín | Việt Nam Thương Tín,,Tài chính,Ngân hàng,Ngân hàng,company_data/company_name.xlsx ; trading_data/market_caps.parquet ; trading_data/os.xlsx ; industry_classification/industry_classification.xlsx
TICKER:VBC,TICKER,VBC,CTCP Nhựa - Bao bì Vinh,2,144.75,CTCP Nhựa - Bao bì Vinh | Nhựa - Bao bì Vinh,,Nguyên vật liệu,Vật liệu xây dựng,Bao bì và đóng gói,company_data/company_name.xlsx ; trading_data/market_caps.parquet ; trading_data/os.xlsx ; industry_classification/industry_classification.xlsx
TICKER:VC1,TICKER,VC1,CTCP Xây dựng Số 1,2,129.6,CTCP Xây dựng Số 1 | Xây dựng Số 1,,Công nghiệp,Tư liệu sản xuất,Xây dựng,company_data/company_name.xlsx ; trading_data/market_caps.parquet ; trading_data/os.xlsx ; industry_classification/industry_classification.xlsx
TICKER:VC2,TICKER,VC2,CTCP Đầu tư và Xây dựng Vina2,2,234.5,CTCP Đầu tư và Xây dựng Vina2 | Đầu tư và Xây dựng Vina2,,Công nghiệp,Tư liệu sản xuất,Xây dựng,company_data/company_name.xlsx ; trading_data/market_caps.parquet ; trading_data/os.xlsx ; industry_classification/industry_classification.xlsx
TICKER:VC3,TICKER,VC3,CTCP Tập đoàn Nam Mê Kông,1,3496.69,CTCP Tập đoàn Nam Mê Kông | Nam Mê Kông,,Bất động sản,Quản lý và phát triển bất động sản,Bất động sản phức hợp,company_data/company_name.xlsx ; trading_data/market_caps.parquet ; trading_data/os.xlsx ; industry_classification/industry_classification.xlsx
TICKER:VC6,TICKER,VC6,CTCP Xây dựng và Đầu tư Visicons,2,249.33,CTCP Xây dựng và Đầu tư Visicons | Xây dựng và Đầu tư Visicons,,Công nghiệp,Tư liệu sản xuất,Xây dựng,company_data/company_name.xlsx ; trading_data/market_caps.parquet ; trading_data/os.xlsx ; industry_classification/industry_classification.xlsx
TICKER:VC7,TICKER,VC7,CTCP Tập đoàn BGI,1,653.42,CTCP Tập đoàn BGI | BGI,,Công nghiệp,Tư liệu sản xuất,Xây dựng,company_data/company_name.xlsx ; trading_data/market_caps.parquet ; trading_data/os.xlsx ; industry_classification/industry_classification.xlsx
TICKER:VCB,TICKER,VCB,Ngân hàng TMCP Ngoại thương Việt Nam,1,488807.0,Ngân hàng TMCP Ngoại thương Việt Nam | Ngoại thương Việt Nam | Vietcombank,,Tài chính,Ngân hàng,Ngân hàng,company_data/company_name.xlsx ; trading_data/market_caps.parquet ; trading_data/os.xlsx ; industry_classification/industry_classification.xlsx
TICKER:VCC,TICKER,VCC,CTCP Vinaconex 25,2,225.6,CTCP Vinaconex 25 | Vinaconex 25,,Công nghiệp,Tư liệu sản xuất,Xây dựng,company_data/company_name.xlsx ; trading_data/market_caps.parquet ; trading_data/os.xlsx ; industry_classification/industry_classification.xlsx
TICKER:VCF,TICKER,VCF,CTCP Vinacafé Biên Hòa,1,7894.0,CTCP Vinacafé Biên Hòa | Vinacafé Biên Hòa,,Hàng tiêu dùng thiết yếu,Thực phẩm & Đồ uống,Thực phẩm,company_data/company_name.xlsx ; trading_data/market_caps.parquet ; trading_data/os.xlsx ; industry_classification/industry_classification.xlsx
TICKER:VCG,TICKER,VCG,Tổng Công ty cổ phần Xuất nhập khẩu và Xây dựng Việt Nam,1,10053.74,Tổng Công ty cổ phần Xuất nhập khẩu và Xây dựng Việt Nam | Xuất nhập khẩu và Xây dựng Việt Nam,,Công nghiệp,Tư liệu sản xuất,Xây dựng,company_data/company_name.xlsx ; trading_data/market_caps.parquet ; trading_data/os.xlsx ; industry_classification/industry_classification.xlsx
TICKER:VCI,TICKER,VCI,CTCP Chứng khoán Vietcap,1,22583.75,CTCP Chứng khoán Vietcap | Chứng khoán Vietcap | Vietcap | VietCap,,Tài chính,Công ty chứng khoán,Công ty chứng khoán,company_data/company_name.xlsx ; trading_data/market_caps.parquet ; trading_data/os.xlsx ; industry_classification/industry_classification.xlsx
TICKER:VCK,TICKER,VCK,CTCP Chứng khoán VPS,1,69151.72,CTCP Chứng khoán VPS | Chứng khoán VPS,,,,,company_data/company_name.xlsx ; trading_data/market_caps.parquet ; trading_data/os.xlsx
TICKER:VCP,TICKER,VCP,CTCP Xây Dựng Và Năng Lượng VCP,1,1969.06,CTCP Xây Dựng Và Năng Lượng VCP | Xây Dựng Và Năng Lượng VCP,,Dịch vụ công cộng,Dịch vụ công cộng,Điện,company_data/company_name.xlsx ; trading_data/market_caps.parquet ; trading_data/os.xlsx ; industry_classification/industry_classification.xlsx
TICKER:VCR,TICKER,VCR,CTCP Đầu tư và Phát triển Du lịch ITC,1,10143.0,CTCP Đầu tư và Phát triển Du lịch ITC | Đầu tư và Phát triển Du lịch ITC,,Bất động sản,Quản lý và phát triển bất động sản,Bất động sản phức hợp,company_data/company_name.xlsx ; trading_data/market_caps.parquet ; trading_data/os.xlsx ; industry_classification/industry_classification.xlsx
TICKER:VCS,TICKER,VCS,CTCP Vicostone,1,4960.0,CTCP Vicostone | Vicostone,,Nguyên vật liệu,Vật liệu xây dựng,Vật liệu xây dựng,company_data/company_name.xlsx ; trading_data/market_caps.parquet ; trading_data/os.xlsx ; industry_classification/industry_classification.xlsx
TICKER:VCW,TICKER,VCW,CTCP Đầu tư Nước sạch Sông Đà,1,2857.5,CTCP Đầu tư Nước sạch Sông Đà | Đầu tư Nước sạch Sông Đà,,Dịch vụ công cộng,Dịch vụ công cộng,Nước,company_data/company_name.xlsx ; trading_data/market_caps.parquet ; trading_data/os.xlsx ; industry_classification/industry_classification.xlsx
TICKER:VCX,TICKER,VCX,CTCP Xi măng Yên Bình,1,318.36,CTCP Xi măng Yên Bình | Xi măng Yên Bình,,Nguyên vật liệu,Vật liệu xây dựng,Vật liệu xây dựng,company_data/company_name.xlsx ; trading_data/market_caps.parquet ; trading_data/os.xlsx ; industry_classification/industry_classification.xlsx
TICKER:VDG,TICKER,VDG,CTCP Vạn Đạt Group,2,103.75,CTCP Vạn Đạt Group | Vạn Đạt Group,,Hàng tiêu dùng không thiết yếu,Hàng tiêu dùng lâu bền và trang phục,"Dệt may & Trang phục, phụ kiện",company_data/company_name.xlsx ; trading_data/market_caps.parquet ; trading_data/os.xlsx ; industry_classification/industry_classification.xlsx
TICKER:VDL,TICKER,VDL,CTCP Thực phẩm Lâm Đồng,2,175.89,CTCP Thực phẩm Lâm Đồng | Thực phẩm Lâm Đồng,,Hàng tiêu dùng thiết yếu,Thực phẩm & Đồ uống,Thực phẩm,company_data/company_name.xlsx ; trading_data/market_caps.parquet ; trading_data/os.xlsx ; industry_classification/industry_classification.xlsx
TICKER:VDN,TICKER,VDN,CTCP Vinatex Đà Nẵng,2,154.8,CTCP Vinatex Đà Nẵng | Vinatex Đà Nẵng,,Hàng tiêu dùng không thiết yếu,Hàng tiêu dùng lâu bền và trang phục,"Dệt may & Trang phục, phụ kiện",company_data/company_name.xlsx ; trading_data/market_caps.parquet ; trading_data/os.xlsx ; industry_classification/industry_classification.xlsx
TICKER:VDP,TICKER,VDP,CTCP Dược phẩm Trung ương VIDIPHA,1,794.12,CTCP Dược phẩm Trung ương VIDIPHA | Dược phẩm Trung ương VIDIPHA,,Y tế,Dược phẩm & Công nghệ sinh học,Dược phẩm,company_data/company_name.xlsx ; trading_data/market_caps.parquet ; trading_data/os.xlsx ; industry_classification/industry_classification.xlsx
TICKER:VDS,TICKER,VDS,CTCP Chứng khoán Rồng Việt,1,2828.8,CTCP Chứng khoán Rồng Việt | Chứng khoán Rồng Việt,,Tài chính,Công ty chứng khoán,Công ty chứng khoán,company_data/company_name.xlsx ; trading_data/market_caps.parquet ; trading_data/os.xlsx ; industry_classification/industry_classification.xlsx
TICKER:VE4,TICKER,VE4,CTCP Xây dựng Điện VNECO4,1,787.28,CTCP Xây dựng Điện VNECO4 | Xây dựng Điện VNECO4,,Công nghiệp,Tư liệu sản xuất,Xây dựng,company_data/company_name.xlsx ; trading_data/market_caps.parquet ; trading_data/os.xlsx ; industry_classification/industry_classification.xlsx
TICKER:VEA,TICKER,VEA,Tổng Công ty Máy động lực và Máy nông nghiệp Việt Nam – CTCP,1,47571.04,Tổng Công ty Máy động lực và Máy nông nghiệp Việt Nam – CTCP | Máy động lực và Máy nông nghiệp Việt Nam,,Công nghiệp,Tư liệu sản xuất,Máy công nghiệp,company_data/company_name.xlsx ; trading_data/market_caps.parquet ; trading_data/os.xlsx ; industry_classification/industry_classification.xlsx
TICKER:VEC,TICKER,VEC,Tổng Công ty cổ phần Điện tử và Tin học Việt Nam,1,1401.6,Tổng Công ty cổ phần Điện tử và Tin học Việt Nam | Điện tử và Tin học Việt Nam,,Công nghệ,Phần cứng,Phần cứng,company_data/company_name.xlsx ; trading_data/market_caps.parquet ; trading_data/os.xlsx ; industry_classification/industry_classification.xlsx
TICKER:VEF,TICKER,VEF,CTCP Trung tâm Hội chợ Triển lãm Việt Nam,1,12961.56,CTCP Trung tâm Hội chợ Triển lãm Việt Nam | Trung tâm Hội chợ Triển lãm Việt Nam,,Công nghiệp,Các dịch vụ thương mại và chuyên biệt,Dịch vụ hỗ trợ khác,company_data/company_name.xlsx ; trading_data/market_caps.parquet ; trading_data/os.xlsx ; industry_classification/industry_classification.xlsx
TICKER:VES,TICKER,VES,CTCP Tập đoàn VinaLiving,1,1131.86,CTCP Tập đoàn VinaLiving | VinaLiving,,Bất động sản,Quản lý và phát triển bất động sản,Vận hành bất động sản,company_data/company_name.xlsx ; trading_data/market_caps.parquet ; trading_data/os.xlsx ; industry_classification/industry_classification.xlsx
TICKER:VET,TICKER,VET,CTCP Thuốc thú y Trung ương Navetco,2,238.4,CTCP Thuốc thú y Trung ương Navetco | Thuốc thú y Trung ương Navetco,,Y tế,Dược phẩm & Công nghệ sinh học,Dược phẩm,company_data/company_name.xlsx ; trading_data/market_caps.parquet ; trading_data/os.xlsx ; industry_classification/industry_classification.xlsx
TICKER:VFC,TICKER,VFC,CTCP Vinafco,1,3434.19,CTCP Vinafco | Vinafco,,Công nghiệp,Vận tải,Hỗ trợ vận tải,company_data/company_name.xlsx ; trading_data/market_caps.parquet ; trading_data/os.xlsx ; industry_classification/industry_classification.xlsx
TICKER:VFG,TICKER,VFG,CTCP Khử trùng Việt Nam,1,1822.84,CTCP Khử trùng Việt Nam | Khử trùng Việt Nam,,Hàng tiêu dùng thiết yếu,Sản phẩm cá nhân & hộ gia đình,Sản phẩm gia dụng không lâu bền,company_data/company_name.xlsx ; trading_data/market_caps.parquet ; trading_data/os.xlsx ; industry_classification/industry_classification.xlsx
SECURITY_OTHER:VFMVF1,SECURITY_OTHER,VFMVF1,VFMVF1,1,,,,Tài chính,Quỹ,Quỹ,industry_classification/industry_classification.xlsx
SECURITY_OTHER:VFMVF4,SECURITY_OTHER,VFMVF4,VFMVF4,1,,,,Tài chính,Quỹ,Quỹ,industry_classification/industry_classification.xlsx
SECURITY_OTHER:VFMVFA,SECURITY_OTHER,VFMVFA,VFMVFA,1,,,,Tài chính,Quỹ,Quỹ,industry_classification/industry_classification.xlsx
TICKER:VFR,TICKER,VFR,CTCP Vận tải và Thuê tàu,2,141.0,CTCP Vận tải và Thuê tàu | Vận tải và Thuê tàu,,Công nghiệp,Vận tải,Vận tải biển,company_data/company_name.xlsx ; trading_data/market_caps.parquet ; trading_data/os.xlsx ; industry_classification/industry_classification.xlsx
TICKER:VFS,TICKER,VFS,CTCP Chứng khoán Nhất Việt,1,1539.63,CTCP Chứng khoán Nhất Việt | Chứng khoán Nhất Việt,,Tài chính,Công ty chứng khoán,Công ty chứng khoán,company_data/company_name.xlsx ; trading_data/market_caps.parquet ; trading_data/os.xlsx ; industry_classification/industry_classification.xlsx
TICKER:VGC,TICKER,VGC,Tổng Công ty Viglacera - CTCP,1,17171.81,Tổng Công ty Viglacera - CTCP | Viglacera,,Nguyên vật liệu,Vật liệu xây dựng,Vật liệu xây dựng,company_data/company_name.xlsx ; trading_data/market_caps.parquet ; trading_data/os.xlsx ; industry_classification/industry_classification.xlsx
TICKER:VGG,TICKER,VGG,Tổng Công ty cổ phần May Việt Tiến,1,1653.75,Tổng Công ty cổ phần May Việt Tiến | May Việt Tiến,,Hàng tiêu dùng không thiết yếu,Hàng tiêu dùng lâu bền và trang phục,"Dệt may & Trang phục, phụ kiện",company_data/company_name.xlsx ; trading_data/market_caps.parquet ; trading_data/os.xlsx ; industry_classification/industry_classification.xlsx
TICKER:VGI,TICKER,VGI,Tổng Công ty cổ phần Đầu tư Quốc tế Viettel,1,252636.34,Tổng Công ty cổ phần Đầu tư Quốc tế Viettel | Đầu tư Quốc tế Viettel,,Dịch vụ viễn thông,Dịch vụ viễn thông,Dịch vụ viễn thông đa ngành,company_data/company_name.xlsx ; trading_data/market_caps.parquet ; trading_data/os.xlsx ; industry_classification/industry_classification.xlsx
TICKER:VGL,TICKER,VGL,CTCP Mạ Kẽm Công Nghiệp Vingal - Vnsteel,2,191.17,CTCP Mạ Kẽm Công Nghiệp Vingal - Vnsteel | Mạ Kẽm Công Nghiệp Vingal - Vnsteel,,Nguyên vật liệu,Kim loại & Khai khoáng,Thép,company_data/company_name.xlsx ; trading_data/market_caps.parquet ; trading_data/os.xlsx ; industry_classification/industry_classification.xlsx
TICKER:VGP,TICKER,VGP,CTCP Cảng Rau Quả,2,219.13,CTCP Cảng Rau Quả | Cảng Rau Quả,,Hàng tiêu dùng không thiết yếu,Bán lẻ,Bán lẻ,company_data/company_name.xlsx ; trading_data/market_caps.parquet ; trading_data/os.xlsx ; industry_classification/industry_classification.xlsx
TICKER:VGR,TICKER,VGR,CTCP Cảng Xanh Vip,1,10031.45,CTCP Cảng Xanh Vip | Cảng Xanh Vip,,Công nghiệp,Cơ sở hạ tầng giao thông vận tải,Dịch vụ cảng biển,company_data/company_name.xlsx ; trading_data/market_caps.parquet ; trading_data/os.xlsx ; industry_classification/industry_classification.xlsx
TICKER:VGS,TICKER,VGS,CTCP Ống thép Việt - Đức VG PIPE,1,990.54,CTCP Ống thép Việt - Đức VG PIPE | Ống thép Việt - Đức VG PIPE,,Nguyên vật liệu,Kim loại & Khai khoáng,Thép,company_data/company_name.xlsx ; trading_data/market_caps.parquet ; trading_data/os.xlsx ; industry_classification/industry_classification.xlsx
TICKER:VGT,TICKER,VGT,Tập đoàn Dệt May Việt Nam,1,5300.0,Tập đoàn Dệt May Việt Nam | Dệt May Việt Nam,,Hàng tiêu dùng không thiết yếu,Hàng tiêu dùng lâu bền và trang phục,"Dệt may & Trang phục, phụ kiện",company_data/company_name.xlsx ; trading_data/market_caps.parquet ; trading_data/os.xlsx ; industry_classification/industry_classification.xlsx
TICKER:VGV,TICKER,VGV,Tổng Công ty Tư vấn Xây dựng Việt Nam - CTCP,1,1820.92,Tổng Công ty Tư vấn Xây dựng Việt Nam - CTCP | Tư vấn Xây dựng Việt Nam,,Công nghiệp,Các dịch vụ thương mại và chuyên biệt,Dịch vụ tư vấn & nghiên cứu,company_data/company_name.xlsx ; trading_data/market_caps.parquet ; trading_data/os.xlsx ; industry_classification/industry_classification.xlsx
TICKER:VHC,TICKER,VHC,CTCP Vĩnh Hoàn,1,10535.49,CTCP Vĩnh Hoàn | Vĩnh Hoàn,,Hàng tiêu dùng thiết yếu,Thực phẩm & Đồ uống,Thực phẩm,company_data/company_name.xlsx ; trading_data/market_caps.parquet ; trading_data/os.xlsx ; industry_classification/industry_classification.xlsx
TICKER:VHG,TICKER,VHG,CTCP Đầu tư Phát triển Việt Trung Nam,2,240.0,CTCP Đầu tư Phát triển Việt Trung Nam | Đầu tư Phát triển Việt Trung Nam,,Nguyên vật liệu,Giấy và các sản phẩm từ gỗ,Gỗ và các sản phẩm từ gỗ,company_data/company_name.xlsx ; trading_data/market_caps.parquet ; trading_data/os.xlsx ; industry_classification/industry_classification.xlsx
TICKER:VHL,TICKER,VHL,CTCP Viglacera Hạ Long,2,232.5,CTCP Viglacera Hạ Long | Viglacera Hạ Long,,Nguyên vật liệu,Vật liệu xây dựng,Vật liệu xây dựng,company_data/company_name.xlsx ; trading_data/market_caps.parquet ; trading_data/os.xlsx ; industry_classification/industry_classification.xlsx
TICKER:VHM,TICKER,VHM,CTCP Vinhomes,1,589002.88,CTCP Vinhomes | Vinhomes,,Bất động sản,Quản lý và phát triển bất động sản,Bất động sản phức hợp,company_data/company_name.xlsx ; trading_data/market_caps.parquet ; trading_data/os.xlsx ; industry_classification/industry_classification.xlsx
TICKER:VIB,TICKER,VIB,Ngân hàng TMCP Quốc tế Việt Nam,1,49387.87,Ngân hàng TMCP Quốc tế Việt Nam | Quốc tế Việt Nam | Ngân hàng Quốc tế,,Tài chính,Ngân hàng,Ngân hàng,company_data/company_name.xlsx ; trading_data/market_caps.parquet ; trading_data/os.xlsx ; industry_classification/industry_classification.xlsx
TICKER:VIC,TICKER,VIC,Tập đoàn VINGROUP - CTCP,1,1873791.76,Tập đoàn VINGROUP - CTCP | VINGROUP | Vingroup | VinFast | VinFast Auto | Vinpearl | Vinschool | Vinmec | Xanh SM | GSM,,Bất động sản,Quản lý và phát triển bất động sản,Bất động sản phức hợp,company_data/company_name.xlsx ; trading_data/market_caps.parquet ; trading_data/os.xlsx ; industry_classification/industry_classification.xlsx
TICKER:VID,TICKER,VID,CTCP Đầu tư Phát triển Thương mại Viễn Đông,2,183.35,CTCP Đầu tư Phát triển Thương mại Viễn Đông | Đầu tư Phát triển Thương mại Viễn Đông,,Nguyên vật liệu,Giấy và các sản phẩm từ gỗ,Giấy,company_data/company_name.xlsx ; trading_data/market_caps.parquet ; trading_data/os.xlsx ; industry_classification/industry_classification.xlsx
TICKER:VIF,TICKER,VIF,Tổng Công ty Lâm nghiệp Việt Nam - CTCP,1,5285.0,Tổng Công ty Lâm nghiệp Việt Nam - CTCP | Lâm nghiệp Việt Nam,,Nguyên vật liệu,Giấy và các sản phẩm từ gỗ,Gỗ và các sản phẩm từ gỗ,company_data/company_name.xlsx ; trading_data/market_caps.parquet ; trading_data/os.xlsx ; industry_classification/industry_classification.xlsx
TICKER:VIG,TICKER,VIG,CTCP Chứng khoán Đầu tư tài chính Việt Nam,2,176.02,CTCP Chứng khoán Đầu tư tài chính Việt Nam | Chứng khoán Đầu tư tài chính Việt Nam,,Tài chính,Công ty chứng khoán,Công ty chứng khoán,company_data/company_name.xlsx ; trading_data/market_caps.parquet ; trading_data/os.xlsx ; industry_classification/industry_classification.xlsx
TICKER:VIH,TICKER,VIH,CTCP Viglacera Hà Nội,2,156.8,CTCP Viglacera Hà Nội | Viglacera Hà Nội,,Nguyên vật liệu,Vật liệu xây dựng,Vật liệu xây dựng,company_data/company_name.xlsx ; trading_data/market_caps.parquet ; trading_data/os.xlsx ; industry_classification/industry_classification.xlsx
TICKER:VIN,TICKER,VIN,CTCP Giao nhận Kho vận Ngoại Thương Việt Nam,1,428.4,CTCP Giao nhận Kho vận Ngoại Thương Việt Nam | Giao nhận Kho vận Ngoại Thương Việt Nam,,Công nghiệp,Vận tải,Hỗ trợ vận tải,company_data/company_name.xlsx ; trading_data/market_caps.parquet ; trading_data/os.xlsx ; industry_classification/industry_classification.xlsx
TICKER:VIP,TICKER,VIP,CTCP Vận tải Xăng dầu VIPCO,1,659.38,CTCP Vận tải Xăng dầu VIPCO | Vận tải Xăng dầu VIPCO,,Công nghiệp,Vận tải,Vận tải biển,company_data/company_name.xlsx ; trading_data/market_caps.parquet ; trading_data/os.xlsx ; industry_classification/industry_classification.xlsx
TICKER:VIT,TICKER,VIT,CTCP Viglacera Tiên Sơn,1,1987.24,CTCP Viglacera Tiên Sơn | Viglacera Tiên Sơn,,Nguyên vật liệu,Vật liệu xây dựng,Vật liệu xây dựng,company_data/company_name.xlsx ; trading_data/market_caps.parquet ; trading_data/os.xlsx ; industry_classification/industry_classification.xlsx
TICKER:VIW,TICKER,VIW,Tổng Công ty Đầu tư Nước và Môi trường Việt Nam,1,1351.83,Tổng Công ty Đầu tư Nước và Môi trường Việt Nam | Đầu tư Nước và Môi trường Việt Nam,,Công nghiệp,Tư liệu sản xuất,Xây dựng,company_data/company_name.xlsx ; trading_data/market_caps.parquet ; trading_data/os.xlsx ; industry_classification/industry_classification.xlsx
TICKER:VIX,TICKER,VIX,CTCP Chứng khoán VIX,1,32417.13,CTCP Chứng khoán VIX | Chứng khoán VIX,,Tài chính,Công ty chứng khoán,Công ty chứng khoán,company_data/company_name.xlsx ; trading_data/market_caps.parquet ; trading_data/os.xlsx ; industry_classification/industry_classification.xlsx
TICKER:VJC,TICKER,VJC,CTCP Hàng không Vietjet,1,94521.74,CTCP Hàng không Vietjet | Hàng không Vietjet | Vietjet | Vietjet Air,,Công nghiệp,Vận tải,Vận tải hàng không,company_data/company_name.xlsx ; trading_data/market_caps.parquet ; trading_data/os.xlsx ; industry_classification/industry_classification.xlsx
TICKER:VLB,TICKER,VLB,CTCP Xây dựng và Sản xuất Vật liệu xây dựng Biên Hòa,1,2224.83,CTCP Xây dựng và Sản xuất Vật liệu xây dựng Biên Hòa | Xây dựng và Sản xuất Vật liệu xây dựng Biên Hòa,,Nguyên vật liệu,Vật liệu xây dựng,Vật liệu xây dựng,company_data/company_name.xlsx ; trading_data/market_caps.parquet ; trading_data/os.xlsx ; industry_classification/industry_classification.xlsx
TICKER:VLC,TICKER,VLC,Tổng Công ty Chăn Nuôi Việt Nam - CTCP,1,2486.15,Tổng Công ty Chăn Nuôi Việt Nam - CTCP | Chăn Nuôi Việt Nam,,Hàng tiêu dùng thiết yếu,Thực phẩm & Đồ uống,Thực phẩm,company_data/company_name.xlsx ; trading_data/market_caps.parquet ; trading_data/os.xlsx ; industry_classification/industry_classification.xlsx
TICKER:VLG,TICKER,VLG,CTCP VIMC Logistics,2,104.8,CTCP VIMC Logistics | VIMC Logistics,,Công nghiệp,Vận tải,Hỗ trợ vận tải,company_data/company_name.xlsx ; trading_data/market_caps.parquet ; trading_data/os.xlsx ; industry_classification/industry_classification.xlsx
TICKER:VLS,TICKER,VLS,CTCP Sản xuất Thép Việt Long,2,242.55,CTCP Sản xuất Thép Việt Long | Sản xuất Thép Việt Long,,,,,company_data/company_name.xlsx ; trading_data/market_caps.parquet ; trading_data/os.xlsx
TICKER:VLW,TICKER,VLW,CTCP Cấp nước Vĩnh Long,1,861.22,CTCP Cấp nước Vĩnh Long | Cấp nước Vĩnh Long,,Dịch vụ công cộng,Dịch vụ công cộng,Nước,company_data/company_name.xlsx ; trading_data/market_caps.parquet ; trading_data/os.xlsx ; industry_classification/industry_classification.xlsx
TICKER:VMC,TICKER,VMC,CTCP Vimeco,2,112.11,CTCP Vimeco | Vimeco,,Công nghiệp,Tư liệu sản xuất,Xây dựng,company_data/company_name.xlsx ; trading_data/market_caps.parquet ; trading_data/os.xlsx ; industry_classification/industry_classification.xlsx
TICKER:VMD,TICKER,VMD,CTCP Y Dược phẩm Vimedimex,2,208.44,CTCP Y Dược phẩm Vimedimex | Y Dược phẩm Vimedimex,,Y tế,Dược phẩm & Công nghệ sinh học,Dược phẩm,company_data/company_name.xlsx ; trading_data/market_caps.parquet ; trading_data/os.xlsx ; industry_classification/industry_classification.xlsx
TICKER:VMK,TICKER,VMK,CTCP Vimarko,2,170.06,CTCP Vimarko | Vimarko,,Dịch vụ công cộng,Dịch vụ công cộng,Điện,company_data/company_name.xlsx ; trading_data/market_caps.parquet ; trading_data/os.xlsx ; industry_classification/industry_classification.xlsx
TICKER:VMS,TICKER,VMS,CTCP Phát triển Hàng Hải,1,324.0,CTCP Phát triển Hàng Hải | Phát triển Hàng Hải,,Công nghiệp,Vận tải,Hỗ trợ vận tải,company_data/company_name.xlsx ; trading_data/market_caps.parquet ; trading_data/os.xlsx ; industry_classification/industry_classification.xlsx
TICKER:VMT,TICKER,VMT,CTCP Giao nhận Vận tải miền Trung,2,101.97,CTCP Giao nhận Vận tải miền Trung | Giao nhận Vận tải miền Trung,,Công nghiệp,Vận tải,Vận tải biển,company_data/company_name.xlsx ; trading_data/market_caps.parquet ; trading_data/os.xlsx ; industry_classification/industry_classification.xlsx
TICKER:VNA,TICKER,VNA,CTCP Vận tải Biển Vinaship,1,462.4,CTCP Vận tải Biển Vinaship | Vận tải Biển Vinaship,,Công nghiệp,Vận tải,Vận tải biển,company_data/company_name.xlsx ; trading_data/market_caps.parquet ; trading_data/os.xlsx ; industry_classification/industry_classification.xlsx
TICKER:VNB,TICKER,VNB,CTCP Sách Việt Nam,1,1188.16,CTCP Sách Việt Nam | Sách Việt Nam,,Hàng tiêu dùng không thiết yếu,Truyền thông và xuất bản,Truyền thông và xuất bản,company_data/company_name.xlsx ; trading_data/market_caps.parquet ; trading_data/os.xlsx ; industry_classification/industry_classification.xlsx
TICKER:VNC,TICKER,VNC,CTCP Tập đoàn Vinacontrol,1,732.87,CTCP Tập đoàn Vinacontrol | Vinacontrol,,Công nghiệp,Các dịch vụ thương mại và chuyên biệt,Dịch vụ tư vấn & nghiên cứu,company_data/company_name.xlsx ; trading_data/market_caps.parquet ; trading_data/os.xlsx ; industry_classification/industry_classification.xlsx
TICKER:VND,TICKER,VND,CTCP Chứng khoán VNDIRECT,1,22225.58,CTCP Chứng khoán VNDIRECT | Chứng khoán VNDIRECT | VNDirect | VNDIRECT,,Tài chính,Công ty chứng khoán,Công ty chứng khoán,company_data/company_name.xlsx ; trading_data/market_caps.parquet ; trading_data/os.xlsx ; industry_classification/industry_classification.xlsx
TICKER:VNE,TICKER,VNE,Tổng Công ty cổ phần Xây dựng Điện Việt Nam,2,164.11,Tổng Công ty cổ phần Xây dựng Điện Việt Nam | Xây dựng Điện Việt Nam,,Công nghiệp,Tư liệu sản xuất,Xây dựng,company_data/company_name.xlsx ; trading_data/market_caps.parquet ; trading_data/os.xlsx ; industry_classification/industry_classification.xlsx
TICKER:VNF,TICKER,VNF,CTCP Vinafreight,1,412.1,CTCP Vinafreight | Vinafreight,,Công nghiệp,Vận tải,Hỗ trợ vận tải,company_data/company_name.xlsx ; trading_data/market_caps.parquet ; trading_data/os.xlsx ; industry_classification/industry_classification.xlsx
TICKER:VNG,TICKER,VNG,CTCP Du lịch Thành Thành Công,1,546.69,CTCP Du lịch Thành Thành Công | Du lịch Thành Thành Công,,Hàng tiêu dùng không thiết yếu,Hàng tiêu dùng lâu bền và trang phục,"Khách sạn, nhà hàng & Giải trí",company_data/company_name.xlsx ; trading_data/market_caps.parquet ; trading_data/os.xlsx ; industry_classification/industry_classification.xlsx
TICKER:VNL,TICKER,VNL,CTCP Logistics Vinalink,2,282.85,CTCP Logistics Vinalink | Logistics Vinalink,,Công nghiệp,Vận tải,Hỗ trợ vận tải,company_data/company_name.xlsx ; trading_data/market_caps.parquet ; trading_data/os.xlsx ; industry_classification/industry_classification.xlsx
TICKER:VNM,TICKER,VNM,CTCP Sữa Việt Nam,1,123934.36,CTCP Sữa Việt Nam | Sữa Việt Nam | Vinamilk,,Hàng tiêu dùng thiết yếu,Thực phẩm & Đồ uống,Thực phẩm,company_data/company_name.xlsx ; trading_data/market_caps.parquet ; trading_data/os.xlsx ; industry_classification/industry_classification.xlsx
TICKER:VNP,TICKER,VNP,CTCP Nhựa Việt Nam,1,341.95,CTCP Nhựa Việt Nam | Nhựa Việt Nam,,Nguyên vật liệu,Nguyên vật liệu,Hóa chất,company_data/company_name.xlsx ; trading_data/market_caps.parquet ; trading_data/os.xlsx ; industry_classification/industry_classification.xlsx
TICKER:VNR,TICKER,VNR,Tổng Công ty cổ phần Tái Bảo hiểm Quốc gia Việt Nam,1,3707.64,Tổng Công ty cổ phần Tái Bảo hiểm Quốc gia Việt Nam | Tái Bảo hiểm Quốc gia Việt Nam,,Tài chính,Bảo hiểm,Bảo hiểm,company_data/company_name.xlsx ; trading_data/market_caps.parquet ; trading_data/os.xlsx ; industry_classification/industry_classification.xlsx
TICKER:VNS,TICKER,VNS,CTCP Ánh Dương Việt Nam,1,417.33,CTCP Ánh Dương Việt Nam | Ánh Dương Việt Nam,,Công nghiệp,Vận tải,Vận tải đường bộ & đường sắt,company_data/company_name.xlsx ; trading_data/market_caps.parquet ; trading_data/os.xlsx ; industry_classification/industry_classification.xlsx
TICKER:VNT,TICKER,VNT,CTCP Giao nhận Vận tải Ngoại thương,1,647.46,CTCP Giao nhận Vận tải Ngoại thương | Giao nhận Vận tải Ngoại thương,,Công nghiệp,Vận tải,Vận tải biển,company_data/company_name.xlsx ; trading_data/market_caps.parquet ; trading_data/os.xlsx ; industry_classification/industry_classification.xlsx
TICKER:VNZ,TICKER,VNZ,CTCP Tập đoàn VNG,1,17434.57,CTCP Tập đoàn VNG | VNG,,Công nghệ,Phần mềm,Phần mềm,company_data/company_name.xlsx ; trading_data/market_caps.parquet ; trading_data/os.xlsx ; industry_classification/industry_classification.xlsx
TICKER:VOC,TICKER,VOC,Tổng Công ty Công Nghiệp Dầu Thực Vật Việt Nam - CTCP,1,1339.8,Tổng Công ty Công Nghiệp Dầu Thực Vật Việt Nam - CTCP | Công Nghiệp Dầu Thực Vật Việt Nam,,Hàng tiêu dùng thiết yếu,Thực phẩm & Đồ uống,Thực phẩm,company_data/company_name.xlsx ; trading_data/market_caps.parquet ; trading_data/os.xlsx ; industry_classification/industry_classification.xlsx
TICKER:VOS,TICKER,VOS,CTCP Vận tải Biển Việt Nam,1,1589.0,CTCP Vận tải Biển Việt Nam | Vận tải Biển Việt Nam,,Công nghiệp,Vận tải,Vận tải biển,company_data/company_name.xlsx ; trading_data/market_caps.parquet ; trading_data/os.xlsx ; industry_classification/industry_classification.xlsx
TICKER:VPB,TICKER,VPB,Ngân hàng TMCP Việt Nam Thịnh Vượng,1,215802.73,Ngân hàng TMCP Việt Nam Thịnh Vượng | Việt Nam Thịnh Vượng | VPBank | FE Credit | FE CREDIT | VPBankS,,Tài chính,Ngân hàng,Ngân hàng,company_data/company_name.xlsx ; trading_data/market_caps.parquet ; trading_data/os.xlsx ; industry_classification/industry_classification.xlsx
TICKER:VPD,TICKER,VPD,CTCP Phát triển Điện lực Việt Nam,1,2174.43,CTCP Phát triển Điện lực Việt Nam | Phát triển Điện lực Việt Nam,,Dịch vụ công cộng,Dịch vụ công cộng,Điện,company_data/company_name.xlsx ; trading_data/market_caps.parquet ; trading_data/os.xlsx ; industry_classification/industry_classification.xlsx
TICKER:VPG,TICKER,VPG,CTCP Đầu tư Thương mại Xuất nhập khẩu Việt Phát,2,136.16,CTCP Đầu tư Thương mại Xuất nhập khẩu Việt Phát | Đầu tư Thương mại Xuất nhập khẩu Việt Phát,,Năng lượng,Năng lượng,Than đá và nhiên liệu khác,company_data/company_name.xlsx ; trading_data/market_caps.parquet ; trading_data/os.xlsx ; industry_classification/industry_classification.xlsx
TICKER:VPH,TICKER,VPH,CTCP Vạn Phát Hưng,2,276.54,CTCP Vạn Phát Hưng | Vạn Phát Hưng,,Bất động sản,Quản lý và phát triển bất động sản,Bất động sản phức hợp,company_data/company_name.xlsx ; trading_data/market_caps.parquet ; trading_data/os.xlsx ; industry_classification/industry_classification.xlsx
TICKER:VPI,TICKER,VPI,CTCP Phát triển Bất động sản Văn Phú,1,21228.89,CTCP Phát triển Bất động sản Văn Phú | Phát triển Bất động sản Văn Phú,,Bất động sản,Quản lý và phát triển bất động sản,Bất động sản phức hợp,company_data/company_name.xlsx ; trading_data/market_caps.parquet ; trading_data/os.xlsx ; industry_classification/industry_classification.xlsx
TICKER:VPL,TICKER,VPL,CTCP Vinpearl,1,150995.89,CTCP Vinpearl | Vinpearl,,Bất động sản,Quản lý và phát triển bất động sản,Vận hành bất động sản,company_data/company_name.xlsx ; trading_data/market_caps.parquet ; trading_data/os.xlsx ; industry_classification/industry_classification.xlsx
TICKER:VPS,TICKER,VPS,CTCP Thuốc sát trùng Việt Nam,2,206.69,CTCP Thuốc sát trùng Việt Nam | Thuốc sát trùng Việt Nam,,nan,nan,nan,company_data/company_name.xlsx ; trading_data/market_caps.parquet ; trading_data/os.xlsx ; industry_classification/industry_classification.xlsx
TICKER:VPW,TICKER,VPW,CTCP Cấp thoát nước Số 1 Vĩnh Phúc,2,103.87,CTCP Cấp thoát nước Số 1 Vĩnh Phúc | Cấp thoát nước Số 1 Vĩnh Phúc,,Dịch vụ công cộng,Dịch vụ công cộng,Nước,company_data/company_name.xlsx ; trading_data/market_caps.parquet ; trading_data/os.xlsx ; industry_classification/industry_classification.xlsx
TICKER:VPX,TICKER,VPX,CTCP Chứng khoán VPBank,1,43968.75,CTCP Chứng khoán VPBank | Chứng khoán VPBank,,,,,company_data/company_name.xlsx ; trading_data/market_caps.parquet ; trading_data/os.xlsx
TICKER:VRC,TICKER,VRC,CTCP Bất động sản và Đầu tư VRC,1,580.0,CTCP Bất động sản và Đầu tư VRC | Bất động sản và Đầu tư VRC,,Bất động sản,Quản lý và phát triển bất động sản,Bất động sản phức hợp,company_data/company_name.xlsx ; trading_data/market_caps.parquet ; trading_data/os.xlsx ; industry_classification/industry_classification.xlsx
TICKER:VRE,TICKER,VRE,CTCP Vincom Retail,1,58512.2,CTCP Vincom Retail | Vincom Retail | Vincom,,Bất động sản,Quản lý và phát triển bất động sản,Vận hành bất động sản,company_data/company_name.xlsx ; trading_data/market_caps.parquet ; trading_data/os.xlsx ; industry_classification/industry_classification.xlsx
TICKER:VRG,TICKER,VRG,CTCP Phát triển Đô thị và Khu công nghiệp Cao su Việt Nam,1,334.04,CTCP Phát triển Đô thị và Khu công nghiệp Cao su Việt Nam | Phát triển Đô thị và Khu công nghiệp Cao su Việt Nam,,Bất động sản,Quản lý và phát triển bất động sản,Vận hành bất động sản,company_data/company_name.xlsx ; trading_data/market_caps.parquet ; trading_data/os.xlsx ; industry_classification/industry_classification.xlsx
TICKER:VSA,TICKER,VSA,CTCP Đại lý Hàng hải Việt Nam,2,253.74,CTCP Đại lý Hàng hải Việt Nam | Đại lý Hàng hải Việt Nam,,Công nghiệp,Vận tải,Vận tải biển,company_data/company_name.xlsx ; trading_data/market_caps.parquet ; trading_data/os.xlsx ; industry_classification/industry_classification.xlsx
TICKER:VSC,TICKER,VSC,CTCP Container Việt Nam,1,4754.5,CTCP Container Việt Nam | Container Việt Nam,,Công nghiệp,Cơ sở hạ tầng giao thông vận tải,Dịch vụ cảng biển,company_data/company_name.xlsx ; trading_data/market_caps.parquet ; trading_data/os.xlsx ; industry_classification/industry_classification.xlsx
TICKER:VSF,TICKER,VSF,Tổng Công ty Lương thực Miền Nam - CTCP,1,13000.0,Tổng Công ty Lương thực Miền Nam - CTCP | Lương thực Miền Nam,,Hàng tiêu dùng thiết yếu,Thực phẩm & Đồ uống,Thực phẩm,company_data/company_name.xlsx ; trading_data/market_caps.parquet ; trading_data/os.xlsx ; industry_classification/industry_classification.xlsx
TICKER:VSH,TICKER,VSH,CTCP Thủy điện Vĩnh Sơn - Sông Hinh,1,9733.14,CTCP Thủy điện Vĩnh Sơn - Sông Hinh | Thủy điện Vĩnh Sơn - Sông Hinh,,Dịch vụ công cộng,Dịch vụ công cộng,Điện,company_data/company_name.xlsx ; trading_data/market_caps.parquet ; trading_data/os.xlsx ; industry_classification/industry_classification.xlsx
TICKER:VSI,TICKER,VSI,CTCP Đầu tư và Xây dựng Cấp thoát nước,2,244.2,CTCP Đầu tư và Xây dựng Cấp thoát nước | Đầu tư và Xây dựng Cấp thoát nước,,Công nghiệp,Tư liệu sản xuất,Xây dựng,company_data/company_name.xlsx ; trading_data/market_caps.parquet ; trading_data/os.xlsx ; industry_classification/industry_classification.xlsx
TICKER:VSN,TICKER,VSN,CTCP Việt Nam Kỹ nghệ Súc sản,1,1051.64,CTCP Việt Nam Kỹ nghệ Súc sản | Việt Nam Kỹ nghệ Súc sản,,Hàng tiêu dùng thiết yếu,Thực phẩm & Đồ uống,Thực phẩm,company_data/company_name.xlsx ; trading_data/market_caps.parquet ; trading_data/os.xlsx ; industry_classification/industry_classification.xlsx
TICKER:VST,TICKER,VST,CTCP Vận tải và Thuê tàu biển Việt Nam,2,200.1,CTCP Vận tải và Thuê tàu biển Việt Nam | Vận tải và Thuê tàu biển Việt Nam,,Công nghiệp,Vận tải,Vận tải biển,company_data/company_name.xlsx ; trading_data/market_caps.parquet ; trading_data/os.xlsx ; industry_classification/industry_classification.xlsx
TICKER:VTB,TICKER,VTB,CTCP Viettronics Tân Bình,2,141.54,CTCP Viettronics Tân Bình | Viettronics Tân Bình,,Công nghiệp,Tư liệu sản xuất,Thiết bị điện,company_data/company_name.xlsx ; trading_data/market_caps.parquet ; trading_data/os.xlsx ; industry_classification/industry_classification.xlsx
TICKER:VTD,TICKER,VTD,CTCP Vietourist Holdings,2,105.6,CTCP Vietourist Holdings | Vietourist Holdings,,Hàng tiêu dùng không thiết yếu,Hàng tiêu dùng lâu bền và trang phục,"Khách sạn, nhà hàng & Giải trí",company_data/company_name.xlsx ; trading_data/market_caps.parquet ; trading_data/os.xlsx ; industry_classification/industry_classification.xlsx
TICKER:VTE,TICKER,VTE,CTCP VINACAP Kim Long,2,109.2,CTCP VINACAP Kim Long | VINACAP Kim Long,,Công nghiệp,Tư liệu sản xuất,Thiết bị điện,company_data/company_name.xlsx ; trading_data/market_caps.parquet ; trading_data/os.xlsx ; industry_classification/industry_classification.xlsx
TICKER:VTH,TICKER,VTH,CTCP Dây cáp Điện Việt Thái,2,106.82,CTCP Dây cáp Điện Việt Thái | Dây cáp Điện Việt Thái,,Nguyên vật liệu,Kim loại & Khai khoáng,Kim loại không chứa sắt,company_data/company_name.xlsx ; trading_data/market_caps.parquet ; trading_data/os.xlsx ; industry_classification/industry_classification.xlsx
TICKER:VTK,TICKER,VTK,CTCP Tư Vấn Và Dịch Vụ Viettel,1,438.86,CTCP Tư Vấn Và Dịch Vụ Viettel | Tư Vấn Và Dịch Vụ Viettel,,Công nghiệp,Các dịch vụ thương mại và chuyên biệt,Dịch vụ tư vấn & nghiên cứu,company_data/company_name.xlsx ; trading_data/market_caps.parquet ; trading_data/os.xlsx ; industry_classification/industry_classification.xlsx
TICKER:VTO,TICKER,VTO,CTCP Vận tải Xăng dầu Vitaco,1,822.63,CTCP Vận tải Xăng dầu Vitaco | Vận tải Xăng dầu Vitaco,,Công nghiệp,Vận tải,Vận tải biển,company_data/company_name.xlsx ; trading_data/market_caps.parquet ; trading_data/os.xlsx ; industry_classification/industry_classification.xlsx
TICKER:VTP,TICKER,VTP,Tổng Công ty cổ phần Bưu chính Viettel,1,9821.71,Tổng Công ty cổ phần Bưu chính Viettel | Bưu chính Viettel,,Công nghiệp,Vận tải,Hỗ trợ vận tải,company_data/company_name.xlsx ; trading_data/market_caps.parquet ; trading_data/os.xlsx ; industry_classification/industry_classification.xlsx
TICKER:VTR,TICKER,VTR,CTCP Du lịch Vietravel,1,645.95,CTCP Du lịch Vietravel | Du lịch Vietravel,,Hàng tiêu dùng không thiết yếu,Hàng tiêu dùng lâu bền và trang phục,"Khách sạn, nhà hàng & Giải trí",company_data/company_name.xlsx ; trading_data/market_caps.parquet ; trading_data/os.xlsx ; industry_classification/industry_classification.xlsx
TICKER:VTV,TICKER,VTV,CTCP Năng lượng và Môi trường VICEM,1,449.28,CTCP Năng lượng và Môi trường VICEM | Năng lượng và Môi trường VICEM,,Nguyên vật liệu,Vật liệu xây dựng,Vật liệu xây dựng,company_data/company_name.xlsx ; trading_data/market_caps.parquet ; trading_data/os.xlsx ; industry_classification/industry_classification.xlsx
TICKER:VTZ,TICKER,VTZ,CTCP Sản xuất và Thương mại Nhựa Việt Thành,1,1530.81,CTCP Sản xuất và Thương mại Nhựa Việt Thành | Sản xuất và Thương mại Nhựa Việt Thành,,Nguyên vật liệu,Vật liệu xây dựng,Bao bì và đóng gói,company_data/company_name.xlsx ; trading_data/market_caps.parquet ; trading_data/os.xlsx ; industry_classification/industry_classification.xlsx
TICKER:VUA,TICKER,VUA,CTCP Chứng khoán Stanley Brothers,1,3400.0,CTCP Chứng khoán Stanley Brothers | Chứng khoán Stanley Brothers,,Tài chính,Công ty chứng khoán,Công ty chứng khoán,company_data/company_name.xlsx ; trading_data/market_caps.parquet ; trading_data/os.xlsx ; industry_classification/industry_classification.xlsx
TICKER:VVN,TICKER,VVN,Tổng Công ty cổ phần Xây dựng Công nghiệp Việt Nam,2,181.5,Tổng Công ty cổ phần Xây dựng Công nghiệp Việt Nam | Xây dựng Công nghiệp Việt Nam,,Nguyên vật liệu,Vật liệu xây dựng,Vật liệu xây dựng,company_data/company_name.xlsx ; trading_data/market_caps.parquet ; trading_data/os.xlsx ; industry_classification/industry_classification.xlsx
TICKER:VVS,TICKER,VVS,CTCP Đầu tư phát triển máy Việt Nam,1,3590.37,CTCP Đầu tư phát triển máy Việt Nam | Đầu tư phát triển máy Việt Nam,,Hàng tiêu dùng không thiết yếu,Bán lẻ,Bán lẻ,company_data/company_name.xlsx ; trading_data/market_caps.parquet ; trading_data/os.xlsx ; industry_classification/industry_classification.xlsx
TICKER:VXB,TICKER,VXB,CTCP Vật liệu Xây dựng Bến Tre,2,164.79,CTCP Vật liệu Xây dựng Bến Tre | Vật liệu Xây dựng Bến Tre,,Công nghiệp,Tư liệu sản xuất,Xây dựng,company_data/company_name.xlsx ; trading_data/market_caps.parquet ; trading_data/os.xlsx ; industry_classification/industry_classification.xlsx
TICKER:VXP,TICKER,VXP,CTCP Thuốc Thú y Trung ương VETVACO,2,109.88,CTCP Thuốc Thú y Trung ương VETVACO | Thuốc Thú y Trung ương VETVACO,,Y tế,Dược phẩm & Công nghệ sinh học,Dược phẩm,company_data/company_name.xlsx ; trading_data/market_caps.parquet ; trading_data/os.xlsx ; industry_classification/industry_classification.xlsx
TICKER:VXT,TICKER,VXT,CTCP Kho vận và Dịch vụ Thương mại,1,450.29,CTCP Kho vận và Dịch vụ Thương mại | Kho vận và Dịch vụ Thương mại,,Hàng tiêu dùng không thiết yếu,Bán lẻ,Bán lẻ,company_data/company_name.xlsx ; trading_data/market_caps.parquet ; trading_data/os.xlsx ; industry_classification/industry_classification.xlsx
TICKER:WCS,TICKER,WCS,CTCP Bến xe Miền Tây,1,863.69,CTCP Bến xe Miền Tây | Bến xe Miền Tây,,Công nghiệp,Vận tải,Vận tải đường bộ & đường sắt,company_data/company_name.xlsx ; trading_data/market_caps.parquet ; trading_data/os.xlsx ; industry_classification/industry_classification.xlsx
TICKER:WSB,TICKER,WSB,CTCP Bia Sài Gòn - Miền Tây,1,794.6,CTCP Bia Sài Gòn - Miền Tây | Bia Sài Gòn - Miền Tây,,Hàng tiêu dùng thiết yếu,Thực phẩm & Đồ uống,Đồ uống,company_data/company_name.xlsx ; trading_data/market_caps.parquet ; trading_data/os.xlsx ; industry_classification/industry_classification.xlsx
TICKER:WSS,TICKER,WSS,CTCP Chứng khoán Phố Wall,2,296.77,CTCP Chứng khoán Phố Wall | Chứng khoán Phố Wall,,Tài chính,Công ty chứng khoán,Công ty chứng khoán,company_data/company_name.xlsx ; trading_data/market_caps.parquet ; trading_data/os.xlsx ; industry_classification/industry_classification.xlsx
TICKER:WTC,TICKER,WTC,CTCP Vận tải Thủy - Vinacomin,2,161.0,CTCP Vận tải Thủy - Vinacomin | Vận tải Thủy - Vinacomin,,Công nghiệp,Vận tải,Vận tải biển,company_data/company_name.xlsx ; trading_data/market_caps.parquet ; trading_data/os.xlsx ; industry_classification/industry_classification.xlsx
TICKER:X20,TICKER,X20,CTCP X20,2,181.12,CTCP X20 | X20,,Hàng tiêu dùng không thiết yếu,Hàng tiêu dùng lâu bền và trang phục,"Dệt may & Trang phục, phụ kiện",company_data/company_name.xlsx ; trading_data/market_caps.parquet ; trading_data/os.xlsx ; industry_classification/industry_classification.xlsx
TICKER:XDH,TICKER,XDH,CTCP Đầu tư Xây dựng Dân dụng Hà Nội,1,437.84,CTCP Đầu tư Xây dựng Dân dụng Hà Nội | Đầu tư Xây dựng Dân dụng Hà Nội,,Bất động sản,Quản lý và phát triển bất động sản,Bất động sản phức hợp,company_data/company_name.xlsx ; trading_data/market_caps.parquet ; trading_data/os.xlsx ; industry_classification/industry_classification.xlsx
TICKER:XHC,TICKER,XHC,CTCP Xuân Hòa Việt Nam,1,369.01,CTCP Xuân Hòa Việt Nam | Xuân Hòa Việt Nam,,Hàng tiêu dùng không thiết yếu,Hàng tiêu dùng lâu bền và trang phục,Đồ gia dụng lâu bền,company_data/company_name.xlsx ; trading_data/market_caps.parquet ; trading_data/os.xlsx ; industry_classification/industry_classification.xlsx
TICKER:XMC,TICKER,XMC,CTCP Đầu tư và Xây dựng Xuân Mai,1,706.9,CTCP Đầu tư và Xây dựng Xuân Mai | Đầu tư và Xây dựng Xuân Mai,,Công nghiệp,Tư liệu sản xuất,Xây dựng,company_data/company_name.xlsx ; trading_data/market_caps.parquet ; trading_data/os.xlsx ; industry_classification/industry_classification.xlsx
TICKER:XMP,TICKER,XMP,CTCP Thủy điện Xuân Minh,2,240.0,CTCP Thủy điện Xuân Minh | Thủy điện Xuân Minh,,Dịch vụ công cộng,Dịch vụ công cộng,Điện,company_data/company_name.xlsx ; trading_data/market_caps.parquet ; trading_data/os.xlsx ; industry_classification/industry_classification.xlsx
TICKER:XPH,TICKER,XPH,CTCP Xà phòng Hà Nội,2,188.1,CTCP Xà phòng Hà Nội | Xà phòng Hà Nội,,Nguyên vật liệu,Nguyên vật liệu,Hóa chất,company_data/company_name.xlsx ; trading_data/market_caps.parquet ; trading_data/os.xlsx ; industry_classification/industry_classification.xlsx
TICKER:YBM,TICKER,YBM,CTCP YBM,1,321.75,CTCP YBM | YBM,,Nguyên vật liệu,Vật liệu xây dựng,Vật liệu xây dựng,company_data/company_name.xlsx ; trading_data/market_caps.parquet ; trading_data/os.xlsx ; industry_classification/industry_classification.xlsx
TICKER:YEG,TICKER,YEG,CTCP Tập đoàn Yeah1,1,1414.01,CTCP Tập đoàn Yeah1 | Yeah1,,Hàng tiêu dùng không thiết yếu,Truyền thông và xuất bản,Truyền thông và xuất bản,company_data/company_name.xlsx ; trading_data/market_caps.parquet ; trading_data/os.xlsx ; industry_classification/industry_classification.xlsx
TICKER:YTC,TICKER,YTC,CTCP Xuất nhập khẩu Y tế Thành phố Hồ Chí Minh,2,201.46,CTCP Xuất nhập khẩu Y tế Thành phố Hồ Chí Minh | Xuất nhập khẩu Y tế Thành phố Hồ Chí Minh,,Y tế,Dịch vụ & thiết bị y tế,Thiết bị & Vật tư y tế,company_data/company_name.xlsx ; trading_data/market_caps.parquet ; trading_data/os.xlsx ; industry_classification/industry_classification.xlsx
INDEX:HNX30,INDEX,HNX30,HNX30-Index,1,,HNX30 | HNX30-Index | rổ HNX30,,,,,trading_data/indices.parquet
INDEX:HNXINDEX,INDEX,HNXINDEX,HNX-Index,1,,HNX-Index | HNXINDEX | HNX Index,,,,,trading_data/indices.parquet
INDEX:UPINDEX,INDEX,UPINDEX,UPCoM-Index,1,,UPCoM-Index | UPINDEX | UPCOM-Index,,,,,trading_data/indices.parquet
INDEX:VN30,INDEX,VN30,VN30-Index,1,,VN30 | VN30-Index | rổ VN30,,,,,trading_data/indices.parquet
INDEX:VNINDEX,INDEX,VNINDEX,VN-Index,1,,VN-Index | VNINDEX | VN Index,,,,,trading_data/indices.parquet
INDEX:VNXALL,INDEX,VNXALL,VNX Allshare,1,,VNXALL | VNX Allshare | VNX-Allshare,,,,,trading_data/indices.parquet
EXCHANGE:HOSE,EXCHANGE,HOSE,Sở Giao dịch Chứng khoán TP. Hồ Chí Minh,1,,HOSE | HSX | Sở GDCK TP.HCM | sàn HOSE | sàn TP.HCM,,,,,static/derived
EXCHANGE:HNX,EXCHANGE,HNX,Sở Giao dịch Chứng khoán Hà Nội,1,,HNX | Sở GDCK Hà Nội | sàn Hà Nội,,,,,static/derived
EXCHANGE:UPCOM,EXCHANGE,UPCOM,Thị trường giao dịch cổ phiếu công ty đại chúng chưa niêm yết,1,,UPCOM | UPCoM | sàn UPCoM,,,,,static/derived
IND_GICS1:BAT_DONG_SAN,INDUSTRY_GICS1,BAT_DONG_SAN,Bất động sản,1,,Bất động sản,,,,,industry_classification/industry_classification.xlsx
IND_GICS1:CONG_NGHIEP,INDUSTRY_GICS1,CONG_NGHIEP,Công nghiệp,1,,Công nghiệp,,,,,industry_classification/industry_classification.xlsx
IND_GICS1:CONG_NGHE,INDUSTRY_GICS1,CONG_NGHE,Công nghệ,1,,Công nghệ,,,,,industry_classification/industry_classification.xlsx
IND_GICS1:DICH_VU_CONG_CONG,INDUSTRY_GICS1,DICH_VU_CONG_CONG,Dịch vụ công cộng,1,,Dịch vụ công cộng,,,,,industry_classification/industry_classification.xlsx
IND_GICS1:DICH_VU_VIEN_THONG,INDUSTRY_GICS1,DICH_VU_VIEN_THONG,Dịch vụ viễn thông,1,,Dịch vụ viễn thông,,,,,industry_classification/industry_classification.xlsx
IND_GICS1:HANG_TIEU_DUNG_KHONG_THIET_YEU,INDUSTRY_GICS1,HANG_TIEU_DUNG_KHONG_THIET_YEU,Hàng tiêu dùng không thiết yếu,1,,Hàng tiêu dùng không thiết yếu,,,,,industry_classification/industry_classification.xlsx
IND_GICS1:HANG_TIEU_DUNG_THIET_YEU,INDUSTRY_GICS1,HANG_TIEU_DUNG_THIET_YEU,Hàng tiêu dùng thiết yếu,1,,Hàng tiêu dùng thiết yếu,,,,,industry_classification/industry_classification.xlsx
IND_GICS1:NGUYEN_VAT_LIEU,INDUSTRY_GICS1,NGUYEN_VAT_LIEU,Nguyên vật liệu,1,,Nguyên vật liệu,,,,,industry_classification/industry_classification.xlsx
IND_GICS1:NANG_LUONG,INDUSTRY_GICS1,NANG_LUONG,Năng lượng,1,,Năng lượng,,,,,industry_classification/industry_classification.xlsx
IND_GICS1:TAI_CHINH,INDUSTRY_GICS1,TAI_CHINH,Tài chính,1,,Tài chính,,,,,industry_classification/industry_classification.xlsx
IND_GICS1:Y_TE,INDUSTRY_GICS1,Y_TE,Y tế,1,,Y tế,,,,,industry_classification/industry_classification.xlsx
IND_GICS2:QUAN_LY_VA_PHAT_TRIEN_BAT_DONG_SAN,INDUSTRY_GICS2,QUAN_LY_VA_PHAT_TRIEN_BAT_DONG_SAN,Quản lý và phát triển bất động sản,1,,Quản lý và phát triển bất động sản | bất động sản | BĐS | địa ốc | nhà đất | thị trường nhà ở | NOXH | nhà ở xã hội | bất động sản khu công nghiệp | BĐS KCN,Bất động sản,,,,industry_classification/industry_classification.xlsx
IND_GICS2:CAC_DICH_VU_THUONG_MAI_VA_CHUYEN_BIET,INDUSTRY_GICS2,CAC_DICH_VU_THUONG_MAI_VA_CHUYEN_BIET,Các dịch vụ thương mại và chuyên biệt,1,,Các dịch vụ thương mại và chuyên biệt,Công nghiệp,,,,industry_classification/industry_classification.xlsx
IND_GICS2:CO_SO_HA_TANG_GIAO_THONG_VAN_TAI,INDUSTRY_GICS2,CO_SO_HA_TANG_GIAO_THONG_VAN_TAI,Cơ sở hạ tầng giao thông vận tải,1,,Cơ sở hạ tầng giao thông vận tải,Công nghiệp,,,,industry_classification/industry_classification.xlsx
IND_GICS2:TU_LIEU_SAN_XUAT,INDUSTRY_GICS2,TU_LIEU_SAN_XUAT,Tư liệu sản xuất,1,,Tư liệu sản xuất,Công nghiệp,,,,industry_classification/industry_classification.xlsx
IND_GICS2:VAN_TAI,INDUSTRY_GICS2,VAN_TAI,Vận tải,1,,Vận tải,Công nghiệp,,,,industry_classification/industry_classification.xlsx
IND_GICS2:CONG_NGHE_THONG_TIN_TICH_HOP,INDUSTRY_GICS2,CONG_NGHE_THONG_TIN_TICH_HOP,Công nghệ thông tin tích hợp,1,,Công nghệ thông tin tích hợp,Công nghệ,,,,industry_classification/industry_classification.xlsx
IND_GICS2:PHAN_CUNG,INDUSTRY_GICS2,PHAN_CUNG,Phần cứng,1,,Phần cứng,Công nghệ,,,,industry_classification/industry_classification.xlsx
IND_GICS2:PHAN_MEM,INDUSTRY_GICS2,PHAN_MEM,Phần mềm,1,,Phần mềm,Công nghệ,,,,industry_classification/industry_classification.xlsx
IND_GICS2:DICH_VU_CONG_CONG,INDUSTRY_GICS2,DICH_VU_CONG_CONG,Dịch vụ công cộng,1,,Dịch vụ công cộng,Dịch vụ công cộng,,,,industry_classification/industry_classification.xlsx
IND_GICS2:DICH_VU_VIEN_THONG,INDUSTRY_GICS2,DICH_VU_VIEN_THONG,Dịch vụ viễn thông,1,,Dịch vụ viễn thông,Dịch vụ viễn thông,,,,industry_classification/industry_classification.xlsx
IND_GICS2:BAN_LE,INDUSTRY_GICS2,BAN_LE,Bán lẻ,1,,Bán lẻ,Hàng tiêu dùng không thiết yếu,,,,industry_classification/industry_classification.xlsx
IND_GICS2:HANG_TIEU_DUNG_LAU_BEN_VA_TRANG_PHUC,INDUSTRY_GICS2,HANG_TIEU_DUNG_LAU_BEN_VA_TRANG_PHUC,Hàng tiêu dùng lâu bền và trang phục,1,,Hàng tiêu dùng lâu bền và trang phục,Hàng tiêu dùng không thiết yếu,,,,industry_classification/industry_classification.xlsx
IND_GICS2:TRUYEN_THONG_VA_XUAT_BAN,INDUSTRY_GICS2,TRUYEN_THONG_VA_XUAT_BAN,Truyền thông và xuất bản,1,,Truyền thông và xuất bản,Hàng tiêu dùng không thiết yếu,,,,industry_classification/industry_classification.xlsx
IND_GICS2:O_TO_PHU_TUNG,INDUSTRY_GICS2,O_TO_PHU_TUNG,Ô tô & Phụ tùng,1,,Ô tô & Phụ tùng,Hàng tiêu dùng không thiết yếu,,,,industry_classification/industry_classification.xlsx
IND_GICS2:SAN_PHAM_CA_NHAN_HO_GIA_DINH,INDUSTRY_GICS2,SAN_PHAM_CA_NHAN_HO_GIA_DINH,Sản phẩm cá nhân & hộ gia đình,1,,Sản phẩm cá nhân & hộ gia đình,Hàng tiêu dùng thiết yếu,,,,industry_classification/industry_classification.xlsx
IND_GICS2:THUC_PHAM_DO_UONG,INDUSTRY_GICS2,THUC_PHAM_DO_UONG,Thực phẩm & Đồ uống,1,,Thực phẩm & Đồ uống,Hàng tiêu dùng thiết yếu,,,,industry_classification/industry_classification.xlsx
IND_GICS2:GIAY_VA_CAC_SAN_PHAM_TU_GO,INDUSTRY_GICS2,GIAY_VA_CAC_SAN_PHAM_TU_GO,Giấy và các sản phẩm từ gỗ,1,,Giấy và các sản phẩm từ gỗ,Nguyên vật liệu,,,,industry_classification/industry_classification.xlsx
IND_GICS2:KIM_LOAI_KHAI_KHOANG,INDUSTRY_GICS2,KIM_LOAI_KHAI_KHOANG,Kim loại & Khai khoáng,1,,Kim loại & Khai khoáng,Nguyên vật liệu,,,,industry_classification/industry_classification.xlsx
IND_GICS2:NGUYEN_VAT_LIEU,INDUSTRY_GICS2,NGUYEN_VAT_LIEU,Nguyên vật liệu,1,,Nguyên vật liệu,Nguyên vật liệu,,,,industry_classification/industry_classification.xlsx
IND_GICS2:VAT_LIEU_XAY_DUNG,INDUSTRY_GICS2,VAT_LIEU_XAY_DUNG,Vật liệu xây dựng,1,,Vật liệu xây dựng,Nguyên vật liệu,,,,industry_classification/industry_classification.xlsx
IND_GICS2:NANG_LUONG,INDUSTRY_GICS2,NANG_LUONG,Năng lượng,1,,Năng lượng,Năng lượng,,,,industry_classification/industry_classification.xlsx
IND_GICS2:BAO_HIEM,INDUSTRY_GICS2,BAO_HIEM,Bảo hiểm,1,,Bảo hiểm | bảo hiểm | ngành bảo hiểm | bảo hiểm nhân thọ | bảo hiểm phi nhân thọ | doanh nghiệp bảo hiểm,Tài chính,,,,industry_classification/industry_classification.xlsx
IND_GICS2:CONG_TY_CHUNG_KHOAN,INDUSTRY_GICS2,CONG_TY_CHUNG_KHOAN,Công ty chứng khoán,1,,Công ty chứng khoán | chứng khoán | công ty chứng khoán | CTCK | môi giới chứng khoán | tự doanh chứng khoán,Tài chính,,,,industry_classification/industry_classification.xlsx
IND_GICS2:NGAN_HANG,INDUSTRY_GICS2,NGAN_HANG,Ngân hàng,1,,Ngân hàng | ngân hàng | ngành ngân hàng | nhà băng | tổ chức tín dụng | TCTD | room tín dụng | ngân hàng thương mại,Tài chính,,,,industry_classification/industry_classification.xlsx
IND_GICS2:QUY,INDUSTRY_GICS2,QUY,Quỹ,1,,Quỹ | quỹ | quỹ đầu tư | quỹ đầu tư mạo hiểm | quỹ mở đầu tư | quỹ đóng | quỹ thành viên | quỹ ngoại | quỹ ETF | chứng chỉ quỹ | công ty quản lý quỹ | quản lý quỹ | quỹ tương hỗ | quỹ hưu trí | quỹ trái phiếu | quỹ cổ phiếu | quỹ chỉ số | quỹ đầu tư chứng khoán | venture capital | quỹ hoán đổi danh mục,Tài chính,,,,industry_classification/industry_classification.xlsx
IND_GICS2:TAI_CHINH_CHUYEN_BIET_KHAC,INDUSTRY_GICS2,TAI_CHINH_CHUYEN_BIET_KHAC,Tài chính chuyên biệt khác,1,,Tài chính chuyên biệt khác,Tài chính,,,,industry_classification/industry_classification.xlsx
IND_GICS2:DUOC_PHAM_CONG_NGHE_SINH_HOC,INDUSTRY_GICS2,DUOC_PHAM_CONG_NGHE_SINH_HOC,Dược phẩm & Công nghệ sinh học,1,,Dược phẩm & Công nghệ sinh học | dược phẩm | ngành dược | thuốc | công nghệ sinh học,Y tế,,,,industry_classification/industry_classification.xlsx
IND_GICS2:DICH_VU_THIET_BI_Y_TE,INDUSTRY_GICS2,DICH_VU_THIET_BI_Y_TE,Dịch vụ & thiết bị y tế,1,,Dịch vụ & thiết bị y tế,Y tế,,,,industry_classification/industry_classification.xlsx
IND_GICS3:BAN_LE,INDUSTRY_GICS3,BAN_LE,Bán lẻ,1,,Bán lẻ,Bán lẻ,,,,industry_classification/industry_classification.xlsx
IND_GICS3:BAO_HIEM,INDUSTRY_GICS3,BAO_HIEM,Bảo hiểm,1,,Bảo hiểm | bảo hiểm | ngành bảo hiểm | bảo hiểm nhân thọ | bảo hiểm phi nhân thọ | doanh nghiệp bảo hiểm,Bảo hiểm,,,,industry_classification/industry_classification.xlsx
IND_GICS3:DICH_VU_HO_TRO_KHAC,INDUSTRY_GICS3,DICH_VU_HO_TRO_KHAC,Dịch vụ hỗ trợ khác,1,,Dịch vụ hỗ trợ khác,Các dịch vụ thương mại và chuyên biệt,,,,industry_classification/industry_classification.xlsx
IND_GICS3:DICH_VU_HO_TRO_VIEC_LAM_VA_NGUON_NHAN_LUC,INDUSTRY_GICS3,DICH_VU_HO_TRO_VIEC_LAM_VA_NGUON_NHAN_LUC,Dịch vụ hỗ trợ việc làm và nguồn nhân lực,1,,Dịch vụ hỗ trợ việc làm và nguồn nhân lực,Các dịch vụ thương mại và chuyên biệt,,,,industry_classification/industry_classification.xlsx
IND_GICS3:DICH_VU_MOI_TRUONG,INDUSTRY_GICS3,DICH_VU_MOI_TRUONG,Dịch vụ môi trường,1,,Dịch vụ môi trường,Các dịch vụ thương mại và chuyên biệt,,,,industry_classification/industry_classification.xlsx
IND_GICS3:DICH_VU_TU_VAN_NGHIEN_CUU,INDUSTRY_GICS3,DICH_VU_TU_VAN_NGHIEN_CUU,Dịch vụ tư vấn & nghiên cứu,1,,Dịch vụ tư vấn & nghiên cứu,Các dịch vụ thương mại và chuyên biệt,,,,industry_classification/industry_classification.xlsx
IND_GICS3:IN_THUONG_MAI,INDUSTRY_GICS3,IN_THUONG_MAI,In thương mại,1,,In thương mại,Các dịch vụ thương mại và chuyên biệt,,,,industry_classification/industry_classification.xlsx
IND_GICS3:CONG_NGHE_THONG_TIN_TICH_HOP,INDUSTRY_GICS3,CONG_NGHE_THONG_TIN_TICH_HOP,Công nghệ thông tin tích hợp,1,,Công nghệ thông tin tích hợp,Công nghệ thông tin tích hợp,,,,industry_classification/industry_classification.xlsx
IND_GICS3:CONG_TY_CHUNG_KHOAN,INDUSTRY_GICS3,CONG_TY_CHUNG_KHOAN,Công ty chứng khoán,1,,Công ty chứng khoán | chứng khoán | công ty chứng khoán | CTCK | môi giới chứng khoán | tự doanh chứng khoán,Công ty chứng khoán,,,,industry_classification/industry_classification.xlsx
IND_GICS3:DICH_VU_CANG_BIEN,INDUSTRY_GICS3,DICH_VU_CANG_BIEN,Dịch vụ cảng biển,1,,Dịch vụ cảng biển,Cơ sở hạ tầng giao thông vận tải,,,,industry_classification/industry_classification.xlsx
IND_GICS3:DICH_VU_SAN_BAY,INDUSTRY_GICS3,DICH_VU_SAN_BAY,Dịch vụ sân bay,1,,Dịch vụ sân bay,Cơ sở hạ tầng giao thông vận tải,,,,industry_classification/industry_classification.xlsx
IND_GICS3:DUOC_PHAM,INDUSTRY_GICS3,DUOC_PHAM,Dược phẩm,1,,Dược phẩm,Dược phẩm & Công nghệ sinh học,,,,industry_classification/industry_classification.xlsx
IND_GICS3:THIET_BI_VAT_TU_Y_TE,INDUSTRY_GICS3,THIET_BI_VAT_TU_Y_TE,Thiết bị & Vật tư y tế,1,,Thiết bị & Vật tư y tế,Dịch vụ & thiết bị y tế,,,,industry_classification/industry_classification.xlsx
IND_GICS3:NUOC,INDUSTRY_GICS3,NUOC,Nước,1,,Nước | ngành nước | cấp nước | nước sạch | nhà máy nước | cấp thoát nước | xử lý nước thải | công ty nước | giá nước sinh hoạt,Dịch vụ công cộng,,,,industry_classification/industry_classification.xlsx
IND_GICS3:DIEN,INDUSTRY_GICS3,DIEN,Điện,1,,Điện | ngành điện | điện lực | thuỷ điện | thủy điện | nhiệt điện | điện mặt trời | điện gió | điện hạt nhân | điện sinh khối | phát điện | giá điện | sản lượng điện | EVN,Dịch vụ công cộng,,,,industry_classification/industry_classification.xlsx
IND_GICS3:DICH_VU_VIEN_THONG_DA_NGANH,INDUSTRY_GICS3,DICH_VU_VIEN_THONG_DA_NGANH,Dịch vụ viễn thông đa ngành,1,,Dịch vụ viễn thông đa ngành,Dịch vụ viễn thông,,,,industry_classification/industry_classification.xlsx
IND_GICS3:GIAY,INDUSTRY_GICS3,GIAY,Giấy,1,,Giấy | ngành giấy | giấy bao bì | bột giấy | giấy in | sản xuất giấy,Giấy và các sản phẩm từ gỗ,,,,industry_classification/industry_classification.xlsx
IND_GICS3:GO_VA_CAC_SAN_PHAM_TU_GO,INDUSTRY_GICS3,GO_VA_CAC_SAN_PHAM_TU_GO,Gỗ và các sản phẩm từ gỗ,1,,Gỗ và các sản phẩm từ gỗ,Giấy và các sản phẩm từ gỗ,,,,industry_classification/industry_classification.xlsx
IND_GICS3:DET_MAY_TRANG_PHUC_PHU_KIEN,INDUSTRY_GICS3,DET_MAY_TRANG_PHUC_PHU_KIEN,"Dệt may & Trang phục, phụ kiện",1,,"Dệt may & Trang phục, phụ kiện",Hàng tiêu dùng lâu bền và trang phục,,,,industry_classification/industry_classification.xlsx
IND_GICS3:KHACH_SAN_NHA_HANG_GIAI_TRI,INDUSTRY_GICS3,KHACH_SAN_NHA_HANG_GIAI_TRI,"Khách sạn, nhà hàng & Giải trí",1,,"Khách sạn, nhà hàng & Giải trí",Hàng tiêu dùng lâu bền và trang phục,,,,industry_classification/industry_classification.xlsx
IND_GICS3:DO_GIA_DUNG_LAU_BEN,INDUSTRY_GICS3,DO_GIA_DUNG_LAU_BEN,Đồ gia dụng lâu bền,1,,Đồ gia dụng lâu bền,Hàng tiêu dùng lâu bền và trang phục,,,,industry_classification/industry_classification.xlsx
IND_GICS3:KIM_LOAI_KHONG_CHUA_SAT,INDUSTRY_GICS3,KIM_LOAI_KHONG_CHUA_SAT,Kim loại không chứa sắt,1,,Kim loại không chứa sắt,Kim loại & Khai khoáng,,,,industry_classification/industry_classification.xlsx
IND_GICS3:THEP,INDUSTRY_GICS3,THEP,Thép,1,,Thép | thép | ngành thép | thép xây dựng | thép cuộn cán nóng | HRC | tôn mạ | thép lá | phôi thép,Kim loại & Khai khoáng,,,,industry_classification/industry_classification.xlsx
IND_GICS3:HOA_CHAT,INDUSTRY_GICS3,HOA_CHAT,Hóa chất,1,,Hóa chất,Nguyên vật liệu,,,,industry_classification/industry_classification.xlsx
IND_GICS3:PHAN_BON,INDUSTRY_GICS3,PHAN_BON,Phân bón,1,,Phân bón,Nguyên vật liệu,,,,industry_classification/industry_classification.xlsx
IND_GICS3:NGAN_HANG,INDUSTRY_GICS3,NGAN_HANG,Ngân hàng,1,,Ngân hàng | ngân hàng | ngành ngân hàng | nhà băng | tổ chức tín dụng | TCTD | room tín dụng | ngân hàng thương mại,Ngân hàng,,,,industry_classification/industry_classification.xlsx
IND_GICS3:DAU_KHI,INDUSTRY_GICS3,DAU_KHI,Dầu khí,1,,Dầu khí | dầu khí | ngành dầu khí | thượng nguồn dầu khí | hạ nguồn dầu khí | khí tự nhiên | xăng dầu,Năng lượng,,,,industry_classification/industry_classification.xlsx
IND_GICS3:THAN_DA_VA_NHIEN_LIEU_KHAC,INDUSTRY_GICS3,THAN_DA_VA_NHIEN_LIEU_KHAC,Than đá và nhiên liệu khác,1,,Than đá và nhiên liệu khác,Năng lượng,,,,industry_classification/industry_classification.xlsx
IND_GICS3:PHAN_CUNG,INDUSTRY_GICS3,PHAN_CUNG,Phần cứng,1,,Phần cứng,Phần cứng,,,,industry_classification/industry_classification.xlsx
IND_GICS3:PHAN_MEM,INDUSTRY_GICS3,PHAN_MEM,Phần mềm,1,,Phần mềm,Phần mềm,,,,industry_classification/industry_classification.xlsx
IND_GICS3:BAT_DONG_SAN_PHUC_HOP,INDUSTRY_GICS3,BAT_DONG_SAN_PHUC_HOP,Bất động sản phức hợp,1,,Bất động sản phức hợp,Quản lý và phát triển bất động sản,,,,industry_classification/industry_classification.xlsx
IND_GICS3:VAN_HANH_BAT_DONG_SAN,INDUSTRY_GICS3,VAN_HANH_BAT_DONG_SAN,Vận hành bất động sản,1,,Vận hành bất động sản,Quản lý và phát triển bất động sản,,,,industry_classification/industry_classification.xlsx
IND_GICS3:QUY,INDUSTRY_GICS3,QUY,Quỹ,1,,Quỹ | quỹ | quỹ đầu tư | quỹ đầu tư mạo hiểm | quỹ mở đầu tư | quỹ đóng | quỹ thành viên | quỹ ngoại | quỹ ETF | chứng chỉ quỹ | công ty quản lý quỹ | quản lý quỹ | quỹ tương hỗ | quỹ hưu trí | quỹ trái phiếu | quỹ cổ phiếu | quỹ chỉ số | quỹ đầu tư chứng khoán | venture capital | quỹ hoán đổi danh mục,Quỹ,,,,industry_classification/industry_classification.xlsx
IND_GICS3:SAN_PHAM_GIA_DUNG_KHONG_LAU_BEN,INDUSTRY_GICS3,SAN_PHAM_GIA_DUNG_KHONG_LAU_BEN,Sản phẩm gia dụng không lâu bền,1,,Sản phẩm gia dụng không lâu bền,Sản phẩm cá nhân & hộ gia đình,,,,industry_classification/industry_classification.xlsx
IND_GICS3:THUOC_LA,INDUSTRY_GICS3,THUOC_LA,Thuốc lá,1,,Thuốc lá,Thực phẩm & Đồ uống,,,,industry_classification/industry_classification.xlsx
IND_GICS3:THUC_PHAM,INDUSTRY_GICS3,THUC_PHAM,Thực phẩm,1,,Thực phẩm,Thực phẩm & Đồ uống,,,,industry_classification/industry_classification.xlsx
IND_GICS3:DO_UONG,INDUSTRY_GICS3,DO_UONG,Đồ uống,1,,Đồ uống,Thực phẩm & Đồ uống,,,,industry_classification/industry_classification.xlsx
IND_GICS3:TRUYEN_THONG_VA_XUAT_BAN,INDUSTRY_GICS3,TRUYEN_THONG_VA_XUAT_BAN,Truyền thông và xuất bản,1,,Truyền thông và xuất bản,Truyền thông và xuất bản,,,,industry_classification/industry_classification.xlsx
IND_GICS3:TAI_CHINH_CHUYEN_BIET_KHAC,INDUSTRY_GICS3,TAI_CHINH_CHUYEN_BIET_KHAC,Tài chính chuyên biệt khác,1,,Tài chính chuyên biệt khác,Tài chính chuyên biệt khác,,,,industry_classification/industry_classification.xlsx
IND_GICS3:CONG_NGHIEP_DA_NGANH,INDUSTRY_GICS3,CONG_NGHIEP_DA_NGANH,Công nghiệp đa ngành,1,,Công nghiệp đa ngành,Tư liệu sản xuất,,,,industry_classification/industry_classification.xlsx
IND_GICS3:MAY_CONG_NGHIEP,INDUSTRY_GICS3,MAY_CONG_NGHIEP,Máy công nghiệp,1,,Máy công nghiệp,Tư liệu sản xuất,,,,industry_classification/industry_classification.xlsx
IND_GICS3:THIET_BI_DIEN,INDUSTRY_GICS3,THIET_BI_DIEN,Thiết bị điện,1,,Thiết bị điện,Tư liệu sản xuất,,,,industry_classification/industry_classification.xlsx
IND_GICS3:XAY_DUNG,INDUSTRY_GICS3,XAY_DUNG,Xây dựng,1,,Xây dựng,Tư liệu sản xuất,,,,industry_classification/industry_classification.xlsx
IND_GICS3:HO_TRO_VAN_TAI,INDUSTRY_GICS3,HO_TRO_VAN_TAI,Hỗ trợ vận tải,1,,Hỗ trợ vận tải,Vận tải,,,,industry_classification/industry_classification.xlsx
IND_GICS3:VAN_TAI_BIEN,INDUSTRY_GICS3,VAN_TAI_BIEN,Vận tải biển,1,,Vận tải biển,Vận tải,,,,industry_classification/industry_classification.xlsx
IND_GICS3:VAN_TAI_HANG_KHONG,INDUSTRY_GICS3,VAN_TAI_HANG_KHONG,Vận tải hàng không,1,,Vận tải hàng không,Vận tải,,,,industry_classification/industry_classification.xlsx
IND_GICS3:VAN_TAI_DUONG_BO_DUONG_SAT,INDUSTRY_GICS3,VAN_TAI_DUONG_BO_DUONG_SAT,Vận tải đường bộ & đường sắt,1,,Vận tải đường bộ & đường sắt,Vận tải,,,,industry_classification/industry_classification.xlsx
IND_GICS3:BAO_BI_VA_DONG_GOI,INDUSTRY_GICS3,BAO_BI_VA_DONG_GOI,Bao bì và đóng gói,1,,Bao bì và đóng gói,Vật liệu xây dựng,,,,industry_classification/industry_classification.xlsx
IND_GICS3:VAT_LIEU_XAY_DUNG,INDUSTRY_GICS3,VAT_LIEU_XAY_DUNG,Vật liệu xây dựng,1,,Vật liệu xây dựng,Vật liệu xây dựng,,,,industry_classification/industry_classification.xlsx
IND_GICS3:LOP_CAO_SU,INDUSTRY_GICS3,LOP_CAO_SU,Lốp & Cao su,1,,Lốp & Cao su,Ô tô & Phụ tùng,,,,industry_classification/industry_classification.xlsx
IND_GICS3:NHA_SAN_XUAT_O_TO_VA_THIET_BI_O_TO,INDUSTRY_GICS3,NHA_SAN_XUAT_O_TO_VA_THIET_BI_O_TO,Nhà sản xuất ô tô và thiết bị ô tô,1,,Nhà sản xuất ô tô và thiết bị ô tô,Ô tô & Phụ tùng,,,,industry_classification/industry_classification.xlsx
MACRO_GEO:MY,MACRO_GEO,MY,Mỹ,1,,Mỹ | Hoa Kỳ | US | USA | United States | Nhà Trắng | Washington | Wall Street,,,,,config/entities/aliases/nations.yaml
MACRO_GEO:TRUNG_QUOC,MACRO_GEO,TRUNG_QUOC,Trung Quốc,1,,Trung Quốc | TQ | China | Bắc Kinh | Thượng Hải | PBOC,,,,,config/entities/aliases/nations.yaml
MACRO_GEO:EU,MACRO_GEO,EU,Châu Âu,1,,Châu Âu | Liên minh châu Âu | EU | Eurozone | Frankfurt,,,,,config/entities/aliases/nations.yaml
MACRO_GEO:NHAT_BAN,MACRO_GEO,NHAT_BAN,Nhật Bản,1,,Nhật Bản | Japan | Tokyo | đồng Yên,,,,,config/entities/aliases/nations.yaml
MACRO_GEO:HAN_QUOC,MACRO_GEO,HAN_QUOC,Hàn Quốc,1,,Hàn Quốc | Korea | Seoul | đồng Won,,,,,config/entities/aliases/nations.yaml
MACRO_GEO:NGA,MACRO_GEO,NGA,Nga,1,,Nga | Russia | Moskva | Điện Kremlin,,,,,config/entities/aliases/nations.yaml
MACRO_GEO:DONG_NAM_A,MACRO_GEO,DONG_NAM_A,Đông Nam Á,1,,Đông Nam Á | ASEAN | khu vực Đông Nam Á,,,,,config/entities/aliases/nations.yaml
MACRO_GEO:AN_DO,MACRO_GEO,AN_DO,Ấn Độ,1,,Ấn Độ | India | New Delhi,,,,,config/entities/aliases/nations.yaml
MACRO_THEME:LAI_SUAT,MACRO_THEME,LAI_SUAT,Lãi suất,1,,lãi suất | lãi suất điều hành | lãi suất tái cấp vốn | lãi suất huy động | lãi suất cho vay | trần lãi suất | lãi suất liên ngân hàng,,,,,config/entities/aliases/themes.yaml
MACRO_THEME:TY_GIA,MACRO_THEME,TY_GIA,Tỷ giá & Ngoại tệ,1,,tỷ giá | tỷ giá USD/VND | DXY | đồng USD | ngoại tệ | dự trữ ngoại hối | phá giá tiền tệ,,,,,config/entities/aliases/themes.yaml
MACRO_THEME:LAM_PHAT,MACRO_THEME,LAM_PHAT,Lạm phát & CPI,1,,lạm phát | CPI | chỉ số giá tiêu dùng | lạm phát cơ bản,,,,,config/entities/aliases/themes.yaml
MACRO_THEME:THUE_THUONG_MAI,MACRO_THEME,THUE_THUONG_MAI,Thuế quan & Thương mại,1,,thuế chống bán phá giá | thuế chống trợ cấp | thuế quan | chiến tranh thương mại | thuế tối thiểu toàn cầu | hàng rào thuế quan,,,,,config/entities/aliases/themes.yaml
MACRO_THEME:GDP_TANG_TRUONG,MACRO_THEME,GDP_TANG_TRUONG,Tăng trưởng GDP,1,,tăng trưởng GDP | GDP | tăng trưởng kinh tế | tổng sản phẩm quốc nội | suy thoái kinh tế,,,,,config/entities/aliases/themes.yaml
MACRO_THEME:DAU_TU_CONG,MACRO_THEME,DAU_TU_CONG,Đầu tư công & Hạ tầng,1,,đầu tư công | giải ngân vốn đầu tư công | dự án trọng điểm quốc gia | cao tốc Bắc Nam | sân bay Long Thành,,,,,config/entities/aliases/themes.yaml
MACRO_THEME:FDI,MACRO_THEME,FDI,Vốn FDI & Đầu tư nước ngoài,1,,FDI | vốn đầu tư nước ngoài | vốn ngoại | doanh nghiệp FDI | thu hút FDI,,,,,config/entities/aliases/themes.yaml
MACRO_THEME:TIN_DUNG,MACRO_THEME,TIN_DUNG,Tín dụng & Tăng trưởng tín dụng,1,,tín dụng | tăng trưởng tín dụng | room tín dụng | dư nợ tín dụng | nợ xấu,,,,,config/entities/aliases/themes.yaml
MACRO_THEME:NANG_HANG_TTCK,MACRO_THEME,NANG_HANG_TTCK,Nâng hạng thị trường chứng khoán,1,,nâng hạng thị trường | nâng hạng TTCK | FTSE Russell | MSCI | thị trường mới nổi | Emerging Markets,,,,,config/entities/aliases/themes.yaml
ASSET_CLASS:TRAI_PHIEU,ASSET_CLASS,TRAI_PHIEU,Trái phiếu,1,,trái phiếu | TPDN | TPCP | trái phiếu doanh nghiệp | trái phiếu chính phủ | trái chủ | lợi suất trái phiếu | coupon | đáo hạn trái phiếu | mua lại trước hạn,,,,,config/entities/aliases/assets.yaml
ASSET_CLASS:CO_PHIEU,ASSET_CLASS,CO_PHIEU,Cổ phiếu,1,,cổ phiếu | thị trường chứng khoán | TTCK | khớp lệnh | khối ngoại | tự doanh | thanh khoản thị trường | thị trường cơ sở,,,,,config/entities/aliases/assets.yaml
ASSET_CLASS:VANG,ASSET_CLASS,VANG,Vàng & Kim loại quý,1,,vàng | vàng SJC | vàng nhẫn | giá vàng | vàng miếng | vàng 9999,,,,,config/entities/aliases/assets.yaml
ASSET_CLASS:DAU_THO,ASSET_CLASS,DAU_THO,Dầu thô & Năng lượng,1,,dầu thô | dầu Brent | dầu WTI | giá dầu | OPEC | xăng dầu,,,,,config/entities/aliases/assets.yaml
ASSET_CLASS:BAT_DONG_SAN_TAI_SAN,ASSET_CLASS,BAT_DONG_SAN_TAI_SAN,Bất động sản tài sản,1,,bất động sản | nhà đất | địa ốc | căn hộ | đất nền | giá nhà,,,,,config/entities/aliases/assets.yaml
ASSET_CLASS:TIEN_MA_HOA,ASSET_CLASS,TIEN_MA_HOA,Tiền mã hóa & Tài sản số,1,,tiền mã hóa | tiền số | crypto | cryptocurrency | Bitcoin | BTC | Ethereum | tài sản số,,,,,config/entities/aliases/assets.yaml
ASSET_CLASS:HANG_HOA_NONG_SAN,ASSET_CLASS,HANG_HOA_NONG_SAN,Hàng hóa & Nông sản,1,,hàng hóa nguyên liệu | nông sản | giá gạo | xuất khẩu gạo | cà phê | giá cà phê | cao su | giá cao su,,,,,config/entities/aliases/assets.yaml
INSTITUTION:NHNN,INSTITUTION,NHNN,Ngân hàng Nhà nước,1,,Ngân hàng Nhà nước | NHNN | SBV | Thống đốc | thị trường mở | OMO | tín phiếu,,,,,config/entities/aliases/institutions.yaml
INSTITUTION:UBCKNN,INSTITUTION,UBCKNN,Ủy ban Chứng khoán Nhà nước,1,,Ủy ban Chứng khoán Nhà nước | UBCKNN | SSC | hệ thống KRX,,,,,config/entities/aliases/institutions.yaml
INSTITUTION:BO_TAI_CHINH,INSTITUTION,BO_TAI_CHINH,Bộ Tài chính,1,,Bộ Tài chính | BTC | Bộ trưởng Bộ Tài chính | Tổng cục Thuế | Tổng cục Hải quan,,,,,config/entities/aliases/institutions.yaml
INSTITUTION:FED,INSTITUTION,FED,Cục Dự trữ Liên bang Mỹ,1,,Cục Dự trữ Liên bang | Fed | FED | FOMC | Jerome Powell | lãi suất Fed,,,,,config/entities/aliases/institutions.yaml
INSTITUTION:ECB,INSTITUTION,ECB,Ngân hàng Trung ương Châu Âu,1,,Ngân hàng Trung ương Châu Âu | ECB | Christine Lagarde,,,,,config/entities/aliases/institutions.yaml
INSTITUTION:BOJ,INSTITUTION,BOJ,Ngân hàng Trung ương Nhật Bản,1,,Ngân hàng Trung ương Nhật Bản | BOJ | Kazuo Ueda,,,,,config/entities/aliases/institutions.yaml
INSTITUTION:WB_IMF,INSTITUTION,WB_IMF,Ngân hàng Thế giới & IMF,1,,World Bank | Ngân hàng Thế giới | IMF | Quỹ Tiền tệ Quốc tế,,,,,config/entities/aliases/institutions.yaml
