ticker,content_id,title,sub_title,description,date_unix,date_str,update_time_unix,update_time_str,full_url,relative_url,avatar_url,avatar_description,source,source_url,zone_id,zone_name,zone_url,related_tickers
BMI,384814,Dịch vụ Phân phối Tổng hợp Dầu khí (PSD) vượt 40% mục tiêu lợi nhuận 2025,,"(ĐTCK) Năm 2025, CTCP Dịch vụ Phân phối Tổng hợp Dầu khí (Petrosetco Distribution, mã PSD) ghi nhận 143,1 tỷ đồng lợi nhuận sau thuế, tăng 73% so với năm trước và vượt 40% mục tiêu năm.",1770108462,2026-02-03 15:47:42,1770108462,2026-02-03 15:47:42,https://www.tinnhanhchungkhoan.vn/dich-vu-phan-phoi-tong-hop-dau-khi-psd-vuot-40-muc-tieu-loi-nhuan-2025-post384814.html,/dich-vu-phan-phoi-tong-hop-dau-khi-psd-vuot-40-muc-tieu-loi-nhuan-2025-post384814.html,https://image.tinnhanhchungkhoan.vn/w200/Uploaded/2026/xvrhgenatpx97/2026_02_03/492389603-1269083815221635-1856212450220482697-n-8553-4165.jpg,,,,4,Thông tin doanh nghiệp,/thong-tin-doanh-nghiep/,"BMI,C4G,DL1,FPT,GCF,GMD,HUT,IDC,ITD,MBB,MWG,PAC,PC1,PVD,PVS,SHB,SIP,STH,TIP,TV2,VGT"
BMI,384815,"Becamex IDC (BCM) chia cổ tức 11% bằng tiền mặt, lợi nhuận 2025 vượt hơn 42% kế hoạch",,"(ĐTCK) Ngày 13/2 tới đây, Tập đoàn Đầu tư và Phát triển Công nghiệp Becamex - CTCP (Becamex IDC, mã BCM - sàn HOSE) vừa thông báo về việc chia cổ tức năm 2024.",1770108203,2026-02-03 15:43:23,1770108203,2026-02-03 15:43:23,https://www.tinnhanhchungkhoan.vn/becamex-idc-bcm-chia-co-tuc-11-bang-tien-mat-loi-nhuan-2025-vuot-hon-42-ke-hoach-post384815.html,/becamex-idc-bcm-chia-co-tuc-11-bang-tien-mat-loi-nhuan-2025-vuot-hon-42-ke-hoach-post384815.html,https://image.tinnhanhchungkhoan.vn/w200/Uploaded/2026/ipuokbf/2025_02_06/becamex-idc-bcm-2233-7213.jpg,,,,4,Thông tin doanh nghiệp,/thong-tin-doanh-nghiep/,"BMI,C4G,DL1,FPT,GCF,GMD,HUT,IDC,ITD,MBB,MWG,PAC,PC1,PVD,PVS,SHB,SIP,STH,TIP,TV2,VGT"
BMI,384807,"EVNGENCO3 (PGV): Lợi nhuận sau thuế vượt 3.700 tỷ đồng, định giá cổ phiếu về vùng hấp dẫn",,(ĐTCK) Lợi nhuận năm 2025 của EVNGENCO3 (PGV) xác lập kỷ lục mới. Dòng tiền cải thiện cùng tỷ lệ nợ vay liên tục giảm nhiều năm là nền tảng quan trọng cho EVNGENCO3 trong giai đoạn mở rộng đầu tư sắp tới.,1770104233,2026-02-03 14:37:13,1770104233,2026-02-03 14:37:13,https://www.tinnhanhchungkhoan.vn/evngenco3-pgv-loi-nhuan-sau-thue-vuot-3700-ty-dong-dinh-gia-co-phieu-ve-vung-hap-dan-post384807.html,/evngenco3-pgv-loi-nhuan-sau-thue-vuot-3700-ty-dong-dinh-gia-co-phieu-ve-vung-hap-dan-post384807.html,https://image.tinnhanhchungkhoan.vn/w200/Uploaded/2026/bpikpjik/2022_01_26/evngenco3-4286.jpg,,,,4,Thông tin doanh nghiệp,/thong-tin-doanh-nghiep/,"BMI,C4G,DL1,FPT,GCF,GMD,HUT,IDC,ITD,MBB,MWG,PAC,PC1,PVD,PVS,SHB,SIP,STH,TIP,TV2,VGT"
BMI,384804,Doanh thu Sao Ta (FMC) giảm 21% ngay tháng đầu năm 2026,,"(ĐTCK) CTCP Thực phẩm Sao Ta (FMC) công bố tình hình hoạt động hợp nhất tháng 01/2026 với doanh thu đạt 20,4 triệu USD, giảm 21% so với cùng kỳ năm trước.",1770102267,2026-02-03 14:04:27,1770102267,2026-02-03 14:04:27,https://www.tinnhanhchungkhoan.vn/doanh-thu-sao-ta-fmc-giam-21-ngay-thang-dau-nam-2026-post384804.html,/doanh-thu-sao-ta-fmc-giam-21-ngay-thang-dau-nam-2026-post384804.html,https://image.tinnhanhchungkhoan.vn/w200/Uploaded/2026/xvrhgenatpx97/2023_01_16/fmc-9473.jpg,,,,4,Thông tin doanh nghiệp,/thong-tin-doanh-nghiep/,"BMI,C4G,DL1,FPT,GCF,GMD,HUT,IDC,ITD,MBB,MWG,PAC,PC1,PVD,PVS,SHB,SIP,STH,TIP,TV2,VGT"
BMI,384802,"Quý IV/2025, lợi nhuận sau thuế của Đạt Phương (DPG) tăng 46%",,"(ĐTCK) Mới đây, CTCP Tập đoàn Đạt Phương (mã DPG) công bố báo cáo tài chính quý IV/2025 cho thấy sự cải thiện về quy mô doanh thu và lợi nhuận.",1770091215,2026-02-03 11:00:15,1770091215,2026-02-03 11:00:15,https://www.tinnhanhchungkhoan.vn/quy-iv2025-loi-nhuan-sau-thue-cua-dat-phuong-dpg-tang-46-post384802.html,/quy-iv2025-loi-nhuan-sau-thue-cua-dat-phuong-dpg-tang-46-post384802.html,https://image.tinnhanhchungkhoan.vn/w200/Uploaded/2026/gtnwae/2026_02_03/1-7741-8171.jpg,,,,4,Thông tin doanh nghiệp,/thong-tin-doanh-nghiep/,"BMI,C4G,DL1,FPT,GCF,GMD,HUT,IDC,ITD,MBB,MWG,PAC,PC1,PVD,PVS,SHB,SIP,STH,TIP,TV2,VGT"
BMI,384799,Lợi nhuận Tổng công ty Tín Nghĩa (TID) giảm tới 99% trong quý IV/2025 khi phải hoàn trả cho Tỉnh uỷ Đồng Nai,,"(ĐTCK) Tổng công ty Tín Nghĩa (mã TID - UPCoM) ghi nhận lãi 1,8 tỷ đồng trong quý IV, luỹ kế cả năm 2025 ghi nhận lãi 762,13 tỷ đồng, hoàn thành 113,4% so với kế hoạch năm.",1770090820,2026-02-03 10:53:40,1770090820,2026-02-03 10:53:40,https://www.tinnhanhchungkhoan.vn/loi-nhuan-tong-cong-ty-tin-nghia-tid-giam-toi-99-trong-quy-iv2025-khi-phai-hoan-tra-cho-tinh-uy-dong-nai-post384799.html,/loi-nhuan-tong-cong-ty-tin-nghia-tid-giam-toi-99-trong-quy-iv2025-khi-phai-hoan-tra-cho-tinh-uy-dong-nai-post384799.html,https://image.tinnhanhchungkhoan.vn/w200/Uploaded/2026/lcgjikao/2026_02_03/01-906-8353.jpeg,,,,4,Thông tin doanh nghiệp,/thong-tin-doanh-nghiep/,"BMI,C4G,DL1,FPT,GCF,GMD,HUT,IDC,ITD,MBB,MWG,PAC,PC1,PVD,PVS,SHB,SIP,STH,TIP,TV2,VGT"
BMI,384779,"Gỗ An Cường (ACG) ghi nhận dòng tiền kinh doanh âm kỷ lục 408,56 tỷ đồng trong năm 2025",,"(ĐTCK) CTCP Gỗ An Cường (mã ACG - sàn HOSE) ghi nhận lãi 145,54 tỷ đồng trong quý IV, luỹ kế năm 2025 ghi nhận lãi 503,75 tỷ đồng, tăng 19,9% so với cùng kỳ năm trước.",1770077256,2026-02-03 07:07:36,1770077256,2026-02-03 07:07:36,https://www.tinnhanhchungkhoan.vn/go-an-cuong-acg-ghi-nhan-dong-tien-kinh-doanh-am-ky-luc-40856-ty-dong-trong-nam-2025-post384779.html,/go-an-cuong-acg-ghi-nhan-dong-tien-kinh-doanh-am-ky-luc-40856-ty-dong-trong-nam-2025-post384779.html,https://image.tinnhanhchungkhoan.vn/w200/Uploaded/2026/lcgjikao/2026_02_02/01-8702-1876.jpg,,,,4,Thông tin doanh nghiệp,/thong-tin-doanh-nghiep/,"BMI,C4G,DL1,FPT,GCF,GMD,HUT,IDC,ITD,MBB,MWG,PAC,PC1,PVD,PVS,SHB,SIP,STH,TIP,TV2,VGT"
BMI,384776,Searefico (SRF) thoát lỗ quý IV/2025 nhờ thu nhập khác tăng đột biến,,"(ĐTCK) Công ty cổ phần Searefico (mã SRF - sàn HOSE) ghi nhận lãi 15,71 tỷ đồng trong quý IV, luỹ kế cả năm 2025 lãi 22,18 tỷ đồng và đạt 56,9% kế hoạch năm.",1770077020,2026-02-03 07:03:40,1770077020,2026-02-03 07:03:40,https://www.tinnhanhchungkhoan.vn/searefico-srf-thoat-lo-quy-iv2025-nho-thu-nhap-khac-tang-dot-bien-post384776.html,/searefico-srf-thoat-lo-quy-iv2025-nho-thu-nhap-khac-tang-dot-bien-post384776.html,https://image.tinnhanhchungkhoan.vn/w200/Uploaded/2026/lcgjikao/2026_02_02/01-2954-71.jpg,,,,4,Thông tin doanh nghiệp,/thong-tin-doanh-nghiep/,"BMI,C4G,DL1,FPT,GCF,GMD,HUT,IDC,ITD,MBB,MWG,PAC,PC1,PVD,PVS,SHB,SIP,STH,TIP,TV2,VGT"
BMI,384774,"Thép Pomina (POM) lỗ thêm 838,2 tỷ đồng năm 2025, vốn chủ sở hữu âm hơn 623,6 tỷ đồng",,"(ĐTCK) CTCP Thép Pomina (mã POM) vừa công bố báo cáo tài chính năm 2025 với khoản lỗ sau thuế 838,2 tỷ đồng, đánh dấu năm thứ 4 liên tiếp doanh nghiệp thua lỗ, qua đó nâng lỗ lũy kế lên 3.485 tỷ đồng và khiến vốn chủ sở hữu tại thời điểm cuối năm âm hơn 623,6 tỷ đồng",1770076822,2026-02-03 07:00:22,1770076822,2026-02-03 07:00:22,https://www.tinnhanhchungkhoan.vn/thep-pomina-pom-lo-them-8382-ty-dong-nam-2025-von-chu-so-huu-am-hon-6236-ty-dong-post384774.html,/thep-pomina-pom-lo-them-8382-ty-dong-nam-2025-von-chu-so-huu-am-hon-6236-ty-dong-post384774.html,https://image.tinnhanhchungkhoan.vn/w200/Uploaded/2026/xvrhgenatpx97/2024_08_21/pom-5603.jpeg,,,,4,Thông tin doanh nghiệp,/thong-tin-doanh-nghiep/,"BMI,C4G,DL1,FPT,GCF,GMD,HUT,IDC,ITD,MBB,MWG,PAC,PC1,PVD,PVS,SHB,SIP,STH,TIP,TV2,VGT"
BMI,384773,PV Drilling (PVD) vượt 98% mục tiêu lợi nhuận năm 2025,,"(ĐTCK) Năm 2025, PV Drilling mang về 1.050,5 tỷ đồng lãi ròng, tăng 50,5% so với kết quả thực hiện năm 2024 và vượt 98% mục tiêu lợi nhuận cả năm.",1770076674,2026-02-03 06:57:54,1770076674,2026-02-03 06:57:54,https://www.tinnhanhchungkhoan.vn/pv-drilling-pvd-vuot-98-muc-tieu-loi-nhuan-nam-2025-post384773.html,/pv-drilling-pvd-vuot-98-muc-tieu-loi-nhuan-nam-2025-post384773.html,https://image.tinnhanhchungkhoan.vn/w200/Uploaded/2026/xvrhgenatpx97/2023_04_24/pvd-1871.jpeg,,,,4,Thông tin doanh nghiệp,/thong-tin-doanh-nghiep/,"BMI,C4G,DL1,FPT,GCF,GMD,HUT,IDC,ITD,MBB,MWG,PAC,PC1,PVD,PVS,SHB,SIP,STH,TIP,TV2,VGT"
BMI,384775,MB (MBB) dự kiến cán mốc vốn hóa 10 tỷ USD vào năm 2027,,"(ĐTCK) So với giai đoạn đầu năm 2017, tổng vốn hoá của Ngân hàng TMCP Quân Đội (MB - mã chứng khoán MBB) đến nay đã ghi nhận tăng 9,9 lần (tương đương khoảng 8,5 tỷ USD). Ông Lưu Trung Thái, Chủ tịch HĐQT MB cho biết, với tốc độ tăng trưởng như hiện nay, dự kiến sang năm 2027, tổng giá trị vốn hoá của MB có thể cán đến mốc 10 tỷ USD.",1770076595,2026-02-03 06:56:35,1770076595,2026-02-03 06:56:35,https://www.tinnhanhchungkhoan.vn/mb-mbb-du-kien-can-moc-von-hoa-10-ty-usd-vao-nam-2027-post384775.html,/mb-mbb-du-kien-can-moc-von-hoa-10-ty-usd-vao-nam-2027-post384775.html,https://image.tinnhanhchungkhoan.vn/w200/Uploaded/2026/ngobgt/2026_02_02/img-3950-1125-6297.jpeg,"Ông Lưu Trung Thái, Chủ tịch HĐQT Ngân hàng TMCP Quân Đội (MB) chủ trì hội nghị Nhà đầu tư.",,,4,Thông tin doanh nghiệp,/thong-tin-doanh-nghiep/,"BMI,C4G,DL1,FPT,GCF,GMD,HUT,IDC,ITD,MBB,MWG,PAC,PC1,PVD,PVS,SHB,SIP,STH,TIP,TV2,VGT"
BMI,384768,Chiến lược Go Global đang từng bước đóng góp vào tăng trưởng dài hạn của Masan Consumer (MCH),,"(ĐTCK) Trong suốt năm 2025, doanh thu quốc tế của Masan Consumer (HOSE: MCH) duy trì đà tăng trưởng tích cực và tiếp tục cải thiện trong quý gần nhất. Theo báo cáo kết quả kinh doanh, riêng kênh kinh doanh quốc tế tăng trưởng gần 27% trong năm 2025. Diễn biến này cho thấy chiến lược Go Global đang bắt đầu tạo đóng góp thực tế, thay vì chỉ dừng ở định hướng dài hạn.",1770026991,2026-02-02 17:09:51,1770029550,2026-02-02 17:52:30,https://www.tinnhanhchungkhoan.vn/chien-luoc-go-global-dang-tung-buoc-dong-gop-vao-tang-truong-dai-han-cua-masan-consumer-mch-post384768.html,/chien-luoc-go-global-dang-tung-buoc-dong-gop-vao-tang-truong-dai-han-cua-masan-consumer-mch-post384768.html,https://image.tinnhanhchungkhoan.vn/w200/Uploaded/2026/bpikpjik/2026_02_02/thuc-pham-tuoi-ngon-phong-phu-tai-sieu-thi-winmart-4053-77.jpeg,,,,4,Thông tin doanh nghiệp,/thong-tin-doanh-nghiep/,"BMI,C4G,DL1,FPT,GCF,GMD,HUT,IDC,ITD,MBB,MWG,PAC,PC1,PVD,PVS,SHB,SIP,STH,TIP,TV2,VGT"
BMI,384769,OCH vượt kế hoạch doanh thu và lợi nhuận năm 2025,,"(ĐTCK) Công ty cổ phần One Capital Hospitality (HNX: OCH) ghi nhận doanh thu cả năm 2025 đạt 1.188 tỷ đồng, lợi nhuận trước thuế 135,6 tỷ đồng, vượt kế hoạch được Đại hội đồng cổ đông (ĐHĐCĐ) đề ra.",1770026945,2026-02-02 17:09:05,1770026945,2026-02-02 17:09:05,https://www.tinnhanhchungkhoan.vn/och-vuot-ke-hoach-doanh-thu-va-loi-nhuan-nam-2025-post384769.html,/och-vuot-ke-hoach-doanh-thu-va-loi-nhuan-nam-2025-post384769.html,https://image.tinnhanhchungkhoan.vn/w200/Uploaded/2026/cqjwqcqdh/2025_10_30/och-8280-9602.jpg,,,,4,Thông tin doanh nghiệp,/thong-tin-doanh-nghiep/,"BMI,C4G,DL1,FPT,GCF,GMD,HUT,IDC,ITD,MBB,MWG,PAC,PC1,PVD,PVS,SHB,SIP,STH,TIP,TV2,VGT"
BMI,384765,"Cơ điện lạnh (REE) tạm ứng cổ tức 10% bằng tiền, lên lịch ĐHCĐ thường niên năm tài chính 2025",,"(ĐTCK) HĐQT CTCP Cơ điện lạnh (REE – sàn HOSE) vừa thông qua, ngày 27/2 tới đây sẽ thực hiện chốt danh sách cổ đông để tổ chức ĐHCĐ thường niên năm tài chính 2025 và tạm ứng cổ tức năm 2025.",1770026245,2026-02-02 16:57:25,1770026691,2026-02-02 17:04:51,https://www.tinnhanhchungkhoan.vn/co-dien-lanh-ree-tam-ung-co-tuc-10-bang-tien-len-lich-dhcd-thuong-nien-nam-tai-chinh-2025-post384765.html,/co-dien-lanh-ree-tam-ung-co-tuc-10-bang-tien-len-lich-dhcd-thuong-nien-nam-tai-chinh-2025-post384765.html,https://image.tinnhanhchungkhoan.vn/w200/Uploaded/2026/pigo/2020_09_30/cong-ty-co-phan-co-dien-lanh-bom-no-cham-trong-dau-tu-tai-chinh1590080990-3682.jpg,,,,4,Thông tin doanh nghiệp,/thong-tin-doanh-nghiep/,"BMI,C4G,DL1,FPT,GCF,GMD,HUT,IDC,ITD,MBB,MWG,PAC,PC1,PVD,PVS,SHB,SIP,STH,TIP,TV2,VGT"
BMI,384761,Vietbank (VBB): Bổ nhiệm Quyền Tổng giám đốc và một Phó tổng giám đốc,,"(ĐTCK) Ngân hàng TMCP Việt Nam Thương Tín (Vietbank, mã chứng khoán: VBB) vừa công bố quyết định kiện toàn nhân sự lãnh đạo cấp cao.",1770023282,2026-02-02 16:08:02,1770023282,2026-02-02 16:08:02,https://www.tinnhanhchungkhoan.vn/vietbank-vbb-bo-nhiem-quyen-tong-giam-doc-va-mot-pho-tong-giam-doc-post384761.html,/vietbank-vbb-bo-nhiem-quyen-tong-giam-doc-va-mot-pho-tong-giam-doc-post384761.html,https://image.tinnhanhchungkhoan.vn/w200/Uploaded/2026/bpcgdqvp/2026_02_02/vb2-3335-3688.jpg,Hội đồng Quản trị trao quyết định bổ nhiệm cho ông Lê Thanh Quý Ngọc - Quyền Tổng giám đốc và bà Trần Thị Ngọc Lý - Phó tổng giám đốc Vietbank,,,4,Thông tin doanh nghiệp,/thong-tin-doanh-nghiep/,"BMI,C4G,DL1,FPT,GCF,GMD,HUT,IDC,ITD,MBB,MWG,PAC,PC1,PVD,PVS,SHB,SIP,STH,TIP,TV2,VGT"
BMI,384752,"CDC Construction (CCC): Dòng tiền kinh doanh âm kỷ lục 335,17 tỷ đồng trong 9 tháng đầu niên độ 2025 - 2026",,"(ĐTCK) Công ty cổ phần Xây dựng CDC (CDC Construction, mã CCC - sàn HOSE) ghi nhận lãi 9,67 tỷ đồng trong quý III, luỹ kế 9 tháng trong niên độ 2025 - 2026 ghi nhận lãi 30,31 tỷ đồng, tăng 3,8% so với cùng kỳ và hoàn thành 64,1% kế hoạch năm.",1770022404,2026-02-02 15:53:24,1770022404,2026-02-02 15:53:24,https://www.tinnhanhchungkhoan.vn/cdc-construction-ccc-dong-tien-kinh-doanh-am-ky-luc-33517-ty-dong-trong-9-thang-dau-nien-do-2025-2026-post384752.html,/cdc-construction-ccc-dong-tien-kinh-doanh-am-ky-luc-33517-ty-dong-trong-9-thang-dau-nien-do-2025-2026-post384752.html,https://image.tinnhanhchungkhoan.vn/w200/Uploaded/2026/lcgjikao/2026_02_02/01-5399-2697.jpg,,,,4,Thông tin doanh nghiệp,/thong-tin-doanh-nghiep/,"BMI,C4G,DL1,FPT,GCF,GMD,HUT,IDC,ITD,MBB,MWG,PAC,PC1,PVD,PVS,SHB,SIP,STH,TIP,TV2,VGT"
BMI,384712,"Doanh thu cả năm vượt 37.000 tỷ đồng, Tasco (HUT) báo lãi gấp 2 lần năm trước",,"(ĐTCK) Năm 2025, Công ty Cổ phần Tasco (HNX: HUT) ghi nhận doanh thu 37.000 tỷ đồng, lợi nhuận sau thuế hơn 623 tỷ đồng, gấp 2 lần năm trước và cao nhất trong lịch sử hoạt động.",1770019201,2026-02-02 15:00:01,1770000938,2026-02-02 09:55:38,https://www.tinnhanhchungkhoan.vn/doanh-thu-ca-nam-vuot-37000-ty-dong-tasco-hut-bao-lai-gap-2-lan-nam-truoc-post384712.html,/doanh-thu-ca-nam-vuot-37000-ty-dong-tasco-hut-bao-lai-gap-2-lan-nam-truoc-post384712.html,https://image.tinnhanhchungkhoan.vn/w200/Uploaded/2026/xpwvotiv/2026_02_02/tasco-5092-7931.jpg,,,,4,Thông tin doanh nghiệp,/thong-tin-doanh-nghiep/,"BMI,C4G,DL1,FPT,GCF,GMD,HUT,IDC,ITD,MBB,MWG,PAC,PC1,PVD,PVS,SHB,SIP,STH,TIP,TV2,VGT"
BMI,384740,Quốc Cường Gia Lai (QCG) lãi đột biến quý IV/2025 nhờ thanh lý các khoản đầu tư,,"(ĐTCK) CTCP Quốc Cường Gia Lai (mã QCG - sàn HOSE) ghi nhận lãi 137,22 tỷ đồng trong quý IV, lũy kế năm 2025 lãi 171,28 tỷ đồng, tăng 109% so với năm 2024 và không hoàn thành kế hoạch năm.",1770016785,2026-02-02 14:19:45,1770016785,2026-02-02 14:19:45,https://www.tinnhanhchungkhoan.vn/quoc-cuong-gia-lai-qcg-lai-dot-bien-quy-iv2025-nho-thanh-ly-cac-khoan-dau-tu-post384740.html,/quoc-cuong-gia-lai-qcg-lai-dot-bien-quy-iv2025-nho-thanh-ly-cac-khoan-dau-tu-post384740.html,https://image.tinnhanhchungkhoan.vn/w200/Uploaded/2026/lcgjikao/2026_02_02/01-5700-5016.jpg,,,,4,Thông tin doanh nghiệp,/thong-tin-doanh-nghiep/,"BMI,C4G,DL1,FPT,GCF,GMD,HUT,IDC,ITD,MBB,MWG,PAC,PC1,PVD,PVS,SHB,SIP,STH,TIP,TV2,VGT"
BMI,384739,"Thuỷ điện Vĩnh Sơn - Sông Hinh (VSH) chốt quyền nhận cổ tức 10%, dự kiến họp ĐHCĐ 2026 cuối tháng 3",,"(ĐTCK) CTCP Thuỷ điện Vĩnh Sơn - Sông Hinh (mã VSH) mới thông báo, ngày 23/02 tới đây sẽ chốt danh sách cổ đông nhận cổ tức đợt 3/2025 và tham dự đại hội cổ đông năm 2026.",1770016761,2026-02-02 14:19:21,1770016761,2026-02-02 14:19:21,https://www.tinnhanhchungkhoan.vn/thuy-dien-vinh-son-song-hinh-vsh-chot-quyen-nhan-co-tuc-10-du-kien-hop-dhcd-2026-cuoi-thang-3-post384739.html,/thuy-dien-vinh-son-song-hinh-vsh-chot-quyen-nhan-co-tuc-10-du-kien-hop-dhcd-2026-cuoi-thang-3-post384739.html,https://image.tinnhanhchungkhoan.vn/w200/Uploaded/2026/xvrhgenatpx97/2024_10_24/vsh-8946.jpeg,,,,4,Thông tin doanh nghiệp,/thong-tin-doanh-nghiep/,"BMI,C4G,DL1,FPT,GCF,GMD,HUT,IDC,ITD,MBB,MWG,PAC,PC1,PVD,PVS,SHB,SIP,STH,TIP,TV2,VGT"
BMI,384741,VPS (VCK) được VASB vinh danh công ty chứng khoán đạt điểm thực hành ESG cao nhất,,"(ĐTCK) Công ty cổ phần Chứng khoán VPS (mã chứng khoán VCK) là một trong hai công ty chứng khoán được xếp hạng cao nhất trong chương trình chấm điểm thực hành ESG do Hiệp hội Chứng khoán Việt Nam (VASB) tổ chức, khẳng định cam kết mạnh mẽ của doanh nghiệp đối với phát triển bền vững theo chuẩn mực quốc tế.",1770016630,2026-02-02 14:17:10,1770343895,2026-02-06 09:11:35,https://www.tinnhanhchungkhoan.vn/vps-vck-duoc-vasb-vinh-danh-cong-ty-chung-khoan-dat-diem-thuc-hanh-esg-cao-nhat-post384741.html,/vps-vck-duoc-vasb-vinh-danh-cong-ty-chung-khoan-dat-diem-thuc-hanh-esg-cao-nhat-post384741.html,https://image.tinnhanhchungkhoan.vn/w200/Uploaded/2026/ipuokbf/2026_02_06/800x500-8825-6213.png,,,,4,Thông tin doanh nghiệp,/thong-tin-doanh-nghiep/,"BMI,C4G,DL1,FPT,GCF,GMD,HUT,IDC,ITD,MBB,MWG,PAC,PC1,PVD,PVS,SHB,SIP,STH,TIP,TV2,VGT"
BMI,384738,"Doanh thu năm 2025 của Vinamilk (VNM) đạt 63.724 tỷ đồng, cao nhất lịch sử Công ty",,"(ĐTCK)Tổng doanh thu hợp nhất quý IV/2025 của Công ty cổ phần Sữa Việt Nam (Vinamilk - mã VNM) đạt 17.045 tỷ đồng, tiếp tục lập đỉnh mới, tăng 10,1% so với cùng kỳ.",1770016538,2026-02-02 14:15:38,1770016538,2026-02-02 14:15:38,https://www.tinnhanhchungkhoan.vn/doanh-thu-nam-2025-cua-vinamilk-vnm-dat-63724-ty-dong-cao-nhat-lich-su-cong-ty-post384738.html,/doanh-thu-nam-2025-cua-vinamilk-vnm-dat-63724-ty-dong-cao-nhat-lich-su-cong-ty-post384738.html,https://image.tinnhanhchungkhoan.vn/w200/Uploaded/2026/unvjshu/2026_02_02/vnm-1723-4621.jpg,Đẩy mạnh các hoạt động xúc tiến thương mại giúp Vinamilk nâng cao hình ảnh và vị thế thương hiệu trên thị trường quốc tế. Ảnh: Vi Nam,,,4,Thông tin doanh nghiệp,/thong-tin-doanh-nghiep/,"BMI,C4G,DL1,FPT,GCF,GMD,HUT,IDC,ITD,MBB,MWG,PAC,PC1,PVD,PVS,SHB,SIP,STH,TIP,TV2,VGT"
BMI,384726,"Địa ốc Hoàng Quân (HQC) thoát lỗ quý IV/2025 nhờ hoạt động tài chính, thu hồi công nợ và hoàn nhập dự phòng",,"(ĐTCK) CTCP Tư vấn Thương mại Dịch vụ Địa ốc Hoàng Quân (mã HQC - sàn HOSE) ghi nhận lãi 55,08 tỷ đồng trong quý IV, luỹ kế cả năm 2025 lãi 73,21 tỷ đồng, tăng trưởng 116,8% và hoàn thành 104,6% kế hoạch năm.",1770006229,2026-02-02 11:23:49,1770006229,2026-02-02 11:23:49,https://www.tinnhanhchungkhoan.vn/dia-oc-hoang-quan-hqc-thoat-lo-quy-iv2025-nho-hoat-dong-tai-chinh-thu-hoi-cong-no-va-hoan-nhap-du-phong-post384726.html,/dia-oc-hoang-quan-hqc-thoat-lo-quy-iv2025-nho-hoat-dong-tai-chinh-thu-hoi-cong-no-va-hoan-nhap-du-phong-post384726.html,https://image.tinnhanhchungkhoan.vn/w200/Uploaded/2026/lcgjikao/2026_02_02/01-2382-9002.jpg,,,,4,Thông tin doanh nghiệp,/thong-tin-doanh-nghiep/,"BMI,C4G,DL1,FPT,GCF,GMD,HUT,IDC,ITD,MBB,MWG,PAC,PC1,PVD,PVS,SHB,SIP,STH,TIP,TV2,VGT"
BMI,384713,"Vietbank (VBB) đạt 1.532 tỷ đồng lợi nhuận trước thuế năm 2025, chuẩn bị niêm yết sàn HOSE",,"(ĐTCK) Năm 2025, Ngân hàng TMCP Việt Nam Thương Tín (Vietbank, mã chứng khoán VBB) ghi nhận lợi nhuận trước thuế hợp nhất đạt 1.532 tỷ đồng, tăng 35% so với năm 2024.",1769997537,2026-02-02 08:58:57,1769997537,2026-02-02 08:58:57,https://www.tinnhanhchungkhoan.vn/vietbank-vbb-dat-1532-ty-dong-loi-nhuan-truoc-thue-nam-2025-chuan-bi-niem-yet-san-hose-post384713.html,/vietbank-vbb-dat-1532-ty-dong-loi-nhuan-truoc-thue-nam-2025-chuan-bi-niem-yet-san-hose-post384713.html,https://image.tinnhanhchungkhoan.vn/w200/Uploaded/2026/bpcgdqvp/2023_09_20/vietbank-527.jpg,,,,4,Thông tin doanh nghiệp,/thong-tin-doanh-nghiep/,"BMI,C4G,DL1,FPT,GCF,GMD,HUT,IDC,ITD,MBB,MWG,PAC,PC1,PVD,PVS,SHB,SIP,STH,TIP,TV2,VGT"
BMI,384684,Đầu tư Thương mại SMC (SMC) ghi nhận lãi đột biến trở lại trong quý IV/2025 nhờ thanh lý tài sản và hoàn nhập dự phòng,,"(ĐTCK) Công ty cổ phần Đầu tư Thương mại SMC (mã SMC - sàn HOSE) ghi nhận lãi 343,95 tỷ đồng trong quý IV, luỹ kế cả năm 2025 lãi 185,07 tỷ đồng và hoàn thành tới 616,9% kế hoạch năm.",1769990120,2026-02-02 06:55:20,1769961336,2026-02-01 22:55:36,https://www.tinnhanhchungkhoan.vn/dau-tu-thuong-mai-smc-smc-ghi-nhan-lai-dot-bien-tro-lai-trong-quy-iv2025-nho-thanh-ly-tai-san-va-hoan-nhap-du-phong-post384684.html,/dau-tu-thuong-mai-smc-smc-ghi-nhan-lai-dot-bien-tro-lai-trong-quy-iv2025-nho-thanh-ly-tai-san-va-hoan-nhap-du-phong-post384684.html,https://image.tinnhanhchungkhoan.vn/w200/Uploaded/2026/lcgjikao/2026_02_01/01-150-4789.jpg,,,,4,Thông tin doanh nghiệp,/thong-tin-doanh-nghiep/,"BMI,C4G,DL1,FPT,GCF,GMD,HUT,IDC,ITD,MBB,MWG,PAC,PC1,PVD,PVS,SHB,SIP,STH,TIP,TV2,VGT"
BMI,384666,"Lợi nhuận Hoa Sen (HSG) giảm 62,3% trong quý I niên độ tài chính 2025 - 2026",,(ĐTCK) Công ty cổ phần Tập đoàn Hoa Sen (mã HSG - sàn HOSE) ghi nhận doanh thu và lợi nhuận đi lùi trong quý I niên độ tài chính 2025 – 2026 và có dấu hiệu tăng trích trữ tồn kho.,1769916063,2026-02-01 10:21:03,1769916063,2026-02-01 10:21:03,https://www.tinnhanhchungkhoan.vn/loi-nhuan-hoa-sen-hsg-giam-623-trong-quy-i-nien-do-tai-chinh-2025-2026-post384666.html,/loi-nhuan-hoa-sen-hsg-giam-623-trong-quy-i-nien-do-tai-chinh-2025-2026-post384666.html,https://image.tinnhanhchungkhoan.vn/w200/Uploaded/2026/lcgjikao/2026_02_01/01-8398-4117.jpg,,,,4,Thông tin doanh nghiệp,/thong-tin-doanh-nghiep/,"BMI,C4G,DL1,FPT,GCF,GMD,HUT,IDC,ITD,MBB,MWG,PAC,PC1,PVD,PVS,SHB,SIP,STH,TIP,TV2,VGT"
BMI,384656,"Thép Nam Kim (NKG) lỗ 9,34 tỷ đồng trong quý IV/2025, đánh dấu lỗ trở lại sau 10 quý",,"(ĐTCK) CTCP Thép Nam Kim (mã NKG - sàn HOSE) ghi nhận lỗ 9,34 tỷ đồng trong quý IV, luỹ kế năm 2025 lãi 197,19 tỷ đồng, giảm 56,55% và không hoàn thành kế hoạch năm.",1769915573,2026-02-01 10:12:53,1769915573,2026-02-01 10:12:53,https://www.tinnhanhchungkhoan.vn/thep-nam-kim-nkg-lo-934-ty-dong-trong-quy-iv2025-danh-dau-lo-tro-lai-sau-10-quy-post384656.html,/thep-nam-kim-nkg-lo-934-ty-dong-trong-quy-iv2025-danh-dau-lo-tro-lai-sau-10-quy-post384656.html,https://image.tinnhanhchungkhoan.vn/w200/Uploaded/2026/lcgjikao/2026_02_01/01-3530-7692.jpg,,,,4,Thông tin doanh nghiệp,/thong-tin-doanh-nghiep/,"BMI,C4G,DL1,FPT,GCF,GMD,HUT,IDC,ITD,MBB,MWG,PAC,PC1,PVD,PVS,SHB,SIP,STH,TIP,TV2,VGT"
BMI,384655,L40 đấu giá thành công quyền khai thác 415.000 m3 cát tại Quảng Nam,,"(ĐTCK) CTCP Đầu tư và Xây dựng 40 (L40) đã đấu giá thành công quyền khai thác bãi cát tại dự án nạo vét khơi thông dòng sông Cổ Cò (phường Điện Bàn Đông, Thành phố Đà Nẵng) với giá trúng đấu giá gần 60 tỷ đồng. Dự kiến L40 sẽ gia tăng lợi nhuận mảng vật liệu xây dựng năm 2026.",1769909966,2026-02-01 08:39:26,1769909966,2026-02-01 08:39:26,https://www.tinnhanhchungkhoan.vn/l40-dau-gia-thanh-cong-quyen-khai-thac-415000-m3-cat-tai-quang-nam-post384655.html,/l40-dau-gia-thanh-cong-quyen-khai-thac-415000-m3-cat-tai-quang-nam-post384655.html,https://image.tinnhanhchungkhoan.vn/w200/Uploaded/2026/ipuokbf/2026_02_01/song-co-co-copy-8566-1916.jpg,,,,4,Thông tin doanh nghiệp,/thong-tin-doanh-nghiep/,"BMI,C4G,DL1,FPT,GCF,GMD,HUT,IDC,ITD,MBB,MWG,PAC,PC1,PVD,PVS,SHB,SIP,STH,TIP,TV2,VGT"
BMI,384654,"Gilimex (GIL) ghi nhận dòng tiền âm kỷ lục 677,5 tỷ đồng trong năm 2025",,"(ĐTCK) CTCP Sản xuất Kinh doanh Xuất nhập khẩu Bình Thạnh (Gilimex, mã GIL - sàn HOSE) ghi nhận lãi 138,19 tỷ đồng trong quý IV, luỹ kế cả năm 2025 lãi 35,64 tỷ đồng, tăng 29% so với cùng kỳ và chỉ đạt 23,8% kế hoạch năm.",1769909653,2026-02-01 08:34:13,1769909653,2026-02-01 08:34:13,https://www.tinnhanhchungkhoan.vn/gilimex-gil-ghi-nhan-dong-tien-am-ky-luc-6775-ty-dong-trong-nam-2025-post384654.html,/gilimex-gil-ghi-nhan-dong-tien-am-ky-luc-6775-ty-dong-trong-nam-2025-post384654.html,https://image.tinnhanhchungkhoan.vn/w200/Uploaded/2026/lcgjikao/2026_01_31/01-3473-8010.jpg,,,,4,Thông tin doanh nghiệp,/thong-tin-doanh-nghiep/,"BMI,C4G,DL1,FPT,GCF,GMD,HUT,IDC,ITD,MBB,MWG,PAC,PC1,PVD,PVS,SHB,SIP,STH,TIP,TV2,VGT"
BMI,384648,Văn Phú (VPI) vượt chỉ tiêu lợi nhuận năm 2025,,"(ĐTCK) Dòng tiền thu được từ các dự án gồm Vlasta - Thủy Nguyên (Hải Phòng), Yên Phong (Bắc Ninh), TT39-40 (Hà Nội) , Dự án Song Khê - Nội Hoàng - (Bắc Ninh) giúp Công ty cổ phần Phát triển bất động sản Văn Phú (mã chứng khoán: VPI) kết thúc quý IV/2025 với lợi nhuận sau thuế ở mức 132 tỷ đồng, qua đó, thực hiện 112% chỉ tiêu lợi nhuận năm 2025 đã được các cổ đông thông qua tại cuộc họp ĐHĐCĐ thường niên.",1769837990,2026-01-31 12:39:50,1769837990,2026-01-31 12:39:50,https://www.tinnhanhchungkhoan.vn/van-phu-vpi-vuot-chi-tieu-loi-nhuan-nam-2025-post384648.html,/van-phu-vpi-vuot-chi-tieu-loi-nhuan-nam-2025-post384648.html,https://image.tinnhanhchungkhoan.vn/w200/Uploaded/2026/ipuokbf/2026_01_31/vpi-vlasta-phu-thuan-2958-8443.jpg,Dự án Vlasta Premier – Phú Thuận,,,4,Thông tin doanh nghiệp,/thong-tin-doanh-nghiep/,"BMI,C4G,DL1,FPT,GCF,GMD,HUT,IDC,ITD,MBB,MWG,PAC,PC1,PVD,PVS,SHB,SIP,STH,TIP,TV2,VGT"
BMI,384635,"Vinasun (VNS): Lợi nhuận năm 2025 đạt hơn 38 tỷ đồng, giảm 54,5%",,"(ĐTCK) Công ty cổ phần Ánh Dương Việt Nam (Vinasun, mã VNS - sàn HOSE) ghi nhận lãi 4,94 tỷ đồng trong quý IV, luỹ kế năm 2025 lãi 38,29 tỷ đồng, giảm 54,5% so với cùng kỳ và chỉ hoàn thành 71,4% kế hoạch năm.",1769825682,2026-01-31 09:14:42,1769825682,2026-01-31 09:14:42,https://www.tinnhanhchungkhoan.vn/vinasun-vns-loi-nhuan-nam-2025-dat-hon-38-ty-dong-giam-545-post384635.html,/vinasun-vns-loi-nhuan-nam-2025-dat-hon-38-ty-dong-giam-545-post384635.html,https://image.tinnhanhchungkhoan.vn/w200/Uploaded/2026/lcgjikao/2026_01_31/01-5716-1382.jpg,,,,4,Thông tin doanh nghiệp,/thong-tin-doanh-nghiep/,"BMI,C4G,DL1,FPT,GCF,GMD,HUT,IDC,ITD,MBB,MWG,PAC,PC1,PVD,PVS,SHB,SIP,STH,TIP,TV2,VGT"
BMI,384631,DIC Corp (DIG): Lãi đột biến quý IV/2025 nhờ bán một phần dự án Đại Phước,,"(ĐTCK) Tổng CTCP Đầu tư Phát triển Xây dựng (DIC Corp, mã DIG - sàn HOSE) ghi nhận lãi 423,99 tỷ đồng trong quý IV, luỹ kế năm 2025 lãi 623,95 tỷ đồng, tăng 509,2% so với cùng kỳ.",1769817644,2026-01-31 07:00:44,1769789831,2026-01-30 23:17:11,https://www.tinnhanhchungkhoan.vn/dic-corp-dig-lai-dot-bien-quy-iv2025-nho-ban-mot-phan-du-an-dai-phuoc-post384631.html,/dic-corp-dig-lai-dot-bien-quy-iv2025-nho-ban-mot-phan-du-an-dai-phuoc-post384631.html,https://image.tinnhanhchungkhoan.vn/w200/Uploaded/2026/lcgjikao/2026_01_30/01-5560-947.jpg,,,,4,Thông tin doanh nghiệp,/thong-tin-doanh-nghiep/,"BMI,C4G,DL1,FPT,GCF,GMD,HUT,IDC,ITD,MBB,MWG,PAC,PC1,PVD,PVS,SHB,SIP,STH,TIP,TV2,VGT"
BMI,384633,"Năm 2025, YeaH1 (YEG) ghi nhận lợi nhuận sau thuế đạt 80,3 tỷ đồng",,"(ĐTCK) Trước nhiều biến động của thị trường chung năm 2025, YeaH1 ghi nhận doanh thu thuần đạt 1.653 tỷ đồng, tăng 61% so với cùng kỳ và vượt 27% so với kế hoạch năm.",1769816733,2026-01-31 06:45:33,1769789740,2026-01-30 23:15:40,https://www.tinnhanhchungkhoan.vn/nam-2025-yeah1-yeg-ghi-nhan-loi-nhuan-sau-thue-dat-803-ty-dong-post384633.html,/nam-2025-yeah1-yeg-ghi-nhan-loi-nhuan-sau-thue-dat-803-ty-dong-post384633.html,https://image.tinnhanhchungkhoan.vn/w200/Uploaded/2026/bpcpcwvo/2026_01_30/yeg-concert-5715-7796.png,,,,4,Thông tin doanh nghiệp,/thong-tin-doanh-nghiep/,"BMI,C4G,DL1,FPT,GCF,GMD,HUT,IDC,ITD,MBB,MWG,PAC,PC1,PVD,PVS,SHB,SIP,STH,TIP,TV2,VGT"
BMI,384629,Eximbank (EIB) báo lãi trước thuế hơn 1.500 tỷ đồng trong năm 2025,,"(ĐTCK) Tổng lợi nhuận trước thuế của Eximbank trong năm 2025 đạt 1.511,7 tỷ đồng, chỉ đạt 29,12% kế hoạch năm.",1769771854,2026-01-30 18:17:34,1769779108,2026-01-30 20:18:28,https://www.tinnhanhchungkhoan.vn/eximbank-eib-bao-lai-truoc-thue-hon-1500-ty-dong-trong-nam-2025-post384629.html,/eximbank-eib-bao-lai-truoc-thue-hon-1500-ty-dong-trong-nam-2025-post384629.html,https://image.tinnhanhchungkhoan.vn/w200/Uploaded/2026/bpcgdqvp/2026_01_30/eib-594-5150.jpg,,,,4,Thông tin doanh nghiệp,/thong-tin-doanh-nghiep/,"BMI,C4G,DL1,FPT,GCF,GMD,HUT,IDC,ITD,MBB,MWG,PAC,PC1,PVD,PVS,SHB,SIP,STH,TIP,TV2,VGT"
BMI,384628,"Giữa “tâm bão” ngành chăn nuôi, BAF nỗ lực giữ biên lợi nhuận",,"(ĐTCK) Giữa bối cảnh giá lợn hơi lao dốc, BAF Việt Nam nổi bật với chiến lược tối ưu chi phí sản xuất, giá vốn giảm 14,2% tương đương khoảng 700 tỷ đồng, giúp lợi nhuận gộp giữ đà tăng 14,7%. Song song, doanh nghiệp chủ động mở rộng quy mô, đẩy nhanh tiến độ dự án chăn nuôi công nghệ cao nhà cao tầng và tập trung nghiên cứu, lai tạo giống heo năng suất cao, tăng sức chống chịu dịch bệnh, tạo nền tảng bứt phá cho giai đoạn 2026 - 2030.",1769769063,2026-01-30 17:31:03,1769769063,2026-01-30 17:31:03,https://www.tinnhanhchungkhoan.vn/giua-tam-bao-nganh-chan-nuoi-baf-no-luc-giu-bien-loi-nhuan-post384628.html,/giua-tam-bao-nganh-chan-nuoi-baf-no-luc-giu-bien-loi-nhuan-post384628.html,https://image.tinnhanhchungkhoan.vn/w200/Uploaded/2026/bpikpjik/2026_01_30/baf-9294-5858.jpg,,,,4,Thông tin doanh nghiệp,/thong-tin-doanh-nghiep/,"BMI,C4G,DL1,FPT,GCF,GMD,HUT,IDC,ITD,MBB,MWG,PAC,PC1,PVD,PVS,SHB,SIP,STH,TIP,TV2,VGT"
BMI,384618,"Khang Điền (KDH): Lợi nhuận 2025 vượt 63% kế hoạch, đạt hơn 1.633 tỷ đồng, mở rộng tăng trưởng trong 2026",,"(ĐTCK) Công ty cổ phần Đầu tư và Kinh doanh Nhà Khang Điền (mã chứng khoán KDH) vừa công bố báo cáo tài chính năm 2025, ghi nhận doanh thu hợp nhất tăng trưởng 16% và lợi nhuận sau thuế tăng gấp đôi so với cùng kỳ năm, vượt xa kế hoạch đề ra.",1769768553,2026-01-30 17:22:33,1769768553,2026-01-30 17:22:33,https://www.tinnhanhchungkhoan.vn/khang-dien-kdh-loi-nhuan-2025-vuot-63-ke-hoach-dat-hon-1633-ty-dong-mo-rong-tang-truong-trong-2026-post384618.html,/khang-dien-kdh-loi-nhuan-2025-vuot-63-ke-hoach-dat-hon-1633-ty-dong-mo-rong-tang-truong-trong-2026-post384618.html,https://image.tinnhanhchungkhoan.vn/w200/Uploaded/2026/djshp/2026_01_25/2-992-368.jpg,"Mới đây, Khang Điền đã động thổ khu cao tầng Gladia by the Waters gồm hơn 600 căn hộ, dự kiến bàn giao quý IV/2027.",,,4,Thông tin doanh nghiệp,/thong-tin-doanh-nghiep/,"BMI,C4G,DL1,FPT,GCF,GMD,HUT,IDC,ITD,MBB,MWG,PAC,PC1,PVD,PVS,SHB,SIP,STH,TIP,TV2,VGT"
BMI,384620,"TTC Land (SCR) đạt lợi nhuận sau thuế 67,38 tỷ đồng trong năm 2025",,"(ĐTCK) CTCP Địa ốc Sài Gòn Thương Tín (TTC Land, mã SCR - sàn HOSE) ghi nhận lợi nhuận sau thuế 33,47 tỷ đồng trong quý IV, luỹ kế năm 2025 lãi 67,38 tỷ đồng, tăng hơn 14,85 lần so với cùng kỳ.",1769763442,2026-01-30 15:57:22,1769763442,2026-01-30 15:57:22,https://www.tinnhanhchungkhoan.vn/ttc-land-scr-dat-loi-nhuan-sau-thue-6738-ty-dong-trong-nam-2025-post384620.html,/ttc-land-scr-dat-loi-nhuan-sau-thue-6738-ty-dong-trong-nam-2025-post384620.html,https://image.tinnhanhchungkhoan.vn/w200/Uploaded/2026/lcgjikao/2026_01_30/01-8713-3228.jpeg,,,,4,Thông tin doanh nghiệp,/thong-tin-doanh-nghiep/,"BMI,C4G,DL1,FPT,GCF,GMD,HUT,IDC,ITD,MBB,MWG,PAC,PC1,PVD,PVS,SHB,SIP,STH,TIP,TV2,VGT"
BMI,384615,"Lợi nhuận trước thuế năm 2025 của OCB đạt 5.046 tỷ đồng, tăng gần 26%",,"(ĐTCK) Theo báo cáo tài chính quý IV vừa được Ngân hàng Phương Đông (mã CK: OCB) công bố, lợi nhuận trước thuế năm 2025 đạt mức 5.046 tỷ đồng, tăng 25,9% so với năm 2024.",1769762805,2026-01-30 15:46:45,1769768157,2026-01-30 17:15:57,https://www.tinnhanhchungkhoan.vn/loi-nhuan-truoc-thue-nam-2025-cua-ocb-dat-5046-ty-dong-tang-gan-26-post384615.html,/loi-nhuan-truoc-thue-nam-2025-cua-ocb-dat-5046-ty-dong-tang-gan-26-post384615.html,https://image.tinnhanhchungkhoan.vn/w200/Uploaded/2026/bpcgdqvp/2024_01_30/ocb-3903.jpg,,,,4,Thông tin doanh nghiệp,/thong-tin-doanh-nghiep/,"BMI,C4G,DL1,FPT,GCF,GMD,HUT,IDC,ITD,MBB,MWG,PAC,PC1,PVD,PVS,SHB,SIP,STH,TIP,TV2,VGT"
BMI,384614,Hạ tầng GELEX (GEL) phê duyệt khoản vay 200 triệu USD vốn quốc tế,,"(ĐTCK) CTCP Hạ tầng GELEX (mã GEL - sàn HOSE) vừa công bố nghị quyết hội đồng quản trị về việc phê duyệt khoản vay nước ngoài trị giá 200 triệu USD, trong đó HSBC đóng vai trò là ngân hàng thu xếp chính duy nhất kiêm điều phối sổ.",1769762776,2026-01-30 15:46:16,1769779705,2026-01-30 20:28:25,https://www.tinnhanhchungkhoan.vn/ha-tang-gelex-gel-phe-duyet-khoan-vay-200-trieu-usd-von-quoc-te-post384614.html,/ha-tang-gelex-gel-phe-duyet-khoan-vay-200-trieu-usd-von-quoc-te-post384614.html,https://image.tinnhanhchungkhoan.vn/w200/Uploaded/2026/lcgjikao/2026_01_30/02-4078-873.jpg,Hạ tầng GELEX đã làm việc với hơn 30 ngân hàng và tổ chức tài chính tại Singapore và Đài Loan.,,,4,Thông tin doanh nghiệp,/thong-tin-doanh-nghiep/,"BMI,C4G,DL1,FPT,GCF,GMD,HUT,IDC,ITD,MBB,MWG,PAC,PC1,PVD,PVS,SHB,SIP,STH,TIP,TV2,VGT"
BMI,384613,"PTM lên kế hoạch chia cổ tức 30% bằng tiền, Haxaco (HAX) có thể nhận về gần 50 tỷ đồng",,"(ĐTCK) CTCP Sản xuất, Thương mại và Dịch vụ ô tô PTM (mã chứng khoán PTM) vừa có dự thảo tài liệu họp Đại hội đồng cổ đông thường niên 2026, trong đó có tờ trình phương án phân phối lợi nhuận năm 2025, chia cổ tức 30% bằng tiền mặt.",1769762727,2026-01-30 15:45:27,1769762727,2026-01-30 15:45:27,https://www.tinnhanhchungkhoan.vn/ptm-len-ke-hoach-chia-co-tuc-30-bang-tien-haxaco-hax-co-the-nhan-ve-gan-50-ty-dong-post384613.html,/ptm-len-ke-hoach-chia-co-tuc-30-bang-tien-haxaco-hax-co-the-nhan-ve-gan-50-ty-dong-post384613.html,https://image.tinnhanhchungkhoan.vn/w200/Uploaded/2026/wpxlcdjwi/2022_06_01/dien-bien-thi-truong-bat-loi-haxaco-hoan-tang-von-8721.jpg,Haxaco (HAX) sắp nhận gần 50 tỷ đồng tiền cổ tức từ PTM,,,4,Thông tin doanh nghiệp,/thong-tin-doanh-nghiep/,"BMI,C4G,DL1,FPT,GCF,GMD,HUT,IDC,ITD,MBB,MWG,PAC,PC1,PVD,PVS,SHB,SIP,STH,TIP,TV2,VGT"
BMI,384611,"Năm 2025, MSB đạt lợi nhuận trước thuế hợp nhất 7.058 tỷ đồng",,"(ĐTCK) Tại ngày 31/12/2025, tổng tài sản hợp nhất của Ngân hàng TMCP Hàng Hải Việt Nam (MSB - sàn HOSE) đạt gần 408 nghìn tỷ đồng, tăng 27,3% so với thời điểm đầu năm. Động lực chính của sự tăng trưởng quy mô đến từ hoạt động tín dụng.",1769762700,2026-01-30 15:45:00,1769762700,2026-01-30 15:45:00,https://www.tinnhanhchungkhoan.vn/nam-2025-msb-dat-loi-nhuan-truoc-thue-hop-nhat-7058-ty-dong-post384611.html,/nam-2025-msb-dat-loi-nhuan-truoc-thue-hop-nhat-7058-ty-dong-post384611.html,https://image.tinnhanhchungkhoan.vn/w200/Uploaded/2026/pwvolcvo/2026_01_30/msb-6-7064-2022.jpg,,,,4,Thông tin doanh nghiệp,/thong-tin-doanh-nghiep/,"BMI,C4G,DL1,FPT,GCF,GMD,HUT,IDC,ITD,MBB,MWG,PAC,PC1,PVD,PVS,SHB,SIP,STH,TIP,TV2,VGT"
C4G,384814,Dịch vụ Phân phối Tổng hợp Dầu khí (PSD) vượt 40% mục tiêu lợi nhuận 2025,,"(ĐTCK) Năm 2025, CTCP Dịch vụ Phân phối Tổng hợp Dầu khí (Petrosetco Distribution, mã PSD) ghi nhận 143,1 tỷ đồng lợi nhuận sau thuế, tăng 73% so với năm trước và vượt 40% mục tiêu năm.",1770108462,2026-02-03 15:47:42,1770108462,2026-02-03 15:47:42,https://www.tinnhanhchungkhoan.vn/dich-vu-phan-phoi-tong-hop-dau-khi-psd-vuot-40-muc-tieu-loi-nhuan-2025-post384814.html,/dich-vu-phan-phoi-tong-hop-dau-khi-psd-vuot-40-muc-tieu-loi-nhuan-2025-post384814.html,https://image.tinnhanhchungkhoan.vn/w200/Uploaded/2026/xvrhgenatpx97/2026_02_03/492389603-1269083815221635-1856212450220482697-n-8553-4165.jpg,,,,4,Thông tin doanh nghiệp,/thong-tin-doanh-nghiep/,"BMI,C4G,DL1,FPT,GCF,GMD,HUT,IDC,ITD,MBB,MWG,PAC,PC1,PVD,PVS,SHB,SIP,STH,TIP,TV2,VGT"
C4G,384815,"Becamex IDC (BCM) chia cổ tức 11% bằng tiền mặt, lợi nhuận 2025 vượt hơn 42% kế hoạch",,"(ĐTCK) Ngày 13/2 tới đây, Tập đoàn Đầu tư và Phát triển Công nghiệp Becamex - CTCP (Becamex IDC, mã BCM - sàn HOSE) vừa thông báo về việc chia cổ tức năm 2024.",1770108203,2026-02-03 15:43:23,1770108203,2026-02-03 15:43:23,https://www.tinnhanhchungkhoan.vn/becamex-idc-bcm-chia-co-tuc-11-bang-tien-mat-loi-nhuan-2025-vuot-hon-42-ke-hoach-post384815.html,/becamex-idc-bcm-chia-co-tuc-11-bang-tien-mat-loi-nhuan-2025-vuot-hon-42-ke-hoach-post384815.html,https://image.tinnhanhchungkhoan.vn/w200/Uploaded/2026/ipuokbf/2025_02_06/becamex-idc-bcm-2233-7213.jpg,,,,4,Thông tin doanh nghiệp,/thong-tin-doanh-nghiep/,"BMI,C4G,DL1,FPT,GCF,GMD,HUT,IDC,ITD,MBB,MWG,PAC,PC1,PVD,PVS,SHB,SIP,STH,TIP,TV2,VGT"
C4G,384807,"EVNGENCO3 (PGV): Lợi nhuận sau thuế vượt 3.700 tỷ đồng, định giá cổ phiếu về vùng hấp dẫn",,(ĐTCK) Lợi nhuận năm 2025 của EVNGENCO3 (PGV) xác lập kỷ lục mới. Dòng tiền cải thiện cùng tỷ lệ nợ vay liên tục giảm nhiều năm là nền tảng quan trọng cho EVNGENCO3 trong giai đoạn mở rộng đầu tư sắp tới.,1770104233,2026-02-03 14:37:13,1770104233,2026-02-03 14:37:13,https://www.tinnhanhchungkhoan.vn/evngenco3-pgv-loi-nhuan-sau-thue-vuot-3700-ty-dong-dinh-gia-co-phieu-ve-vung-hap-dan-post384807.html,/evngenco3-pgv-loi-nhuan-sau-thue-vuot-3700-ty-dong-dinh-gia-co-phieu-ve-vung-hap-dan-post384807.html,https://image.tinnhanhchungkhoan.vn/w200/Uploaded/2026/bpikpjik/2022_01_26/evngenco3-4286.jpg,,,,4,Thông tin doanh nghiệp,/thong-tin-doanh-nghiep/,"BMI,C4G,DL1,FPT,GCF,GMD,HUT,IDC,ITD,MBB,MWG,PAC,PC1,PVD,PVS,SHB,SIP,STH,TIP,TV2,VGT"
C4G,384804,Doanh thu Sao Ta (FMC) giảm 21% ngay tháng đầu năm 2026,,"(ĐTCK) CTCP Thực phẩm Sao Ta (FMC) công bố tình hình hoạt động hợp nhất tháng 01/2026 với doanh thu đạt 20,4 triệu USD, giảm 21% so với cùng kỳ năm trước.",1770102267,2026-02-03 14:04:27,1770102267,2026-02-03 14:04:27,https://www.tinnhanhchungkhoan.vn/doanh-thu-sao-ta-fmc-giam-21-ngay-thang-dau-nam-2026-post384804.html,/doanh-thu-sao-ta-fmc-giam-21-ngay-thang-dau-nam-2026-post384804.html,https://image.tinnhanhchungkhoan.vn/w200/Uploaded/2026/xvrhgenatpx97/2023_01_16/fmc-9473.jpg,,,,4,Thông tin doanh nghiệp,/thong-tin-doanh-nghiep/,"BMI,C4G,DL1,FPT,GCF,GMD,HUT,IDC,ITD,MBB,MWG,PAC,PC1,PVD,PVS,SHB,SIP,STH,TIP,TV2,VGT"
C4G,384802,"Quý IV/2025, lợi nhuận sau thuế của Đạt Phương (DPG) tăng 46%",,"(ĐTCK) Mới đây, CTCP Tập đoàn Đạt Phương (mã DPG) công bố báo cáo tài chính quý IV/2025 cho thấy sự cải thiện về quy mô doanh thu và lợi nhuận.",1770091215,2026-02-03 11:00:15,1770091215,2026-02-03 11:00:15,https://www.tinnhanhchungkhoan.vn/quy-iv2025-loi-nhuan-sau-thue-cua-dat-phuong-dpg-tang-46-post384802.html,/quy-iv2025-loi-nhuan-sau-thue-cua-dat-phuong-dpg-tang-46-post384802.html,https://image.tinnhanhchungkhoan.vn/w200/Uploaded/2026/gtnwae/2026_02_03/1-7741-8171.jpg,,,,4,Thông tin doanh nghiệp,/thong-tin-doanh-nghiep/,"BMI,C4G,DL1,FPT,GCF,GMD,HUT,IDC,ITD,MBB,MWG,PAC,PC1,PVD,PVS,SHB,SIP,STH,TIP,TV2,VGT"
C4G,384799,Lợi nhuận Tổng công ty Tín Nghĩa (TID) giảm tới 99% trong quý IV/2025 khi phải hoàn trả cho Tỉnh uỷ Đồng Nai,,"(ĐTCK) Tổng công ty Tín Nghĩa (mã TID - UPCoM) ghi nhận lãi 1,8 tỷ đồng trong quý IV, luỹ kế cả năm 2025 ghi nhận lãi 762,13 tỷ đồng, hoàn thành 113,4% so với kế hoạch năm.",1770090820,2026-02-03 10:53:40,1770090820,2026-02-03 10:53:40,https://www.tinnhanhchungkhoan.vn/loi-nhuan-tong-cong-ty-tin-nghia-tid-giam-toi-99-trong-quy-iv2025-khi-phai-hoan-tra-cho-tinh-uy-dong-nai-post384799.html,/loi-nhuan-tong-cong-ty-tin-nghia-tid-giam-toi-99-trong-quy-iv2025-khi-phai-hoan-tra-cho-tinh-uy-dong-nai-post384799.html,https://image.tinnhanhchungkhoan.vn/w200/Uploaded/2026/lcgjikao/2026_02_03/01-906-8353.jpeg,,,,4,Thông tin doanh nghiệp,/thong-tin-doanh-nghiep/,"BMI,C4G,DL1,FPT,GCF,GMD,HUT,IDC,ITD,MBB,MWG,PAC,PC1,PVD,PVS,SHB,SIP,STH,TIP,TV2,VGT"
C4G,384779,"Gỗ An Cường (ACG) ghi nhận dòng tiền kinh doanh âm kỷ lục 408,56 tỷ đồng trong năm 2025",,"(ĐTCK) CTCP Gỗ An Cường (mã ACG - sàn HOSE) ghi nhận lãi 145,54 tỷ đồng trong quý IV, luỹ kế năm 2025 ghi nhận lãi 503,75 tỷ đồng, tăng 19,9% so với cùng kỳ năm trước.",1770077256,2026-02-03 07:07:36,1770077256,2026-02-03 07:07:36,https://www.tinnhanhchungkhoan.vn/go-an-cuong-acg-ghi-nhan-dong-tien-kinh-doanh-am-ky-luc-40856-ty-dong-trong-nam-2025-post384779.html,/go-an-cuong-acg-ghi-nhan-dong-tien-kinh-doanh-am-ky-luc-40856-ty-dong-trong-nam-2025-post384779.html,https://image.tinnhanhchungkhoan.vn/w200/Uploaded/2026/lcgjikao/2026_02_02/01-8702-1876.jpg,,,,4,Thông tin doanh nghiệp,/thong-tin-doanh-nghiep/,"BMI,C4G,DL1,FPT,GCF,GMD,HUT,IDC,ITD,MBB,MWG,PAC,PC1,PVD,PVS,SHB,SIP,STH,TIP,TV2,VGT"
C4G,384776,Searefico (SRF) thoát lỗ quý IV/2025 nhờ thu nhập khác tăng đột biến,,"(ĐTCK) Công ty cổ phần Searefico (mã SRF - sàn HOSE) ghi nhận lãi 15,71 tỷ đồng trong quý IV, luỹ kế cả năm 2025 lãi 22,18 tỷ đồng và đạt 56,9% kế hoạch năm.",1770077020,2026-02-03 07:03:40,1770077020,2026-02-03 07:03:40,https://www.tinnhanhchungkhoan.vn/searefico-srf-thoat-lo-quy-iv2025-nho-thu-nhap-khac-tang-dot-bien-post384776.html,/searefico-srf-thoat-lo-quy-iv2025-nho-thu-nhap-khac-tang-dot-bien-post384776.html,https://image.tinnhanhchungkhoan.vn/w200/Uploaded/2026/lcgjikao/2026_02_02/01-2954-71.jpg,,,,4,Thông tin doanh nghiệp,/thong-tin-doanh-nghiep/,"BMI,C4G,DL1,FPT,GCF,GMD,HUT,IDC,ITD,MBB,MWG,PAC,PC1,PVD,PVS,SHB,SIP,STH,TIP,TV2,VGT"
C4G,384774,"Thép Pomina (POM) lỗ thêm 838,2 tỷ đồng năm 2025, vốn chủ sở hữu âm hơn 623,6 tỷ đồng",,"(ĐTCK) CTCP Thép Pomina (mã POM) vừa công bố báo cáo tài chính năm 2025 với khoản lỗ sau thuế 838,2 tỷ đồng, đánh dấu năm thứ 4 liên tiếp doanh nghiệp thua lỗ, qua đó nâng lỗ lũy kế lên 3.485 tỷ đồng và khiến vốn chủ sở hữu tại thời điểm cuối năm âm hơn 623,6 tỷ đồng",1770076822,2026-02-03 07:00:22,1770076822,2026-02-03 07:00:22,https://www.tinnhanhchungkhoan.vn/thep-pomina-pom-lo-them-8382-ty-dong-nam-2025-von-chu-so-huu-am-hon-6236-ty-dong-post384774.html,/thep-pomina-pom-lo-them-8382-ty-dong-nam-2025-von-chu-so-huu-am-hon-6236-ty-dong-post384774.html,https://image.tinnhanhchungkhoan.vn/w200/Uploaded/2026/xvrhgenatpx97/2024_08_21/pom-5603.jpeg,,,,4,Thông tin doanh nghiệp,/thong-tin-doanh-nghiep/,"BMI,C4G,DL1,FPT,GCF,GMD,HUT,IDC,ITD,MBB,MWG,PAC,PC1,PVD,PVS,SHB,SIP,STH,TIP,TV2,VGT"
C4G,384773,PV Drilling (PVD) vượt 98% mục tiêu lợi nhuận năm 2025,,"(ĐTCK) Năm 2025, PV Drilling mang về 1.050,5 tỷ đồng lãi ròng, tăng 50,5% so với kết quả thực hiện năm 2024 và vượt 98% mục tiêu lợi nhuận cả năm.",1770076674,2026-02-03 06:57:54,1770076674,2026-02-03 06:57:54,https://www.tinnhanhchungkhoan.vn/pv-drilling-pvd-vuot-98-muc-tieu-loi-nhuan-nam-2025-post384773.html,/pv-drilling-pvd-vuot-98-muc-tieu-loi-nhuan-nam-2025-post384773.html,https://image.tinnhanhchungkhoan.vn/w200/Uploaded/2026/xvrhgenatpx97/2023_04_24/pvd-1871.jpeg,,,,4,Thông tin doanh nghiệp,/thong-tin-doanh-nghiep/,"BMI,C4G,DL1,FPT,GCF,GMD,HUT,IDC,ITD,MBB,MWG,PAC,PC1,PVD,PVS,SHB,SIP,STH,TIP,TV2,VGT"
C4G,384775,MB (MBB) dự kiến cán mốc vốn hóa 10 tỷ USD vào năm 2027,,"(ĐTCK) So với giai đoạn đầu năm 2017, tổng vốn hoá của Ngân hàng TMCP Quân Đội (MB - mã chứng khoán MBB) đến nay đã ghi nhận tăng 9,9 lần (tương đương khoảng 8,5 tỷ USD). Ông Lưu Trung Thái, Chủ tịch HĐQT MB cho biết, với tốc độ tăng trưởng như hiện nay, dự kiến sang năm 2027, tổng giá trị vốn hoá của MB có thể cán đến mốc 10 tỷ USD.",1770076595,2026-02-03 06:56:35,1770076595,2026-02-03 06:56:35,https://www.tinnhanhchungkhoan.vn/mb-mbb-du-kien-can-moc-von-hoa-10-ty-usd-vao-nam-2027-post384775.html,/mb-mbb-du-kien-can-moc-von-hoa-10-ty-usd-vao-nam-2027-post384775.html,https://image.tinnhanhchungkhoan.vn/w200/Uploaded/2026/ngobgt/2026_02_02/img-3950-1125-6297.jpeg,"Ông Lưu Trung Thái, Chủ tịch HĐQT Ngân hàng TMCP Quân Đội (MB) chủ trì hội nghị Nhà đầu tư.",,,4,Thông tin doanh nghiệp,/thong-tin-doanh-nghiep/,"BMI,C4G,DL1,FPT,GCF,GMD,HUT,IDC,ITD,MBB,MWG,PAC,PC1,PVD,PVS,SHB,SIP,STH,TIP,TV2,VGT"
C4G,384768,Chiến lược Go Global đang từng bước đóng góp vào tăng trưởng dài hạn của Masan Consumer (MCH),,"(ĐTCK) Trong suốt năm 2025, doanh thu quốc tế của Masan Consumer (HOSE: MCH) duy trì đà tăng trưởng tích cực và tiếp tục cải thiện trong quý gần nhất. Theo báo cáo kết quả kinh doanh, riêng kênh kinh doanh quốc tế tăng trưởng gần 27% trong năm 2025. Diễn biến này cho thấy chiến lược Go Global đang bắt đầu tạo đóng góp thực tế, thay vì chỉ dừng ở định hướng dài hạn.",1770026991,2026-02-02 17:09:51,1770029550,2026-02-02 17:52:30,https://www.tinnhanhchungkhoan.vn/chien-luoc-go-global-dang-tung-buoc-dong-gop-vao-tang-truong-dai-han-cua-masan-consumer-mch-post384768.html,/chien-luoc-go-global-dang-tung-buoc-dong-gop-vao-tang-truong-dai-han-cua-masan-consumer-mch-post384768.html,https://image.tinnhanhchungkhoan.vn/w200/Uploaded/2026/bpikpjik/2026_02_02/thuc-pham-tuoi-ngon-phong-phu-tai-sieu-thi-winmart-4053-77.jpeg,,,,4,Thông tin doanh nghiệp,/thong-tin-doanh-nghiep/,"BMI,C4G,DL1,FPT,GCF,GMD,HUT,IDC,ITD,MBB,MWG,PAC,PC1,PVD,PVS,SHB,SIP,STH,TIP,TV2,VGT"
C4G,384769,OCH vượt kế hoạch doanh thu và lợi nhuận năm 2025,,"(ĐTCK) Công ty cổ phần One Capital Hospitality (HNX: OCH) ghi nhận doanh thu cả năm 2025 đạt 1.188 tỷ đồng, lợi nhuận trước thuế 135,6 tỷ đồng, vượt kế hoạch được Đại hội đồng cổ đông (ĐHĐCĐ) đề ra.",1770026945,2026-02-02 17:09:05,1770026945,2026-02-02 17:09:05,https://www.tinnhanhchungkhoan.vn/och-vuot-ke-hoach-doanh-thu-va-loi-nhuan-nam-2025-post384769.html,/och-vuot-ke-hoach-doanh-thu-va-loi-nhuan-nam-2025-post384769.html,https://image.tinnhanhchungkhoan.vn/w200/Uploaded/2026/cqjwqcqdh/2025_10_30/och-8280-9602.jpg,,,,4,Thông tin doanh nghiệp,/thong-tin-doanh-nghiep/,"BMI,C4G,DL1,FPT,GCF,GMD,HUT,IDC,ITD,MBB,MWG,PAC,PC1,PVD,PVS,SHB,SIP,STH,TIP,TV2,VGT"
C4G,384765,"Cơ điện lạnh (REE) tạm ứng cổ tức 10% bằng tiền, lên lịch ĐHCĐ thường niên năm tài chính 2025",,"(ĐTCK) HĐQT CTCP Cơ điện lạnh (REE – sàn HOSE) vừa thông qua, ngày 27/2 tới đây sẽ thực hiện chốt danh sách cổ đông để tổ chức ĐHCĐ thường niên năm tài chính 2025 và tạm ứng cổ tức năm 2025.",1770026245,2026-02-02 16:57:25,1770026691,2026-02-02 17:04:51,https://www.tinnhanhchungkhoan.vn/co-dien-lanh-ree-tam-ung-co-tuc-10-bang-tien-len-lich-dhcd-thuong-nien-nam-tai-chinh-2025-post384765.html,/co-dien-lanh-ree-tam-ung-co-tuc-10-bang-tien-len-lich-dhcd-thuong-nien-nam-tai-chinh-2025-post384765.html,https://image.tinnhanhchungkhoan.vn/w200/Uploaded/2026/pigo/2020_09_30/cong-ty-co-phan-co-dien-lanh-bom-no-cham-trong-dau-tu-tai-chinh1590080990-3682.jpg,,,,4,Thông tin doanh nghiệp,/thong-tin-doanh-nghiep/,"BMI,C4G,DL1,FPT,GCF,GMD,HUT,IDC,ITD,MBB,MWG,PAC,PC1,PVD,PVS,SHB,SIP,STH,TIP,TV2,VGT"
C4G,384761,Vietbank (VBB): Bổ nhiệm Quyền Tổng giám đốc và một Phó tổng giám đốc,,"(ĐTCK) Ngân hàng TMCP Việt Nam Thương Tín (Vietbank, mã chứng khoán: VBB) vừa công bố quyết định kiện toàn nhân sự lãnh đạo cấp cao.",1770023282,2026-02-02 16:08:02,1770023282,2026-02-02 16:08:02,https://www.tinnhanhchungkhoan.vn/vietbank-vbb-bo-nhiem-quyen-tong-giam-doc-va-mot-pho-tong-giam-doc-post384761.html,/vietbank-vbb-bo-nhiem-quyen-tong-giam-doc-va-mot-pho-tong-giam-doc-post384761.html,https://image.tinnhanhchungkhoan.vn/w200/Uploaded/2026/bpcgdqvp/2026_02_02/vb2-3335-3688.jpg,Hội đồng Quản trị trao quyết định bổ nhiệm cho ông Lê Thanh Quý Ngọc - Quyền Tổng giám đốc và bà Trần Thị Ngọc Lý - Phó tổng giám đốc Vietbank,,,4,Thông tin doanh nghiệp,/thong-tin-doanh-nghiep/,"BMI,C4G,DL1,FPT,GCF,GMD,HUT,IDC,ITD,MBB,MWG,PAC,PC1,PVD,PVS,SHB,SIP,STH,TIP,TV2,VGT"
C4G,384752,"CDC Construction (CCC): Dòng tiền kinh doanh âm kỷ lục 335,17 tỷ đồng trong 9 tháng đầu niên độ 2025 - 2026",,"(ĐTCK) Công ty cổ phần Xây dựng CDC (CDC Construction, mã CCC - sàn HOSE) ghi nhận lãi 9,67 tỷ đồng trong quý III, luỹ kế 9 tháng trong niên độ 2025 - 2026 ghi nhận lãi 30,31 tỷ đồng, tăng 3,8% so với cùng kỳ và hoàn thành 64,1% kế hoạch năm.",1770022404,2026-02-02 15:53:24,1770022404,2026-02-02 15:53:24,https://www.tinnhanhchungkhoan.vn/cdc-construction-ccc-dong-tien-kinh-doanh-am-ky-luc-33517-ty-dong-trong-9-thang-dau-nien-do-2025-2026-post384752.html,/cdc-construction-ccc-dong-tien-kinh-doanh-am-ky-luc-33517-ty-dong-trong-9-thang-dau-nien-do-2025-2026-post384752.html,https://image.tinnhanhchungkhoan.vn/w200/Uploaded/2026/lcgjikao/2026_02_02/01-5399-2697.jpg,,,,4,Thông tin doanh nghiệp,/thong-tin-doanh-nghiep/,"BMI,C4G,DL1,FPT,GCF,GMD,HUT,IDC,ITD,MBB,MWG,PAC,PC1,PVD,PVS,SHB,SIP,STH,TIP,TV2,VGT"
C4G,384712,"Doanh thu cả năm vượt 37.000 tỷ đồng, Tasco (HUT) báo lãi gấp 2 lần năm trước",,"(ĐTCK) Năm 2025, Công ty Cổ phần Tasco (HNX: HUT) ghi nhận doanh thu 37.000 tỷ đồng, lợi nhuận sau thuế hơn 623 tỷ đồng, gấp 2 lần năm trước và cao nhất trong lịch sử hoạt động.",1770019201,2026-02-02 15:00:01,1770000938,2026-02-02 09:55:38,https://www.tinnhanhchungkhoan.vn/doanh-thu-ca-nam-vuot-37000-ty-dong-tasco-hut-bao-lai-gap-2-lan-nam-truoc-post384712.html,/doanh-thu-ca-nam-vuot-37000-ty-dong-tasco-hut-bao-lai-gap-2-lan-nam-truoc-post384712.html,https://image.tinnhanhchungkhoan.vn/w200/Uploaded/2026/xpwvotiv/2026_02_02/tasco-5092-7931.jpg,,,,4,Thông tin doanh nghiệp,/thong-tin-doanh-nghiep/,"BMI,C4G,DL1,FPT,GCF,GMD,HUT,IDC,ITD,MBB,MWG,PAC,PC1,PVD,PVS,SHB,SIP,STH,TIP,TV2,VGT"
C4G,384740,Quốc Cường Gia Lai (QCG) lãi đột biến quý IV/2025 nhờ thanh lý các khoản đầu tư,,"(ĐTCK) CTCP Quốc Cường Gia Lai (mã QCG - sàn HOSE) ghi nhận lãi 137,22 tỷ đồng trong quý IV, lũy kế năm 2025 lãi 171,28 tỷ đồng, tăng 109% so với năm 2024 và không hoàn thành kế hoạch năm.",1770016785,2026-02-02 14:19:45,1770016785,2026-02-02 14:19:45,https://www.tinnhanhchungkhoan.vn/quoc-cuong-gia-lai-qcg-lai-dot-bien-quy-iv2025-nho-thanh-ly-cac-khoan-dau-tu-post384740.html,/quoc-cuong-gia-lai-qcg-lai-dot-bien-quy-iv2025-nho-thanh-ly-cac-khoan-dau-tu-post384740.html,https://image.tinnhanhchungkhoan.vn/w200/Uploaded/2026/lcgjikao/2026_02_02/01-5700-5016.jpg,,,,4,Thông tin doanh nghiệp,/thong-tin-doanh-nghiep/,"BMI,C4G,DL1,FPT,GCF,GMD,HUT,IDC,ITD,MBB,MWG,PAC,PC1,PVD,PVS,SHB,SIP,STH,TIP,TV2,VGT"
C4G,384739,"Thuỷ điện Vĩnh Sơn - Sông Hinh (VSH) chốt quyền nhận cổ tức 10%, dự kiến họp ĐHCĐ 2026 cuối tháng 3",,"(ĐTCK) CTCP Thuỷ điện Vĩnh Sơn - Sông Hinh (mã VSH) mới thông báo, ngày 23/02 tới đây sẽ chốt danh sách cổ đông nhận cổ tức đợt 3/2025 và tham dự đại hội cổ đông năm 2026.",1770016761,2026-02-02 14:19:21,1770016761,2026-02-02 14:19:21,https://www.tinnhanhchungkhoan.vn/thuy-dien-vinh-son-song-hinh-vsh-chot-quyen-nhan-co-tuc-10-du-kien-hop-dhcd-2026-cuoi-thang-3-post384739.html,/thuy-dien-vinh-son-song-hinh-vsh-chot-quyen-nhan-co-tuc-10-du-kien-hop-dhcd-2026-cuoi-thang-3-post384739.html,https://image.tinnhanhchungkhoan.vn/w200/Uploaded/2026/xvrhgenatpx97/2024_10_24/vsh-8946.jpeg,,,,4,Thông tin doanh nghiệp,/thong-tin-doanh-nghiep/,"BMI,C4G,DL1,FPT,GCF,GMD,HUT,IDC,ITD,MBB,MWG,PAC,PC1,PVD,PVS,SHB,SIP,STH,TIP,TV2,VGT"
C4G,384741,VPS (VCK) được VASB vinh danh công ty chứng khoán đạt điểm thực hành ESG cao nhất,,"(ĐTCK) Công ty cổ phần Chứng khoán VPS (mã chứng khoán VCK) là một trong hai công ty chứng khoán được xếp hạng cao nhất trong chương trình chấm điểm thực hành ESG do Hiệp hội Chứng khoán Việt Nam (VASB) tổ chức, khẳng định cam kết mạnh mẽ của doanh nghiệp đối với phát triển bền vững theo chuẩn mực quốc tế.",1770016630,2026-02-02 14:17:10,1770343895,2026-02-06 09:11:35,https://www.tinnhanhchungkhoan.vn/vps-vck-duoc-vasb-vinh-danh-cong-ty-chung-khoan-dat-diem-thuc-hanh-esg-cao-nhat-post384741.html,/vps-vck-duoc-vasb-vinh-danh-cong-ty-chung-khoan-dat-diem-thuc-hanh-esg-cao-nhat-post384741.html,https://image.tinnhanhchungkhoan.vn/w200/Uploaded/2026/ipuokbf/2026_02_06/800x500-8825-6213.png,,,,4,Thông tin doanh nghiệp,/thong-tin-doanh-nghiep/,"BMI,C4G,DL1,FPT,GCF,GMD,HUT,IDC,ITD,MBB,MWG,PAC,PC1,PVD,PVS,SHB,SIP,STH,TIP,TV2,VGT"
C4G,384738,"Doanh thu năm 2025 của Vinamilk (VNM) đạt 63.724 tỷ đồng, cao nhất lịch sử Công ty",,"(ĐTCK)Tổng doanh thu hợp nhất quý IV/2025 của Công ty cổ phần Sữa Việt Nam (Vinamilk - mã VNM) đạt 17.045 tỷ đồng, tiếp tục lập đỉnh mới, tăng 10,1% so với cùng kỳ.",1770016538,2026-02-02 14:15:38,1770016538,2026-02-02 14:15:38,https://www.tinnhanhchungkhoan.vn/doanh-thu-nam-2025-cua-vinamilk-vnm-dat-63724-ty-dong-cao-nhat-lich-su-cong-ty-post384738.html,/doanh-thu-nam-2025-cua-vinamilk-vnm-dat-63724-ty-dong-cao-nhat-lich-su-cong-ty-post384738.html,https://image.tinnhanhchungkhoan.vn/w200/Uploaded/2026/unvjshu/2026_02_02/vnm-1723-4621.jpg,Đẩy mạnh các hoạt động xúc tiến thương mại giúp Vinamilk nâng cao hình ảnh và vị thế thương hiệu trên thị trường quốc tế. Ảnh: Vi Nam,,,4,Thông tin doanh nghiệp,/thong-tin-doanh-nghiep/,"BMI,C4G,DL1,FPT,GCF,GMD,HUT,IDC,ITD,MBB,MWG,PAC,PC1,PVD,PVS,SHB,SIP,STH,TIP,TV2,VGT"
C4G,384726,"Địa ốc Hoàng Quân (HQC) thoát lỗ quý IV/2025 nhờ hoạt động tài chính, thu hồi công nợ và hoàn nhập dự phòng",,"(ĐTCK) CTCP Tư vấn Thương mại Dịch vụ Địa ốc Hoàng Quân (mã HQC - sàn HOSE) ghi nhận lãi 55,08 tỷ đồng trong quý IV, luỹ kế cả năm 2025 lãi 73,21 tỷ đồng, tăng trưởng 116,8% và hoàn thành 104,6% kế hoạch năm.",1770006229,2026-02-02 11:23:49,1770006229,2026-02-02 11:23:49,https://www.tinnhanhchungkhoan.vn/dia-oc-hoang-quan-hqc-thoat-lo-quy-iv2025-nho-hoat-dong-tai-chinh-thu-hoi-cong-no-va-hoan-nhap-du-phong-post384726.html,/dia-oc-hoang-quan-hqc-thoat-lo-quy-iv2025-nho-hoat-dong-tai-chinh-thu-hoi-cong-no-va-hoan-nhap-du-phong-post384726.html,https://image.tinnhanhchungkhoan.vn/w200/Uploaded/2026/lcgjikao/2026_02_02/01-2382-9002.jpg,,,,4,Thông tin doanh nghiệp,/thong-tin-doanh-nghiep/,"BMI,C4G,DL1,FPT,GCF,GMD,HUT,IDC,ITD,MBB,MWG,PAC,PC1,PVD,PVS,SHB,SIP,STH,TIP,TV2,VGT"
C4G,384713,"Vietbank (VBB) đạt 1.532 tỷ đồng lợi nhuận trước thuế năm 2025, chuẩn bị niêm yết sàn HOSE",,"(ĐTCK) Năm 2025, Ngân hàng TMCP Việt Nam Thương Tín (Vietbank, mã chứng khoán VBB) ghi nhận lợi nhuận trước thuế hợp nhất đạt 1.532 tỷ đồng, tăng 35% so với năm 2024.",1769997537,2026-02-02 08:58:57,1769997537,2026-02-02 08:58:57,https://www.tinnhanhchungkhoan.vn/vietbank-vbb-dat-1532-ty-dong-loi-nhuan-truoc-thue-nam-2025-chuan-bi-niem-yet-san-hose-post384713.html,/vietbank-vbb-dat-1532-ty-dong-loi-nhuan-truoc-thue-nam-2025-chuan-bi-niem-yet-san-hose-post384713.html,https://image.tinnhanhchungkhoan.vn/w200/Uploaded/2026/bpcgdqvp/2023_09_20/vietbank-527.jpg,,,,4,Thông tin doanh nghiệp,/thong-tin-doanh-nghiep/,"BMI,C4G,DL1,FPT,GCF,GMD,HUT,IDC,ITD,MBB,MWG,PAC,PC1,PVD,PVS,SHB,SIP,STH,TIP,TV2,VGT"
C4G,384684,Đầu tư Thương mại SMC (SMC) ghi nhận lãi đột biến trở lại trong quý IV/2025 nhờ thanh lý tài sản và hoàn nhập dự phòng,,"(ĐTCK) Công ty cổ phần Đầu tư Thương mại SMC (mã SMC - sàn HOSE) ghi nhận lãi 343,95 tỷ đồng trong quý IV, luỹ kế cả năm 2025 lãi 185,07 tỷ đồng và hoàn thành tới 616,9% kế hoạch năm.",1769990120,2026-02-02 06:55:20,1769961336,2026-02-01 22:55:36,https://www.tinnhanhchungkhoan.vn/dau-tu-thuong-mai-smc-smc-ghi-nhan-lai-dot-bien-tro-lai-trong-quy-iv2025-nho-thanh-ly-tai-san-va-hoan-nhap-du-phong-post384684.html,/dau-tu-thuong-mai-smc-smc-ghi-nhan-lai-dot-bien-tro-lai-trong-quy-iv2025-nho-thanh-ly-tai-san-va-hoan-nhap-du-phong-post384684.html,https://image.tinnhanhchungkhoan.vn/w200/Uploaded/2026/lcgjikao/2026_02_01/01-150-4789.jpg,,,,4,Thông tin doanh nghiệp,/thong-tin-doanh-nghiep/,"BMI,C4G,DL1,FPT,GCF,GMD,HUT,IDC,ITD,MBB,MWG,PAC,PC1,PVD,PVS,SHB,SIP,STH,TIP,TV2,VGT"
C4G,384666,"Lợi nhuận Hoa Sen (HSG) giảm 62,3% trong quý I niên độ tài chính 2025 - 2026",,(ĐTCK) Công ty cổ phần Tập đoàn Hoa Sen (mã HSG - sàn HOSE) ghi nhận doanh thu và lợi nhuận đi lùi trong quý I niên độ tài chính 2025 – 2026 và có dấu hiệu tăng trích trữ tồn kho.,1769916063,2026-02-01 10:21:03,1769916063,2026-02-01 10:21:03,https://www.tinnhanhchungkhoan.vn/loi-nhuan-hoa-sen-hsg-giam-623-trong-quy-i-nien-do-tai-chinh-2025-2026-post384666.html,/loi-nhuan-hoa-sen-hsg-giam-623-trong-quy-i-nien-do-tai-chinh-2025-2026-post384666.html,https://image.tinnhanhchungkhoan.vn/w200/Uploaded/2026/lcgjikao/2026_02_01/01-8398-4117.jpg,,,,4,Thông tin doanh nghiệp,/thong-tin-doanh-nghiep/,"BMI,C4G,DL1,FPT,GCF,GMD,HUT,IDC,ITD,MBB,MWG,PAC,PC1,PVD,PVS,SHB,SIP,STH,TIP,TV2,VGT"
C4G,384656,"Thép Nam Kim (NKG) lỗ 9,34 tỷ đồng trong quý IV/2025, đánh dấu lỗ trở lại sau 10 quý",,"(ĐTCK) CTCP Thép Nam Kim (mã NKG - sàn HOSE) ghi nhận lỗ 9,34 tỷ đồng trong quý IV, luỹ kế năm 2025 lãi 197,19 tỷ đồng, giảm 56,55% và không hoàn thành kế hoạch năm.",1769915573,2026-02-01 10:12:53,1769915573,2026-02-01 10:12:53,https://www.tinnhanhchungkhoan.vn/thep-nam-kim-nkg-lo-934-ty-dong-trong-quy-iv2025-danh-dau-lo-tro-lai-sau-10-quy-post384656.html,/thep-nam-kim-nkg-lo-934-ty-dong-trong-quy-iv2025-danh-dau-lo-tro-lai-sau-10-quy-post384656.html,https://image.tinnhanhchungkhoan.vn/w200/Uploaded/2026/lcgjikao/2026_02_01/01-3530-7692.jpg,,,,4,Thông tin doanh nghiệp,/thong-tin-doanh-nghiep/,"BMI,C4G,DL1,FPT,GCF,GMD,HUT,IDC,ITD,MBB,MWG,PAC,PC1,PVD,PVS,SHB,SIP,STH,TIP,TV2,VGT"
C4G,384655,L40 đấu giá thành công quyền khai thác 415.000 m3 cát tại Quảng Nam,,"(ĐTCK) CTCP Đầu tư và Xây dựng 40 (L40) đã đấu giá thành công quyền khai thác bãi cát tại dự án nạo vét khơi thông dòng sông Cổ Cò (phường Điện Bàn Đông, Thành phố Đà Nẵng) với giá trúng đấu giá gần 60 tỷ đồng. Dự kiến L40 sẽ gia tăng lợi nhuận mảng vật liệu xây dựng năm 2026.",1769909966,2026-02-01 08:39:26,1769909966,2026-02-01 08:39:26,https://www.tinnhanhchungkhoan.vn/l40-dau-gia-thanh-cong-quyen-khai-thac-415000-m3-cat-tai-quang-nam-post384655.html,/l40-dau-gia-thanh-cong-quyen-khai-thac-415000-m3-cat-tai-quang-nam-post384655.html,https://image.tinnhanhchungkhoan.vn/w200/Uploaded/2026/ipuokbf/2026_02_01/song-co-co-copy-8566-1916.jpg,,,,4,Thông tin doanh nghiệp,/thong-tin-doanh-nghiep/,"BMI,C4G,DL1,FPT,GCF,GMD,HUT,IDC,ITD,MBB,MWG,PAC,PC1,PVD,PVS,SHB,SIP,STH,TIP,TV2,VGT"
C4G,384654,"Gilimex (GIL) ghi nhận dòng tiền âm kỷ lục 677,5 tỷ đồng trong năm 2025",,"(ĐTCK) CTCP Sản xuất Kinh doanh Xuất nhập khẩu Bình Thạnh (Gilimex, mã GIL - sàn HOSE) ghi nhận lãi 138,19 tỷ đồng trong quý IV, luỹ kế cả năm 2025 lãi 35,64 tỷ đồng, tăng 29% so với cùng kỳ và chỉ đạt 23,8% kế hoạch năm.",1769909653,2026-02-01 08:34:13,1769909653,2026-02-01 08:34:13,https://www.tinnhanhchungkhoan.vn/gilimex-gil-ghi-nhan-dong-tien-am-ky-luc-6775-ty-dong-trong-nam-2025-post384654.html,/gilimex-gil-ghi-nhan-dong-tien-am-ky-luc-6775-ty-dong-trong-nam-2025-post384654.html,https://image.tinnhanhchungkhoan.vn/w200/Uploaded/2026/lcgjikao/2026_01_31/01-3473-8010.jpg,,,,4,Thông tin doanh nghiệp,/thong-tin-doanh-nghiep/,"BMI,C4G,DL1,FPT,GCF,GMD,HUT,IDC,ITD,MBB,MWG,PAC,PC1,PVD,PVS,SHB,SIP,STH,TIP,TV2,VGT"
C4G,384648,Văn Phú (VPI) vượt chỉ tiêu lợi nhuận năm 2025,,"(ĐTCK) Dòng tiền thu được từ các dự án gồm Vlasta - Thủy Nguyên (Hải Phòng), Yên Phong (Bắc Ninh), TT39-40 (Hà Nội) , Dự án Song Khê - Nội Hoàng - (Bắc Ninh) giúp Công ty cổ phần Phát triển bất động sản Văn Phú (mã chứng khoán: VPI) kết thúc quý IV/2025 với lợi nhuận sau thuế ở mức 132 tỷ đồng, qua đó, thực hiện 112% chỉ tiêu lợi nhuận năm 2025 đã được các cổ đông thông qua tại cuộc họp ĐHĐCĐ thường niên.",1769837990,2026-01-31 12:39:50,1769837990,2026-01-31 12:39:50,https://www.tinnhanhchungkhoan.vn/van-phu-vpi-vuot-chi-tieu-loi-nhuan-nam-2025-post384648.html,/van-phu-vpi-vuot-chi-tieu-loi-nhuan-nam-2025-post384648.html,https://image.tinnhanhchungkhoan.vn/w200/Uploaded/2026/ipuokbf/2026_01_31/vpi-vlasta-phu-thuan-2958-8443.jpg,Dự án Vlasta Premier – Phú Thuận,,,4,Thông tin doanh nghiệp,/thong-tin-doanh-nghiep/,"BMI,C4G,DL1,FPT,GCF,GMD,HUT,IDC,ITD,MBB,MWG,PAC,PC1,PVD,PVS,SHB,SIP,STH,TIP,TV2,VGT"
C4G,384635,"Vinasun (VNS): Lợi nhuận năm 2025 đạt hơn 38 tỷ đồng, giảm 54,5%",,"(ĐTCK) Công ty cổ phần Ánh Dương Việt Nam (Vinasun, mã VNS - sàn HOSE) ghi nhận lãi 4,94 tỷ đồng trong quý IV, luỹ kế năm 2025 lãi 38,29 tỷ đồng, giảm 54,5% so với cùng kỳ và chỉ hoàn thành 71,4% kế hoạch năm.",1769825682,2026-01-31 09:14:42,1769825682,2026-01-31 09:14:42,https://www.tinnhanhchungkhoan.vn/vinasun-vns-loi-nhuan-nam-2025-dat-hon-38-ty-dong-giam-545-post384635.html,/vinasun-vns-loi-nhuan-nam-2025-dat-hon-38-ty-dong-giam-545-post384635.html,https://image.tinnhanhchungkhoan.vn/w200/Uploaded/2026/lcgjikao/2026_01_31/01-5716-1382.jpg,,,,4,Thông tin doanh nghiệp,/thong-tin-doanh-nghiep/,"BMI,C4G,DL1,FPT,GCF,GMD,HUT,IDC,ITD,MBB,MWG,PAC,PC1,PVD,PVS,SHB,SIP,STH,TIP,TV2,VGT"
C4G,384631,DIC Corp (DIG): Lãi đột biến quý IV/2025 nhờ bán một phần dự án Đại Phước,,"(ĐTCK) Tổng CTCP Đầu tư Phát triển Xây dựng (DIC Corp, mã DIG - sàn HOSE) ghi nhận lãi 423,99 tỷ đồng trong quý IV, luỹ kế năm 2025 lãi 623,95 tỷ đồng, tăng 509,2% so với cùng kỳ.",1769817644,2026-01-31 07:00:44,1769789831,2026-01-30 23:17:11,https://www.tinnhanhchungkhoan.vn/dic-corp-dig-lai-dot-bien-quy-iv2025-nho-ban-mot-phan-du-an-dai-phuoc-post384631.html,/dic-corp-dig-lai-dot-bien-quy-iv2025-nho-ban-mot-phan-du-an-dai-phuoc-post384631.html,https://image.tinnhanhchungkhoan.vn/w200/Uploaded/2026/lcgjikao/2026_01_30/01-5560-947.jpg,,,,4,Thông tin doanh nghiệp,/thong-tin-doanh-nghiep/,"BMI,C4G,DL1,FPT,GCF,GMD,HUT,IDC,ITD,MBB,MWG,PAC,PC1,PVD,PVS,SHB,SIP,STH,TIP,TV2,VGT"
C4G,384633,"Năm 2025, YeaH1 (YEG) ghi nhận lợi nhuận sau thuế đạt 80,3 tỷ đồng",,"(ĐTCK) Trước nhiều biến động của thị trường chung năm 2025, YeaH1 ghi nhận doanh thu thuần đạt 1.653 tỷ đồng, tăng 61% so với cùng kỳ và vượt 27% so với kế hoạch năm.",1769816733,2026-01-31 06:45:33,1769789740,2026-01-30 23:15:40,https://www.tinnhanhchungkhoan.vn/nam-2025-yeah1-yeg-ghi-nhan-loi-nhuan-sau-thue-dat-803-ty-dong-post384633.html,/nam-2025-yeah1-yeg-ghi-nhan-loi-nhuan-sau-thue-dat-803-ty-dong-post384633.html,https://image.tinnhanhchungkhoan.vn/w200/Uploaded/2026/bpcpcwvo/2026_01_30/yeg-concert-5715-7796.png,,,,4,Thông tin doanh nghiệp,/thong-tin-doanh-nghiep/,"BMI,C4G,DL1,FPT,GCF,GMD,HUT,IDC,ITD,MBB,MWG,PAC,PC1,PVD,PVS,SHB,SIP,STH,TIP,TV2,VGT"
C4G,384629,Eximbank (EIB) báo lãi trước thuế hơn 1.500 tỷ đồng trong năm 2025,,"(ĐTCK) Tổng lợi nhuận trước thuế của Eximbank trong năm 2025 đạt 1.511,7 tỷ đồng, chỉ đạt 29,12% kế hoạch năm.",1769771854,2026-01-30 18:17:34,1769779108,2026-01-30 20:18:28,https://www.tinnhanhchungkhoan.vn/eximbank-eib-bao-lai-truoc-thue-hon-1500-ty-dong-trong-nam-2025-post384629.html,/eximbank-eib-bao-lai-truoc-thue-hon-1500-ty-dong-trong-nam-2025-post384629.html,https://image.tinnhanhchungkhoan.vn/w200/Uploaded/2026/bpcgdqvp/2026_01_30/eib-594-5150.jpg,,,,4,Thông tin doanh nghiệp,/thong-tin-doanh-nghiep/,"BMI,C4G,DL1,FPT,GCF,GMD,HUT,IDC,ITD,MBB,MWG,PAC,PC1,PVD,PVS,SHB,SIP,STH,TIP,TV2,VGT"
C4G,384628,"Giữa “tâm bão” ngành chăn nuôi, BAF nỗ lực giữ biên lợi nhuận",,"(ĐTCK) Giữa bối cảnh giá lợn hơi lao dốc, BAF Việt Nam nổi bật với chiến lược tối ưu chi phí sản xuất, giá vốn giảm 14,2% tương đương khoảng 700 tỷ đồng, giúp lợi nhuận gộp giữ đà tăng 14,7%. Song song, doanh nghiệp chủ động mở rộng quy mô, đẩy nhanh tiến độ dự án chăn nuôi công nghệ cao nhà cao tầng và tập trung nghiên cứu, lai tạo giống heo năng suất cao, tăng sức chống chịu dịch bệnh, tạo nền tảng bứt phá cho giai đoạn 2026 - 2030.",1769769063,2026-01-30 17:31:03,1769769063,2026-01-30 17:31:03,https://www.tinnhanhchungkhoan.vn/giua-tam-bao-nganh-chan-nuoi-baf-no-luc-giu-bien-loi-nhuan-post384628.html,/giua-tam-bao-nganh-chan-nuoi-baf-no-luc-giu-bien-loi-nhuan-post384628.html,https://image.tinnhanhchungkhoan.vn/w200/Uploaded/2026/bpikpjik/2026_01_30/baf-9294-5858.jpg,,,,4,Thông tin doanh nghiệp,/thong-tin-doanh-nghiep/,"BMI,C4G,DL1,FPT,GCF,GMD,HUT,IDC,ITD,MBB,MWG,PAC,PC1,PVD,PVS,SHB,SIP,STH,TIP,TV2,VGT"
C4G,384618,"Khang Điền (KDH): Lợi nhuận 2025 vượt 63% kế hoạch, đạt hơn 1.633 tỷ đồng, mở rộng tăng trưởng trong 2026",,"(ĐTCK) Công ty cổ phần Đầu tư và Kinh doanh Nhà Khang Điền (mã chứng khoán KDH) vừa công bố báo cáo tài chính năm 2025, ghi nhận doanh thu hợp nhất tăng trưởng 16% và lợi nhuận sau thuế tăng gấp đôi so với cùng kỳ năm, vượt xa kế hoạch đề ra.",1769768553,2026-01-30 17:22:33,1769768553,2026-01-30 17:22:33,https://www.tinnhanhchungkhoan.vn/khang-dien-kdh-loi-nhuan-2025-vuot-63-ke-hoach-dat-hon-1633-ty-dong-mo-rong-tang-truong-trong-2026-post384618.html,/khang-dien-kdh-loi-nhuan-2025-vuot-63-ke-hoach-dat-hon-1633-ty-dong-mo-rong-tang-truong-trong-2026-post384618.html,https://image.tinnhanhchungkhoan.vn/w200/Uploaded/2026/djshp/2026_01_25/2-992-368.jpg,"Mới đây, Khang Điền đã động thổ khu cao tầng Gladia by the Waters gồm hơn 600 căn hộ, dự kiến bàn giao quý IV/2027.",,,4,Thông tin doanh nghiệp,/thong-tin-doanh-nghiep/,"BMI,C4G,DL1,FPT,GCF,GMD,HUT,IDC,ITD,MBB,MWG,PAC,PC1,PVD,PVS,SHB,SIP,STH,TIP,TV2,VGT"
C4G,384620,"TTC Land (SCR) đạt lợi nhuận sau thuế 67,38 tỷ đồng trong năm 2025",,"(ĐTCK) CTCP Địa ốc Sài Gòn Thương Tín (TTC Land, mã SCR - sàn HOSE) ghi nhận lợi nhuận sau thuế 33,47 tỷ đồng trong quý IV, luỹ kế năm 2025 lãi 67,38 tỷ đồng, tăng hơn 14,85 lần so với cùng kỳ.",1769763442,2026-01-30 15:57:22,1769763442,2026-01-30 15:57:22,https://www.tinnhanhchungkhoan.vn/ttc-land-scr-dat-loi-nhuan-sau-thue-6738-ty-dong-trong-nam-2025-post384620.html,/ttc-land-scr-dat-loi-nhuan-sau-thue-6738-ty-dong-trong-nam-2025-post384620.html,https://image.tinnhanhchungkhoan.vn/w200/Uploaded/2026/lcgjikao/2026_01_30/01-8713-3228.jpeg,,,,4,Thông tin doanh nghiệp,/thong-tin-doanh-nghiep/,"BMI,C4G,DL1,FPT,GCF,GMD,HUT,IDC,ITD,MBB,MWG,PAC,PC1,PVD,PVS,SHB,SIP,STH,TIP,TV2,VGT"
C4G,384615,"Lợi nhuận trước thuế năm 2025 của OCB đạt 5.046 tỷ đồng, tăng gần 26%",,"(ĐTCK) Theo báo cáo tài chính quý IV vừa được Ngân hàng Phương Đông (mã CK: OCB) công bố, lợi nhuận trước thuế năm 2025 đạt mức 5.046 tỷ đồng, tăng 25,9% so với năm 2024.",1769762805,2026-01-30 15:46:45,1769768157,2026-01-30 17:15:57,https://www.tinnhanhchungkhoan.vn/loi-nhuan-truoc-thue-nam-2025-cua-ocb-dat-5046-ty-dong-tang-gan-26-post384615.html,/loi-nhuan-truoc-thue-nam-2025-cua-ocb-dat-5046-ty-dong-tang-gan-26-post384615.html,https://image.tinnhanhchungkhoan.vn/w200/Uploaded/2026/bpcgdqvp/2024_01_30/ocb-3903.jpg,,,,4,Thông tin doanh nghiệp,/thong-tin-doanh-nghiep/,"BMI,C4G,DL1,FPT,GCF,GMD,HUT,IDC,ITD,MBB,MWG,PAC,PC1,PVD,PVS,SHB,SIP,STH,TIP,TV2,VGT"
C4G,384614,Hạ tầng GELEX (GEL) phê duyệt khoản vay 200 triệu USD vốn quốc tế,,"(ĐTCK) CTCP Hạ tầng GELEX (mã GEL - sàn HOSE) vừa công bố nghị quyết hội đồng quản trị về việc phê duyệt khoản vay nước ngoài trị giá 200 triệu USD, trong đó HSBC đóng vai trò là ngân hàng thu xếp chính duy nhất kiêm điều phối sổ.",1769762776,2026-01-30 15:46:16,1769779705,2026-01-30 20:28:25,https://www.tinnhanhchungkhoan.vn/ha-tang-gelex-gel-phe-duyet-khoan-vay-200-trieu-usd-von-quoc-te-post384614.html,/ha-tang-gelex-gel-phe-duyet-khoan-vay-200-trieu-usd-von-quoc-te-post384614.html,https://image.tinnhanhchungkhoan.vn/w200/Uploaded/2026/lcgjikao/2026_01_30/02-4078-873.jpg,Hạ tầng GELEX đã làm việc với hơn 30 ngân hàng và tổ chức tài chính tại Singapore và Đài Loan.,,,4,Thông tin doanh nghiệp,/thong-tin-doanh-nghiep/,"BMI,C4G,DL1,FPT,GCF,GMD,HUT,IDC,ITD,MBB,MWG,PAC,PC1,PVD,PVS,SHB,SIP,STH,TIP,TV2,VGT"
C4G,384613,"PTM lên kế hoạch chia cổ tức 30% bằng tiền, Haxaco (HAX) có thể nhận về gần 50 tỷ đồng",,"(ĐTCK) CTCP Sản xuất, Thương mại và Dịch vụ ô tô PTM (mã chứng khoán PTM) vừa có dự thảo tài liệu họp Đại hội đồng cổ đông thường niên 2026, trong đó có tờ trình phương án phân phối lợi nhuận năm 2025, chia cổ tức 30% bằng tiền mặt.",1769762727,2026-01-30 15:45:27,1769762727,2026-01-30 15:45:27,https://www.tinnhanhchungkhoan.vn/ptm-len-ke-hoach-chia-co-tuc-30-bang-tien-haxaco-hax-co-the-nhan-ve-gan-50-ty-dong-post384613.html,/ptm-len-ke-hoach-chia-co-tuc-30-bang-tien-haxaco-hax-co-the-nhan-ve-gan-50-ty-dong-post384613.html,https://image.tinnhanhchungkhoan.vn/w200/Uploaded/2026/wpxlcdjwi/2022_06_01/dien-bien-thi-truong-bat-loi-haxaco-hoan-tang-von-8721.jpg,Haxaco (HAX) sắp nhận gần 50 tỷ đồng tiền cổ tức từ PTM,,,4,Thông tin doanh nghiệp,/thong-tin-doanh-nghiep/,"BMI,C4G,DL1,FPT,GCF,GMD,HUT,IDC,ITD,MBB,MWG,PAC,PC1,PVD,PVS,SHB,SIP,STH,TIP,TV2,VGT"
C4G,384611,"Năm 2025, MSB đạt lợi nhuận trước thuế hợp nhất 7.058 tỷ đồng",,"(ĐTCK) Tại ngày 31/12/2025, tổng tài sản hợp nhất của Ngân hàng TMCP Hàng Hải Việt Nam (MSB - sàn HOSE) đạt gần 408 nghìn tỷ đồng, tăng 27,3% so với thời điểm đầu năm. Động lực chính của sự tăng trưởng quy mô đến từ hoạt động tín dụng.",1769762700,2026-01-30 15:45:00,1769762700,2026-01-30 15:45:00,https://www.tinnhanhchungkhoan.vn/nam-2025-msb-dat-loi-nhuan-truoc-thue-hop-nhat-7058-ty-dong-post384611.html,/nam-2025-msb-dat-loi-nhuan-truoc-thue-hop-nhat-7058-ty-dong-post384611.html,https://image.tinnhanhchungkhoan.vn/w200/Uploaded/2026/pwvolcvo/2026_01_30/msb-6-7064-2022.jpg,,,,4,Thông tin doanh nghiệp,/thong-tin-doanh-nghiep/,"BMI,C4G,DL1,FPT,GCF,GMD,HUT,IDC,ITD,MBB,MWG,PAC,PC1,PVD,PVS,SHB,SIP,STH,TIP,TV2,VGT"
DL1,384814,Dịch vụ Phân phối Tổng hợp Dầu khí (PSD) vượt 40% mục tiêu lợi nhuận 2025,,"(ĐTCK) Năm 2025, CTCP Dịch vụ Phân phối Tổng hợp Dầu khí (Petrosetco Distribution, mã PSD) ghi nhận 143,1 tỷ đồng lợi nhuận sau thuế, tăng 73% so với năm trước và vượt 40% mục tiêu năm.",1770108462,2026-02-03 15:47:42,1770108462,2026-02-03 15:47:42,https://www.tinnhanhchungkhoan.vn/dich-vu-phan-phoi-tong-hop-dau-khi-psd-vuot-40-muc-tieu-loi-nhuan-2025-post384814.html,/dich-vu-phan-phoi-tong-hop-dau-khi-psd-vuot-40-muc-tieu-loi-nhuan-2025-post384814.html,https://image.tinnhanhchungkhoan.vn/w200/Uploaded/2026/xvrhgenatpx97/2026_02_03/492389603-1269083815221635-1856212450220482697-n-8553-4165.jpg,,,,4,Thông tin doanh nghiệp,/thong-tin-doanh-nghiep/,"BMI,C4G,DL1,FPT,GCF,GMD,HUT,IDC,ITD,MBB,MWG,PAC,PC1,PVD,PVS,SHB,SIP,STH,TIP,TV2,VGT"
DL1,384815,"Becamex IDC (BCM) chia cổ tức 11% bằng tiền mặt, lợi nhuận 2025 vượt hơn 42% kế hoạch",,"(ĐTCK) Ngày 13/2 tới đây, Tập đoàn Đầu tư và Phát triển Công nghiệp Becamex - CTCP (Becamex IDC, mã BCM - sàn HOSE) vừa thông báo về việc chia cổ tức năm 2024.",1770108203,2026-02-03 15:43:23,1770108203,2026-02-03 15:43:23,https://www.tinnhanhchungkhoan.vn/becamex-idc-bcm-chia-co-tuc-11-bang-tien-mat-loi-nhuan-2025-vuot-hon-42-ke-hoach-post384815.html,/becamex-idc-bcm-chia-co-tuc-11-bang-tien-mat-loi-nhuan-2025-vuot-hon-42-ke-hoach-post384815.html,https://image.tinnhanhchungkhoan.vn/w200/Uploaded/2026/ipuokbf/2025_02_06/becamex-idc-bcm-2233-7213.jpg,,,,4,Thông tin doanh nghiệp,/thong-tin-doanh-nghiep/,"BMI,C4G,DL1,FPT,GCF,GMD,HUT,IDC,ITD,MBB,MWG,PAC,PC1,PVD,PVS,SHB,SIP,STH,TIP,TV2,VGT"
DL1,384807,"EVNGENCO3 (PGV): Lợi nhuận sau thuế vượt 3.700 tỷ đồng, định giá cổ phiếu về vùng hấp dẫn",,(ĐTCK) Lợi nhuận năm 2025 của EVNGENCO3 (PGV) xác lập kỷ lục mới. Dòng tiền cải thiện cùng tỷ lệ nợ vay liên tục giảm nhiều năm là nền tảng quan trọng cho EVNGENCO3 trong giai đoạn mở rộng đầu tư sắp tới.,1770104233,2026-02-03 14:37:13,1770104233,2026-02-03 14:37:13,https://www.tinnhanhchungkhoan.vn/evngenco3-pgv-loi-nhuan-sau-thue-vuot-3700-ty-dong-dinh-gia-co-phieu-ve-vung-hap-dan-post384807.html,/evngenco3-pgv-loi-nhuan-sau-thue-vuot-3700-ty-dong-dinh-gia-co-phieu-ve-vung-hap-dan-post384807.html,https://image.tinnhanhchungkhoan.vn/w200/Uploaded/2026/bpikpjik/2022_01_26/evngenco3-4286.jpg,,,,4,Thông tin doanh nghiệp,/thong-tin-doanh-nghiep/,"BMI,C4G,DL1,FPT,GCF,GMD,HUT,IDC,ITD,MBB,MWG,PAC,PC1,PVD,PVS,SHB,SIP,STH,TIP,TV2,VGT"
DL1,384804,Doanh thu Sao Ta (FMC) giảm 21% ngay tháng đầu năm 2026,,"(ĐTCK) CTCP Thực phẩm Sao Ta (FMC) công bố tình hình hoạt động hợp nhất tháng 01/2026 với doanh thu đạt 20,4 triệu USD, giảm 21% so với cùng kỳ năm trước.",1770102267,2026-02-03 14:04:27,1770102267,2026-02-03 14:04:27,https://www.tinnhanhchungkhoan.vn/doanh-thu-sao-ta-fmc-giam-21-ngay-thang-dau-nam-2026-post384804.html,/doanh-thu-sao-ta-fmc-giam-21-ngay-thang-dau-nam-2026-post384804.html,https://image.tinnhanhchungkhoan.vn/w200/Uploaded/2026/xvrhgenatpx97/2023_01_16/fmc-9473.jpg,,,,4,Thông tin doanh nghiệp,/thong-tin-doanh-nghiep/,"BMI,C4G,DL1,FPT,GCF,GMD,HUT,IDC,ITD,MBB,MWG,PAC,PC1,PVD,PVS,SHB,SIP,STH,TIP,TV2,VGT"
DL1,384802,"Quý IV/2025, lợi nhuận sau thuế của Đạt Phương (DPG) tăng 46%",,"(ĐTCK) Mới đây, CTCP Tập đoàn Đạt Phương (mã DPG) công bố báo cáo tài chính quý IV/2025 cho thấy sự cải thiện về quy mô doanh thu và lợi nhuận.",1770091215,2026-02-03 11:00:15,1770091215,2026-02-03 11:00:15,https://www.tinnhanhchungkhoan.vn/quy-iv2025-loi-nhuan-sau-thue-cua-dat-phuong-dpg-tang-46-post384802.html,/quy-iv2025-loi-nhuan-sau-thue-cua-dat-phuong-dpg-tang-46-post384802.html,https://image.tinnhanhchungkhoan.vn/w200/Uploaded/2026/gtnwae/2026_02_03/1-7741-8171.jpg,,,,4,Thông tin doanh nghiệp,/thong-tin-doanh-nghiep/,"BMI,C4G,DL1,FPT,GCF,GMD,HUT,IDC,ITD,MBB,MWG,PAC,PC1,PVD,PVS,SHB,SIP,STH,TIP,TV2,VGT"
DL1,384799,Lợi nhuận Tổng công ty Tín Nghĩa (TID) giảm tới 99% trong quý IV/2025 khi phải hoàn trả cho Tỉnh uỷ Đồng Nai,,"(ĐTCK) Tổng công ty Tín Nghĩa (mã TID - UPCoM) ghi nhận lãi 1,8 tỷ đồng trong quý IV, luỹ kế cả năm 2025 ghi nhận lãi 762,13 tỷ đồng, hoàn thành 113,4% so với kế hoạch năm.",1770090820,2026-02-03 10:53:40,1770090820,2026-02-03 10:53:40,https://www.tinnhanhchungkhoan.vn/loi-nhuan-tong-cong-ty-tin-nghia-tid-giam-toi-99-trong-quy-iv2025-khi-phai-hoan-tra-cho-tinh-uy-dong-nai-post384799.html,/loi-nhuan-tong-cong-ty-tin-nghia-tid-giam-toi-99-trong-quy-iv2025-khi-phai-hoan-tra-cho-tinh-uy-dong-nai-post384799.html,https://image.tinnhanhchungkhoan.vn/w200/Uploaded/2026/lcgjikao/2026_02_03/01-906-8353.jpeg,,,,4,Thông tin doanh nghiệp,/thong-tin-doanh-nghiep/,"BMI,C4G,DL1,FPT,GCF,GMD,HUT,IDC,ITD,MBB,MWG,PAC,PC1,PVD,PVS,SHB,SIP,STH,TIP,TV2,VGT"
DL1,384779,"Gỗ An Cường (ACG) ghi nhận dòng tiền kinh doanh âm kỷ lục 408,56 tỷ đồng trong năm 2025",,"(ĐTCK) CTCP Gỗ An Cường (mã ACG - sàn HOSE) ghi nhận lãi 145,54 tỷ đồng trong quý IV, luỹ kế năm 2025 ghi nhận lãi 503,75 tỷ đồng, tăng 19,9% so với cùng kỳ năm trước.",1770077256,2026-02-03 07:07:36,1770077256,2026-02-03 07:07:36,https://www.tinnhanhchungkhoan.vn/go-an-cuong-acg-ghi-nhan-dong-tien-kinh-doanh-am-ky-luc-40856-ty-dong-trong-nam-2025-post384779.html,/go-an-cuong-acg-ghi-nhan-dong-tien-kinh-doanh-am-ky-luc-40856-ty-dong-trong-nam-2025-post384779.html,https://image.tinnhanhchungkhoan.vn/w200/Uploaded/2026/lcgjikao/2026_02_02/01-8702-1876.jpg,,,,4,Thông tin doanh nghiệp,/thong-tin-doanh-nghiep/,"BMI,C4G,DL1,FPT,GCF,GMD,HUT,IDC,ITD,MBB,MWG,PAC,PC1,PVD,PVS,SHB,SIP,STH,TIP,TV2,VGT"
DL1,384776,Searefico (SRF) thoát lỗ quý IV/2025 nhờ thu nhập khác tăng đột biến,,"(ĐTCK) Công ty cổ phần Searefico (mã SRF - sàn HOSE) ghi nhận lãi 15,71 tỷ đồng trong quý IV, luỹ kế cả năm 2025 lãi 22,18 tỷ đồng và đạt 56,9% kế hoạch năm.",1770077020,2026-02-03 07:03:40,1770077020,2026-02-03 07:03:40,https://www.tinnhanhchungkhoan.vn/searefico-srf-thoat-lo-quy-iv2025-nho-thu-nhap-khac-tang-dot-bien-post384776.html,/searefico-srf-thoat-lo-quy-iv2025-nho-thu-nhap-khac-tang-dot-bien-post384776.html,https://image.tinnhanhchungkhoan.vn/w200/Uploaded/2026/lcgjikao/2026_02_02/01-2954-71.jpg,,,,4,Thông tin doanh nghiệp,/thong-tin-doanh-nghiep/,"BMI,C4G,DL1,FPT,GCF,GMD,HUT,IDC,ITD,MBB,MWG,PAC,PC1,PVD,PVS,SHB,SIP,STH,TIP,TV2,VGT"
DL1,384774,"Thép Pomina (POM) lỗ thêm 838,2 tỷ đồng năm 2025, vốn chủ sở hữu âm hơn 623,6 tỷ đồng",,"(ĐTCK) CTCP Thép Pomina (mã POM) vừa công bố báo cáo tài chính năm 2025 với khoản lỗ sau thuế 838,2 tỷ đồng, đánh dấu năm thứ 4 liên tiếp doanh nghiệp thua lỗ, qua đó nâng lỗ lũy kế lên 3.485 tỷ đồng và khiến vốn chủ sở hữu tại thời điểm cuối năm âm hơn 623,6 tỷ đồng",1770076822,2026-02-03 07:00:22,1770076822,2026-02-03 07:00:22,https://www.tinnhanhchungkhoan.vn/thep-pomina-pom-lo-them-8382-ty-dong-nam-2025-von-chu-so-huu-am-hon-6236-ty-dong-post384774.html,/thep-pomina-pom-lo-them-8382-ty-dong-nam-2025-von-chu-so-huu-am-hon-6236-ty-dong-post384774.html,https://image.tinnhanhchungkhoan.vn/w200/Uploaded/2026/xvrhgenatpx97/2024_08_21/pom-5603.jpeg,,,,4,Thông tin doanh nghiệp,/thong-tin-doanh-nghiep/,"BMI,C4G,DL1,FPT,GCF,GMD,HUT,IDC,ITD,MBB,MWG,PAC,PC1,PVD,PVS,SHB,SIP,STH,TIP,TV2,VGT"
DL1,384773,PV Drilling (PVD) vượt 98% mục tiêu lợi nhuận năm 2025,,"(ĐTCK) Năm 2025, PV Drilling mang về 1.050,5 tỷ đồng lãi ròng, tăng 50,5% so với kết quả thực hiện năm 2024 và vượt 98% mục tiêu lợi nhuận cả năm.",1770076674,2026-02-03 06:57:54,1770076674,2026-02-03 06:57:54,https://www.tinnhanhchungkhoan.vn/pv-drilling-pvd-vuot-98-muc-tieu-loi-nhuan-nam-2025-post384773.html,/pv-drilling-pvd-vuot-98-muc-tieu-loi-nhuan-nam-2025-post384773.html,https://image.tinnhanhchungkhoan.vn/w200/Uploaded/2026/xvrhgenatpx97/2023_04_24/pvd-1871.jpeg,,,,4,Thông tin doanh nghiệp,/thong-tin-doanh-nghiep/,"BMI,C4G,DL1,FPT,GCF,GMD,HUT,IDC,ITD,MBB,MWG,PAC,PC1,PVD,PVS,SHB,SIP,STH,TIP,TV2,VGT"
DL1,384775,MB (MBB) dự kiến cán mốc vốn hóa 10 tỷ USD vào năm 2027,,"(ĐTCK) So với giai đoạn đầu năm 2017, tổng vốn hoá của Ngân hàng TMCP Quân Đội (MB - mã chứng khoán MBB) đến nay đã ghi nhận tăng 9,9 lần (tương đương khoảng 8,5 tỷ USD). Ông Lưu Trung Thái, Chủ tịch HĐQT MB cho biết, với tốc độ tăng trưởng như hiện nay, dự kiến sang năm 2027, tổng giá trị vốn hoá của MB có thể cán đến mốc 10 tỷ USD.",1770076595,2026-02-03 06:56:35,1770076595,2026-02-03 06:56:35,https://www.tinnhanhchungkhoan.vn/mb-mbb-du-kien-can-moc-von-hoa-10-ty-usd-vao-nam-2027-post384775.html,/mb-mbb-du-kien-can-moc-von-hoa-10-ty-usd-vao-nam-2027-post384775.html,https://image.tinnhanhchungkhoan.vn/w200/Uploaded/2026/ngobgt/2026_02_02/img-3950-1125-6297.jpeg,"Ông Lưu Trung Thái, Chủ tịch HĐQT Ngân hàng TMCP Quân Đội (MB) chủ trì hội nghị Nhà đầu tư.",,,4,Thông tin doanh nghiệp,/thong-tin-doanh-nghiep/,"BMI,C4G,DL1,FPT,GCF,GMD,HUT,IDC,ITD,MBB,MWG,PAC,PC1,PVD,PVS,SHB,SIP,STH,TIP,TV2,VGT"
DL1,384768,Chiến lược Go Global đang từng bước đóng góp vào tăng trưởng dài hạn của Masan Consumer (MCH),,"(ĐTCK) Trong suốt năm 2025, doanh thu quốc tế của Masan Consumer (HOSE: MCH) duy trì đà tăng trưởng tích cực và tiếp tục cải thiện trong quý gần nhất. Theo báo cáo kết quả kinh doanh, riêng kênh kinh doanh quốc tế tăng trưởng gần 27% trong năm 2025. Diễn biến này cho thấy chiến lược Go Global đang bắt đầu tạo đóng góp thực tế, thay vì chỉ dừng ở định hướng dài hạn.",1770026991,2026-02-02 17:09:51,1770029550,2026-02-02 17:52:30,https://www.tinnhanhchungkhoan.vn/chien-luoc-go-global-dang-tung-buoc-dong-gop-vao-tang-truong-dai-han-cua-masan-consumer-mch-post384768.html,/chien-luoc-go-global-dang-tung-buoc-dong-gop-vao-tang-truong-dai-han-cua-masan-consumer-mch-post384768.html,https://image.tinnhanhchungkhoan.vn/w200/Uploaded/2026/bpikpjik/2026_02_02/thuc-pham-tuoi-ngon-phong-phu-tai-sieu-thi-winmart-4053-77.jpeg,,,,4,Thông tin doanh nghiệp,/thong-tin-doanh-nghiep/,"BMI,C4G,DL1,FPT,GCF,GMD,HUT,IDC,ITD,MBB,MWG,PAC,PC1,PVD,PVS,SHB,SIP,STH,TIP,TV2,VGT"
DL1,384769,OCH vượt kế hoạch doanh thu và lợi nhuận năm 2025,,"(ĐTCK) Công ty cổ phần One Capital Hospitality (HNX: OCH) ghi nhận doanh thu cả năm 2025 đạt 1.188 tỷ đồng, lợi nhuận trước thuế 135,6 tỷ đồng, vượt kế hoạch được Đại hội đồng cổ đông (ĐHĐCĐ) đề ra.",1770026945,2026-02-02 17:09:05,1770026945,2026-02-02 17:09:05,https://www.tinnhanhchungkhoan.vn/och-vuot-ke-hoach-doanh-thu-va-loi-nhuan-nam-2025-post384769.html,/och-vuot-ke-hoach-doanh-thu-va-loi-nhuan-nam-2025-post384769.html,https://image.tinnhanhchungkhoan.vn/w200/Uploaded/2026/cqjwqcqdh/2025_10_30/och-8280-9602.jpg,,,,4,Thông tin doanh nghiệp,/thong-tin-doanh-nghiep/,"BMI,C4G,DL1,FPT,GCF,GMD,HUT,IDC,ITD,MBB,MWG,PAC,PC1,PVD,PVS,SHB,SIP,STH,TIP,TV2,VGT"
DL1,384765,"Cơ điện lạnh (REE) tạm ứng cổ tức 10% bằng tiền, lên lịch ĐHCĐ thường niên năm tài chính 2025",,"(ĐTCK) HĐQT CTCP Cơ điện lạnh (REE – sàn HOSE) vừa thông qua, ngày 27/2 tới đây sẽ thực hiện chốt danh sách cổ đông để tổ chức ĐHCĐ thường niên năm tài chính 2025 và tạm ứng cổ tức năm 2025.",1770026245,2026-02-02 16:57:25,1770026691,2026-02-02 17:04:51,https://www.tinnhanhchungkhoan.vn/co-dien-lanh-ree-tam-ung-co-tuc-10-bang-tien-len-lich-dhcd-thuong-nien-nam-tai-chinh-2025-post384765.html,/co-dien-lanh-ree-tam-ung-co-tuc-10-bang-tien-len-lich-dhcd-thuong-nien-nam-tai-chinh-2025-post384765.html,https://image.tinnhanhchungkhoan.vn/w200/Uploaded/2026/pigo/2020_09_30/cong-ty-co-phan-co-dien-lanh-bom-no-cham-trong-dau-tu-tai-chinh1590080990-3682.jpg,,,,4,Thông tin doanh nghiệp,/thong-tin-doanh-nghiep/,"BMI,C4G,DL1,FPT,GCF,GMD,HUT,IDC,ITD,MBB,MWG,PAC,PC1,PVD,PVS,SHB,SIP,STH,TIP,TV2,VGT"
DL1,384761,Vietbank (VBB): Bổ nhiệm Quyền Tổng giám đốc và một Phó tổng giám đốc,,"(ĐTCK) Ngân hàng TMCP Việt Nam Thương Tín (Vietbank, mã chứng khoán: VBB) vừa công bố quyết định kiện toàn nhân sự lãnh đạo cấp cao.",1770023282,2026-02-02 16:08:02,1770023282,2026-02-02 16:08:02,https://www.tinnhanhchungkhoan.vn/vietbank-vbb-bo-nhiem-quyen-tong-giam-doc-va-mot-pho-tong-giam-doc-post384761.html,/vietbank-vbb-bo-nhiem-quyen-tong-giam-doc-va-mot-pho-tong-giam-doc-post384761.html,https://image.tinnhanhchungkhoan.vn/w200/Uploaded/2026/bpcgdqvp/2026_02_02/vb2-3335-3688.jpg,Hội đồng Quản trị trao quyết định bổ nhiệm cho ông Lê Thanh Quý Ngọc - Quyền Tổng giám đốc và bà Trần Thị Ngọc Lý - Phó tổng giám đốc Vietbank,,,4,Thông tin doanh nghiệp,/thong-tin-doanh-nghiep/,"BMI,C4G,DL1,FPT,GCF,GMD,HUT,IDC,ITD,MBB,MWG,PAC,PC1,PVD,PVS,SHB,SIP,STH,TIP,TV2,VGT"
DL1,384752,"CDC Construction (CCC): Dòng tiền kinh doanh âm kỷ lục 335,17 tỷ đồng trong 9 tháng đầu niên độ 2025 - 2026",,"(ĐTCK) Công ty cổ phần Xây dựng CDC (CDC Construction, mã CCC - sàn HOSE) ghi nhận lãi 9,67 tỷ đồng trong quý III, luỹ kế 9 tháng trong niên độ 2025 - 2026 ghi nhận lãi 30,31 tỷ đồng, tăng 3,8% so với cùng kỳ và hoàn thành 64,1% kế hoạch năm.",1770022404,2026-02-02 15:53:24,1770022404,2026-02-02 15:53:24,https://www.tinnhanhchungkhoan.vn/cdc-construction-ccc-dong-tien-kinh-doanh-am-ky-luc-33517-ty-dong-trong-9-thang-dau-nien-do-2025-2026-post384752.html,/cdc-construction-ccc-dong-tien-kinh-doanh-am-ky-luc-33517-ty-dong-trong-9-thang-dau-nien-do-2025-2026-post384752.html,https://image.tinnhanhchungkhoan.vn/w200/Uploaded/2026/lcgjikao/2026_02_02/01-5399-2697.jpg,,,,4,Thông tin doanh nghiệp,/thong-tin-doanh-nghiep/,"BMI,C4G,DL1,FPT,GCF,GMD,HUT,IDC,ITD,MBB,MWG,PAC,PC1,PVD,PVS,SHB,SIP,STH,TIP,TV2,VGT"
DL1,384712,"Doanh thu cả năm vượt 37.000 tỷ đồng, Tasco (HUT) báo lãi gấp 2 lần năm trước",,"(ĐTCK) Năm 2025, Công ty Cổ phần Tasco (HNX: HUT) ghi nhận doanh thu 37.000 tỷ đồng, lợi nhuận sau thuế hơn 623 tỷ đồng, gấp 2 lần năm trước và cao nhất trong lịch sử hoạt động.",1770019201,2026-02-02 15:00:01,1770000938,2026-02-02 09:55:38,https://www.tinnhanhchungkhoan.vn/doanh-thu-ca-nam-vuot-37000-ty-dong-tasco-hut-bao-lai-gap-2-lan-nam-truoc-post384712.html,/doanh-thu-ca-nam-vuot-37000-ty-dong-tasco-hut-bao-lai-gap-2-lan-nam-truoc-post384712.html,https://image.tinnhanhchungkhoan.vn/w200/Uploaded/2026/xpwvotiv/2026_02_02/tasco-5092-7931.jpg,,,,4,Thông tin doanh nghiệp,/thong-tin-doanh-nghiep/,"BMI,C4G,DL1,FPT,GCF,GMD,HUT,IDC,ITD,MBB,MWG,PAC,PC1,PVD,PVS,SHB,SIP,STH,TIP,TV2,VGT"
DL1,384740,Quốc Cường Gia Lai (QCG) lãi đột biến quý IV/2025 nhờ thanh lý các khoản đầu tư,,"(ĐTCK) CTCP Quốc Cường Gia Lai (mã QCG - sàn HOSE) ghi nhận lãi 137,22 tỷ đồng trong quý IV, lũy kế năm 2025 lãi 171,28 tỷ đồng, tăng 109% so với năm 2024 và không hoàn thành kế hoạch năm.",1770016785,2026-02-02 14:19:45,1770016785,2026-02-02 14:19:45,https://www.tinnhanhchungkhoan.vn/quoc-cuong-gia-lai-qcg-lai-dot-bien-quy-iv2025-nho-thanh-ly-cac-khoan-dau-tu-post384740.html,/quoc-cuong-gia-lai-qcg-lai-dot-bien-quy-iv2025-nho-thanh-ly-cac-khoan-dau-tu-post384740.html,https://image.tinnhanhchungkhoan.vn/w200/Uploaded/2026/lcgjikao/2026_02_02/01-5700-5016.jpg,,,,4,Thông tin doanh nghiệp,/thong-tin-doanh-nghiep/,"BMI,C4G,DL1,FPT,GCF,GMD,HUT,IDC,ITD,MBB,MWG,PAC,PC1,PVD,PVS,SHB,SIP,STH,TIP,TV2,VGT"
DL1,384739,"Thuỷ điện Vĩnh Sơn - Sông Hinh (VSH) chốt quyền nhận cổ tức 10%, dự kiến họp ĐHCĐ 2026 cuối tháng 3",,"(ĐTCK) CTCP Thuỷ điện Vĩnh Sơn - Sông Hinh (mã VSH) mới thông báo, ngày 23/02 tới đây sẽ chốt danh sách cổ đông nhận cổ tức đợt 3/2025 và tham dự đại hội cổ đông năm 2026.",1770016761,2026-02-02 14:19:21,1770016761,2026-02-02 14:19:21,https://www.tinnhanhchungkhoan.vn/thuy-dien-vinh-son-song-hinh-vsh-chot-quyen-nhan-co-tuc-10-du-kien-hop-dhcd-2026-cuoi-thang-3-post384739.html,/thuy-dien-vinh-son-song-hinh-vsh-chot-quyen-nhan-co-tuc-10-du-kien-hop-dhcd-2026-cuoi-thang-3-post384739.html,https://image.tinnhanhchungkhoan.vn/w200/Uploaded/2026/xvrhgenatpx97/2024_10_24/vsh-8946.jpeg,,,,4,Thông tin doanh nghiệp,/thong-tin-doanh-nghiep/,"BMI,C4G,DL1,FPT,GCF,GMD,HUT,IDC,ITD,MBB,MWG,PAC,PC1,PVD,PVS,SHB,SIP,STH,TIP,TV2,VGT"
DL1,384741,VPS (VCK) được VASB vinh danh công ty chứng khoán đạt điểm thực hành ESG cao nhất,,"(ĐTCK) Công ty cổ phần Chứng khoán VPS (mã chứng khoán VCK) là một trong hai công ty chứng khoán được xếp hạng cao nhất trong chương trình chấm điểm thực hành ESG do Hiệp hội Chứng khoán Việt Nam (VASB) tổ chức, khẳng định cam kết mạnh mẽ của doanh nghiệp đối với phát triển bền vững theo chuẩn mực quốc tế.",1770016630,2026-02-02 14:17:10,1770343895,2026-02-06 09:11:35,https://www.tinnhanhchungkhoan.vn/vps-vck-duoc-vasb-vinh-danh-cong-ty-chung-khoan-dat-diem-thuc-hanh-esg-cao-nhat-post384741.html,/vps-vck-duoc-vasb-vinh-danh-cong-ty-chung-khoan-dat-diem-thuc-hanh-esg-cao-nhat-post384741.html,https://image.tinnhanhchungkhoan.vn/w200/Uploaded/2026/ipuokbf/2026_02_06/800x500-8825-6213.png,,,,4,Thông tin doanh nghiệp,/thong-tin-doanh-nghiep/,"BMI,C4G,DL1,FPT,GCF,GMD,HUT,IDC,ITD,MBB,MWG,PAC,PC1,PVD,PVS,SHB,SIP,STH,TIP,TV2,VGT"
DL1,384738,"Doanh thu năm 2025 của Vinamilk (VNM) đạt 63.724 tỷ đồng, cao nhất lịch sử Công ty",,"(ĐTCK)Tổng doanh thu hợp nhất quý IV/2025 của Công ty cổ phần Sữa Việt Nam (Vinamilk - mã VNM) đạt 17.045 tỷ đồng, tiếp tục lập đỉnh mới, tăng 10,1% so với cùng kỳ.",1770016538,2026-02-02 14:15:38,1770016538,2026-02-02 14:15:38,https://www.tinnhanhchungkhoan.vn/doanh-thu-nam-2025-cua-vinamilk-vnm-dat-63724-ty-dong-cao-nhat-lich-su-cong-ty-post384738.html,/doanh-thu-nam-2025-cua-vinamilk-vnm-dat-63724-ty-dong-cao-nhat-lich-su-cong-ty-post384738.html,https://image.tinnhanhchungkhoan.vn/w200/Uploaded/2026/unvjshu/2026_02_02/vnm-1723-4621.jpg,Đẩy mạnh các hoạt động xúc tiến thương mại giúp Vinamilk nâng cao hình ảnh và vị thế thương hiệu trên thị trường quốc tế. Ảnh: Vi Nam,,,4,Thông tin doanh nghiệp,/thong-tin-doanh-nghiep/,"BMI,C4G,DL1,FPT,GCF,GMD,HUT,IDC,ITD,MBB,MWG,PAC,PC1,PVD,PVS,SHB,SIP,STH,TIP,TV2,VGT"
DL1,384726,"Địa ốc Hoàng Quân (HQC) thoát lỗ quý IV/2025 nhờ hoạt động tài chính, thu hồi công nợ và hoàn nhập dự phòng",,"(ĐTCK) CTCP Tư vấn Thương mại Dịch vụ Địa ốc Hoàng Quân (mã HQC - sàn HOSE) ghi nhận lãi 55,08 tỷ đồng trong quý IV, luỹ kế cả năm 2025 lãi 73,21 tỷ đồng, tăng trưởng 116,8% và hoàn thành 104,6% kế hoạch năm.",1770006229,2026-02-02 11:23:49,1770006229,2026-02-02 11:23:49,https://www.tinnhanhchungkhoan.vn/dia-oc-hoang-quan-hqc-thoat-lo-quy-iv2025-nho-hoat-dong-tai-chinh-thu-hoi-cong-no-va-hoan-nhap-du-phong-post384726.html,/dia-oc-hoang-quan-hqc-thoat-lo-quy-iv2025-nho-hoat-dong-tai-chinh-thu-hoi-cong-no-va-hoan-nhap-du-phong-post384726.html,https://image.tinnhanhchungkhoan.vn/w200/Uploaded/2026/lcgjikao/2026_02_02/01-2382-9002.jpg,,,,4,Thông tin doanh nghiệp,/thong-tin-doanh-nghiep/,"BMI,C4G,DL1,FPT,GCF,GMD,HUT,IDC,ITD,MBB,MWG,PAC,PC1,PVD,PVS,SHB,SIP,STH,TIP,TV2,VGT"
DL1,384713,"Vietbank (VBB) đạt 1.532 tỷ đồng lợi nhuận trước thuế năm 2025, chuẩn bị niêm yết sàn HOSE",,"(ĐTCK) Năm 2025, Ngân hàng TMCP Việt Nam Thương Tín (Vietbank, mã chứng khoán VBB) ghi nhận lợi nhuận trước thuế hợp nhất đạt 1.532 tỷ đồng, tăng 35% so với năm 2024.",1769997537,2026-02-02 08:58:57,1769997537,2026-02-02 08:58:57,https://www.tinnhanhchungkhoan.vn/vietbank-vbb-dat-1532-ty-dong-loi-nhuan-truoc-thue-nam-2025-chuan-bi-niem-yet-san-hose-post384713.html,/vietbank-vbb-dat-1532-ty-dong-loi-nhuan-truoc-thue-nam-2025-chuan-bi-niem-yet-san-hose-post384713.html,https://image.tinnhanhchungkhoan.vn/w200/Uploaded/2026/bpcgdqvp/2023_09_20/vietbank-527.jpg,,,,4,Thông tin doanh nghiệp,/thong-tin-doanh-nghiep/,"BMI,C4G,DL1,FPT,GCF,GMD,HUT,IDC,ITD,MBB,MWG,PAC,PC1,PVD,PVS,SHB,SIP,STH,TIP,TV2,VGT"
DL1,384684,Đầu tư Thương mại SMC (SMC) ghi nhận lãi đột biến trở lại trong quý IV/2025 nhờ thanh lý tài sản và hoàn nhập dự phòng,,"(ĐTCK) Công ty cổ phần Đầu tư Thương mại SMC (mã SMC - sàn HOSE) ghi nhận lãi 343,95 tỷ đồng trong quý IV, luỹ kế cả năm 2025 lãi 185,07 tỷ đồng và hoàn thành tới 616,9% kế hoạch năm.",1769990120,2026-02-02 06:55:20,1769961336,2026-02-01 22:55:36,https://www.tinnhanhchungkhoan.vn/dau-tu-thuong-mai-smc-smc-ghi-nhan-lai-dot-bien-tro-lai-trong-quy-iv2025-nho-thanh-ly-tai-san-va-hoan-nhap-du-phong-post384684.html,/dau-tu-thuong-mai-smc-smc-ghi-nhan-lai-dot-bien-tro-lai-trong-quy-iv2025-nho-thanh-ly-tai-san-va-hoan-nhap-du-phong-post384684.html,https://image.tinnhanhchungkhoan.vn/w200/Uploaded/2026/lcgjikao/2026_02_01/01-150-4789.jpg,,,,4,Thông tin doanh nghiệp,/thong-tin-doanh-nghiep/,"BMI,C4G,DL1,FPT,GCF,GMD,HUT,IDC,ITD,MBB,MWG,PAC,PC1,PVD,PVS,SHB,SIP,STH,TIP,TV2,VGT"
DL1,384666,"Lợi nhuận Hoa Sen (HSG) giảm 62,3% trong quý I niên độ tài chính 2025 - 2026",,(ĐTCK) Công ty cổ phần Tập đoàn Hoa Sen (mã HSG - sàn HOSE) ghi nhận doanh thu và lợi nhuận đi lùi trong quý I niên độ tài chính 2025 – 2026 và có dấu hiệu tăng trích trữ tồn kho.,1769916063,2026-02-01 10:21:03,1769916063,2026-02-01 10:21:03,https://www.tinnhanhchungkhoan.vn/loi-nhuan-hoa-sen-hsg-giam-623-trong-quy-i-nien-do-tai-chinh-2025-2026-post384666.html,/loi-nhuan-hoa-sen-hsg-giam-623-trong-quy-i-nien-do-tai-chinh-2025-2026-post384666.html,https://image.tinnhanhchungkhoan.vn/w200/Uploaded/2026/lcgjikao/2026_02_01/01-8398-4117.jpg,,,,4,Thông tin doanh nghiệp,/thong-tin-doanh-nghiep/,"BMI,C4G,DL1,FPT,GCF,GMD,HUT,IDC,ITD,MBB,MWG,PAC,PC1,PVD,PVS,SHB,SIP,STH,TIP,TV2,VGT"
DL1,384656,"Thép Nam Kim (NKG) lỗ 9,34 tỷ đồng trong quý IV/2025, đánh dấu lỗ trở lại sau 10 quý",,"(ĐTCK) CTCP Thép Nam Kim (mã NKG - sàn HOSE) ghi nhận lỗ 9,34 tỷ đồng trong quý IV, luỹ kế năm 2025 lãi 197,19 tỷ đồng, giảm 56,55% và không hoàn thành kế hoạch năm.",1769915573,2026-02-01 10:12:53,1769915573,2026-02-01 10:12:53,https://www.tinnhanhchungkhoan.vn/thep-nam-kim-nkg-lo-934-ty-dong-trong-quy-iv2025-danh-dau-lo-tro-lai-sau-10-quy-post384656.html,/thep-nam-kim-nkg-lo-934-ty-dong-trong-quy-iv2025-danh-dau-lo-tro-lai-sau-10-quy-post384656.html,https://image.tinnhanhchungkhoan.vn/w200/Uploaded/2026/lcgjikao/2026_02_01/01-3530-7692.jpg,,,,4,Thông tin doanh nghiệp,/thong-tin-doanh-nghiep/,"BMI,C4G,DL1,FPT,GCF,GMD,HUT,IDC,ITD,MBB,MWG,PAC,PC1,PVD,PVS,SHB,SIP,STH,TIP,TV2,VGT"
DL1,384655,L40 đấu giá thành công quyền khai thác 415.000 m3 cát tại Quảng Nam,,"(ĐTCK) CTCP Đầu tư và Xây dựng 40 (L40) đã đấu giá thành công quyền khai thác bãi cát tại dự án nạo vét khơi thông dòng sông Cổ Cò (phường Điện Bàn Đông, Thành phố Đà Nẵng) với giá trúng đấu giá gần 60 tỷ đồng. Dự kiến L40 sẽ gia tăng lợi nhuận mảng vật liệu xây dựng năm 2026.",1769909966,2026-02-01 08:39:26,1769909966,2026-02-01 08:39:26,https://www.tinnhanhchungkhoan.vn/l40-dau-gia-thanh-cong-quyen-khai-thac-415000-m3-cat-tai-quang-nam-post384655.html,/l40-dau-gia-thanh-cong-quyen-khai-thac-415000-m3-cat-tai-quang-nam-post384655.html,https://image.tinnhanhchungkhoan.vn/w200/Uploaded/2026/ipuokbf/2026_02_01/song-co-co-copy-8566-1916.jpg,,,,4,Thông tin doanh nghiệp,/thong-tin-doanh-nghiep/,"BMI,C4G,DL1,FPT,GCF,GMD,HUT,IDC,ITD,MBB,MWG,PAC,PC1,PVD,PVS,SHB,SIP,STH,TIP,TV2,VGT"
DL1,384654,"Gilimex (GIL) ghi nhận dòng tiền âm kỷ lục 677,5 tỷ đồng trong năm 2025",,"(ĐTCK) CTCP Sản xuất Kinh doanh Xuất nhập khẩu Bình Thạnh (Gilimex, mã GIL - sàn HOSE) ghi nhận lãi 138,19 tỷ đồng trong quý IV, luỹ kế cả năm 2025 lãi 35,64 tỷ đồng, tăng 29% so với cùng kỳ và chỉ đạt 23,8% kế hoạch năm.",1769909653,2026-02-01 08:34:13,1769909653,2026-02-01 08:34:13,https://www.tinnhanhchungkhoan.vn/gilimex-gil-ghi-nhan-dong-tien-am-ky-luc-6775-ty-dong-trong-nam-2025-post384654.html,/gilimex-gil-ghi-nhan-dong-tien-am-ky-luc-6775-ty-dong-trong-nam-2025-post384654.html,https://image.tinnhanhchungkhoan.vn/w200/Uploaded/2026/lcgjikao/2026_01_31/01-3473-8010.jpg,,,,4,Thông tin doanh nghiệp,/thong-tin-doanh-nghiep/,"BMI,C4G,DL1,FPT,GCF,GMD,HUT,IDC,ITD,MBB,MWG,PAC,PC1,PVD,PVS,SHB,SIP,STH,TIP,TV2,VGT"
DL1,384648,Văn Phú (VPI) vượt chỉ tiêu lợi nhuận năm 2025,,"(ĐTCK) Dòng tiền thu được từ các dự án gồm Vlasta - Thủy Nguyên (Hải Phòng), Yên Phong (Bắc Ninh), TT39-40 (Hà Nội) , Dự án Song Khê - Nội Hoàng - (Bắc Ninh) giúp Công ty cổ phần Phát triển bất động sản Văn Phú (mã chứng khoán: VPI) kết thúc quý IV/2025 với lợi nhuận sau thuế ở mức 132 tỷ đồng, qua đó, thực hiện 112% chỉ tiêu lợi nhuận năm 2025 đã được các cổ đông thông qua tại cuộc họp ĐHĐCĐ thường niên.",1769837990,2026-01-31 12:39:50,1769837990,2026-01-31 12:39:50,https://www.tinnhanhchungkhoan.vn/van-phu-vpi-vuot-chi-tieu-loi-nhuan-nam-2025-post384648.html,/van-phu-vpi-vuot-chi-tieu-loi-nhuan-nam-2025-post384648.html,https://image.tinnhanhchungkhoan.vn/w200/Uploaded/2026/ipuokbf/2026_01_31/vpi-vlasta-phu-thuan-2958-8443.jpg,Dự án Vlasta Premier – Phú Thuận,,,4,Thông tin doanh nghiệp,/thong-tin-doanh-nghiep/,"BMI,C4G,DL1,FPT,GCF,GMD,HUT,IDC,ITD,MBB,MWG,PAC,PC1,PVD,PVS,SHB,SIP,STH,TIP,TV2,VGT"
DL1,384635,"Vinasun (VNS): Lợi nhuận năm 2025 đạt hơn 38 tỷ đồng, giảm 54,5%",,"(ĐTCK) Công ty cổ phần Ánh Dương Việt Nam (Vinasun, mã VNS - sàn HOSE) ghi nhận lãi 4,94 tỷ đồng trong quý IV, luỹ kế năm 2025 lãi 38,29 tỷ đồng, giảm 54,5% so với cùng kỳ và chỉ hoàn thành 71,4% kế hoạch năm.",1769825682,2026-01-31 09:14:42,1769825682,2026-01-31 09:14:42,https://www.tinnhanhchungkhoan.vn/vinasun-vns-loi-nhuan-nam-2025-dat-hon-38-ty-dong-giam-545-post384635.html,/vinasun-vns-loi-nhuan-nam-2025-dat-hon-38-ty-dong-giam-545-post384635.html,https://image.tinnhanhchungkhoan.vn/w200/Uploaded/2026/lcgjikao/2026_01_31/01-5716-1382.jpg,,,,4,Thông tin doanh nghiệp,/thong-tin-doanh-nghiep/,"BMI,C4G,DL1,FPT,GCF,GMD,HUT,IDC,ITD,MBB,MWG,PAC,PC1,PVD,PVS,SHB,SIP,STH,TIP,TV2,VGT"
DL1,384631,DIC Corp (DIG): Lãi đột biến quý IV/2025 nhờ bán một phần dự án Đại Phước,,"(ĐTCK) Tổng CTCP Đầu tư Phát triển Xây dựng (DIC Corp, mã DIG - sàn HOSE) ghi nhận lãi 423,99 tỷ đồng trong quý IV, luỹ kế năm 2025 lãi 623,95 tỷ đồng, tăng 509,2% so với cùng kỳ.",1769817644,2026-01-31 07:00:44,1769789831,2026-01-30 23:17:11,https://www.tinnhanhchungkhoan.vn/dic-corp-dig-lai-dot-bien-quy-iv2025-nho-ban-mot-phan-du-an-dai-phuoc-post384631.html,/dic-corp-dig-lai-dot-bien-quy-iv2025-nho-ban-mot-phan-du-an-dai-phuoc-post384631.html,https://image.tinnhanhchungkhoan.vn/w200/Uploaded/2026/lcgjikao/2026_01_30/01-5560-947.jpg,,,,4,Thông tin doanh nghiệp,/thong-tin-doanh-nghiep/,"BMI,C4G,DL1,FPT,GCF,GMD,HUT,IDC,ITD,MBB,MWG,PAC,PC1,PVD,PVS,SHB,SIP,STH,TIP,TV2,VGT"
DL1,384633,"Năm 2025, YeaH1 (YEG) ghi nhận lợi nhuận sau thuế đạt 80,3 tỷ đồng",,"(ĐTCK) Trước nhiều biến động của thị trường chung năm 2025, YeaH1 ghi nhận doanh thu thuần đạt 1.653 tỷ đồng, tăng 61% so với cùng kỳ và vượt 27% so với kế hoạch năm.",1769816733,2026-01-31 06:45:33,1769789740,2026-01-30 23:15:40,https://www.tinnhanhchungkhoan.vn/nam-2025-yeah1-yeg-ghi-nhan-loi-nhuan-sau-thue-dat-803-ty-dong-post384633.html,/nam-2025-yeah1-yeg-ghi-nhan-loi-nhuan-sau-thue-dat-803-ty-dong-post384633.html,https://image.tinnhanhchungkhoan.vn/w200/Uploaded/2026/bpcpcwvo/2026_01_30/yeg-concert-5715-7796.png,,,,4,Thông tin doanh nghiệp,/thong-tin-doanh-nghiep/,"BMI,C4G,DL1,FPT,GCF,GMD,HUT,IDC,ITD,MBB,MWG,PAC,PC1,PVD,PVS,SHB,SIP,STH,TIP,TV2,VGT"
DL1,384629,Eximbank (EIB) báo lãi trước thuế hơn 1.500 tỷ đồng trong năm 2025,,"(ĐTCK) Tổng lợi nhuận trước thuế của Eximbank trong năm 2025 đạt 1.511,7 tỷ đồng, chỉ đạt 29,12% kế hoạch năm.",1769771854,2026-01-30 18:17:34,1769779108,2026-01-30 20:18:28,https://www.tinnhanhchungkhoan.vn/eximbank-eib-bao-lai-truoc-thue-hon-1500-ty-dong-trong-nam-2025-post384629.html,/eximbank-eib-bao-lai-truoc-thue-hon-1500-ty-dong-trong-nam-2025-post384629.html,https://image.tinnhanhchungkhoan.vn/w200/Uploaded/2026/bpcgdqvp/2026_01_30/eib-594-5150.jpg,,,,4,Thông tin doanh nghiệp,/thong-tin-doanh-nghiep/,"BMI,C4G,DL1,FPT,GCF,GMD,HUT,IDC,ITD,MBB,MWG,PAC,PC1,PVD,PVS,SHB,SIP,STH,TIP,TV2,VGT"
DL1,384628,"Giữa “tâm bão” ngành chăn nuôi, BAF nỗ lực giữ biên lợi nhuận",,"(ĐTCK) Giữa bối cảnh giá lợn hơi lao dốc, BAF Việt Nam nổi bật với chiến lược tối ưu chi phí sản xuất, giá vốn giảm 14,2% tương đương khoảng 700 tỷ đồng, giúp lợi nhuận gộp giữ đà tăng 14,7%. Song song, doanh nghiệp chủ động mở rộng quy mô, đẩy nhanh tiến độ dự án chăn nuôi công nghệ cao nhà cao tầng và tập trung nghiên cứu, lai tạo giống heo năng suất cao, tăng sức chống chịu dịch bệnh, tạo nền tảng bứt phá cho giai đoạn 2026 - 2030.",1769769063,2026-01-30 17:31:03,1769769063,2026-01-30 17:31:03,https://www.tinnhanhchungkhoan.vn/giua-tam-bao-nganh-chan-nuoi-baf-no-luc-giu-bien-loi-nhuan-post384628.html,/giua-tam-bao-nganh-chan-nuoi-baf-no-luc-giu-bien-loi-nhuan-post384628.html,https://image.tinnhanhchungkhoan.vn/w200/Uploaded/2026/bpikpjik/2026_01_30/baf-9294-5858.jpg,,,,4,Thông tin doanh nghiệp,/thong-tin-doanh-nghiep/,"BMI,C4G,DL1,FPT,GCF,GMD,HUT,IDC,ITD,MBB,MWG,PAC,PC1,PVD,PVS,SHB,SIP,STH,TIP,TV2,VGT"
DL1,384618,"Khang Điền (KDH): Lợi nhuận 2025 vượt 63% kế hoạch, đạt hơn 1.633 tỷ đồng, mở rộng tăng trưởng trong 2026",,"(ĐTCK) Công ty cổ phần Đầu tư và Kinh doanh Nhà Khang Điền (mã chứng khoán KDH) vừa công bố báo cáo tài chính năm 2025, ghi nhận doanh thu hợp nhất tăng trưởng 16% và lợi nhuận sau thuế tăng gấp đôi so với cùng kỳ năm, vượt xa kế hoạch đề ra.",1769768553,2026-01-30 17:22:33,1769768553,2026-01-30 17:22:33,https://www.tinnhanhchungkhoan.vn/khang-dien-kdh-loi-nhuan-2025-vuot-63-ke-hoach-dat-hon-1633-ty-dong-mo-rong-tang-truong-trong-2026-post384618.html,/khang-dien-kdh-loi-nhuan-2025-vuot-63-ke-hoach-dat-hon-1633-ty-dong-mo-rong-tang-truong-trong-2026-post384618.html,https://image.tinnhanhchungkhoan.vn/w200/Uploaded/2026/djshp/2026_01_25/2-992-368.jpg,"Mới đây, Khang Điền đã động thổ khu cao tầng Gladia by the Waters gồm hơn 600 căn hộ, dự kiến bàn giao quý IV/2027.",,,4,Thông tin doanh nghiệp,/thong-tin-doanh-nghiep/,"BMI,C4G,DL1,FPT,GCF,GMD,HUT,IDC,ITD,MBB,MWG,PAC,PC1,PVD,PVS,SHB,SIP,STH,TIP,TV2,VGT"
DL1,384620,"TTC Land (SCR) đạt lợi nhuận sau thuế 67,38 tỷ đồng trong năm 2025",,"(ĐTCK) CTCP Địa ốc Sài Gòn Thương Tín (TTC Land, mã SCR - sàn HOSE) ghi nhận lợi nhuận sau thuế 33,47 tỷ đồng trong quý IV, luỹ kế năm 2025 lãi 67,38 tỷ đồng, tăng hơn 14,85 lần so với cùng kỳ.",1769763442,2026-01-30 15:57:22,1769763442,2026-01-30 15:57:22,https://www.tinnhanhchungkhoan.vn/ttc-land-scr-dat-loi-nhuan-sau-thue-6738-ty-dong-trong-nam-2025-post384620.html,/ttc-land-scr-dat-loi-nhuan-sau-thue-6738-ty-dong-trong-nam-2025-post384620.html,https://image.tinnhanhchungkhoan.vn/w200/Uploaded/2026/lcgjikao/2026_01_30/01-8713-3228.jpeg,,,,4,Thông tin doanh nghiệp,/thong-tin-doanh-nghiep/,"BMI,C4G,DL1,FPT,GCF,GMD,HUT,IDC,ITD,MBB,MWG,PAC,PC1,PVD,PVS,SHB,SIP,STH,TIP,TV2,VGT"
DL1,384615,"Lợi nhuận trước thuế năm 2025 của OCB đạt 5.046 tỷ đồng, tăng gần 26%",,"(ĐTCK) Theo báo cáo tài chính quý IV vừa được Ngân hàng Phương Đông (mã CK: OCB) công bố, lợi nhuận trước thuế năm 2025 đạt mức 5.046 tỷ đồng, tăng 25,9% so với năm 2024.",1769762805,2026-01-30 15:46:45,1769768157,2026-01-30 17:15:57,https://www.tinnhanhchungkhoan.vn/loi-nhuan-truoc-thue-nam-2025-cua-ocb-dat-5046-ty-dong-tang-gan-26-post384615.html,/loi-nhuan-truoc-thue-nam-2025-cua-ocb-dat-5046-ty-dong-tang-gan-26-post384615.html,https://image.tinnhanhchungkhoan.vn/w200/Uploaded/2026/bpcgdqvp/2024_01_30/ocb-3903.jpg,,,,4,Thông tin doanh nghiệp,/thong-tin-doanh-nghiep/,"BMI,C4G,DL1,FPT,GCF,GMD,HUT,IDC,ITD,MBB,MWG,PAC,PC1,PVD,PVS,SHB,SIP,STH,TIP,TV2,VGT"
DL1,384614,Hạ tầng GELEX (GEL) phê duyệt khoản vay 200 triệu USD vốn quốc tế,,"(ĐTCK) CTCP Hạ tầng GELEX (mã GEL - sàn HOSE) vừa công bố nghị quyết hội đồng quản trị về việc phê duyệt khoản vay nước ngoài trị giá 200 triệu USD, trong đó HSBC đóng vai trò là ngân hàng thu xếp chính duy nhất kiêm điều phối sổ.",1769762776,2026-01-30 15:46:16,1769779705,2026-01-30 20:28:25,https://www.tinnhanhchungkhoan.vn/ha-tang-gelex-gel-phe-duyet-khoan-vay-200-trieu-usd-von-quoc-te-post384614.html,/ha-tang-gelex-gel-phe-duyet-khoan-vay-200-trieu-usd-von-quoc-te-post384614.html,https://image.tinnhanhchungkhoan.vn/w200/Uploaded/2026/lcgjikao/2026_01_30/02-4078-873.jpg,Hạ tầng GELEX đã làm việc với hơn 30 ngân hàng và tổ chức tài chính tại Singapore và Đài Loan.,,,4,Thông tin doanh nghiệp,/thong-tin-doanh-nghiep/,"BMI,C4G,DL1,FPT,GCF,GMD,HUT,IDC,ITD,MBB,MWG,PAC,PC1,PVD,PVS,SHB,SIP,STH,TIP,TV2,VGT"
DL1,384613,"PTM lên kế hoạch chia cổ tức 30% bằng tiền, Haxaco (HAX) có thể nhận về gần 50 tỷ đồng",,"(ĐTCK) CTCP Sản xuất, Thương mại và Dịch vụ ô tô PTM (mã chứng khoán PTM) vừa có dự thảo tài liệu họp Đại hội đồng cổ đông thường niên 2026, trong đó có tờ trình phương án phân phối lợi nhuận năm 2025, chia cổ tức 30% bằng tiền mặt.",1769762727,2026-01-30 15:45:27,1769762727,2026-01-30 15:45:27,https://www.tinnhanhchungkhoan.vn/ptm-len-ke-hoach-chia-co-tuc-30-bang-tien-haxaco-hax-co-the-nhan-ve-gan-50-ty-dong-post384613.html,/ptm-len-ke-hoach-chia-co-tuc-30-bang-tien-haxaco-hax-co-the-nhan-ve-gan-50-ty-dong-post384613.html,https://image.tinnhanhchungkhoan.vn/w200/Uploaded/2026/wpxlcdjwi/2022_06_01/dien-bien-thi-truong-bat-loi-haxaco-hoan-tang-von-8721.jpg,Haxaco (HAX) sắp nhận gần 50 tỷ đồng tiền cổ tức từ PTM,,,4,Thông tin doanh nghiệp,/thong-tin-doanh-nghiep/,"BMI,C4G,DL1,FPT,GCF,GMD,HUT,IDC,ITD,MBB,MWG,PAC,PC1,PVD,PVS,SHB,SIP,STH,TIP,TV2,VGT"
DL1,384611,"Năm 2025, MSB đạt lợi nhuận trước thuế hợp nhất 7.058 tỷ đồng",,"(ĐTCK) Tại ngày 31/12/2025, tổng tài sản hợp nhất của Ngân hàng TMCP Hàng Hải Việt Nam (MSB - sàn HOSE) đạt gần 408 nghìn tỷ đồng, tăng 27,3% so với thời điểm đầu năm. Động lực chính của sự tăng trưởng quy mô đến từ hoạt động tín dụng.",1769762700,2026-01-30 15:45:00,1769762700,2026-01-30 15:45:00,https://www.tinnhanhchungkhoan.vn/nam-2025-msb-dat-loi-nhuan-truoc-thue-hop-nhat-7058-ty-dong-post384611.html,/nam-2025-msb-dat-loi-nhuan-truoc-thue-hop-nhat-7058-ty-dong-post384611.html,https://image.tinnhanhchungkhoan.vn/w200/Uploaded/2026/pwvolcvo/2026_01_30/msb-6-7064-2022.jpg,,,,4,Thông tin doanh nghiệp,/thong-tin-doanh-nghiep/,"BMI,C4G,DL1,FPT,GCF,GMD,HUT,IDC,ITD,MBB,MWG,PAC,PC1,PVD,PVS,SHB,SIP,STH,TIP,TV2,VGT"
FPT,384814,Dịch vụ Phân phối Tổng hợp Dầu khí (PSD) vượt 40% mục tiêu lợi nhuận 2025,,"(ĐTCK) Năm 2025, CTCP Dịch vụ Phân phối Tổng hợp Dầu khí (Petrosetco Distribution, mã PSD) ghi nhận 143,1 tỷ đồng lợi nhuận sau thuế, tăng 73% so với năm trước và vượt 40% mục tiêu năm.",1770108462,2026-02-03 15:47:42,1770108462,2026-02-03 15:47:42,https://www.tinnhanhchungkhoan.vn/dich-vu-phan-phoi-tong-hop-dau-khi-psd-vuot-40-muc-tieu-loi-nhuan-2025-post384814.html,/dich-vu-phan-phoi-tong-hop-dau-khi-psd-vuot-40-muc-tieu-loi-nhuan-2025-post384814.html,https://image.tinnhanhchungkhoan.vn/w200/Uploaded/2026/xvrhgenatpx97/2026_02_03/492389603-1269083815221635-1856212450220482697-n-8553-4165.jpg,,,,4,Thông tin doanh nghiệp,/thong-tin-doanh-nghiep/,"BMI,C4G,DL1,FPT,GCF,GMD,HUT,IDC,ITD,MBB,MWG,PAC,PC1,PVD,PVS,SHB,SIP,STH,TIP,TV2,VGT"
FPT,384815,"Becamex IDC (BCM) chia cổ tức 11% bằng tiền mặt, lợi nhuận 2025 vượt hơn 42% kế hoạch",,"(ĐTCK) Ngày 13/2 tới đây, Tập đoàn Đầu tư và Phát triển Công nghiệp Becamex - CTCP (Becamex IDC, mã BCM - sàn HOSE) vừa thông báo về việc chia cổ tức năm 2024.",1770108203,2026-02-03 15:43:23,1770108203,2026-02-03 15:43:23,https://www.tinnhanhchungkhoan.vn/becamex-idc-bcm-chia-co-tuc-11-bang-tien-mat-loi-nhuan-2025-vuot-hon-42-ke-hoach-post384815.html,/becamex-idc-bcm-chia-co-tuc-11-bang-tien-mat-loi-nhuan-2025-vuot-hon-42-ke-hoach-post384815.html,https://image.tinnhanhchungkhoan.vn/w200/Uploaded/2026/ipuokbf/2025_02_06/becamex-idc-bcm-2233-7213.jpg,,,,4,Thông tin doanh nghiệp,/thong-tin-doanh-nghiep/,"BMI,C4G,DL1,FPT,GCF,GMD,HUT,IDC,ITD,MBB,MWG,PAC,PC1,PVD,PVS,SHB,SIP,STH,TIP,TV2,VGT"
FPT,384807,"EVNGENCO3 (PGV): Lợi nhuận sau thuế vượt 3.700 tỷ đồng, định giá cổ phiếu về vùng hấp dẫn",,(ĐTCK) Lợi nhuận năm 2025 của EVNGENCO3 (PGV) xác lập kỷ lục mới. Dòng tiền cải thiện cùng tỷ lệ nợ vay liên tục giảm nhiều năm là nền tảng quan trọng cho EVNGENCO3 trong giai đoạn mở rộng đầu tư sắp tới.,1770104233,2026-02-03 14:37:13,1770104233,2026-02-03 14:37:13,https://www.tinnhanhchungkhoan.vn/evngenco3-pgv-loi-nhuan-sau-thue-vuot-3700-ty-dong-dinh-gia-co-phieu-ve-vung-hap-dan-post384807.html,/evngenco3-pgv-loi-nhuan-sau-thue-vuot-3700-ty-dong-dinh-gia-co-phieu-ve-vung-hap-dan-post384807.html,https://image.tinnhanhchungkhoan.vn/w200/Uploaded/2026/bpikpjik/2022_01_26/evngenco3-4286.jpg,,,,4,Thông tin doanh nghiệp,/thong-tin-doanh-nghiep/,"BMI,C4G,DL1,FPT,GCF,GMD,HUT,IDC,ITD,MBB,MWG,PAC,PC1,PVD,PVS,SHB,SIP,STH,TIP,TV2,VGT"
FPT,384804,Doanh thu Sao Ta (FMC) giảm 21% ngay tháng đầu năm 2026,,"(ĐTCK) CTCP Thực phẩm Sao Ta (FMC) công bố tình hình hoạt động hợp nhất tháng 01/2026 với doanh thu đạt 20,4 triệu USD, giảm 21% so với cùng kỳ năm trước.",1770102267,2026-02-03 14:04:27,1770102267,2026-02-03 14:04:27,https://www.tinnhanhchungkhoan.vn/doanh-thu-sao-ta-fmc-giam-21-ngay-thang-dau-nam-2026-post384804.html,/doanh-thu-sao-ta-fmc-giam-21-ngay-thang-dau-nam-2026-post384804.html,https://image.tinnhanhchungkhoan.vn/w200/Uploaded/2026/xvrhgenatpx97/2023_01_16/fmc-9473.jpg,,,,4,Thông tin doanh nghiệp,/thong-tin-doanh-nghiep/,"BMI,C4G,DL1,FPT,GCF,GMD,HUT,IDC,ITD,MBB,MWG,PAC,PC1,PVD,PVS,SHB,SIP,STH,TIP,TV2,VGT"
FPT,384802,"Quý IV/2025, lợi nhuận sau thuế của Đạt Phương (DPG) tăng 46%",,"(ĐTCK) Mới đây, CTCP Tập đoàn Đạt Phương (mã DPG) công bố báo cáo tài chính quý IV/2025 cho thấy sự cải thiện về quy mô doanh thu và lợi nhuận.",1770091215,2026-02-03 11:00:15,1770091215,2026-02-03 11:00:15,https://www.tinnhanhchungkhoan.vn/quy-iv2025-loi-nhuan-sau-thue-cua-dat-phuong-dpg-tang-46-post384802.html,/quy-iv2025-loi-nhuan-sau-thue-cua-dat-phuong-dpg-tang-46-post384802.html,https://image.tinnhanhchungkhoan.vn/w200/Uploaded/2026/gtnwae/2026_02_03/1-7741-8171.jpg,,,,4,Thông tin doanh nghiệp,/thong-tin-doanh-nghiep/,"BMI,C4G,DL1,FPT,GCF,GMD,HUT,IDC,ITD,MBB,MWG,PAC,PC1,PVD,PVS,SHB,SIP,STH,TIP,TV2,VGT"
FPT,384799,Lợi nhuận Tổng công ty Tín Nghĩa (TID) giảm tới 99% trong quý IV/2025 khi phải hoàn trả cho Tỉnh uỷ Đồng Nai,,"(ĐTCK) Tổng công ty Tín Nghĩa (mã TID - UPCoM) ghi nhận lãi 1,8 tỷ đồng trong quý IV, luỹ kế cả năm 2025 ghi nhận lãi 762,13 tỷ đồng, hoàn thành 113,4% so với kế hoạch năm.",1770090820,2026-02-03 10:53:40,1770090820,2026-02-03 10:53:40,https://www.tinnhanhchungkhoan.vn/loi-nhuan-tong-cong-ty-tin-nghia-tid-giam-toi-99-trong-quy-iv2025-khi-phai-hoan-tra-cho-tinh-uy-dong-nai-post384799.html,/loi-nhuan-tong-cong-ty-tin-nghia-tid-giam-toi-99-trong-quy-iv2025-khi-phai-hoan-tra-cho-tinh-uy-dong-nai-post384799.html,https://image.tinnhanhchungkhoan.vn/w200/Uploaded/2026/lcgjikao/2026_02_03/01-906-8353.jpeg,,,,4,Thông tin doanh nghiệp,/thong-tin-doanh-nghiep/,"BMI,C4G,DL1,FPT,GCF,GMD,HUT,IDC,ITD,MBB,MWG,PAC,PC1,PVD,PVS,SHB,SIP,STH,TIP,TV2,VGT"
FPT,384779,"Gỗ An Cường (ACG) ghi nhận dòng tiền kinh doanh âm kỷ lục 408,56 tỷ đồng trong năm 2025",,"(ĐTCK) CTCP Gỗ An Cường (mã ACG - sàn HOSE) ghi nhận lãi 145,54 tỷ đồng trong quý IV, luỹ kế năm 2025 ghi nhận lãi 503,75 tỷ đồng, tăng 19,9% so với cùng kỳ năm trước.",1770077256,2026-02-03 07:07:36,1770077256,2026-02-03 07:07:36,https://www.tinnhanhchungkhoan.vn/go-an-cuong-acg-ghi-nhan-dong-tien-kinh-doanh-am-ky-luc-40856-ty-dong-trong-nam-2025-post384779.html,/go-an-cuong-acg-ghi-nhan-dong-tien-kinh-doanh-am-ky-luc-40856-ty-dong-trong-nam-2025-post384779.html,https://image.tinnhanhchungkhoan.vn/w200/Uploaded/2026/lcgjikao/2026_02_02/01-8702-1876.jpg,,,,4,Thông tin doanh nghiệp,/thong-tin-doanh-nghiep/,"BMI,C4G,DL1,FPT,GCF,GMD,HUT,IDC,ITD,MBB,MWG,PAC,PC1,PVD,PVS,SHB,SIP,STH,TIP,TV2,VGT"
FPT,384776,Searefico (SRF) thoát lỗ quý IV/2025 nhờ thu nhập khác tăng đột biến,,"(ĐTCK) Công ty cổ phần Searefico (mã SRF - sàn HOSE) ghi nhận lãi 15,71 tỷ đồng trong quý IV, luỹ kế cả năm 2025 lãi 22,18 tỷ đồng và đạt 56,9% kế hoạch năm.",1770077020,2026-02-03 07:03:40,1770077020,2026-02-03 07:03:40,https://www.tinnhanhchungkhoan.vn/searefico-srf-thoat-lo-quy-iv2025-nho-thu-nhap-khac-tang-dot-bien-post384776.html,/searefico-srf-thoat-lo-quy-iv2025-nho-thu-nhap-khac-tang-dot-bien-post384776.html,https://image.tinnhanhchungkhoan.vn/w200/Uploaded/2026/lcgjikao/2026_02_02/01-2954-71.jpg,,,,4,Thông tin doanh nghiệp,/thong-tin-doanh-nghiep/,"BMI,C4G,DL1,FPT,GCF,GMD,HUT,IDC,ITD,MBB,MWG,PAC,PC1,PVD,PVS,SHB,SIP,STH,TIP,TV2,VGT"
FPT,384774,"Thép Pomina (POM) lỗ thêm 838,2 tỷ đồng năm 2025, vốn chủ sở hữu âm hơn 623,6 tỷ đồng",,"(ĐTCK) CTCP Thép Pomina (mã POM) vừa công bố báo cáo tài chính năm 2025 với khoản lỗ sau thuế 838,2 tỷ đồng, đánh dấu năm thứ 4 liên tiếp doanh nghiệp thua lỗ, qua đó nâng lỗ lũy kế lên 3.485 tỷ đồng và khiến vốn chủ sở hữu tại thời điểm cuối năm âm hơn 623,6 tỷ đồng",1770076822,2026-02-03 07:00:22,1770076822,2026-02-03 07:00:22,https://www.tinnhanhchungkhoan.vn/thep-pomina-pom-lo-them-8382-ty-dong-nam-2025-von-chu-so-huu-am-hon-6236-ty-dong-post384774.html,/thep-pomina-pom-lo-them-8382-ty-dong-nam-2025-von-chu-so-huu-am-hon-6236-ty-dong-post384774.html,https://image.tinnhanhchungkhoan.vn/w200/Uploaded/2026/xvrhgenatpx97/2024_08_21/pom-5603.jpeg,,,,4,Thông tin doanh nghiệp,/thong-tin-doanh-nghiep/,"BMI,C4G,DL1,FPT,GCF,GMD,HUT,IDC,ITD,MBB,MWG,PAC,PC1,PVD,PVS,SHB,SIP,STH,TIP,TV2,VGT"
FPT,384773,PV Drilling (PVD) vượt 98% mục tiêu lợi nhuận năm 2025,,"(ĐTCK) Năm 2025, PV Drilling mang về 1.050,5 tỷ đồng lãi ròng, tăng 50,5% so với kết quả thực hiện năm 2024 và vượt 98% mục tiêu lợi nhuận cả năm.",1770076674,2026-02-03 06:57:54,1770076674,2026-02-03 06:57:54,https://www.tinnhanhchungkhoan.vn/pv-drilling-pvd-vuot-98-muc-tieu-loi-nhuan-nam-2025-post384773.html,/pv-drilling-pvd-vuot-98-muc-tieu-loi-nhuan-nam-2025-post384773.html,https://image.tinnhanhchungkhoan.vn/w200/Uploaded/2026/xvrhgenatpx97/2023_04_24/pvd-1871.jpeg,,,,4,Thông tin doanh nghiệp,/thong-tin-doanh-nghiep/,"BMI,C4G,DL1,FPT,GCF,GMD,HUT,IDC,ITD,MBB,MWG,PAC,PC1,PVD,PVS,SHB,SIP,STH,TIP,TV2,VGT"
FPT,384775,MB (MBB) dự kiến cán mốc vốn hóa 10 tỷ USD vào năm 2027,,"(ĐTCK) So với giai đoạn đầu năm 2017, tổng vốn hoá của Ngân hàng TMCP Quân Đội (MB - mã chứng khoán MBB) đến nay đã ghi nhận tăng 9,9 lần (tương đương khoảng 8,5 tỷ USD). Ông Lưu Trung Thái, Chủ tịch HĐQT MB cho biết, với tốc độ tăng trưởng như hiện nay, dự kiến sang năm 2027, tổng giá trị vốn hoá của MB có thể cán đến mốc 10 tỷ USD.",1770076595,2026-02-03 06:56:35,1770076595,2026-02-03 06:56:35,https://www.tinnhanhchungkhoan.vn/mb-mbb-du-kien-can-moc-von-hoa-10-ty-usd-vao-nam-2027-post384775.html,/mb-mbb-du-kien-can-moc-von-hoa-10-ty-usd-vao-nam-2027-post384775.html,https://image.tinnhanhchungkhoan.vn/w200/Uploaded/2026/ngobgt/2026_02_02/img-3950-1125-6297.jpeg,"Ông Lưu Trung Thái, Chủ tịch HĐQT Ngân hàng TMCP Quân Đội (MB) chủ trì hội nghị Nhà đầu tư.",,,4,Thông tin doanh nghiệp,/thong-tin-doanh-nghiep/,"BMI,C4G,DL1,FPT,GCF,GMD,HUT,IDC,ITD,MBB,MWG,PAC,PC1,PVD,PVS,SHB,SIP,STH,TIP,TV2,VGT"
FPT,384768,Chiến lược Go Global đang từng bước đóng góp vào tăng trưởng dài hạn của Masan Consumer (MCH),,"(ĐTCK) Trong suốt năm 2025, doanh thu quốc tế của Masan Consumer (HOSE: MCH) duy trì đà tăng trưởng tích cực và tiếp tục cải thiện trong quý gần nhất. Theo báo cáo kết quả kinh doanh, riêng kênh kinh doanh quốc tế tăng trưởng gần 27% trong năm 2025. Diễn biến này cho thấy chiến lược Go Global đang bắt đầu tạo đóng góp thực tế, thay vì chỉ dừng ở định hướng dài hạn.",1770026991,2026-02-02 17:09:51,1770029550,2026-02-02 17:52:30,https://www.tinnhanhchungkhoan.vn/chien-luoc-go-global-dang-tung-buoc-dong-gop-vao-tang-truong-dai-han-cua-masan-consumer-mch-post384768.html,/chien-luoc-go-global-dang-tung-buoc-dong-gop-vao-tang-truong-dai-han-cua-masan-consumer-mch-post384768.html,https://image.tinnhanhchungkhoan.vn/w200/Uploaded/2026/bpikpjik/2026_02_02/thuc-pham-tuoi-ngon-phong-phu-tai-sieu-thi-winmart-4053-77.jpeg,,,,4,Thông tin doanh nghiệp,/thong-tin-doanh-nghiep/,"BMI,C4G,DL1,FPT,GCF,GMD,HUT,IDC,ITD,MBB,MWG,PAC,PC1,PVD,PVS,SHB,SIP,STH,TIP,TV2,VGT"
FPT,384769,OCH vượt kế hoạch doanh thu và lợi nhuận năm 2025,,"(ĐTCK) Công ty cổ phần One Capital Hospitality (HNX: OCH) ghi nhận doanh thu cả năm 2025 đạt 1.188 tỷ đồng, lợi nhuận trước thuế 135,6 tỷ đồng, vượt kế hoạch được Đại hội đồng cổ đông (ĐHĐCĐ) đề ra.",1770026945,2026-02-02 17:09:05,1770026945,2026-02-02 17:09:05,https://www.tinnhanhchungkhoan.vn/och-vuot-ke-hoach-doanh-thu-va-loi-nhuan-nam-2025-post384769.html,/och-vuot-ke-hoach-doanh-thu-va-loi-nhuan-nam-2025-post384769.html,https://image.tinnhanhchungkhoan.vn/w200/Uploaded/2026/cqjwqcqdh/2025_10_30/och-8280-9602.jpg,,,,4,Thông tin doanh nghiệp,/thong-tin-doanh-nghiep/,"BMI,C4G,DL1,FPT,GCF,GMD,HUT,IDC,ITD,MBB,MWG,PAC,PC1,PVD,PVS,SHB,SIP,STH,TIP,TV2,VGT"
FPT,384765,"Cơ điện lạnh (REE) tạm ứng cổ tức 10% bằng tiền, lên lịch ĐHCĐ thường niên năm tài chính 2025",,"(ĐTCK) HĐQT CTCP Cơ điện lạnh (REE – sàn HOSE) vừa thông qua, ngày 27/2 tới đây sẽ thực hiện chốt danh sách cổ đông để tổ chức ĐHCĐ thường niên năm tài chính 2025 và tạm ứng cổ tức năm 2025.",1770026245,2026-02-02 16:57:25,1770026691,2026-02-02 17:04:51,https://www.tinnhanhchungkhoan.vn/co-dien-lanh-ree-tam-ung-co-tuc-10-bang-tien-len-lich-dhcd-thuong-nien-nam-tai-chinh-2025-post384765.html,/co-dien-lanh-ree-tam-ung-co-tuc-10-bang-tien-len-lich-dhcd-thuong-nien-nam-tai-chinh-2025-post384765.html,https://image.tinnhanhchungkhoan.vn/w200/Uploaded/2026/pigo/2020_09_30/cong-ty-co-phan-co-dien-lanh-bom-no-cham-trong-dau-tu-tai-chinh1590080990-3682.jpg,,,,4,Thông tin doanh nghiệp,/thong-tin-doanh-nghiep/,"BMI,C4G,DL1,FPT,GCF,GMD,HUT,IDC,ITD,MBB,MWG,PAC,PC1,PVD,PVS,SHB,SIP,STH,TIP,TV2,VGT"
FPT,384761,Vietbank (VBB): Bổ nhiệm Quyền Tổng giám đốc và một Phó tổng giám đốc,,"(ĐTCK) Ngân hàng TMCP Việt Nam Thương Tín (Vietbank, mã chứng khoán: VBB) vừa công bố quyết định kiện toàn nhân sự lãnh đạo cấp cao.",1770023282,2026-02-02 16:08:02,1770023282,2026-02-02 16:08:02,https://www.tinnhanhchungkhoan.vn/vietbank-vbb-bo-nhiem-quyen-tong-giam-doc-va-mot-pho-tong-giam-doc-post384761.html,/vietbank-vbb-bo-nhiem-quyen-tong-giam-doc-va-mot-pho-tong-giam-doc-post384761.html,https://image.tinnhanhchungkhoan.vn/w200/Uploaded/2026/bpcgdqvp/2026_02_02/vb2-3335-3688.jpg,Hội đồng Quản trị trao quyết định bổ nhiệm cho ông Lê Thanh Quý Ngọc - Quyền Tổng giám đốc và bà Trần Thị Ngọc Lý - Phó tổng giám đốc Vietbank,,,4,Thông tin doanh nghiệp,/thong-tin-doanh-nghiep/,"BMI,C4G,DL1,FPT,GCF,GMD,HUT,IDC,ITD,MBB,MWG,PAC,PC1,PVD,PVS,SHB,SIP,STH,TIP,TV2,VGT"
FPT,384752,"CDC Construction (CCC): Dòng tiền kinh doanh âm kỷ lục 335,17 tỷ đồng trong 9 tháng đầu niên độ 2025 - 2026",,"(ĐTCK) Công ty cổ phần Xây dựng CDC (CDC Construction, mã CCC - sàn HOSE) ghi nhận lãi 9,67 tỷ đồng trong quý III, luỹ kế 9 tháng trong niên độ 2025 - 2026 ghi nhận lãi 30,31 tỷ đồng, tăng 3,8% so với cùng kỳ và hoàn thành 64,1% kế hoạch năm.",1770022404,2026-02-02 15:53:24,1770022404,2026-02-02 15:53:24,https://www.tinnhanhchungkhoan.vn/cdc-construction-ccc-dong-tien-kinh-doanh-am-ky-luc-33517-ty-dong-trong-9-thang-dau-nien-do-2025-2026-post384752.html,/cdc-construction-ccc-dong-tien-kinh-doanh-am-ky-luc-33517-ty-dong-trong-9-thang-dau-nien-do-2025-2026-post384752.html,https://image.tinnhanhchungkhoan.vn/w200/Uploaded/2026/lcgjikao/2026_02_02/01-5399-2697.jpg,,,,4,Thông tin doanh nghiệp,/thong-tin-doanh-nghiep/,"BMI,C4G,DL1,FPT,GCF,GMD,HUT,IDC,ITD,MBB,MWG,PAC,PC1,PVD,PVS,SHB,SIP,STH,TIP,TV2,VGT"
FPT,384712,"Doanh thu cả năm vượt 37.000 tỷ đồng, Tasco (HUT) báo lãi gấp 2 lần năm trước",,"(ĐTCK) Năm 2025, Công ty Cổ phần Tasco (HNX: HUT) ghi nhận doanh thu 37.000 tỷ đồng, lợi nhuận sau thuế hơn 623 tỷ đồng, gấp 2 lần năm trước và cao nhất trong lịch sử hoạt động.",1770019201,2026-02-02 15:00:01,1770000938,2026-02-02 09:55:38,https://www.tinnhanhchungkhoan.vn/doanh-thu-ca-nam-vuot-37000-ty-dong-tasco-hut-bao-lai-gap-2-lan-nam-truoc-post384712.html,/doanh-thu-ca-nam-vuot-37000-ty-dong-tasco-hut-bao-lai-gap-2-lan-nam-truoc-post384712.html,https://image.tinnhanhchungkhoan.vn/w200/Uploaded/2026/xpwvotiv/2026_02_02/tasco-5092-7931.jpg,,,,4,Thông tin doanh nghiệp,/thong-tin-doanh-nghiep/,"BMI,C4G,DL1,FPT,GCF,GMD,HUT,IDC,ITD,MBB,MWG,PAC,PC1,PVD,PVS,SHB,SIP,STH,TIP,TV2,VGT"
FPT,384740,Quốc Cường Gia Lai (QCG) lãi đột biến quý IV/2025 nhờ thanh lý các khoản đầu tư,,"(ĐTCK) CTCP Quốc Cường Gia Lai (mã QCG - sàn HOSE) ghi nhận lãi 137,22 tỷ đồng trong quý IV, lũy kế năm 2025 lãi 171,28 tỷ đồng, tăng 109% so với năm 2024 và không hoàn thành kế hoạch năm.",1770016785,2026-02-02 14:19:45,1770016785,2026-02-02 14:19:45,https://www.tinnhanhchungkhoan.vn/quoc-cuong-gia-lai-qcg-lai-dot-bien-quy-iv2025-nho-thanh-ly-cac-khoan-dau-tu-post384740.html,/quoc-cuong-gia-lai-qcg-lai-dot-bien-quy-iv2025-nho-thanh-ly-cac-khoan-dau-tu-post384740.html,https://image.tinnhanhchungkhoan.vn/w200/Uploaded/2026/lcgjikao/2026_02_02/01-5700-5016.jpg,,,,4,Thông tin doanh nghiệp,/thong-tin-doanh-nghiep/,"BMI,C4G,DL1,FPT,GCF,GMD,HUT,IDC,ITD,MBB,MWG,PAC,PC1,PVD,PVS,SHB,SIP,STH,TIP,TV2,VGT"
FPT,384739,"Thuỷ điện Vĩnh Sơn - Sông Hinh (VSH) chốt quyền nhận cổ tức 10%, dự kiến họp ĐHCĐ 2026 cuối tháng 3",,"(ĐTCK) CTCP Thuỷ điện Vĩnh Sơn - Sông Hinh (mã VSH) mới thông báo, ngày 23/02 tới đây sẽ chốt danh sách cổ đông nhận cổ tức đợt 3/2025 và tham dự đại hội cổ đông năm 2026.",1770016761,2026-02-02 14:19:21,1770016761,2026-02-02 14:19:21,https://www.tinnhanhchungkhoan.vn/thuy-dien-vinh-son-song-hinh-vsh-chot-quyen-nhan-co-tuc-10-du-kien-hop-dhcd-2026-cuoi-thang-3-post384739.html,/thuy-dien-vinh-son-song-hinh-vsh-chot-quyen-nhan-co-tuc-10-du-kien-hop-dhcd-2026-cuoi-thang-3-post384739.html,https://image.tinnhanhchungkhoan.vn/w200/Uploaded/2026/xvrhgenatpx97/2024_10_24/vsh-8946.jpeg,,,,4,Thông tin doanh nghiệp,/thong-tin-doanh-nghiep/,"BMI,C4G,DL1,FPT,GCF,GMD,HUT,IDC,ITD,MBB,MWG,PAC,PC1,PVD,PVS,SHB,SIP,STH,TIP,TV2,VGT"
FPT,384741,VPS (VCK) được VASB vinh danh công ty chứng khoán đạt điểm thực hành ESG cao nhất,,"(ĐTCK) Công ty cổ phần Chứng khoán VPS (mã chứng khoán VCK) là một trong hai công ty chứng khoán được xếp hạng cao nhất trong chương trình chấm điểm thực hành ESG do Hiệp hội Chứng khoán Việt Nam (VASB) tổ chức, khẳng định cam kết mạnh mẽ của doanh nghiệp đối với phát triển bền vững theo chuẩn mực quốc tế.",1770016630,2026-02-02 14:17:10,1770343895,2026-02-06 09:11:35,https://www.tinnhanhchungkhoan.vn/vps-vck-duoc-vasb-vinh-danh-cong-ty-chung-khoan-dat-diem-thuc-hanh-esg-cao-nhat-post384741.html,/vps-vck-duoc-vasb-vinh-danh-cong-ty-chung-khoan-dat-diem-thuc-hanh-esg-cao-nhat-post384741.html,https://image.tinnhanhchungkhoan.vn/w200/Uploaded/2026/ipuokbf/2026_02_06/800x500-8825-6213.png,,,,4,Thông tin doanh nghiệp,/thong-tin-doanh-nghiep/,"BMI,C4G,DL1,FPT,GCF,GMD,HUT,IDC,ITD,MBB,MWG,PAC,PC1,PVD,PVS,SHB,SIP,STH,TIP,TV2,VGT"
FPT,384738,"Doanh thu năm 2025 của Vinamilk (VNM) đạt 63.724 tỷ đồng, cao nhất lịch sử Công ty",,"(ĐTCK)Tổng doanh thu hợp nhất quý IV/2025 của Công ty cổ phần Sữa Việt Nam (Vinamilk - mã VNM) đạt 17.045 tỷ đồng, tiếp tục lập đỉnh mới, tăng 10,1% so với cùng kỳ.",1770016538,2026-02-02 14:15:38,1770016538,2026-02-02 14:15:38,https://www.tinnhanhchungkhoan.vn/doanh-thu-nam-2025-cua-vinamilk-vnm-dat-63724-ty-dong-cao-nhat-lich-su-cong-ty-post384738.html,/doanh-thu-nam-2025-cua-vinamilk-vnm-dat-63724-ty-dong-cao-nhat-lich-su-cong-ty-post384738.html,https://image.tinnhanhchungkhoan.vn/w200/Uploaded/2026/unvjshu/2026_02_02/vnm-1723-4621.jpg,Đẩy mạnh các hoạt động xúc tiến thương mại giúp Vinamilk nâng cao hình ảnh và vị thế thương hiệu trên thị trường quốc tế. Ảnh: Vi Nam,,,4,Thông tin doanh nghiệp,/thong-tin-doanh-nghiep/,"BMI,C4G,DL1,FPT,GCF,GMD,HUT,IDC,ITD,MBB,MWG,PAC,PC1,PVD,PVS,SHB,SIP,STH,TIP,TV2,VGT"
FPT,384726,"Địa ốc Hoàng Quân (HQC) thoát lỗ quý IV/2025 nhờ hoạt động tài chính, thu hồi công nợ và hoàn nhập dự phòng",,"(ĐTCK) CTCP Tư vấn Thương mại Dịch vụ Địa ốc Hoàng Quân (mã HQC - sàn HOSE) ghi nhận lãi 55,08 tỷ đồng trong quý IV, luỹ kế cả năm 2025 lãi 73,21 tỷ đồng, tăng trưởng 116,8% và hoàn thành 104,6% kế hoạch năm.",1770006229,2026-02-02 11:23:49,1770006229,2026-02-02 11:23:49,https://www.tinnhanhchungkhoan.vn/dia-oc-hoang-quan-hqc-thoat-lo-quy-iv2025-nho-hoat-dong-tai-chinh-thu-hoi-cong-no-va-hoan-nhap-du-phong-post384726.html,/dia-oc-hoang-quan-hqc-thoat-lo-quy-iv2025-nho-hoat-dong-tai-chinh-thu-hoi-cong-no-va-hoan-nhap-du-phong-post384726.html,https://image.tinnhanhchungkhoan.vn/w200/Uploaded/2026/lcgjikao/2026_02_02/01-2382-9002.jpg,,,,4,Thông tin doanh nghiệp,/thong-tin-doanh-nghiep/,"BMI,C4G,DL1,FPT,GCF,GMD,HUT,IDC,ITD,MBB,MWG,PAC,PC1,PVD,PVS,SHB,SIP,STH,TIP,TV2,VGT"
FPT,384713,"Vietbank (VBB) đạt 1.532 tỷ đồng lợi nhuận trước thuế năm 2025, chuẩn bị niêm yết sàn HOSE",,"(ĐTCK) Năm 2025, Ngân hàng TMCP Việt Nam Thương Tín (Vietbank, mã chứng khoán VBB) ghi nhận lợi nhuận trước thuế hợp nhất đạt 1.532 tỷ đồng, tăng 35% so với năm 2024.",1769997537,2026-02-02 08:58:57,1769997537,2026-02-02 08:58:57,https://www.tinnhanhchungkhoan.vn/vietbank-vbb-dat-1532-ty-dong-loi-nhuan-truoc-thue-nam-2025-chuan-bi-niem-yet-san-hose-post384713.html,/vietbank-vbb-dat-1532-ty-dong-loi-nhuan-truoc-thue-nam-2025-chuan-bi-niem-yet-san-hose-post384713.html,https://image.tinnhanhchungkhoan.vn/w200/Uploaded/2026/bpcgdqvp/2023_09_20/vietbank-527.jpg,,,,4,Thông tin doanh nghiệp,/thong-tin-doanh-nghiep/,"BMI,C4G,DL1,FPT,GCF,GMD,HUT,IDC,ITD,MBB,MWG,PAC,PC1,PVD,PVS,SHB,SIP,STH,TIP,TV2,VGT"
FPT,384684,Đầu tư Thương mại SMC (SMC) ghi nhận lãi đột biến trở lại trong quý IV/2025 nhờ thanh lý tài sản và hoàn nhập dự phòng,,"(ĐTCK) Công ty cổ phần Đầu tư Thương mại SMC (mã SMC - sàn HOSE) ghi nhận lãi 343,95 tỷ đồng trong quý IV, luỹ kế cả năm 2025 lãi 185,07 tỷ đồng và hoàn thành tới 616,9% kế hoạch năm.",1769990120,2026-02-02 06:55:20,1769961336,2026-02-01 22:55:36,https://www.tinnhanhchungkhoan.vn/dau-tu-thuong-mai-smc-smc-ghi-nhan-lai-dot-bien-tro-lai-trong-quy-iv2025-nho-thanh-ly-tai-san-va-hoan-nhap-du-phong-post384684.html,/dau-tu-thuong-mai-smc-smc-ghi-nhan-lai-dot-bien-tro-lai-trong-quy-iv2025-nho-thanh-ly-tai-san-va-hoan-nhap-du-phong-post384684.html,https://image.tinnhanhchungkhoan.vn/w200/Uploaded/2026/lcgjikao/2026_02_01/01-150-4789.jpg,,,,4,Thông tin doanh nghiệp,/thong-tin-doanh-nghiep/,"BMI,C4G,DL1,FPT,GCF,GMD,HUT,IDC,ITD,MBB,MWG,PAC,PC1,PVD,PVS,SHB,SIP,STH,TIP,TV2,VGT"
FPT,384666,"Lợi nhuận Hoa Sen (HSG) giảm 62,3% trong quý I niên độ tài chính 2025 - 2026",,(ĐTCK) Công ty cổ phần Tập đoàn Hoa Sen (mã HSG - sàn HOSE) ghi nhận doanh thu và lợi nhuận đi lùi trong quý I niên độ tài chính 2025 – 2026 và có dấu hiệu tăng trích trữ tồn kho.,1769916063,2026-02-01 10:21:03,1769916063,2026-02-01 10:21:03,https://www.tinnhanhchungkhoan.vn/loi-nhuan-hoa-sen-hsg-giam-623-trong-quy-i-nien-do-tai-chinh-2025-2026-post384666.html,/loi-nhuan-hoa-sen-hsg-giam-623-trong-quy-i-nien-do-tai-chinh-2025-2026-post384666.html,https://image.tinnhanhchungkhoan.vn/w200/Uploaded/2026/lcgjikao/2026_02_01/01-8398-4117.jpg,,,,4,Thông tin doanh nghiệp,/thong-tin-doanh-nghiep/,"BMI,C4G,DL1,FPT,GCF,GMD,HUT,IDC,ITD,MBB,MWG,PAC,PC1,PVD,PVS,SHB,SIP,STH,TIP,TV2,VGT"
FPT,384656,"Thép Nam Kim (NKG) lỗ 9,34 tỷ đồng trong quý IV/2025, đánh dấu lỗ trở lại sau 10 quý",,"(ĐTCK) CTCP Thép Nam Kim (mã NKG - sàn HOSE) ghi nhận lỗ 9,34 tỷ đồng trong quý IV, luỹ kế năm 2025 lãi 197,19 tỷ đồng, giảm 56,55% và không hoàn thành kế hoạch năm.",1769915573,2026-02-01 10:12:53,1769915573,2026-02-01 10:12:53,https://www.tinnhanhchungkhoan.vn/thep-nam-kim-nkg-lo-934-ty-dong-trong-quy-iv2025-danh-dau-lo-tro-lai-sau-10-quy-post384656.html,/thep-nam-kim-nkg-lo-934-ty-dong-trong-quy-iv2025-danh-dau-lo-tro-lai-sau-10-quy-post384656.html,https://image.tinnhanhchungkhoan.vn/w200/Uploaded/2026/lcgjikao/2026_02_01/01-3530-7692.jpg,,,,4,Thông tin doanh nghiệp,/thong-tin-doanh-nghiep/,"BMI,C4G,DL1,FPT,GCF,GMD,HUT,IDC,ITD,MBB,MWG,PAC,PC1,PVD,PVS,SHB,SIP,STH,TIP,TV2,VGT"
FPT,384655,L40 đấu giá thành công quyền khai thác 415.000 m3 cát tại Quảng Nam,,"(ĐTCK) CTCP Đầu tư và Xây dựng 40 (L40) đã đấu giá thành công quyền khai thác bãi cát tại dự án nạo vét khơi thông dòng sông Cổ Cò (phường Điện Bàn Đông, Thành phố Đà Nẵng) với giá trúng đấu giá gần 60 tỷ đồng. Dự kiến L40 sẽ gia tăng lợi nhuận mảng vật liệu xây dựng năm 2026.",1769909966,2026-02-01 08:39:26,1769909966,2026-02-01 08:39:26,https://www.tinnhanhchungkhoan.vn/l40-dau-gia-thanh-cong-quyen-khai-thac-415000-m3-cat-tai-quang-nam-post384655.html,/l40-dau-gia-thanh-cong-quyen-khai-thac-415000-m3-cat-tai-quang-nam-post384655.html,https://image.tinnhanhchungkhoan.vn/w200/Uploaded/2026/ipuokbf/2026_02_01/song-co-co-copy-8566-1916.jpg,,,,4,Thông tin doanh nghiệp,/thong-tin-doanh-nghiep/,"BMI,C4G,DL1,FPT,GCF,GMD,HUT,IDC,ITD,MBB,MWG,PAC,PC1,PVD,PVS,SHB,SIP,STH,TIP,TV2,VGT"
FPT,384654,"Gilimex (GIL) ghi nhận dòng tiền âm kỷ lục 677,5 tỷ đồng trong năm 2025",,"(ĐTCK) CTCP Sản xuất Kinh doanh Xuất nhập khẩu Bình Thạnh (Gilimex, mã GIL - sàn HOSE) ghi nhận lãi 138,19 tỷ đồng trong quý IV, luỹ kế cả năm 2025 lãi 35,64 tỷ đồng, tăng 29% so với cùng kỳ và chỉ đạt 23,8% kế hoạch năm.",1769909653,2026-02-01 08:34:13,1769909653,2026-02-01 08:34:13,https://www.tinnhanhchungkhoan.vn/gilimex-gil-ghi-nhan-dong-tien-am-ky-luc-6775-ty-dong-trong-nam-2025-post384654.html,/gilimex-gil-ghi-nhan-dong-tien-am-ky-luc-6775-ty-dong-trong-nam-2025-post384654.html,https://image.tinnhanhchungkhoan.vn/w200/Uploaded/2026/lcgjikao/2026_01_31/01-3473-8010.jpg,,,,4,Thông tin doanh nghiệp,/thong-tin-doanh-nghiep/,"BMI,C4G,DL1,FPT,GCF,GMD,HUT,IDC,ITD,MBB,MWG,PAC,PC1,PVD,PVS,SHB,SIP,STH,TIP,TV2,VGT"
FPT,384648,Văn Phú (VPI) vượt chỉ tiêu lợi nhuận năm 2025,,"(ĐTCK) Dòng tiền thu được từ các dự án gồm Vlasta - Thủy Nguyên (Hải Phòng), Yên Phong (Bắc Ninh), TT39-40 (Hà Nội) , Dự án Song Khê - Nội Hoàng - (Bắc Ninh) giúp Công ty cổ phần Phát triển bất động sản Văn Phú (mã chứng khoán: VPI) kết thúc quý IV/2025 với lợi nhuận sau thuế ở mức 132 tỷ đồng, qua đó, thực hiện 112% chỉ tiêu lợi nhuận năm 2025 đã được các cổ đông thông qua tại cuộc họp ĐHĐCĐ thường niên.",1769837990,2026-01-31 12:39:50,1769837990,2026-01-31 12:39:50,https://www.tinnhanhchungkhoan.vn/van-phu-vpi-vuot-chi-tieu-loi-nhuan-nam-2025-post384648.html,/van-phu-vpi-vuot-chi-tieu-loi-nhuan-nam-2025-post384648.html,https://image.tinnhanhchungkhoan.vn/w200/Uploaded/2026/ipuokbf/2026_01_31/vpi-vlasta-phu-thuan-2958-8443.jpg,Dự án Vlasta Premier – Phú Thuận,,,4,Thông tin doanh nghiệp,/thong-tin-doanh-nghiep/,"BMI,C4G,DL1,FPT,GCF,GMD,HUT,IDC,ITD,MBB,MWG,PAC,PC1,PVD,PVS,SHB,SIP,STH,TIP,TV2,VGT"
FPT,384635,"Vinasun (VNS): Lợi nhuận năm 2025 đạt hơn 38 tỷ đồng, giảm 54,5%",,"(ĐTCK) Công ty cổ phần Ánh Dương Việt Nam (Vinasun, mã VNS - sàn HOSE) ghi nhận lãi 4,94 tỷ đồng trong quý IV, luỹ kế năm 2025 lãi 38,29 tỷ đồng, giảm 54,5% so với cùng kỳ và chỉ hoàn thành 71,4% kế hoạch năm.",1769825682,2026-01-31 09:14:42,1769825682,2026-01-31 09:14:42,https://www.tinnhanhchungkhoan.vn/vinasun-vns-loi-nhuan-nam-2025-dat-hon-38-ty-dong-giam-545-post384635.html,/vinasun-vns-loi-nhuan-nam-2025-dat-hon-38-ty-dong-giam-545-post384635.html,https://image.tinnhanhchungkhoan.vn/w200/Uploaded/2026/lcgjikao/2026_01_31/01-5716-1382.jpg,,,,4,Thông tin doanh nghiệp,/thong-tin-doanh-nghiep/,"BMI,C4G,DL1,FPT,GCF,GMD,HUT,IDC,ITD,MBB,MWG,PAC,PC1,PVD,PVS,SHB,SIP,STH,TIP,TV2,VGT"
FPT,384631,DIC Corp (DIG): Lãi đột biến quý IV/2025 nhờ bán một phần dự án Đại Phước,,"(ĐTCK) Tổng CTCP Đầu tư Phát triển Xây dựng (DIC Corp, mã DIG - sàn HOSE) ghi nhận lãi 423,99 tỷ đồng trong quý IV, luỹ kế năm 2025 lãi 623,95 tỷ đồng, tăng 509,2% so với cùng kỳ.",1769817644,2026-01-31 07:00:44,1769789831,2026-01-30 23:17:11,https://www.tinnhanhchungkhoan.vn/dic-corp-dig-lai-dot-bien-quy-iv2025-nho-ban-mot-phan-du-an-dai-phuoc-post384631.html,/dic-corp-dig-lai-dot-bien-quy-iv2025-nho-ban-mot-phan-du-an-dai-phuoc-post384631.html,https://image.tinnhanhchungkhoan.vn/w200/Uploaded/2026/lcgjikao/2026_01_30/01-5560-947.jpg,,,,4,Thông tin doanh nghiệp,/thong-tin-doanh-nghiep/,"BMI,C4G,DL1,FPT,GCF,GMD,HUT,IDC,ITD,MBB,MWG,PAC,PC1,PVD,PVS,SHB,SIP,STH,TIP,TV2,VGT"
FPT,384633,"Năm 2025, YeaH1 (YEG) ghi nhận lợi nhuận sau thuế đạt 80,3 tỷ đồng",,"(ĐTCK) Trước nhiều biến động của thị trường chung năm 2025, YeaH1 ghi nhận doanh thu thuần đạt 1.653 tỷ đồng, tăng 61% so với cùng kỳ và vượt 27% so với kế hoạch năm.",1769816733,2026-01-31 06:45:33,1769789740,2026-01-30 23:15:40,https://www.tinnhanhchungkhoan.vn/nam-2025-yeah1-yeg-ghi-nhan-loi-nhuan-sau-thue-dat-803-ty-dong-post384633.html,/nam-2025-yeah1-yeg-ghi-nhan-loi-nhuan-sau-thue-dat-803-ty-dong-post384633.html,https://image.tinnhanhchungkhoan.vn/w200/Uploaded/2026/bpcpcwvo/2026_01_30/yeg-concert-5715-7796.png,,,,4,Thông tin doanh nghiệp,/thong-tin-doanh-nghiep/,"BMI,C4G,DL1,FPT,GCF,GMD,HUT,IDC,ITD,MBB,MWG,PAC,PC1,PVD,PVS,SHB,SIP,STH,TIP,TV2,VGT"
FPT,384629,Eximbank (EIB) báo lãi trước thuế hơn 1.500 tỷ đồng trong năm 2025,,"(ĐTCK) Tổng lợi nhuận trước thuế của Eximbank trong năm 2025 đạt 1.511,7 tỷ đồng, chỉ đạt 29,12% kế hoạch năm.",1769771854,2026-01-30 18:17:34,1769779108,2026-01-30 20:18:28,https://www.tinnhanhchungkhoan.vn/eximbank-eib-bao-lai-truoc-thue-hon-1500-ty-dong-trong-nam-2025-post384629.html,/eximbank-eib-bao-lai-truoc-thue-hon-1500-ty-dong-trong-nam-2025-post384629.html,https://image.tinnhanhchungkhoan.vn/w200/Uploaded/2026/bpcgdqvp/2026_01_30/eib-594-5150.jpg,,,,4,Thông tin doanh nghiệp,/thong-tin-doanh-nghiep/,"BMI,C4G,DL1,FPT,GCF,GMD,HUT,IDC,ITD,MBB,MWG,PAC,PC1,PVD,PVS,SHB,SIP,STH,TIP,TV2,VGT"
FPT,384628,"Giữa “tâm bão” ngành chăn nuôi, BAF nỗ lực giữ biên lợi nhuận",,"(ĐTCK) Giữa bối cảnh giá lợn hơi lao dốc, BAF Việt Nam nổi bật với chiến lược tối ưu chi phí sản xuất, giá vốn giảm 14,2% tương đương khoảng 700 tỷ đồng, giúp lợi nhuận gộp giữ đà tăng 14,7%. Song song, doanh nghiệp chủ động mở rộng quy mô, đẩy nhanh tiến độ dự án chăn nuôi công nghệ cao nhà cao tầng và tập trung nghiên cứu, lai tạo giống heo năng suất cao, tăng sức chống chịu dịch bệnh, tạo nền tảng bứt phá cho giai đoạn 2026 - 2030.",1769769063,2026-01-30 17:31:03,1769769063,2026-01-30 17:31:03,https://www.tinnhanhchungkhoan.vn/giua-tam-bao-nganh-chan-nuoi-baf-no-luc-giu-bien-loi-nhuan-post384628.html,/giua-tam-bao-nganh-chan-nuoi-baf-no-luc-giu-bien-loi-nhuan-post384628.html,https://image.tinnhanhchungkhoan.vn/w200/Uploaded/2026/bpikpjik/2026_01_30/baf-9294-5858.jpg,,,,4,Thông tin doanh nghiệp,/thong-tin-doanh-nghiep/,"BMI,C4G,DL1,FPT,GCF,GMD,HUT,IDC,ITD,MBB,MWG,PAC,PC1,PVD,PVS,SHB,SIP,STH,TIP,TV2,VGT"
FPT,384618,"Khang Điền (KDH): Lợi nhuận 2025 vượt 63% kế hoạch, đạt hơn 1.633 tỷ đồng, mở rộng tăng trưởng trong 2026",,"(ĐTCK) Công ty cổ phần Đầu tư và Kinh doanh Nhà Khang Điền (mã chứng khoán KDH) vừa công bố báo cáo tài chính năm 2025, ghi nhận doanh thu hợp nhất tăng trưởng 16% và lợi nhuận sau thuế tăng gấp đôi so với cùng kỳ năm, vượt xa kế hoạch đề ra.",1769768553,2026-01-30 17:22:33,1769768553,2026-01-30 17:22:33,https://www.tinnhanhchungkhoan.vn/khang-dien-kdh-loi-nhuan-2025-vuot-63-ke-hoach-dat-hon-1633-ty-dong-mo-rong-tang-truong-trong-2026-post384618.html,/khang-dien-kdh-loi-nhuan-2025-vuot-63-ke-hoach-dat-hon-1633-ty-dong-mo-rong-tang-truong-trong-2026-post384618.html,https://image.tinnhanhchungkhoan.vn/w200/Uploaded/2026/djshp/2026_01_25/2-992-368.jpg,"Mới đây, Khang Điền đã động thổ khu cao tầng Gladia by the Waters gồm hơn 600 căn hộ, dự kiến bàn giao quý IV/2027.",,,4,Thông tin doanh nghiệp,/thong-tin-doanh-nghiep/,"BMI,C4G,DL1,FPT,GCF,GMD,HUT,IDC,ITD,MBB,MWG,PAC,PC1,PVD,PVS,SHB,SIP,STH,TIP,TV2,VGT"
FPT,384620,"TTC Land (SCR) đạt lợi nhuận sau thuế 67,38 tỷ đồng trong năm 2025",,"(ĐTCK) CTCP Địa ốc Sài Gòn Thương Tín (TTC Land, mã SCR - sàn HOSE) ghi nhận lợi nhuận sau thuế 33,47 tỷ đồng trong quý IV, luỹ kế năm 2025 lãi 67,38 tỷ đồng, tăng hơn 14,85 lần so với cùng kỳ.",1769763442,2026-01-30 15:57:22,1769763442,2026-01-30 15:57:22,https://www.tinnhanhchungkhoan.vn/ttc-land-scr-dat-loi-nhuan-sau-thue-6738-ty-dong-trong-nam-2025-post384620.html,/ttc-land-scr-dat-loi-nhuan-sau-thue-6738-ty-dong-trong-nam-2025-post384620.html,https://image.tinnhanhchungkhoan.vn/w200/Uploaded/2026/lcgjikao/2026_01_30/01-8713-3228.jpeg,,,,4,Thông tin doanh nghiệp,/thong-tin-doanh-nghiep/,"BMI,C4G,DL1,FPT,GCF,GMD,HUT,IDC,ITD,MBB,MWG,PAC,PC1,PVD,PVS,SHB,SIP,STH,TIP,TV2,VGT"
FPT,384615,"Lợi nhuận trước thuế năm 2025 của OCB đạt 5.046 tỷ đồng, tăng gần 26%",,"(ĐTCK) Theo báo cáo tài chính quý IV vừa được Ngân hàng Phương Đông (mã CK: OCB) công bố, lợi nhuận trước thuế năm 2025 đạt mức 5.046 tỷ đồng, tăng 25,9% so với năm 2024.",1769762805,2026-01-30 15:46:45,1769768157,2026-01-30 17:15:57,https://www.tinnhanhchungkhoan.vn/loi-nhuan-truoc-thue-nam-2025-cua-ocb-dat-5046-ty-dong-tang-gan-26-post384615.html,/loi-nhuan-truoc-thue-nam-2025-cua-ocb-dat-5046-ty-dong-tang-gan-26-post384615.html,https://image.tinnhanhchungkhoan.vn/w200/Uploaded/2026/bpcgdqvp/2024_01_30/ocb-3903.jpg,,,,4,Thông tin doanh nghiệp,/thong-tin-doanh-nghiep/,"BMI,C4G,DL1,FPT,GCF,GMD,HUT,IDC,ITD,MBB,MWG,PAC,PC1,PVD,PVS,SHB,SIP,STH,TIP,TV2,VGT"
FPT,384614,Hạ tầng GELEX (GEL) phê duyệt khoản vay 200 triệu USD vốn quốc tế,,"(ĐTCK) CTCP Hạ tầng GELEX (mã GEL - sàn HOSE) vừa công bố nghị quyết hội đồng quản trị về việc phê duyệt khoản vay nước ngoài trị giá 200 triệu USD, trong đó HSBC đóng vai trò là ngân hàng thu xếp chính duy nhất kiêm điều phối sổ.",1769762776,2026-01-30 15:46:16,1769779705,2026-01-30 20:28:25,https://www.tinnhanhchungkhoan.vn/ha-tang-gelex-gel-phe-duyet-khoan-vay-200-trieu-usd-von-quoc-te-post384614.html,/ha-tang-gelex-gel-phe-duyet-khoan-vay-200-trieu-usd-von-quoc-te-post384614.html,https://image.tinnhanhchungkhoan.vn/w200/Uploaded/2026/lcgjikao/2026_01_30/02-4078-873.jpg,Hạ tầng GELEX đã làm việc với hơn 30 ngân hàng và tổ chức tài chính tại Singapore và Đài Loan.,,,4,Thông tin doanh nghiệp,/thong-tin-doanh-nghiep/,"BMI,C4G,DL1,FPT,GCF,GMD,HUT,IDC,ITD,MBB,MWG,PAC,PC1,PVD,PVS,SHB,SIP,STH,TIP,TV2,VGT"
FPT,384613,"PTM lên kế hoạch chia cổ tức 30% bằng tiền, Haxaco (HAX) có thể nhận về gần 50 tỷ đồng",,"(ĐTCK) CTCP Sản xuất, Thương mại và Dịch vụ ô tô PTM (mã chứng khoán PTM) vừa có dự thảo tài liệu họp Đại hội đồng cổ đông thường niên 2026, trong đó có tờ trình phương án phân phối lợi nhuận năm 2025, chia cổ tức 30% bằng tiền mặt.",1769762727,2026-01-30 15:45:27,1769762727,2026-01-30 15:45:27,https://www.tinnhanhchungkhoan.vn/ptm-len-ke-hoach-chia-co-tuc-30-bang-tien-haxaco-hax-co-the-nhan-ve-gan-50-ty-dong-post384613.html,/ptm-len-ke-hoach-chia-co-tuc-30-bang-tien-haxaco-hax-co-the-nhan-ve-gan-50-ty-dong-post384613.html,https://image.tinnhanhchungkhoan.vn/w200/Uploaded/2026/wpxlcdjwi/2022_06_01/dien-bien-thi-truong-bat-loi-haxaco-hoan-tang-von-8721.jpg,Haxaco (HAX) sắp nhận gần 50 tỷ đồng tiền cổ tức từ PTM,,,4,Thông tin doanh nghiệp,/thong-tin-doanh-nghiep/,"BMI,C4G,DL1,FPT,GCF,GMD,HUT,IDC,ITD,MBB,MWG,PAC,PC1,PVD,PVS,SHB,SIP,STH,TIP,TV2,VGT"
FPT,384611,"Năm 2025, MSB đạt lợi nhuận trước thuế hợp nhất 7.058 tỷ đồng",,"(ĐTCK) Tại ngày 31/12/2025, tổng tài sản hợp nhất của Ngân hàng TMCP Hàng Hải Việt Nam (MSB - sàn HOSE) đạt gần 408 nghìn tỷ đồng, tăng 27,3% so với thời điểm đầu năm. Động lực chính của sự tăng trưởng quy mô đến từ hoạt động tín dụng.",1769762700,2026-01-30 15:45:00,1769762700,2026-01-30 15:45:00,https://www.tinnhanhchungkhoan.vn/nam-2025-msb-dat-loi-nhuan-truoc-thue-hop-nhat-7058-ty-dong-post384611.html,/nam-2025-msb-dat-loi-nhuan-truoc-thue-hop-nhat-7058-ty-dong-post384611.html,https://image.tinnhanhchungkhoan.vn/w200/Uploaded/2026/pwvolcvo/2026_01_30/msb-6-7064-2022.jpg,,,,4,Thông tin doanh nghiệp,/thong-tin-doanh-nghiep/,"BMI,C4G,DL1,FPT,GCF,GMD,HUT,IDC,ITD,MBB,MWG,PAC,PC1,PVD,PVS,SHB,SIP,STH,TIP,TV2,VGT"
GCF,384814,Dịch vụ Phân phối Tổng hợp Dầu khí (PSD) vượt 40% mục tiêu lợi nhuận 2025,,"(ĐTCK) Năm 2025, CTCP Dịch vụ Phân phối Tổng hợp Dầu khí (Petrosetco Distribution, mã PSD) ghi nhận 143,1 tỷ đồng lợi nhuận sau thuế, tăng 73% so với năm trước và vượt 40% mục tiêu năm.",1770108462,2026-02-03 15:47:42,1770108462,2026-02-03 15:47:42,https://www.tinnhanhchungkhoan.vn/dich-vu-phan-phoi-tong-hop-dau-khi-psd-vuot-40-muc-tieu-loi-nhuan-2025-post384814.html,/dich-vu-phan-phoi-tong-hop-dau-khi-psd-vuot-40-muc-tieu-loi-nhuan-2025-post384814.html,https://image.tinnhanhchungkhoan.vn/w200/Uploaded/2026/xvrhgenatpx97/2026_02_03/492389603-1269083815221635-1856212450220482697-n-8553-4165.jpg,,,,4,Thông tin doanh nghiệp,/thong-tin-doanh-nghiep/,"BMI,C4G,DL1,FPT,GCF,GMD,HUT,IDC,ITD,MBB,MWG,PAC,PC1,PVD,PVS,SHB,SIP,STH,TIP,TV2,VGT"
GCF,384815,"Becamex IDC (BCM) chia cổ tức 11% bằng tiền mặt, lợi nhuận 2025 vượt hơn 42% kế hoạch",,"(ĐTCK) Ngày 13/2 tới đây, Tập đoàn Đầu tư và Phát triển Công nghiệp Becamex - CTCP (Becamex IDC, mã BCM - sàn HOSE) vừa thông báo về việc chia cổ tức năm 2024.",1770108203,2026-02-03 15:43:23,1770108203,2026-02-03 15:43:23,https://www.tinnhanhchungkhoan.vn/becamex-idc-bcm-chia-co-tuc-11-bang-tien-mat-loi-nhuan-2025-vuot-hon-42-ke-hoach-post384815.html,/becamex-idc-bcm-chia-co-tuc-11-bang-tien-mat-loi-nhuan-2025-vuot-hon-42-ke-hoach-post384815.html,https://image.tinnhanhchungkhoan.vn/w200/Uploaded/2026/ipuokbf/2025_02_06/becamex-idc-bcm-2233-7213.jpg,,,,4,Thông tin doanh nghiệp,/thong-tin-doanh-nghiep/,"BMI,C4G,DL1,FPT,GCF,GMD,HUT,IDC,ITD,MBB,MWG,PAC,PC1,PVD,PVS,SHB,SIP,STH,TIP,TV2,VGT"
GCF,384807,"EVNGENCO3 (PGV): Lợi nhuận sau thuế vượt 3.700 tỷ đồng, định giá cổ phiếu về vùng hấp dẫn",,(ĐTCK) Lợi nhuận năm 2025 của EVNGENCO3 (PGV) xác lập kỷ lục mới. Dòng tiền cải thiện cùng tỷ lệ nợ vay liên tục giảm nhiều năm là nền tảng quan trọng cho EVNGENCO3 trong giai đoạn mở rộng đầu tư sắp tới.,1770104233,2026-02-03 14:37:13,1770104233,2026-02-03 14:37:13,https://www.tinnhanhchungkhoan.vn/evngenco3-pgv-loi-nhuan-sau-thue-vuot-3700-ty-dong-dinh-gia-co-phieu-ve-vung-hap-dan-post384807.html,/evngenco3-pgv-loi-nhuan-sau-thue-vuot-3700-ty-dong-dinh-gia-co-phieu-ve-vung-hap-dan-post384807.html,https://image.tinnhanhchungkhoan.vn/w200/Uploaded/2026/bpikpjik/2022_01_26/evngenco3-4286.jpg,,,,4,Thông tin doanh nghiệp,/thong-tin-doanh-nghiep/,"BMI,C4G,DL1,FPT,GCF,GMD,HUT,IDC,ITD,MBB,MWG,PAC,PC1,PVD,PVS,SHB,SIP,STH,TIP,TV2,VGT"
GCF,384804,Doanh thu Sao Ta (FMC) giảm 21% ngay tháng đầu năm 2026,,"(ĐTCK) CTCP Thực phẩm Sao Ta (FMC) công bố tình hình hoạt động hợp nhất tháng 01/2026 với doanh thu đạt 20,4 triệu USD, giảm 21% so với cùng kỳ năm trước.",1770102267,2026-02-03 14:04:27,1770102267,2026-02-03 14:04:27,https://www.tinnhanhchungkhoan.vn/doanh-thu-sao-ta-fmc-giam-21-ngay-thang-dau-nam-2026-post384804.html,/doanh-thu-sao-ta-fmc-giam-21-ngay-thang-dau-nam-2026-post384804.html,https://image.tinnhanhchungkhoan.vn/w200/Uploaded/2026/xvrhgenatpx97/2023_01_16/fmc-9473.jpg,,,,4,Thông tin doanh nghiệp,/thong-tin-doanh-nghiep/,"BMI,C4G,DL1,FPT,GCF,GMD,HUT,IDC,ITD,MBB,MWG,PAC,PC1,PVD,PVS,SHB,SIP,STH,TIP,TV2,VGT"
GCF,384802,"Quý IV/2025, lợi nhuận sau thuế của Đạt Phương (DPG) tăng 46%",,"(ĐTCK) Mới đây, CTCP Tập đoàn Đạt Phương (mã DPG) công bố báo cáo tài chính quý IV/2025 cho thấy sự cải thiện về quy mô doanh thu và lợi nhuận.",1770091215,2026-02-03 11:00:15,1770091215,2026-02-03 11:00:15,https://www.tinnhanhchungkhoan.vn/quy-iv2025-loi-nhuan-sau-thue-cua-dat-phuong-dpg-tang-46-post384802.html,/quy-iv2025-loi-nhuan-sau-thue-cua-dat-phuong-dpg-tang-46-post384802.html,https://image.tinnhanhchungkhoan.vn/w200/Uploaded/2026/gtnwae/2026_02_03/1-7741-8171.jpg,,,,4,Thông tin doanh nghiệp,/thong-tin-doanh-nghiep/,"BMI,C4G,DL1,FPT,GCF,GMD,HUT,IDC,ITD,MBB,MWG,PAC,PC1,PVD,PVS,SHB,SIP,STH,TIP,TV2,VGT"
GCF,384799,Lợi nhuận Tổng công ty Tín Nghĩa (TID) giảm tới 99% trong quý IV/2025 khi phải hoàn trả cho Tỉnh uỷ Đồng Nai,,"(ĐTCK) Tổng công ty Tín Nghĩa (mã TID - UPCoM) ghi nhận lãi 1,8 tỷ đồng trong quý IV, luỹ kế cả năm 2025 ghi nhận lãi 762,13 tỷ đồng, hoàn thành 113,4% so với kế hoạch năm.",1770090820,2026-02-03 10:53:40,1770090820,2026-02-03 10:53:40,https://www.tinnhanhchungkhoan.vn/loi-nhuan-tong-cong-ty-tin-nghia-tid-giam-toi-99-trong-quy-iv2025-khi-phai-hoan-tra-cho-tinh-uy-dong-nai-post384799.html,/loi-nhuan-tong-cong-ty-tin-nghia-tid-giam-toi-99-trong-quy-iv2025-khi-phai-hoan-tra-cho-tinh-uy-dong-nai-post384799.html,https://image.tinnhanhchungkhoan.vn/w200/Uploaded/2026/lcgjikao/2026_02_03/01-906-8353.jpeg,,,,4,Thông tin doanh nghiệp,/thong-tin-doanh-nghiep/,"BMI,C4G,DL1,FPT,GCF,GMD,HUT,IDC,ITD,MBB,MWG,PAC,PC1,PVD,PVS,SHB,SIP,STH,TIP,TV2,VGT"
GCF,384779,"Gỗ An Cường (ACG) ghi nhận dòng tiền kinh doanh âm kỷ lục 408,56 tỷ đồng trong năm 2025",,"(ĐTCK) CTCP Gỗ An Cường (mã ACG - sàn HOSE) ghi nhận lãi 145,54 tỷ đồng trong quý IV, luỹ kế năm 2025 ghi nhận lãi 503,75 tỷ đồng, tăng 19,9% so với cùng kỳ năm trước.",1770077256,2026-02-03 07:07:36,1770077256,2026-02-03 07:07:36,https://www.tinnhanhchungkhoan.vn/go-an-cuong-acg-ghi-nhan-dong-tien-kinh-doanh-am-ky-luc-40856-ty-dong-trong-nam-2025-post384779.html,/go-an-cuong-acg-ghi-nhan-dong-tien-kinh-doanh-am-ky-luc-40856-ty-dong-trong-nam-2025-post384779.html,https://image.tinnhanhchungkhoan.vn/w200/Uploaded/2026/lcgjikao/2026_02_02/01-8702-1876.jpg,,,,4,Thông tin doanh nghiệp,/thong-tin-doanh-nghiep/,"BMI,C4G,DL1,FPT,GCF,GMD,HUT,IDC,ITD,MBB,MWG,PAC,PC1,PVD,PVS,SHB,SIP,STH,TIP,TV2,VGT"
GCF,384776,Searefico (SRF) thoát lỗ quý IV/2025 nhờ thu nhập khác tăng đột biến,,"(ĐTCK) Công ty cổ phần Searefico (mã SRF - sàn HOSE) ghi nhận lãi 15,71 tỷ đồng trong quý IV, luỹ kế cả năm 2025 lãi 22,18 tỷ đồng và đạt 56,9% kế hoạch năm.",1770077020,2026-02-03 07:03:40,1770077020,2026-02-03 07:03:40,https://www.tinnhanhchungkhoan.vn/searefico-srf-thoat-lo-quy-iv2025-nho-thu-nhap-khac-tang-dot-bien-post384776.html,/searefico-srf-thoat-lo-quy-iv2025-nho-thu-nhap-khac-tang-dot-bien-post384776.html,https://image.tinnhanhchungkhoan.vn/w200/Uploaded/2026/lcgjikao/2026_02_02/01-2954-71.jpg,,,,4,Thông tin doanh nghiệp,/thong-tin-doanh-nghiep/,"BMI,C4G,DL1,FPT,GCF,GMD,HUT,IDC,ITD,MBB,MWG,PAC,PC1,PVD,PVS,SHB,SIP,STH,TIP,TV2,VGT"
GCF,384774,"Thép Pomina (POM) lỗ thêm 838,2 tỷ đồng năm 2025, vốn chủ sở hữu âm hơn 623,6 tỷ đồng",,"(ĐTCK) CTCP Thép Pomina (mã POM) vừa công bố báo cáo tài chính năm 2025 với khoản lỗ sau thuế 838,2 tỷ đồng, đánh dấu năm thứ 4 liên tiếp doanh nghiệp thua lỗ, qua đó nâng lỗ lũy kế lên 3.485 tỷ đồng và khiến vốn chủ sở hữu tại thời điểm cuối năm âm hơn 623,6 tỷ đồng",1770076822,2026-02-03 07:00:22,1770076822,2026-02-03 07:00:22,https://www.tinnhanhchungkhoan.vn/thep-pomina-pom-lo-them-8382-ty-dong-nam-2025-von-chu-so-huu-am-hon-6236-ty-dong-post384774.html,/thep-pomina-pom-lo-them-8382-ty-dong-nam-2025-von-chu-so-huu-am-hon-6236-ty-dong-post384774.html,https://image.tinnhanhchungkhoan.vn/w200/Uploaded/2026/xvrhgenatpx97/2024_08_21/pom-5603.jpeg,,,,4,Thông tin doanh nghiệp,/thong-tin-doanh-nghiep/,"BMI,C4G,DL1,FPT,GCF,GMD,HUT,IDC,ITD,MBB,MWG,PAC,PC1,PVD,PVS,SHB,SIP,STH,TIP,TV2,VGT"
GCF,384773,PV Drilling (PVD) vượt 98% mục tiêu lợi nhuận năm 2025,,"(ĐTCK) Năm 2025, PV Drilling mang về 1.050,5 tỷ đồng lãi ròng, tăng 50,5% so với kết quả thực hiện năm 2024 và vượt 98% mục tiêu lợi nhuận cả năm.",1770076674,2026-02-03 06:57:54,1770076674,2026-02-03 06:57:54,https://www.tinnhanhchungkhoan.vn/pv-drilling-pvd-vuot-98-muc-tieu-loi-nhuan-nam-2025-post384773.html,/pv-drilling-pvd-vuot-98-muc-tieu-loi-nhuan-nam-2025-post384773.html,https://image.tinnhanhchungkhoan.vn/w200/Uploaded/2026/xvrhgenatpx97/2023_04_24/pvd-1871.jpeg,,,,4,Thông tin doanh nghiệp,/thong-tin-doanh-nghiep/,"BMI,C4G,DL1,FPT,GCF,GMD,HUT,IDC,ITD,MBB,MWG,PAC,PC1,PVD,PVS,SHB,SIP,STH,TIP,TV2,VGT"
GCF,384775,MB (MBB) dự kiến cán mốc vốn hóa 10 tỷ USD vào năm 2027,,"(ĐTCK) So với giai đoạn đầu năm 2017, tổng vốn hoá của Ngân hàng TMCP Quân Đội (MB - mã chứng khoán MBB) đến nay đã ghi nhận tăng 9,9 lần (tương đương khoảng 8,5 tỷ USD). Ông Lưu Trung Thái, Chủ tịch HĐQT MB cho biết, với tốc độ tăng trưởng như hiện nay, dự kiến sang năm 2027, tổng giá trị vốn hoá của MB có thể cán đến mốc 10 tỷ USD.",1770076595,2026-02-03 06:56:35,1770076595,2026-02-03 06:56:35,https://www.tinnhanhchungkhoan.vn/mb-mbb-du-kien-can-moc-von-hoa-10-ty-usd-vao-nam-2027-post384775.html,/mb-mbb-du-kien-can-moc-von-hoa-10-ty-usd-vao-nam-2027-post384775.html,https://image.tinnhanhchungkhoan.vn/w200/Uploaded/2026/ngobgt/2026_02_02/img-3950-1125-6297.jpeg,"Ông Lưu Trung Thái, Chủ tịch HĐQT Ngân hàng TMCP Quân Đội (MB) chủ trì hội nghị Nhà đầu tư.",,,4,Thông tin doanh nghiệp,/thong-tin-doanh-nghiep/,"BMI,C4G,DL1,FPT,GCF,GMD,HUT,IDC,ITD,MBB,MWG,PAC,PC1,PVD,PVS,SHB,SIP,STH,TIP,TV2,VGT"
GCF,384768,Chiến lược Go Global đang từng bước đóng góp vào tăng trưởng dài hạn của Masan Consumer (MCH),,"(ĐTCK) Trong suốt năm 2025, doanh thu quốc tế của Masan Consumer (HOSE: MCH) duy trì đà tăng trưởng tích cực và tiếp tục cải thiện trong quý gần nhất. Theo báo cáo kết quả kinh doanh, riêng kênh kinh doanh quốc tế tăng trưởng gần 27% trong năm 2025. Diễn biến này cho thấy chiến lược Go Global đang bắt đầu tạo đóng góp thực tế, thay vì chỉ dừng ở định hướng dài hạn.",1770026991,2026-02-02 17:09:51,1770029550,2026-02-02 17:52:30,https://www.tinnhanhchungkhoan.vn/chien-luoc-go-global-dang-tung-buoc-dong-gop-vao-tang-truong-dai-han-cua-masan-consumer-mch-post384768.html,/chien-luoc-go-global-dang-tung-buoc-dong-gop-vao-tang-truong-dai-han-cua-masan-consumer-mch-post384768.html,https://image.tinnhanhchungkhoan.vn/w200/Uploaded/2026/bpikpjik/2026_02_02/thuc-pham-tuoi-ngon-phong-phu-tai-sieu-thi-winmart-4053-77.jpeg,,,,4,Thông tin doanh nghiệp,/thong-tin-doanh-nghiep/,"BMI,C4G,DL1,FPT,GCF,GMD,HUT,IDC,ITD,MBB,MWG,PAC,PC1,PVD,PVS,SHB,SIP,STH,TIP,TV2,VGT"
GCF,384769,OCH vượt kế hoạch doanh thu và lợi nhuận năm 2025,,"(ĐTCK) Công ty cổ phần One Capital Hospitality (HNX: OCH) ghi nhận doanh thu cả năm 2025 đạt 1.188 tỷ đồng, lợi nhuận trước thuế 135,6 tỷ đồng, vượt kế hoạch được Đại hội đồng cổ đông (ĐHĐCĐ) đề ra.",1770026945,2026-02-02 17:09:05,1770026945,2026-02-02 17:09:05,https://www.tinnhanhchungkhoan.vn/och-vuot-ke-hoach-doanh-thu-va-loi-nhuan-nam-2025-post384769.html,/och-vuot-ke-hoach-doanh-thu-va-loi-nhuan-nam-2025-post384769.html,https://image.tinnhanhchungkhoan.vn/w200/Uploaded/2026/cqjwqcqdh/2025_10_30/och-8280-9602.jpg,,,,4,Thông tin doanh nghiệp,/thong-tin-doanh-nghiep/,"BMI,C4G,DL1,FPT,GCF,GMD,HUT,IDC,ITD,MBB,MWG,PAC,PC1,PVD,PVS,SHB,SIP,STH,TIP,TV2,VGT"
GCF,384765,"Cơ điện lạnh (REE) tạm ứng cổ tức 10% bằng tiền, lên lịch ĐHCĐ thường niên năm tài chính 2025",,"(ĐTCK) HĐQT CTCP Cơ điện lạnh (REE – sàn HOSE) vừa thông qua, ngày 27/2 tới đây sẽ thực hiện chốt danh sách cổ đông để tổ chức ĐHCĐ thường niên năm tài chính 2025 và tạm ứng cổ tức năm 2025.",1770026245,2026-02-02 16:57:25,1770026691,2026-02-02 17:04:51,https://www.tinnhanhchungkhoan.vn/co-dien-lanh-ree-tam-ung-co-tuc-10-bang-tien-len-lich-dhcd-thuong-nien-nam-tai-chinh-2025-post384765.html,/co-dien-lanh-ree-tam-ung-co-tuc-10-bang-tien-len-lich-dhcd-thuong-nien-nam-tai-chinh-2025-post384765.html,https://image.tinnhanhchungkhoan.vn/w200/Uploaded/2026/pigo/2020_09_30/cong-ty-co-phan-co-dien-lanh-bom-no-cham-trong-dau-tu-tai-chinh1590080990-3682.jpg,,,,4,Thông tin doanh nghiệp,/thong-tin-doanh-nghiep/,"BMI,C4G,DL1,FPT,GCF,GMD,HUT,IDC,ITD,MBB,MWG,PAC,PC1,PVD,PVS,SHB,SIP,STH,TIP,TV2,VGT"
GCF,384761,Vietbank (VBB): Bổ nhiệm Quyền Tổng giám đốc và một Phó tổng giám đốc,,"(ĐTCK) Ngân hàng TMCP Việt Nam Thương Tín (Vietbank, mã chứng khoán: VBB) vừa công bố quyết định kiện toàn nhân sự lãnh đạo cấp cao.",1770023282,2026-02-02 16:08:02,1770023282,2026-02-02 16:08:02,https://www.tinnhanhchungkhoan.vn/vietbank-vbb-bo-nhiem-quyen-tong-giam-doc-va-mot-pho-tong-giam-doc-post384761.html,/vietbank-vbb-bo-nhiem-quyen-tong-giam-doc-va-mot-pho-tong-giam-doc-post384761.html,https://image.tinnhanhchungkhoan.vn/w200/Uploaded/2026/bpcgdqvp/2026_02_02/vb2-3335-3688.jpg,Hội đồng Quản trị trao quyết định bổ nhiệm cho ông Lê Thanh Quý Ngọc - Quyền Tổng giám đốc và bà Trần Thị Ngọc Lý - Phó tổng giám đốc Vietbank,,,4,Thông tin doanh nghiệp,/thong-tin-doanh-nghiep/,"BMI,C4G,DL1,FPT,GCF,GMD,HUT,IDC,ITD,MBB,MWG,PAC,PC1,PVD,PVS,SHB,SIP,STH,TIP,TV2,VGT"
GCF,384752,"CDC Construction (CCC): Dòng tiền kinh doanh âm kỷ lục 335,17 tỷ đồng trong 9 tháng đầu niên độ 2025 - 2026",,"(ĐTCK) Công ty cổ phần Xây dựng CDC (CDC Construction, mã CCC - sàn HOSE) ghi nhận lãi 9,67 tỷ đồng trong quý III, luỹ kế 9 tháng trong niên độ 2025 - 2026 ghi nhận lãi 30,31 tỷ đồng, tăng 3,8% so với cùng kỳ và hoàn thành 64,1% kế hoạch năm.",1770022404,2026-02-02 15:53:24,1770022404,2026-02-02 15:53:24,https://www.tinnhanhchungkhoan.vn/cdc-construction-ccc-dong-tien-kinh-doanh-am-ky-luc-33517-ty-dong-trong-9-thang-dau-nien-do-2025-2026-post384752.html,/cdc-construction-ccc-dong-tien-kinh-doanh-am-ky-luc-33517-ty-dong-trong-9-thang-dau-nien-do-2025-2026-post384752.html,https://image.tinnhanhchungkhoan.vn/w200/Uploaded/2026/lcgjikao/2026_02_02/01-5399-2697.jpg,,,,4,Thông tin doanh nghiệp,/thong-tin-doanh-nghiep/,"BMI,C4G,DL1,FPT,GCF,GMD,HUT,IDC,ITD,MBB,MWG,PAC,PC1,PVD,PVS,SHB,SIP,STH,TIP,TV2,VGT"
GCF,384712,"Doanh thu cả năm vượt 37.000 tỷ đồng, Tasco (HUT) báo lãi gấp 2 lần năm trước",,"(ĐTCK) Năm 2025, Công ty Cổ phần Tasco (HNX: HUT) ghi nhận doanh thu 37.000 tỷ đồng, lợi nhuận sau thuế hơn 623 tỷ đồng, gấp 2 lần năm trước và cao nhất trong lịch sử hoạt động.",1770019201,2026-02-02 15:00:01,1770000938,2026-02-02 09:55:38,https://www.tinnhanhchungkhoan.vn/doanh-thu-ca-nam-vuot-37000-ty-dong-tasco-hut-bao-lai-gap-2-lan-nam-truoc-post384712.html,/doanh-thu-ca-nam-vuot-37000-ty-dong-tasco-hut-bao-lai-gap-2-lan-nam-truoc-post384712.html,https://image.tinnhanhchungkhoan.vn/w200/Uploaded/2026/xpwvotiv/2026_02_02/tasco-5092-7931.jpg,,,,4,Thông tin doanh nghiệp,/thong-tin-doanh-nghiep/,"BMI,C4G,DL1,FPT,GCF,GMD,HUT,IDC,ITD,MBB,MWG,PAC,PC1,PVD,PVS,SHB,SIP,STH,TIP,TV2,VGT"
GCF,384740,Quốc Cường Gia Lai (QCG) lãi đột biến quý IV/2025 nhờ thanh lý các khoản đầu tư,,"(ĐTCK) CTCP Quốc Cường Gia Lai (mã QCG - sàn HOSE) ghi nhận lãi 137,22 tỷ đồng trong quý IV, lũy kế năm 2025 lãi 171,28 tỷ đồng, tăng 109% so với năm 2024 và không hoàn thành kế hoạch năm.",1770016785,2026-02-02 14:19:45,1770016785,2026-02-02 14:19:45,https://www.tinnhanhchungkhoan.vn/quoc-cuong-gia-lai-qcg-lai-dot-bien-quy-iv2025-nho-thanh-ly-cac-khoan-dau-tu-post384740.html,/quoc-cuong-gia-lai-qcg-lai-dot-bien-quy-iv2025-nho-thanh-ly-cac-khoan-dau-tu-post384740.html,https://image.tinnhanhchungkhoan.vn/w200/Uploaded/2026/lcgjikao/2026_02_02/01-5700-5016.jpg,,,,4,Thông tin doanh nghiệp,/thong-tin-doanh-nghiep/,"BMI,C4G,DL1,FPT,GCF,GMD,HUT,IDC,ITD,MBB,MWG,PAC,PC1,PVD,PVS,SHB,SIP,STH,TIP,TV2,VGT"
GCF,384739,"Thuỷ điện Vĩnh Sơn - Sông Hinh (VSH) chốt quyền nhận cổ tức 10%, dự kiến họp ĐHCĐ 2026 cuối tháng 3",,"(ĐTCK) CTCP Thuỷ điện Vĩnh Sơn - Sông Hinh (mã VSH) mới thông báo, ngày 23/02 tới đây sẽ chốt danh sách cổ đông nhận cổ tức đợt 3/2025 và tham dự đại hội cổ đông năm 2026.",1770016761,2026-02-02 14:19:21,1770016761,2026-02-02 14:19:21,https://www.tinnhanhchungkhoan.vn/thuy-dien-vinh-son-song-hinh-vsh-chot-quyen-nhan-co-tuc-10-du-kien-hop-dhcd-2026-cuoi-thang-3-post384739.html,/thuy-dien-vinh-son-song-hinh-vsh-chot-quyen-nhan-co-tuc-10-du-kien-hop-dhcd-2026-cuoi-thang-3-post384739.html,https://image.tinnhanhchungkhoan.vn/w200/Uploaded/2026/xvrhgenatpx97/2024_10_24/vsh-8946.jpeg,,,,4,Thông tin doanh nghiệp,/thong-tin-doanh-nghiep/,"BMI,C4G,DL1,FPT,GCF,GMD,HUT,IDC,ITD,MBB,MWG,PAC,PC1,PVD,PVS,SHB,SIP,STH,TIP,TV2,VGT"
GCF,384741,VPS (VCK) được VASB vinh danh công ty chứng khoán đạt điểm thực hành ESG cao nhất,,"(ĐTCK) Công ty cổ phần Chứng khoán VPS (mã chứng khoán VCK) là một trong hai công ty chứng khoán được xếp hạng cao nhất trong chương trình chấm điểm thực hành ESG do Hiệp hội Chứng khoán Việt Nam (VASB) tổ chức, khẳng định cam kết mạnh mẽ của doanh nghiệp đối với phát triển bền vững theo chuẩn mực quốc tế.",1770016630,2026-02-02 14:17:10,1770343895,2026-02-06 09:11:35,https://www.tinnhanhchungkhoan.vn/vps-vck-duoc-vasb-vinh-danh-cong-ty-chung-khoan-dat-diem-thuc-hanh-esg-cao-nhat-post384741.html,/vps-vck-duoc-vasb-vinh-danh-cong-ty-chung-khoan-dat-diem-thuc-hanh-esg-cao-nhat-post384741.html,https://image.tinnhanhchungkhoan.vn/w200/Uploaded/2026/ipuokbf/2026_02_06/800x500-8825-6213.png,,,,4,Thông tin doanh nghiệp,/thong-tin-doanh-nghiep/,"BMI,C4G,DL1,FPT,GCF,GMD,HUT,IDC,ITD,MBB,MWG,PAC,PC1,PVD,PVS,SHB,SIP,STH,TIP,TV2,VGT"
GCF,384738,"Doanh thu năm 2025 của Vinamilk (VNM) đạt 63.724 tỷ đồng, cao nhất lịch sử Công ty",,"(ĐTCK)Tổng doanh thu hợp nhất quý IV/2025 của Công ty cổ phần Sữa Việt Nam (Vinamilk - mã VNM) đạt 17.045 tỷ đồng, tiếp tục lập đỉnh mới, tăng 10,1% so với cùng kỳ.",1770016538,2026-02-02 14:15:38,1770016538,2026-02-02 14:15:38,https://www.tinnhanhchungkhoan.vn/doanh-thu-nam-2025-cua-vinamilk-vnm-dat-63724-ty-dong-cao-nhat-lich-su-cong-ty-post384738.html,/doanh-thu-nam-2025-cua-vinamilk-vnm-dat-63724-ty-dong-cao-nhat-lich-su-cong-ty-post384738.html,https://image.tinnhanhchungkhoan.vn/w200/Uploaded/2026/unvjshu/2026_02_02/vnm-1723-4621.jpg,Đẩy mạnh các hoạt động xúc tiến thương mại giúp Vinamilk nâng cao hình ảnh và vị thế thương hiệu trên thị trường quốc tế. Ảnh: Vi Nam,,,4,Thông tin doanh nghiệp,/thong-tin-doanh-nghiep/,"BMI,C4G,DL1,FPT,GCF,GMD,HUT,IDC,ITD,MBB,MWG,PAC,PC1,PVD,PVS,SHB,SIP,STH,TIP,TV2,VGT"
GCF,384726,"Địa ốc Hoàng Quân (HQC) thoát lỗ quý IV/2025 nhờ hoạt động tài chính, thu hồi công nợ và hoàn nhập dự phòng",,"(ĐTCK) CTCP Tư vấn Thương mại Dịch vụ Địa ốc Hoàng Quân (mã HQC - sàn HOSE) ghi nhận lãi 55,08 tỷ đồng trong quý IV, luỹ kế cả năm 2025 lãi 73,21 tỷ đồng, tăng trưởng 116,8% và hoàn thành 104,6% kế hoạch năm.",1770006229,2026-02-02 11:23:49,1770006229,2026-02-02 11:23:49,https://www.tinnhanhchungkhoan.vn/dia-oc-hoang-quan-hqc-thoat-lo-quy-iv2025-nho-hoat-dong-tai-chinh-thu-hoi-cong-no-va-hoan-nhap-du-phong-post384726.html,/dia-oc-hoang-quan-hqc-thoat-lo-quy-iv2025-nho-hoat-dong-tai-chinh-thu-hoi-cong-no-va-hoan-nhap-du-phong-post384726.html,https://image.tinnhanhchungkhoan.vn/w200/Uploaded/2026/lcgjikao/2026_02_02/01-2382-9002.jpg,,,,4,Thông tin doanh nghiệp,/thong-tin-doanh-nghiep/,"BMI,C4G,DL1,FPT,GCF,GMD,HUT,IDC,ITD,MBB,MWG,PAC,PC1,PVD,PVS,SHB,SIP,STH,TIP,TV2,VGT"
GCF,384713,"Vietbank (VBB) đạt 1.532 tỷ đồng lợi nhuận trước thuế năm 2025, chuẩn bị niêm yết sàn HOSE",,"(ĐTCK) Năm 2025, Ngân hàng TMCP Việt Nam Thương Tín (Vietbank, mã chứng khoán VBB) ghi nhận lợi nhuận trước thuế hợp nhất đạt 1.532 tỷ đồng, tăng 35% so với năm 2024.",1769997537,2026-02-02 08:58:57,1769997537,2026-02-02 08:58:57,https://www.tinnhanhchungkhoan.vn/vietbank-vbb-dat-1532-ty-dong-loi-nhuan-truoc-thue-nam-2025-chuan-bi-niem-yet-san-hose-post384713.html,/vietbank-vbb-dat-1532-ty-dong-loi-nhuan-truoc-thue-nam-2025-chuan-bi-niem-yet-san-hose-post384713.html,https://image.tinnhanhchungkhoan.vn/w200/Uploaded/2026/bpcgdqvp/2023_09_20/vietbank-527.jpg,,,,4,Thông tin doanh nghiệp,/thong-tin-doanh-nghiep/,"BMI,C4G,DL1,FPT,GCF,GMD,HUT,IDC,ITD,MBB,MWG,PAC,PC1,PVD,PVS,SHB,SIP,STH,TIP,TV2,VGT"
GCF,384684,Đầu tư Thương mại SMC (SMC) ghi nhận lãi đột biến trở lại trong quý IV/2025 nhờ thanh lý tài sản và hoàn nhập dự phòng,,"(ĐTCK) Công ty cổ phần Đầu tư Thương mại SMC (mã SMC - sàn HOSE) ghi nhận lãi 343,95 tỷ đồng trong quý IV, luỹ kế cả năm 2025 lãi 185,07 tỷ đồng và hoàn thành tới 616,9% kế hoạch năm.",1769990120,2026-02-02 06:55:20,1769961336,2026-02-01 22:55:36,https://www.tinnhanhchungkhoan.vn/dau-tu-thuong-mai-smc-smc-ghi-nhan-lai-dot-bien-tro-lai-trong-quy-iv2025-nho-thanh-ly-tai-san-va-hoan-nhap-du-phong-post384684.html,/dau-tu-thuong-mai-smc-smc-ghi-nhan-lai-dot-bien-tro-lai-trong-quy-iv2025-nho-thanh-ly-tai-san-va-hoan-nhap-du-phong-post384684.html,https://image.tinnhanhchungkhoan.vn/w200/Uploaded/2026/lcgjikao/2026_02_01/01-150-4789.jpg,,,,4,Thông tin doanh nghiệp,/thong-tin-doanh-nghiep/,"BMI,C4G,DL1,FPT,GCF,GMD,HUT,IDC,ITD,MBB,MWG,PAC,PC1,PVD,PVS,SHB,SIP,STH,TIP,TV2,VGT"
GCF,384666,"Lợi nhuận Hoa Sen (HSG) giảm 62,3% trong quý I niên độ tài chính 2025 - 2026",,(ĐTCK) Công ty cổ phần Tập đoàn Hoa Sen (mã HSG - sàn HOSE) ghi nhận doanh thu và lợi nhuận đi lùi trong quý I niên độ tài chính 2025 – 2026 và có dấu hiệu tăng trích trữ tồn kho.,1769916063,2026-02-01 10:21:03,1769916063,2026-02-01 10:21:03,https://www.tinnhanhchungkhoan.vn/loi-nhuan-hoa-sen-hsg-giam-623-trong-quy-i-nien-do-tai-chinh-2025-2026-post384666.html,/loi-nhuan-hoa-sen-hsg-giam-623-trong-quy-i-nien-do-tai-chinh-2025-2026-post384666.html,https://image.tinnhanhchungkhoan.vn/w200/Uploaded/2026/lcgjikao/2026_02_01/01-8398-4117.jpg,,,,4,Thông tin doanh nghiệp,/thong-tin-doanh-nghiep/,"BMI,C4G,DL1,FPT,GCF,GMD,HUT,IDC,ITD,MBB,MWG,PAC,PC1,PVD,PVS,SHB,SIP,STH,TIP,TV2,VGT"
GCF,384656,"Thép Nam Kim (NKG) lỗ 9,34 tỷ đồng trong quý IV/2025, đánh dấu lỗ trở lại sau 10 quý",,"(ĐTCK) CTCP Thép Nam Kim (mã NKG - sàn HOSE) ghi nhận lỗ 9,34 tỷ đồng trong quý IV, luỹ kế năm 2025 lãi 197,19 tỷ đồng, giảm 56,55% và không hoàn thành kế hoạch năm.",1769915573,2026-02-01 10:12:53,1769915573,2026-02-01 10:12:53,https://www.tinnhanhchungkhoan.vn/thep-nam-kim-nkg-lo-934-ty-dong-trong-quy-iv2025-danh-dau-lo-tro-lai-sau-10-quy-post384656.html,/thep-nam-kim-nkg-lo-934-ty-dong-trong-quy-iv2025-danh-dau-lo-tro-lai-sau-10-quy-post384656.html,https://image.tinnhanhchungkhoan.vn/w200/Uploaded/2026/lcgjikao/2026_02_01/01-3530-7692.jpg,,,,4,Thông tin doanh nghiệp,/thong-tin-doanh-nghiep/,"BMI,C4G,DL1,FPT,GCF,GMD,HUT,IDC,ITD,MBB,MWG,PAC,PC1,PVD,PVS,SHB,SIP,STH,TIP,TV2,VGT"
GCF,384655,L40 đấu giá thành công quyền khai thác 415.000 m3 cát tại Quảng Nam,,"(ĐTCK) CTCP Đầu tư và Xây dựng 40 (L40) đã đấu giá thành công quyền khai thác bãi cát tại dự án nạo vét khơi thông dòng sông Cổ Cò (phường Điện Bàn Đông, Thành phố Đà Nẵng) với giá trúng đấu giá gần 60 tỷ đồng. Dự kiến L40 sẽ gia tăng lợi nhuận mảng vật liệu xây dựng năm 2026.",1769909966,2026-02-01 08:39:26,1769909966,2026-02-01 08:39:26,https://www.tinnhanhchungkhoan.vn/l40-dau-gia-thanh-cong-quyen-khai-thac-415000-m3-cat-tai-quang-nam-post384655.html,/l40-dau-gia-thanh-cong-quyen-khai-thac-415000-m3-cat-tai-quang-nam-post384655.html,https://image.tinnhanhchungkhoan.vn/w200/Uploaded/2026/ipuokbf/2026_02_01/song-co-co-copy-8566-1916.jpg,,,,4,Thông tin doanh nghiệp,/thong-tin-doanh-nghiep/,"BMI,C4G,DL1,FPT,GCF,GMD,HUT,IDC,ITD,MBB,MWG,PAC,PC1,PVD,PVS,SHB,SIP,STH,TIP,TV2,VGT"
GCF,384654,"Gilimex (GIL) ghi nhận dòng tiền âm kỷ lục 677,5 tỷ đồng trong năm 2025",,"(ĐTCK) CTCP Sản xuất Kinh doanh Xuất nhập khẩu Bình Thạnh (Gilimex, mã GIL - sàn HOSE) ghi nhận lãi 138,19 tỷ đồng trong quý IV, luỹ kế cả năm 2025 lãi 35,64 tỷ đồng, tăng 29% so với cùng kỳ và chỉ đạt 23,8% kế hoạch năm.",1769909653,2026-02-01 08:34:13,1769909653,2026-02-01 08:34:13,https://www.tinnhanhchungkhoan.vn/gilimex-gil-ghi-nhan-dong-tien-am-ky-luc-6775-ty-dong-trong-nam-2025-post384654.html,/gilimex-gil-ghi-nhan-dong-tien-am-ky-luc-6775-ty-dong-trong-nam-2025-post384654.html,https://image.tinnhanhchungkhoan.vn/w200/Uploaded/2026/lcgjikao/2026_01_31/01-3473-8010.jpg,,,,4,Thông tin doanh nghiệp,/thong-tin-doanh-nghiep/,"BMI,C4G,DL1,FPT,GCF,GMD,HUT,IDC,ITD,MBB,MWG,PAC,PC1,PVD,PVS,SHB,SIP,STH,TIP,TV2,VGT"
GCF,384648,Văn Phú (VPI) vượt chỉ tiêu lợi nhuận năm 2025,,"(ĐTCK) Dòng tiền thu được từ các dự án gồm Vlasta - Thủy Nguyên (Hải Phòng), Yên Phong (Bắc Ninh), TT39-40 (Hà Nội) , Dự án Song Khê - Nội Hoàng - (Bắc Ninh) giúp Công ty cổ phần Phát triển bất động sản Văn Phú (mã chứng khoán: VPI) kết thúc quý IV/2025 với lợi nhuận sau thuế ở mức 132 tỷ đồng, qua đó, thực hiện 112% chỉ tiêu lợi nhuận năm 2025 đã được các cổ đông thông qua tại cuộc họp ĐHĐCĐ thường niên.",1769837990,2026-01-31 12:39:50,1769837990,2026-01-31 12:39:50,https://www.tinnhanhchungkhoan.vn/van-phu-vpi-vuot-chi-tieu-loi-nhuan-nam-2025-post384648.html,/van-phu-vpi-vuot-chi-tieu-loi-nhuan-nam-2025-post384648.html,https://image.tinnhanhchungkhoan.vn/w200/Uploaded/2026/ipuokbf/2026_01_31/vpi-vlasta-phu-thuan-2958-8443.jpg,Dự án Vlasta Premier – Phú Thuận,,,4,Thông tin doanh nghiệp,/thong-tin-doanh-nghiep/,"BMI,C4G,DL1,FPT,GCF,GMD,HUT,IDC,ITD,MBB,MWG,PAC,PC1,PVD,PVS,SHB,SIP,STH,TIP,TV2,VGT"
GCF,384635,"Vinasun (VNS): Lợi nhuận năm 2025 đạt hơn 38 tỷ đồng, giảm 54,5%",,"(ĐTCK) Công ty cổ phần Ánh Dương Việt Nam (Vinasun, mã VNS - sàn HOSE) ghi nhận lãi 4,94 tỷ đồng trong quý IV, luỹ kế năm 2025 lãi 38,29 tỷ đồng, giảm 54,5% so với cùng kỳ và chỉ hoàn thành 71,4% kế hoạch năm.",1769825682,2026-01-31 09:14:42,1769825682,2026-01-31 09:14:42,https://www.tinnhanhchungkhoan.vn/vinasun-vns-loi-nhuan-nam-2025-dat-hon-38-ty-dong-giam-545-post384635.html,/vinasun-vns-loi-nhuan-nam-2025-dat-hon-38-ty-dong-giam-545-post384635.html,https://image.tinnhanhchungkhoan.vn/w200/Uploaded/2026/lcgjikao/2026_01_31/01-5716-1382.jpg,,,,4,Thông tin doanh nghiệp,/thong-tin-doanh-nghiep/,"BMI,C4G,DL1,FPT,GCF,GMD,HUT,IDC,ITD,MBB,MWG,PAC,PC1,PVD,PVS,SHB,SIP,STH,TIP,TV2,VGT"
GCF,384631,DIC Corp (DIG): Lãi đột biến quý IV/2025 nhờ bán một phần dự án Đại Phước,,"(ĐTCK) Tổng CTCP Đầu tư Phát triển Xây dựng (DIC Corp, mã DIG - sàn HOSE) ghi nhận lãi 423,99 tỷ đồng trong quý IV, luỹ kế năm 2025 lãi 623,95 tỷ đồng, tăng 509,2% so với cùng kỳ.",1769817644,2026-01-31 07:00:44,1769789831,2026-01-30 23:17:11,https://www.tinnhanhchungkhoan.vn/dic-corp-dig-lai-dot-bien-quy-iv2025-nho-ban-mot-phan-du-an-dai-phuoc-post384631.html,/dic-corp-dig-lai-dot-bien-quy-iv2025-nho-ban-mot-phan-du-an-dai-phuoc-post384631.html,https://image.tinnhanhchungkhoan.vn/w200/Uploaded/2026/lcgjikao/2026_01_30/01-5560-947.jpg,,,,4,Thông tin doanh nghiệp,/thong-tin-doanh-nghiep/,"BMI,C4G,DL1,FPT,GCF,GMD,HUT,IDC,ITD,MBB,MWG,PAC,PC1,PVD,PVS,SHB,SIP,STH,TIP,TV2,VGT"
GCF,384633,"Năm 2025, YeaH1 (YEG) ghi nhận lợi nhuận sau thuế đạt 80,3 tỷ đồng",,"(ĐTCK) Trước nhiều biến động của thị trường chung năm 2025, YeaH1 ghi nhận doanh thu thuần đạt 1.653 tỷ đồng, tăng 61% so với cùng kỳ và vượt 27% so với kế hoạch năm.",1769816733,2026-01-31 06:45:33,1769789740,2026-01-30 23:15:40,https://www.tinnhanhchungkhoan.vn/nam-2025-yeah1-yeg-ghi-nhan-loi-nhuan-sau-thue-dat-803-ty-dong-post384633.html,/nam-2025-yeah1-yeg-ghi-nhan-loi-nhuan-sau-thue-dat-803-ty-dong-post384633.html,https://image.tinnhanhchungkhoan.vn/w200/Uploaded/2026/bpcpcwvo/2026_01_30/yeg-concert-5715-7796.png,,,,4,Thông tin doanh nghiệp,/thong-tin-doanh-nghiep/,"BMI,C4G,DL1,FPT,GCF,GMD,HUT,IDC,ITD,MBB,MWG,PAC,PC1,PVD,PVS,SHB,SIP,STH,TIP,TV2,VGT"
GCF,384629,Eximbank (EIB) báo lãi trước thuế hơn 1.500 tỷ đồng trong năm 2025,,"(ĐTCK) Tổng lợi nhuận trước thuế của Eximbank trong năm 2025 đạt 1.511,7 tỷ đồng, chỉ đạt 29,12% kế hoạch năm.",1769771854,2026-01-30 18:17:34,1769779108,2026-01-30 20:18:28,https://www.tinnhanhchungkhoan.vn/eximbank-eib-bao-lai-truoc-thue-hon-1500-ty-dong-trong-nam-2025-post384629.html,/eximbank-eib-bao-lai-truoc-thue-hon-1500-ty-dong-trong-nam-2025-post384629.html,https://image.tinnhanhchungkhoan.vn/w200/Uploaded/2026/bpcgdqvp/2026_01_30/eib-594-5150.jpg,,,,4,Thông tin doanh nghiệp,/thong-tin-doanh-nghiep/,"BMI,C4G,DL1,FPT,GCF,GMD,HUT,IDC,ITD,MBB,MWG,PAC,PC1,PVD,PVS,SHB,SIP,STH,TIP,TV2,VGT"
GCF,384628,"Giữa “tâm bão” ngành chăn nuôi, BAF nỗ lực giữ biên lợi nhuận",,"(ĐTCK) Giữa bối cảnh giá lợn hơi lao dốc, BAF Việt Nam nổi bật với chiến lược tối ưu chi phí sản xuất, giá vốn giảm 14,2% tương đương khoảng 700 tỷ đồng, giúp lợi nhuận gộp giữ đà tăng 14,7%. Song song, doanh nghiệp chủ động mở rộng quy mô, đẩy nhanh tiến độ dự án chăn nuôi công nghệ cao nhà cao tầng và tập trung nghiên cứu, lai tạo giống heo năng suất cao, tăng sức chống chịu dịch bệnh, tạo nền tảng bứt phá cho giai đoạn 2026 - 2030.",1769769063,2026-01-30 17:31:03,1769769063,2026-01-30 17:31:03,https://www.tinnhanhchungkhoan.vn/giua-tam-bao-nganh-chan-nuoi-baf-no-luc-giu-bien-loi-nhuan-post384628.html,/giua-tam-bao-nganh-chan-nuoi-baf-no-luc-giu-bien-loi-nhuan-post384628.html,https://image.tinnhanhchungkhoan.vn/w200/Uploaded/2026/bpikpjik/2026_01_30/baf-9294-5858.jpg,,,,4,Thông tin doanh nghiệp,/thong-tin-doanh-nghiep/,"BMI,C4G,DL1,FPT,GCF,GMD,HUT,IDC,ITD,MBB,MWG,PAC,PC1,PVD,PVS,SHB,SIP,STH,TIP,TV2,VGT"
GCF,384618,"Khang Điền (KDH): Lợi nhuận 2025 vượt 63% kế hoạch, đạt hơn 1.633 tỷ đồng, mở rộng tăng trưởng trong 2026",,"(ĐTCK) Công ty cổ phần Đầu tư và Kinh doanh Nhà Khang Điền (mã chứng khoán KDH) vừa công bố báo cáo tài chính năm 2025, ghi nhận doanh thu hợp nhất tăng trưởng 16% và lợi nhuận sau thuế tăng gấp đôi so với cùng kỳ năm, vượt xa kế hoạch đề ra.",1769768553,2026-01-30 17:22:33,1769768553,2026-01-30 17:22:33,https://www.tinnhanhchungkhoan.vn/khang-dien-kdh-loi-nhuan-2025-vuot-63-ke-hoach-dat-hon-1633-ty-dong-mo-rong-tang-truong-trong-2026-post384618.html,/khang-dien-kdh-loi-nhuan-2025-vuot-63-ke-hoach-dat-hon-1633-ty-dong-mo-rong-tang-truong-trong-2026-post384618.html,https://image.tinnhanhchungkhoan.vn/w200/Uploaded/2026/djshp/2026_01_25/2-992-368.jpg,"Mới đây, Khang Điền đã động thổ khu cao tầng Gladia by the Waters gồm hơn 600 căn hộ, dự kiến bàn giao quý IV/2027.",,,4,Thông tin doanh nghiệp,/thong-tin-doanh-nghiep/,"BMI,C4G,DL1,FPT,GCF,GMD,HUT,IDC,ITD,MBB,MWG,PAC,PC1,PVD,PVS,SHB,SIP,STH,TIP,TV2,VGT"
GCF,384620,"TTC Land (SCR) đạt lợi nhuận sau thuế 67,38 tỷ đồng trong năm 2025",,"(ĐTCK) CTCP Địa ốc Sài Gòn Thương Tín (TTC Land, mã SCR - sàn HOSE) ghi nhận lợi nhuận sau thuế 33,47 tỷ đồng trong quý IV, luỹ kế năm 2025 lãi 67,38 tỷ đồng, tăng hơn 14,85 lần so với cùng kỳ.",1769763442,2026-01-30 15:57:22,1769763442,2026-01-30 15:57:22,https://www.tinnhanhchungkhoan.vn/ttc-land-scr-dat-loi-nhuan-sau-thue-6738-ty-dong-trong-nam-2025-post384620.html,/ttc-land-scr-dat-loi-nhuan-sau-thue-6738-ty-dong-trong-nam-2025-post384620.html,https://image.tinnhanhchungkhoan.vn/w200/Uploaded/2026/lcgjikao/2026_01_30/01-8713-3228.jpeg,,,,4,Thông tin doanh nghiệp,/thong-tin-doanh-nghiep/,"BMI,C4G,DL1,FPT,GCF,GMD,HUT,IDC,ITD,MBB,MWG,PAC,PC1,PVD,PVS,SHB,SIP,STH,TIP,TV2,VGT"
GCF,384615,"Lợi nhuận trước thuế năm 2025 của OCB đạt 5.046 tỷ đồng, tăng gần 26%",,"(ĐTCK) Theo báo cáo tài chính quý IV vừa được Ngân hàng Phương Đông (mã CK: OCB) công bố, lợi nhuận trước thuế năm 2025 đạt mức 5.046 tỷ đồng, tăng 25,9% so với năm 2024.",1769762805,2026-01-30 15:46:45,1769768157,2026-01-30 17:15:57,https://www.tinnhanhchungkhoan.vn/loi-nhuan-truoc-thue-nam-2025-cua-ocb-dat-5046-ty-dong-tang-gan-26-post384615.html,/loi-nhuan-truoc-thue-nam-2025-cua-ocb-dat-5046-ty-dong-tang-gan-26-post384615.html,https://image.tinnhanhchungkhoan.vn/w200/Uploaded/2026/bpcgdqvp/2024_01_30/ocb-3903.jpg,,,,4,Thông tin doanh nghiệp,/thong-tin-doanh-nghiep/,"BMI,C4G,DL1,FPT,GCF,GMD,HUT,IDC,ITD,MBB,MWG,PAC,PC1,PVD,PVS,SHB,SIP,STH,TIP,TV2,VGT"
GCF,384614,Hạ tầng GELEX (GEL) phê duyệt khoản vay 200 triệu USD vốn quốc tế,,"(ĐTCK) CTCP Hạ tầng GELEX (mã GEL - sàn HOSE) vừa công bố nghị quyết hội đồng quản trị về việc phê duyệt khoản vay nước ngoài trị giá 200 triệu USD, trong đó HSBC đóng vai trò là ngân hàng thu xếp chính duy nhất kiêm điều phối sổ.",1769762776,2026-01-30 15:46:16,1769779705,2026-01-30 20:28:25,https://www.tinnhanhchungkhoan.vn/ha-tang-gelex-gel-phe-duyet-khoan-vay-200-trieu-usd-von-quoc-te-post384614.html,/ha-tang-gelex-gel-phe-duyet-khoan-vay-200-trieu-usd-von-quoc-te-post384614.html,https://image.tinnhanhchungkhoan.vn/w200/Uploaded/2026/lcgjikao/2026_01_30/02-4078-873.jpg,Hạ tầng GELEX đã làm việc với hơn 30 ngân hàng và tổ chức tài chính tại Singapore và Đài Loan.,,,4,Thông tin doanh nghiệp,/thong-tin-doanh-nghiep/,"BMI,C4G,DL1,FPT,GCF,GMD,HUT,IDC,ITD,MBB,MWG,PAC,PC1,PVD,PVS,SHB,SIP,STH,TIP,TV2,VGT"
GCF,384613,"PTM lên kế hoạch chia cổ tức 30% bằng tiền, Haxaco (HAX) có thể nhận về gần 50 tỷ đồng",,"(ĐTCK) CTCP Sản xuất, Thương mại và Dịch vụ ô tô PTM (mã chứng khoán PTM) vừa có dự thảo tài liệu họp Đại hội đồng cổ đông thường niên 2026, trong đó có tờ trình phương án phân phối lợi nhuận năm 2025, chia cổ tức 30% bằng tiền mặt.",1769762727,2026-01-30 15:45:27,1769762727,2026-01-30 15:45:27,https://www.tinnhanhchungkhoan.vn/ptm-len-ke-hoach-chia-co-tuc-30-bang-tien-haxaco-hax-co-the-nhan-ve-gan-50-ty-dong-post384613.html,/ptm-len-ke-hoach-chia-co-tuc-30-bang-tien-haxaco-hax-co-the-nhan-ve-gan-50-ty-dong-post384613.html,https://image.tinnhanhchungkhoan.vn/w200/Uploaded/2026/wpxlcdjwi/2022_06_01/dien-bien-thi-truong-bat-loi-haxaco-hoan-tang-von-8721.jpg,Haxaco (HAX) sắp nhận gần 50 tỷ đồng tiền cổ tức từ PTM,,,4,Thông tin doanh nghiệp,/thong-tin-doanh-nghiep/,"BMI,C4G,DL1,FPT,GCF,GMD,HUT,IDC,ITD,MBB,MWG,PAC,PC1,PVD,PVS,SHB,SIP,STH,TIP,TV2,VGT"
GCF,384611,"Năm 2025, MSB đạt lợi nhuận trước thuế hợp nhất 7.058 tỷ đồng",,"(ĐTCK) Tại ngày 31/12/2025, tổng tài sản hợp nhất của Ngân hàng TMCP Hàng Hải Việt Nam (MSB - sàn HOSE) đạt gần 408 nghìn tỷ đồng, tăng 27,3% so với thời điểm đầu năm. Động lực chính của sự tăng trưởng quy mô đến từ hoạt động tín dụng.",1769762700,2026-01-30 15:45:00,1769762700,2026-01-30 15:45:00,https://www.tinnhanhchungkhoan.vn/nam-2025-msb-dat-loi-nhuan-truoc-thue-hop-nhat-7058-ty-dong-post384611.html,/nam-2025-msb-dat-loi-nhuan-truoc-thue-hop-nhat-7058-ty-dong-post384611.html,https://image.tinnhanhchungkhoan.vn/w200/Uploaded/2026/pwvolcvo/2026_01_30/msb-6-7064-2022.jpg,,,,4,Thông tin doanh nghiệp,/thong-tin-doanh-nghiep/,"BMI,C4G,DL1,FPT,GCF,GMD,HUT,IDC,ITD,MBB,MWG,PAC,PC1,PVD,PVS,SHB,SIP,STH,TIP,TV2,VGT"
GMD,384814,Dịch vụ Phân phối Tổng hợp Dầu khí (PSD) vượt 40% mục tiêu lợi nhuận 2025,,"(ĐTCK) Năm 2025, CTCP Dịch vụ Phân phối Tổng hợp Dầu khí (Petrosetco Distribution, mã PSD) ghi nhận 143,1 tỷ đồng lợi nhuận sau thuế, tăng 73% so với năm trước và vượt 40% mục tiêu năm.",1770108462,2026-02-03 15:47:42,1770108462,2026-02-03 15:47:42,https://www.tinnhanhchungkhoan.vn/dich-vu-phan-phoi-tong-hop-dau-khi-psd-vuot-40-muc-tieu-loi-nhuan-2025-post384814.html,/dich-vu-phan-phoi-tong-hop-dau-khi-psd-vuot-40-muc-tieu-loi-nhuan-2025-post384814.html,https://image.tinnhanhchungkhoan.vn/w200/Uploaded/2026/xvrhgenatpx97/2026_02_03/492389603-1269083815221635-1856212450220482697-n-8553-4165.jpg,,,,4,Thông tin doanh nghiệp,/thong-tin-doanh-nghiep/,"BMI,C4G,DL1,FPT,GCF,GMD,HUT,IDC,ITD,MBB,MWG,PAC,PC1,PVD,PVS,SHB,SIP,STH,TIP,TV2,VGT"
GMD,384815,"Becamex IDC (BCM) chia cổ tức 11% bằng tiền mặt, lợi nhuận 2025 vượt hơn 42% kế hoạch",,"(ĐTCK) Ngày 13/2 tới đây, Tập đoàn Đầu tư và Phát triển Công nghiệp Becamex - CTCP (Becamex IDC, mã BCM - sàn HOSE) vừa thông báo về việc chia cổ tức năm 2024.",1770108203,2026-02-03 15:43:23,1770108203,2026-02-03 15:43:23,https://www.tinnhanhchungkhoan.vn/becamex-idc-bcm-chia-co-tuc-11-bang-tien-mat-loi-nhuan-2025-vuot-hon-42-ke-hoach-post384815.html,/becamex-idc-bcm-chia-co-tuc-11-bang-tien-mat-loi-nhuan-2025-vuot-hon-42-ke-hoach-post384815.html,https://image.tinnhanhchungkhoan.vn/w200/Uploaded/2026/ipuokbf/2025_02_06/becamex-idc-bcm-2233-7213.jpg,,,,4,Thông tin doanh nghiệp,/thong-tin-doanh-nghiep/,"BMI,C4G,DL1,FPT,GCF,GMD,HUT,IDC,ITD,MBB,MWG,PAC,PC1,PVD,PVS,SHB,SIP,STH,TIP,TV2,VGT"
GMD,384807,"EVNGENCO3 (PGV): Lợi nhuận sau thuế vượt 3.700 tỷ đồng, định giá cổ phiếu về vùng hấp dẫn",,(ĐTCK) Lợi nhuận năm 2025 của EVNGENCO3 (PGV) xác lập kỷ lục mới. Dòng tiền cải thiện cùng tỷ lệ nợ vay liên tục giảm nhiều năm là nền tảng quan trọng cho EVNGENCO3 trong giai đoạn mở rộng đầu tư sắp tới.,1770104233,2026-02-03 14:37:13,1770104233,2026-02-03 14:37:13,https://www.tinnhanhchungkhoan.vn/evngenco3-pgv-loi-nhuan-sau-thue-vuot-3700-ty-dong-dinh-gia-co-phieu-ve-vung-hap-dan-post384807.html,/evngenco3-pgv-loi-nhuan-sau-thue-vuot-3700-ty-dong-dinh-gia-co-phieu-ve-vung-hap-dan-post384807.html,https://image.tinnhanhchungkhoan.vn/w200/Uploaded/2026/bpikpjik/2022_01_26/evngenco3-4286.jpg,,,,4,Thông tin doanh nghiệp,/thong-tin-doanh-nghiep/,"BMI,C4G,DL1,FPT,GCF,GMD,HUT,IDC,ITD,MBB,MWG,PAC,PC1,PVD,PVS,SHB,SIP,STH,TIP,TV2,VGT"
GMD,384804,Doanh thu Sao Ta (FMC) giảm 21% ngay tháng đầu năm 2026,,"(ĐTCK) CTCP Thực phẩm Sao Ta (FMC) công bố tình hình hoạt động hợp nhất tháng 01/2026 với doanh thu đạt 20,4 triệu USD, giảm 21% so với cùng kỳ năm trước.",1770102267,2026-02-03 14:04:27,1770102267,2026-02-03 14:04:27,https://www.tinnhanhchungkhoan.vn/doanh-thu-sao-ta-fmc-giam-21-ngay-thang-dau-nam-2026-post384804.html,/doanh-thu-sao-ta-fmc-giam-21-ngay-thang-dau-nam-2026-post384804.html,https://image.tinnhanhchungkhoan.vn/w200/Uploaded/2026/xvrhgenatpx97/2023_01_16/fmc-9473.jpg,,,,4,Thông tin doanh nghiệp,/thong-tin-doanh-nghiep/,"BMI,C4G,DL1,FPT,GCF,GMD,HUT,IDC,ITD,MBB,MWG,PAC,PC1,PVD,PVS,SHB,SIP,STH,TIP,TV2,VGT"
GMD,384802,"Quý IV/2025, lợi nhuận sau thuế của Đạt Phương (DPG) tăng 46%",,"(ĐTCK) Mới đây, CTCP Tập đoàn Đạt Phương (mã DPG) công bố báo cáo tài chính quý IV/2025 cho thấy sự cải thiện về quy mô doanh thu và lợi nhuận.",1770091215,2026-02-03 11:00:15,1770091215,2026-02-03 11:00:15,https://www.tinnhanhchungkhoan.vn/quy-iv2025-loi-nhuan-sau-thue-cua-dat-phuong-dpg-tang-46-post384802.html,/quy-iv2025-loi-nhuan-sau-thue-cua-dat-phuong-dpg-tang-46-post384802.html,https://image.tinnhanhchungkhoan.vn/w200/Uploaded/2026/gtnwae/2026_02_03/1-7741-8171.jpg,,,,4,Thông tin doanh nghiệp,/thong-tin-doanh-nghiep/,"BMI,C4G,DL1,FPT,GCF,GMD,HUT,IDC,ITD,MBB,MWG,PAC,PC1,PVD,PVS,SHB,SIP,STH,TIP,TV2,VGT"
GMD,384799,Lợi nhuận Tổng công ty Tín Nghĩa (TID) giảm tới 99% trong quý IV/2025 khi phải hoàn trả cho Tỉnh uỷ Đồng Nai,,"(ĐTCK) Tổng công ty Tín Nghĩa (mã TID - UPCoM) ghi nhận lãi 1,8 tỷ đồng trong quý IV, luỹ kế cả năm 2025 ghi nhận lãi 762,13 tỷ đồng, hoàn thành 113,4% so với kế hoạch năm.",1770090820,2026-02-03 10:53:40,1770090820,2026-02-03 10:53:40,https://www.tinnhanhchungkhoan.vn/loi-nhuan-tong-cong-ty-tin-nghia-tid-giam-toi-99-trong-quy-iv2025-khi-phai-hoan-tra-cho-tinh-uy-dong-nai-post384799.html,/loi-nhuan-tong-cong-ty-tin-nghia-tid-giam-toi-99-trong-quy-iv2025-khi-phai-hoan-tra-cho-tinh-uy-dong-nai-post384799.html,https://image.tinnhanhchungkhoan.vn/w200/Uploaded/2026/lcgjikao/2026_02_03/01-906-8353.jpeg,,,,4,Thông tin doanh nghiệp,/thong-tin-doanh-nghiep/,"BMI,C4G,DL1,FPT,GCF,GMD,HUT,IDC,ITD,MBB,MWG,PAC,PC1,PVD,PVS,SHB,SIP,STH,TIP,TV2,VGT"
GMD,384779,"Gỗ An Cường (ACG) ghi nhận dòng tiền kinh doanh âm kỷ lục 408,56 tỷ đồng trong năm 2025",,"(ĐTCK) CTCP Gỗ An Cường (mã ACG - sàn HOSE) ghi nhận lãi 145,54 tỷ đồng trong quý IV, luỹ kế năm 2025 ghi nhận lãi 503,75 tỷ đồng, tăng 19,9% so với cùng kỳ năm trước.",1770077256,2026-02-03 07:07:36,1770077256,2026-02-03 07:07:36,https://www.tinnhanhchungkhoan.vn/go-an-cuong-acg-ghi-nhan-dong-tien-kinh-doanh-am-ky-luc-40856-ty-dong-trong-nam-2025-post384779.html,/go-an-cuong-acg-ghi-nhan-dong-tien-kinh-doanh-am-ky-luc-40856-ty-dong-trong-nam-2025-post384779.html,https://image.tinnhanhchungkhoan.vn/w200/Uploaded/2026/lcgjikao/2026_02_02/01-8702-1876.jpg,,,,4,Thông tin doanh nghiệp,/thong-tin-doanh-nghiep/,"BMI,C4G,DL1,FPT,GCF,GMD,HUT,IDC,ITD,MBB,MWG,PAC,PC1,PVD,PVS,SHB,SIP,STH,TIP,TV2,VGT"
GMD,384776,Searefico (SRF) thoát lỗ quý IV/2025 nhờ thu nhập khác tăng đột biến,,"(ĐTCK) Công ty cổ phần Searefico (mã SRF - sàn HOSE) ghi nhận lãi 15,71 tỷ đồng trong quý IV, luỹ kế cả năm 2025 lãi 22,18 tỷ đồng và đạt 56,9% kế hoạch năm.",1770077020,2026-02-03 07:03:40,1770077020,2026-02-03 07:03:40,https://www.tinnhanhchungkhoan.vn/searefico-srf-thoat-lo-quy-iv2025-nho-thu-nhap-khac-tang-dot-bien-post384776.html,/searefico-srf-thoat-lo-quy-iv2025-nho-thu-nhap-khac-tang-dot-bien-post384776.html,https://image.tinnhanhchungkhoan.vn/w200/Uploaded/2026/lcgjikao/2026_02_02/01-2954-71.jpg,,,,4,Thông tin doanh nghiệp,/thong-tin-doanh-nghiep/,"BMI,C4G,DL1,FPT,GCF,GMD,HUT,IDC,ITD,MBB,MWG,PAC,PC1,PVD,PVS,SHB,SIP,STH,TIP,TV2,VGT"
GMD,384774,"Thép Pomina (POM) lỗ thêm 838,2 tỷ đồng năm 2025, vốn chủ sở hữu âm hơn 623,6 tỷ đồng",,"(ĐTCK) CTCP Thép Pomina (mã POM) vừa công bố báo cáo tài chính năm 2025 với khoản lỗ sau thuế 838,2 tỷ đồng, đánh dấu năm thứ 4 liên tiếp doanh nghiệp thua lỗ, qua đó nâng lỗ lũy kế lên 3.485 tỷ đồng và khiến vốn chủ sở hữu tại thời điểm cuối năm âm hơn 623,6 tỷ đồng",1770076822,2026-02-03 07:00:22,1770076822,2026-02-03 07:00:22,https://www.tinnhanhchungkhoan.vn/thep-pomina-pom-lo-them-8382-ty-dong-nam-2025-von-chu-so-huu-am-hon-6236-ty-dong-post384774.html,/thep-pomina-pom-lo-them-8382-ty-dong-nam-2025-von-chu-so-huu-am-hon-6236-ty-dong-post384774.html,https://image.tinnhanhchungkhoan.vn/w200/Uploaded/2026/xvrhgenatpx97/2024_08_21/pom-5603.jpeg,,,,4,Thông tin doanh nghiệp,/thong-tin-doanh-nghiep/,"BMI,C4G,DL1,FPT,GCF,GMD,HUT,IDC,ITD,MBB,MWG,PAC,PC1,PVD,PVS,SHB,SIP,STH,TIP,TV2,VGT"
GMD,384773,PV Drilling (PVD) vượt 98% mục tiêu lợi nhuận năm 2025,,"(ĐTCK) Năm 2025, PV Drilling mang về 1.050,5 tỷ đồng lãi ròng, tăng 50,5% so với kết quả thực hiện năm 2024 và vượt 98% mục tiêu lợi nhuận cả năm.",1770076674,2026-02-03 06:57:54,1770076674,2026-02-03 06:57:54,https://www.tinnhanhchungkhoan.vn/pv-drilling-pvd-vuot-98-muc-tieu-loi-nhuan-nam-2025-post384773.html,/pv-drilling-pvd-vuot-98-muc-tieu-loi-nhuan-nam-2025-post384773.html,https://image.tinnhanhchungkhoan.vn/w200/Uploaded/2026/xvrhgenatpx97/2023_04_24/pvd-1871.jpeg,,,,4,Thông tin doanh nghiệp,/thong-tin-doanh-nghiep/,"BMI,C4G,DL1,FPT,GCF,GMD,HUT,IDC,ITD,MBB,MWG,PAC,PC1,PVD,PVS,SHB,SIP,STH,TIP,TV2,VGT"
GMD,384775,MB (MBB) dự kiến cán mốc vốn hóa 10 tỷ USD vào năm 2027,,"(ĐTCK) So với giai đoạn đầu năm 2017, tổng vốn hoá của Ngân hàng TMCP Quân Đội (MB - mã chứng khoán MBB) đến nay đã ghi nhận tăng 9,9 lần (tương đương khoảng 8,5 tỷ USD). Ông Lưu Trung Thái, Chủ tịch HĐQT MB cho biết, với tốc độ tăng trưởng như hiện nay, dự kiến sang năm 2027, tổng giá trị vốn hoá của MB có thể cán đến mốc 10 tỷ USD.",1770076595,2026-02-03 06:56:35,1770076595,2026-02-03 06:56:35,https://www.tinnhanhchungkhoan.vn/mb-mbb-du-kien-can-moc-von-hoa-10-ty-usd-vao-nam-2027-post384775.html,/mb-mbb-du-kien-can-moc-von-hoa-10-ty-usd-vao-nam-2027-post384775.html,https://image.tinnhanhchungkhoan.vn/w200/Uploaded/2026/ngobgt/2026_02_02/img-3950-1125-6297.jpeg,"Ông Lưu Trung Thái, Chủ tịch HĐQT Ngân hàng TMCP Quân Đội (MB) chủ trì hội nghị Nhà đầu tư.",,,4,Thông tin doanh nghiệp,/thong-tin-doanh-nghiep/,"BMI,C4G,DL1,FPT,GCF,GMD,HUT,IDC,ITD,MBB,MWG,PAC,PC1,PVD,PVS,SHB,SIP,STH,TIP,TV2,VGT"
GMD,384768,Chiến lược Go Global đang từng bước đóng góp vào tăng trưởng dài hạn của Masan Consumer (MCH),,"(ĐTCK) Trong suốt năm 2025, doanh thu quốc tế của Masan Consumer (HOSE: MCH) duy trì đà tăng trưởng tích cực và tiếp tục cải thiện trong quý gần nhất. Theo báo cáo kết quả kinh doanh, riêng kênh kinh doanh quốc tế tăng trưởng gần 27% trong năm 2025. Diễn biến này cho thấy chiến lược Go Global đang bắt đầu tạo đóng góp thực tế, thay vì chỉ dừng ở định hướng dài hạn.",1770026991,2026-02-02 17:09:51,1770029550,2026-02-02 17:52:30,https://www.tinnhanhchungkhoan.vn/chien-luoc-go-global-dang-tung-buoc-dong-gop-vao-tang-truong-dai-han-cua-masan-consumer-mch-post384768.html,/chien-luoc-go-global-dang-tung-buoc-dong-gop-vao-tang-truong-dai-han-cua-masan-consumer-mch-post384768.html,https://image.tinnhanhchungkhoan.vn/w200/Uploaded/2026/bpikpjik/2026_02_02/thuc-pham-tuoi-ngon-phong-phu-tai-sieu-thi-winmart-4053-77.jpeg,,,,4,Thông tin doanh nghiệp,/thong-tin-doanh-nghiep/,"BMI,C4G,DL1,FPT,GCF,GMD,HUT,IDC,ITD,MBB,MWG,PAC,PC1,PVD,PVS,SHB,SIP,STH,TIP,TV2,VGT"
GMD,384769,OCH vượt kế hoạch doanh thu và lợi nhuận năm 2025,,"(ĐTCK) Công ty cổ phần One Capital Hospitality (HNX: OCH) ghi nhận doanh thu cả năm 2025 đạt 1.188 tỷ đồng, lợi nhuận trước thuế 135,6 tỷ đồng, vượt kế hoạch được Đại hội đồng cổ đông (ĐHĐCĐ) đề ra.",1770026945,2026-02-02 17:09:05,1770026945,2026-02-02 17:09:05,https://www.tinnhanhchungkhoan.vn/och-vuot-ke-hoach-doanh-thu-va-loi-nhuan-nam-2025-post384769.html,/och-vuot-ke-hoach-doanh-thu-va-loi-nhuan-nam-2025-post384769.html,https://image.tinnhanhchungkhoan.vn/w200/Uploaded/2026/cqjwqcqdh/2025_10_30/och-8280-9602.jpg,,,,4,Thông tin doanh nghiệp,/thong-tin-doanh-nghiep/,"BMI,C4G,DL1,FPT,GCF,GMD,HUT,IDC,ITD,MBB,MWG,PAC,PC1,PVD,PVS,SHB,SIP,STH,TIP,TV2,VGT"
GMD,384765,"Cơ điện lạnh (REE) tạm ứng cổ tức 10% bằng tiền, lên lịch ĐHCĐ thường niên năm tài chính 2025",,"(ĐTCK) HĐQT CTCP Cơ điện lạnh (REE – sàn HOSE) vừa thông qua, ngày 27/2 tới đây sẽ thực hiện chốt danh sách cổ đông để tổ chức ĐHCĐ thường niên năm tài chính 2025 và tạm ứng cổ tức năm 2025.",1770026245,2026-02-02 16:57:25,1770026691,2026-02-02 17:04:51,https://www.tinnhanhchungkhoan.vn/co-dien-lanh-ree-tam-ung-co-tuc-10-bang-tien-len-lich-dhcd-thuong-nien-nam-tai-chinh-2025-post384765.html,/co-dien-lanh-ree-tam-ung-co-tuc-10-bang-tien-len-lich-dhcd-thuong-nien-nam-tai-chinh-2025-post384765.html,https://image.tinnhanhchungkhoan.vn/w200/Uploaded/2026/pigo/2020_09_30/cong-ty-co-phan-co-dien-lanh-bom-no-cham-trong-dau-tu-tai-chinh1590080990-3682.jpg,,,,4,Thông tin doanh nghiệp,/thong-tin-doanh-nghiep/,"BMI,C4G,DL1,FPT,GCF,GMD,HUT,IDC,ITD,MBB,MWG,PAC,PC1,PVD,PVS,SHB,SIP,STH,TIP,TV2,VGT"
GMD,384761,Vietbank (VBB): Bổ nhiệm Quyền Tổng giám đốc và một Phó tổng giám đốc,,"(ĐTCK) Ngân hàng TMCP Việt Nam Thương Tín (Vietbank, mã chứng khoán: VBB) vừa công bố quyết định kiện toàn nhân sự lãnh đạo cấp cao.",1770023282,2026-02-02 16:08:02,1770023282,2026-02-02 16:08:02,https://www.tinnhanhchungkhoan.vn/vietbank-vbb-bo-nhiem-quyen-tong-giam-doc-va-mot-pho-tong-giam-doc-post384761.html,/vietbank-vbb-bo-nhiem-quyen-tong-giam-doc-va-mot-pho-tong-giam-doc-post384761.html,https://image.tinnhanhchungkhoan.vn/w200/Uploaded/2026/bpcgdqvp/2026_02_02/vb2-3335-3688.jpg,Hội đồng Quản trị trao quyết định bổ nhiệm cho ông Lê Thanh Quý Ngọc - Quyền Tổng giám đốc và bà Trần Thị Ngọc Lý - Phó tổng giám đốc Vietbank,,,4,Thông tin doanh nghiệp,/thong-tin-doanh-nghiep/,"BMI,C4G,DL1,FPT,GCF,GMD,HUT,IDC,ITD,MBB,MWG,PAC,PC1,PVD,PVS,SHB,SIP,STH,TIP,TV2,VGT"
GMD,384752,"CDC Construction (CCC): Dòng tiền kinh doanh âm kỷ lục 335,17 tỷ đồng trong 9 tháng đầu niên độ 2025 - 2026",,"(ĐTCK) Công ty cổ phần Xây dựng CDC (CDC Construction, mã CCC - sàn HOSE) ghi nhận lãi 9,67 tỷ đồng trong quý III, luỹ kế 9 tháng trong niên độ 2025 - 2026 ghi nhận lãi 30,31 tỷ đồng, tăng 3,8% so với cùng kỳ và hoàn thành 64,1% kế hoạch năm.",1770022404,2026-02-02 15:53:24,1770022404,2026-02-02 15:53:24,https://www.tinnhanhchungkhoan.vn/cdc-construction-ccc-dong-tien-kinh-doanh-am-ky-luc-33517-ty-dong-trong-9-thang-dau-nien-do-2025-2026-post384752.html,/cdc-construction-ccc-dong-tien-kinh-doanh-am-ky-luc-33517-ty-dong-trong-9-thang-dau-nien-do-2025-2026-post384752.html,https://image.tinnhanhchungkhoan.vn/w200/Uploaded/2026/lcgjikao/2026_02_02/01-5399-2697.jpg,,,,4,Thông tin doanh nghiệp,/thong-tin-doanh-nghiep/,"BMI,C4G,DL1,FPT,GCF,GMD,HUT,IDC,ITD,MBB,MWG,PAC,PC1,PVD,PVS,SHB,SIP,STH,TIP,TV2,VGT"
GMD,384712,"Doanh thu cả năm vượt 37.000 tỷ đồng, Tasco (HUT) báo lãi gấp 2 lần năm trước",,"(ĐTCK) Năm 2025, Công ty Cổ phần Tasco (HNX: HUT) ghi nhận doanh thu 37.000 tỷ đồng, lợi nhuận sau thuế hơn 623 tỷ đồng, gấp 2 lần năm trước và cao nhất trong lịch sử hoạt động.",1770019201,2026-02-02 15:00:01,1770000938,2026-02-02 09:55:38,https://www.tinnhanhchungkhoan.vn/doanh-thu-ca-nam-vuot-37000-ty-dong-tasco-hut-bao-lai-gap-2-lan-nam-truoc-post384712.html,/doanh-thu-ca-nam-vuot-37000-ty-dong-tasco-hut-bao-lai-gap-2-lan-nam-truoc-post384712.html,https://image.tinnhanhchungkhoan.vn/w200/Uploaded/2026/xpwvotiv/2026_02_02/tasco-5092-7931.jpg,,,,4,Thông tin doanh nghiệp,/thong-tin-doanh-nghiep/,"BMI,C4G,DL1,FPT,GCF,GMD,HUT,IDC,ITD,MBB,MWG,PAC,PC1,PVD,PVS,SHB,SIP,STH,TIP,TV2,VGT"
GMD,384740,Quốc Cường Gia Lai (QCG) lãi đột biến quý IV/2025 nhờ thanh lý các khoản đầu tư,,"(ĐTCK) CTCP Quốc Cường Gia Lai (mã QCG - sàn HOSE) ghi nhận lãi 137,22 tỷ đồng trong quý IV, lũy kế năm 2025 lãi 171,28 tỷ đồng, tăng 109% so với năm 2024 và không hoàn thành kế hoạch năm.",1770016785,2026-02-02 14:19:45,1770016785,2026-02-02 14:19:45,https://www.tinnhanhchungkhoan.vn/quoc-cuong-gia-lai-qcg-lai-dot-bien-quy-iv2025-nho-thanh-ly-cac-khoan-dau-tu-post384740.html,/quoc-cuong-gia-lai-qcg-lai-dot-bien-quy-iv2025-nho-thanh-ly-cac-khoan-dau-tu-post384740.html,https://image.tinnhanhchungkhoan.vn/w200/Uploaded/2026/lcgjikao/2026_02_02/01-5700-5016.jpg,,,,4,Thông tin doanh nghiệp,/thong-tin-doanh-nghiep/,"BMI,C4G,DL1,FPT,GCF,GMD,HUT,IDC,ITD,MBB,MWG,PAC,PC1,PVD,PVS,SHB,SIP,STH,TIP,TV2,VGT"
GMD,384739,"Thuỷ điện Vĩnh Sơn - Sông Hinh (VSH) chốt quyền nhận cổ tức 10%, dự kiến họp ĐHCĐ 2026 cuối tháng 3",,"(ĐTCK) CTCP Thuỷ điện Vĩnh Sơn - Sông Hinh (mã VSH) mới thông báo, ngày 23/02 tới đây sẽ chốt danh sách cổ đông nhận cổ tức đợt 3/2025 và tham dự đại hội cổ đông năm 2026.",1770016761,2026-02-02 14:19:21,1770016761,2026-02-02 14:19:21,https://www.tinnhanhchungkhoan.vn/thuy-dien-vinh-son-song-hinh-vsh-chot-quyen-nhan-co-tuc-10-du-kien-hop-dhcd-2026-cuoi-thang-3-post384739.html,/thuy-dien-vinh-son-song-hinh-vsh-chot-quyen-nhan-co-tuc-10-du-kien-hop-dhcd-2026-cuoi-thang-3-post384739.html,https://image.tinnhanhchungkhoan.vn/w200/Uploaded/2026/xvrhgenatpx97/2024_10_24/vsh-8946.jpeg,,,,4,Thông tin doanh nghiệp,/thong-tin-doanh-nghiep/,"BMI,C4G,DL1,FPT,GCF,GMD,HUT,IDC,ITD,MBB,MWG,PAC,PC1,PVD,PVS,SHB,SIP,STH,TIP,TV2,VGT"
GMD,384741,VPS (VCK) được VASB vinh danh công ty chứng khoán đạt điểm thực hành ESG cao nhất,,"(ĐTCK) Công ty cổ phần Chứng khoán VPS (mã chứng khoán VCK) là một trong hai công ty chứng khoán được xếp hạng cao nhất trong chương trình chấm điểm thực hành ESG do Hiệp hội Chứng khoán Việt Nam (VASB) tổ chức, khẳng định cam kết mạnh mẽ của doanh nghiệp đối với phát triển bền vững theo chuẩn mực quốc tế.",1770016630,2026-02-02 14:17:10,1770343895,2026-02-06 09:11:35,https://www.tinnhanhchungkhoan.vn/vps-vck-duoc-vasb-vinh-danh-cong-ty-chung-khoan-dat-diem-thuc-hanh-esg-cao-nhat-post384741.html,/vps-vck-duoc-vasb-vinh-danh-cong-ty-chung-khoan-dat-diem-thuc-hanh-esg-cao-nhat-post384741.html,https://image.tinnhanhchungkhoan.vn/w200/Uploaded/2026/ipuokbf/2026_02_06/800x500-8825-6213.png,,,,4,Thông tin doanh nghiệp,/thong-tin-doanh-nghiep/,"BMI,C4G,DL1,FPT,GCF,GMD,HUT,IDC,ITD,MBB,MWG,PAC,PC1,PVD,PVS,SHB,SIP,STH,TIP,TV2,VGT"
GMD,384738,"Doanh thu năm 2025 của Vinamilk (VNM) đạt 63.724 tỷ đồng, cao nhất lịch sử Công ty",,"(ĐTCK)Tổng doanh thu hợp nhất quý IV/2025 của Công ty cổ phần Sữa Việt Nam (Vinamilk - mã VNM) đạt 17.045 tỷ đồng, tiếp tục lập đỉnh mới, tăng 10,1% so với cùng kỳ.",1770016538,2026-02-02 14:15:38,1770016538,2026-02-02 14:15:38,https://www.tinnhanhchungkhoan.vn/doanh-thu-nam-2025-cua-vinamilk-vnm-dat-63724-ty-dong-cao-nhat-lich-su-cong-ty-post384738.html,/doanh-thu-nam-2025-cua-vinamilk-vnm-dat-63724-ty-dong-cao-nhat-lich-su-cong-ty-post384738.html,https://image.tinnhanhchungkhoan.vn/w200/Uploaded/2026/unvjshu/2026_02_02/vnm-1723-4621.jpg,Đẩy mạnh các hoạt động xúc tiến thương mại giúp Vinamilk nâng cao hình ảnh và vị thế thương hiệu trên thị trường quốc tế. Ảnh: Vi Nam,,,4,Thông tin doanh nghiệp,/thong-tin-doanh-nghiep/,"BMI,C4G,DL1,FPT,GCF,GMD,HUT,IDC,ITD,MBB,MWG,PAC,PC1,PVD,PVS,SHB,SIP,STH,TIP,TV2,VGT"
GMD,384726,"Địa ốc Hoàng Quân (HQC) thoát lỗ quý IV/2025 nhờ hoạt động tài chính, thu hồi công nợ và hoàn nhập dự phòng",,"(ĐTCK) CTCP Tư vấn Thương mại Dịch vụ Địa ốc Hoàng Quân (mã HQC - sàn HOSE) ghi nhận lãi 55,08 tỷ đồng trong quý IV, luỹ kế cả năm 2025 lãi 73,21 tỷ đồng, tăng trưởng 116,8% và hoàn thành 104,6% kế hoạch năm.",1770006229,2026-02-02 11:23:49,1770006229,2026-02-02 11:23:49,https://www.tinnhanhchungkhoan.vn/dia-oc-hoang-quan-hqc-thoat-lo-quy-iv2025-nho-hoat-dong-tai-chinh-thu-hoi-cong-no-va-hoan-nhap-du-phong-post384726.html,/dia-oc-hoang-quan-hqc-thoat-lo-quy-iv2025-nho-hoat-dong-tai-chinh-thu-hoi-cong-no-va-hoan-nhap-du-phong-post384726.html,https://image.tinnhanhchungkhoan.vn/w200/Uploaded/2026/lcgjikao/2026_02_02/01-2382-9002.jpg,,,,4,Thông tin doanh nghiệp,/thong-tin-doanh-nghiep/,"BMI,C4G,DL1,FPT,GCF,GMD,HUT,IDC,ITD,MBB,MWG,PAC,PC1,PVD,PVS,SHB,SIP,STH,TIP,TV2,VGT"
GMD,384713,"Vietbank (VBB) đạt 1.532 tỷ đồng lợi nhuận trước thuế năm 2025, chuẩn bị niêm yết sàn HOSE",,"(ĐTCK) Năm 2025, Ngân hàng TMCP Việt Nam Thương Tín (Vietbank, mã chứng khoán VBB) ghi nhận lợi nhuận trước thuế hợp nhất đạt 1.532 tỷ đồng, tăng 35% so với năm 2024.",1769997537,2026-02-02 08:58:57,1769997537,2026-02-02 08:58:57,https://www.tinnhanhchungkhoan.vn/vietbank-vbb-dat-1532-ty-dong-loi-nhuan-truoc-thue-nam-2025-chuan-bi-niem-yet-san-hose-post384713.html,/vietbank-vbb-dat-1532-ty-dong-loi-nhuan-truoc-thue-nam-2025-chuan-bi-niem-yet-san-hose-post384713.html,https://image.tinnhanhchungkhoan.vn/w200/Uploaded/2026/bpcgdqvp/2023_09_20/vietbank-527.jpg,,,,4,Thông tin doanh nghiệp,/thong-tin-doanh-nghiep/,"BMI,C4G,DL1,FPT,GCF,GMD,HUT,IDC,ITD,MBB,MWG,PAC,PC1,PVD,PVS,SHB,SIP,STH,TIP,TV2,VGT"
GMD,384684,Đầu tư Thương mại SMC (SMC) ghi nhận lãi đột biến trở lại trong quý IV/2025 nhờ thanh lý tài sản và hoàn nhập dự phòng,,"(ĐTCK) Công ty cổ phần Đầu tư Thương mại SMC (mã SMC - sàn HOSE) ghi nhận lãi 343,95 tỷ đồng trong quý IV, luỹ kế cả năm 2025 lãi 185,07 tỷ đồng và hoàn thành tới 616,9% kế hoạch năm.",1769990120,2026-02-02 06:55:20,1769961336,2026-02-01 22:55:36,https://www.tinnhanhchungkhoan.vn/dau-tu-thuong-mai-smc-smc-ghi-nhan-lai-dot-bien-tro-lai-trong-quy-iv2025-nho-thanh-ly-tai-san-va-hoan-nhap-du-phong-post384684.html,/dau-tu-thuong-mai-smc-smc-ghi-nhan-lai-dot-bien-tro-lai-trong-quy-iv2025-nho-thanh-ly-tai-san-va-hoan-nhap-du-phong-post384684.html,https://image.tinnhanhchungkhoan.vn/w200/Uploaded/2026/lcgjikao/2026_02_01/01-150-4789.jpg,,,,4,Thông tin doanh nghiệp,/thong-tin-doanh-nghiep/,"BMI,C4G,DL1,FPT,GCF,GMD,HUT,IDC,ITD,MBB,MWG,PAC,PC1,PVD,PVS,SHB,SIP,STH,TIP,TV2,VGT"
GMD,384666,"Lợi nhuận Hoa Sen (HSG) giảm 62,3% trong quý I niên độ tài chính 2025 - 2026",,(ĐTCK) Công ty cổ phần Tập đoàn Hoa Sen (mã HSG - sàn HOSE) ghi nhận doanh thu và lợi nhuận đi lùi trong quý I niên độ tài chính 2025 – 2026 và có dấu hiệu tăng trích trữ tồn kho.,1769916063,2026-02-01 10:21:03,1769916063,2026-02-01 10:21:03,https://www.tinnhanhchungkhoan.vn/loi-nhuan-hoa-sen-hsg-giam-623-trong-quy-i-nien-do-tai-chinh-2025-2026-post384666.html,/loi-nhuan-hoa-sen-hsg-giam-623-trong-quy-i-nien-do-tai-chinh-2025-2026-post384666.html,https://image.tinnhanhchungkhoan.vn/w200/Uploaded/2026/lcgjikao/2026_02_01/01-8398-4117.jpg,,,,4,Thông tin doanh nghiệp,/thong-tin-doanh-nghiep/,"BMI,C4G,DL1,FPT,GCF,GMD,HUT,IDC,ITD,MBB,MWG,PAC,PC1,PVD,PVS,SHB,SIP,STH,TIP,TV2,VGT"
GMD,384656,"Thép Nam Kim (NKG) lỗ 9,34 tỷ đồng trong quý IV/2025, đánh dấu lỗ trở lại sau 10 quý",,"(ĐTCK) CTCP Thép Nam Kim (mã NKG - sàn HOSE) ghi nhận lỗ 9,34 tỷ đồng trong quý IV, luỹ kế năm 2025 lãi 197,19 tỷ đồng, giảm 56,55% và không hoàn thành kế hoạch năm.",1769915573,2026-02-01 10:12:53,1769915573,2026-02-01 10:12:53,https://www.tinnhanhchungkhoan.vn/thep-nam-kim-nkg-lo-934-ty-dong-trong-quy-iv2025-danh-dau-lo-tro-lai-sau-10-quy-post384656.html,/thep-nam-kim-nkg-lo-934-ty-dong-trong-quy-iv2025-danh-dau-lo-tro-lai-sau-10-quy-post384656.html,https://image.tinnhanhchungkhoan.vn/w200/Uploaded/2026/lcgjikao/2026_02_01/01-3530-7692.jpg,,,,4,Thông tin doanh nghiệp,/thong-tin-doanh-nghiep/,"BMI,C4G,DL1,FPT,GCF,GMD,HUT,IDC,ITD,MBB,MWG,PAC,PC1,PVD,PVS,SHB,SIP,STH,TIP,TV2,VGT"
GMD,384655,L40 đấu giá thành công quyền khai thác 415.000 m3 cát tại Quảng Nam,,"(ĐTCK) CTCP Đầu tư và Xây dựng 40 (L40) đã đấu giá thành công quyền khai thác bãi cát tại dự án nạo vét khơi thông dòng sông Cổ Cò (phường Điện Bàn Đông, Thành phố Đà Nẵng) với giá trúng đấu giá gần 60 tỷ đồng. Dự kiến L40 sẽ gia tăng lợi nhuận mảng vật liệu xây dựng năm 2026.",1769909966,2026-02-01 08:39:26,1769909966,2026-02-01 08:39:26,https://www.tinnhanhchungkhoan.vn/l40-dau-gia-thanh-cong-quyen-khai-thac-415000-m3-cat-tai-quang-nam-post384655.html,/l40-dau-gia-thanh-cong-quyen-khai-thac-415000-m3-cat-tai-quang-nam-post384655.html,https://image.tinnhanhchungkhoan.vn/w200/Uploaded/2026/ipuokbf/2026_02_01/song-co-co-copy-8566-1916.jpg,,,,4,Thông tin doanh nghiệp,/thong-tin-doanh-nghiep/,"BMI,C4G,DL1,FPT,GCF,GMD,HUT,IDC,ITD,MBB,MWG,PAC,PC1,PVD,PVS,SHB,SIP,STH,TIP,TV2,VGT"
GMD,384654,"Gilimex (GIL) ghi nhận dòng tiền âm kỷ lục 677,5 tỷ đồng trong năm 2025",,"(ĐTCK) CTCP Sản xuất Kinh doanh Xuất nhập khẩu Bình Thạnh (Gilimex, mã GIL - sàn HOSE) ghi nhận lãi 138,19 tỷ đồng trong quý IV, luỹ kế cả năm 2025 lãi 35,64 tỷ đồng, tăng 29% so với cùng kỳ và chỉ đạt 23,8% kế hoạch năm.",1769909653,2026-02-01 08:34:13,1769909653,2026-02-01 08:34:13,https://www.tinnhanhchungkhoan.vn/gilimex-gil-ghi-nhan-dong-tien-am-ky-luc-6775-ty-dong-trong-nam-2025-post384654.html,/gilimex-gil-ghi-nhan-dong-tien-am-ky-luc-6775-ty-dong-trong-nam-2025-post384654.html,https://image.tinnhanhchungkhoan.vn/w200/Uploaded/2026/lcgjikao/2026_01_31/01-3473-8010.jpg,,,,4,Thông tin doanh nghiệp,/thong-tin-doanh-nghiep/,"BMI,C4G,DL1,FPT,GCF,GMD,HUT,IDC,ITD,MBB,MWG,PAC,PC1,PVD,PVS,SHB,SIP,STH,TIP,TV2,VGT"
GMD,384648,Văn Phú (VPI) vượt chỉ tiêu lợi nhuận năm 2025,,"(ĐTCK) Dòng tiền thu được từ các dự án gồm Vlasta - Thủy Nguyên (Hải Phòng), Yên Phong (Bắc Ninh), TT39-40 (Hà Nội) , Dự án Song Khê - Nội Hoàng - (Bắc Ninh) giúp Công ty cổ phần Phát triển bất động sản Văn Phú (mã chứng khoán: VPI) kết thúc quý IV/2025 với lợi nhuận sau thuế ở mức 132 tỷ đồng, qua đó, thực hiện 112% chỉ tiêu lợi nhuận năm 2025 đã được các cổ đông thông qua tại cuộc họp ĐHĐCĐ thường niên.",1769837990,2026-01-31 12:39:50,1769837990,2026-01-31 12:39:50,https://www.tinnhanhchungkhoan.vn/van-phu-vpi-vuot-chi-tieu-loi-nhuan-nam-2025-post384648.html,/van-phu-vpi-vuot-chi-tieu-loi-nhuan-nam-2025-post384648.html,https://image.tinnhanhchungkhoan.vn/w200/Uploaded/2026/ipuokbf/2026_01_31/vpi-vlasta-phu-thuan-2958-8443.jpg,Dự án Vlasta Premier – Phú Thuận,,,4,Thông tin doanh nghiệp,/thong-tin-doanh-nghiep/,"BMI,C4G,DL1,FPT,GCF,GMD,HUT,IDC,ITD,MBB,MWG,PAC,PC1,PVD,PVS,SHB,SIP,STH,TIP,TV2,VGT"
GMD,384635,"Vinasun (VNS): Lợi nhuận năm 2025 đạt hơn 38 tỷ đồng, giảm 54,5%",,"(ĐTCK) Công ty cổ phần Ánh Dương Việt Nam (Vinasun, mã VNS - sàn HOSE) ghi nhận lãi 4,94 tỷ đồng trong quý IV, luỹ kế năm 2025 lãi 38,29 tỷ đồng, giảm 54,5% so với cùng kỳ và chỉ hoàn thành 71,4% kế hoạch năm.",1769825682,2026-01-31 09:14:42,1769825682,2026-01-31 09:14:42,https://www.tinnhanhchungkhoan.vn/vinasun-vns-loi-nhuan-nam-2025-dat-hon-38-ty-dong-giam-545-post384635.html,/vinasun-vns-loi-nhuan-nam-2025-dat-hon-38-ty-dong-giam-545-post384635.html,https://image.tinnhanhchungkhoan.vn/w200/Uploaded/2026/lcgjikao/2026_01_31/01-5716-1382.jpg,,,,4,Thông tin doanh nghiệp,/thong-tin-doanh-nghiep/,"BMI,C4G,DL1,FPT,GCF,GMD,HUT,IDC,ITD,MBB,MWG,PAC,PC1,PVD,PVS,SHB,SIP,STH,TIP,TV2,VGT"
GMD,384631,DIC Corp (DIG): Lãi đột biến quý IV/2025 nhờ bán một phần dự án Đại Phước,,"(ĐTCK) Tổng CTCP Đầu tư Phát triển Xây dựng (DIC Corp, mã DIG - sàn HOSE) ghi nhận lãi 423,99 tỷ đồng trong quý IV, luỹ kế năm 2025 lãi 623,95 tỷ đồng, tăng 509,2% so với cùng kỳ.",1769817644,2026-01-31 07:00:44,1769789831,2026-01-30 23:17:11,https://www.tinnhanhchungkhoan.vn/dic-corp-dig-lai-dot-bien-quy-iv2025-nho-ban-mot-phan-du-an-dai-phuoc-post384631.html,/dic-corp-dig-lai-dot-bien-quy-iv2025-nho-ban-mot-phan-du-an-dai-phuoc-post384631.html,https://image.tinnhanhchungkhoan.vn/w200/Uploaded/2026/lcgjikao/2026_01_30/01-5560-947.jpg,,,,4,Thông tin doanh nghiệp,/thong-tin-doanh-nghiep/,"BMI,C4G,DL1,FPT,GCF,GMD,HUT,IDC,ITD,MBB,MWG,PAC,PC1,PVD,PVS,SHB,SIP,STH,TIP,TV2,VGT"
GMD,384633,"Năm 2025, YeaH1 (YEG) ghi nhận lợi nhuận sau thuế đạt 80,3 tỷ đồng",,"(ĐTCK) Trước nhiều biến động của thị trường chung năm 2025, YeaH1 ghi nhận doanh thu thuần đạt 1.653 tỷ đồng, tăng 61% so với cùng kỳ và vượt 27% so với kế hoạch năm.",1769816733,2026-01-31 06:45:33,1769789740,2026-01-30 23:15:40,https://www.tinnhanhchungkhoan.vn/nam-2025-yeah1-yeg-ghi-nhan-loi-nhuan-sau-thue-dat-803-ty-dong-post384633.html,/nam-2025-yeah1-yeg-ghi-nhan-loi-nhuan-sau-thue-dat-803-ty-dong-post384633.html,https://image.tinnhanhchungkhoan.vn/w200/Uploaded/2026/bpcpcwvo/2026_01_30/yeg-concert-5715-7796.png,,,,4,Thông tin doanh nghiệp,/thong-tin-doanh-nghiep/,"BMI,C4G,DL1,FPT,GCF,GMD,HUT,IDC,ITD,MBB,MWG,PAC,PC1,PVD,PVS,SHB,SIP,STH,TIP,TV2,VGT"
GMD,384629,Eximbank (EIB) báo lãi trước thuế hơn 1.500 tỷ đồng trong năm 2025,,"(ĐTCK) Tổng lợi nhuận trước thuế của Eximbank trong năm 2025 đạt 1.511,7 tỷ đồng, chỉ đạt 29,12% kế hoạch năm.",1769771854,2026-01-30 18:17:34,1769779108,2026-01-30 20:18:28,https://www.tinnhanhchungkhoan.vn/eximbank-eib-bao-lai-truoc-thue-hon-1500-ty-dong-trong-nam-2025-post384629.html,/eximbank-eib-bao-lai-truoc-thue-hon-1500-ty-dong-trong-nam-2025-post384629.html,https://image.tinnhanhchungkhoan.vn/w200/Uploaded/2026/bpcgdqvp/2026_01_30/eib-594-5150.jpg,,,,4,Thông tin doanh nghiệp,/thong-tin-doanh-nghiep/,"BMI,C4G,DL1,FPT,GCF,GMD,HUT,IDC,ITD,MBB,MWG,PAC,PC1,PVD,PVS,SHB,SIP,STH,TIP,TV2,VGT"
GMD,384628,"Giữa “tâm bão” ngành chăn nuôi, BAF nỗ lực giữ biên lợi nhuận",,"(ĐTCK) Giữa bối cảnh giá lợn hơi lao dốc, BAF Việt Nam nổi bật với chiến lược tối ưu chi phí sản xuất, giá vốn giảm 14,2% tương đương khoảng 700 tỷ đồng, giúp lợi nhuận gộp giữ đà tăng 14,7%. Song song, doanh nghiệp chủ động mở rộng quy mô, đẩy nhanh tiến độ dự án chăn nuôi công nghệ cao nhà cao tầng và tập trung nghiên cứu, lai tạo giống heo năng suất cao, tăng sức chống chịu dịch bệnh, tạo nền tảng bứt phá cho giai đoạn 2026 - 2030.",1769769063,2026-01-30 17:31:03,1769769063,2026-01-30 17:31:03,https://www.tinnhanhchungkhoan.vn/giua-tam-bao-nganh-chan-nuoi-baf-no-luc-giu-bien-loi-nhuan-post384628.html,/giua-tam-bao-nganh-chan-nuoi-baf-no-luc-giu-bien-loi-nhuan-post384628.html,https://image.tinnhanhchungkhoan.vn/w200/Uploaded/2026/bpikpjik/2026_01_30/baf-9294-5858.jpg,,,,4,Thông tin doanh nghiệp,/thong-tin-doanh-nghiep/,"BMI,C4G,DL1,FPT,GCF,GMD,HUT,IDC,ITD,MBB,MWG,PAC,PC1,PVD,PVS,SHB,SIP,STH,TIP,TV2,VGT"
GMD,384618,"Khang Điền (KDH): Lợi nhuận 2025 vượt 63% kế hoạch, đạt hơn 1.633 tỷ đồng, mở rộng tăng trưởng trong 2026",,"(ĐTCK) Công ty cổ phần Đầu tư và Kinh doanh Nhà Khang Điền (mã chứng khoán KDH) vừa công bố báo cáo tài chính năm 2025, ghi nhận doanh thu hợp nhất tăng trưởng 16% và lợi nhuận sau thuế tăng gấp đôi so với cùng kỳ năm, vượt xa kế hoạch đề ra.",1769768553,2026-01-30 17:22:33,1769768553,2026-01-30 17:22:33,https://www.tinnhanhchungkhoan.vn/khang-dien-kdh-loi-nhuan-2025-vuot-63-ke-hoach-dat-hon-1633-ty-dong-mo-rong-tang-truong-trong-2026-post384618.html,/khang-dien-kdh-loi-nhuan-2025-vuot-63-ke-hoach-dat-hon-1633-ty-dong-mo-rong-tang-truong-trong-2026-post384618.html,https://image.tinnhanhchungkhoan.vn/w200/Uploaded/2026/djshp/2026_01_25/2-992-368.jpg,"Mới đây, Khang Điền đã động thổ khu cao tầng Gladia by the Waters gồm hơn 600 căn hộ, dự kiến bàn giao quý IV/2027.",,,4,Thông tin doanh nghiệp,/thong-tin-doanh-nghiep/,"BMI,C4G,DL1,FPT,GCF,GMD,HUT,IDC,ITD,MBB,MWG,PAC,PC1,PVD,PVS,SHB,SIP,STH,TIP,TV2,VGT"
GMD,384620,"TTC Land (SCR) đạt lợi nhuận sau thuế 67,38 tỷ đồng trong năm 2025",,"(ĐTCK) CTCP Địa ốc Sài Gòn Thương Tín (TTC Land, mã SCR - sàn HOSE) ghi nhận lợi nhuận sau thuế 33,47 tỷ đồng trong quý IV, luỹ kế năm 2025 lãi 67,38 tỷ đồng, tăng hơn 14,85 lần so với cùng kỳ.",1769763442,2026-01-30 15:57:22,1769763442,2026-01-30 15:57:22,https://www.tinnhanhchungkhoan.vn/ttc-land-scr-dat-loi-nhuan-sau-thue-6738-ty-dong-trong-nam-2025-post384620.html,/ttc-land-scr-dat-loi-nhuan-sau-thue-6738-ty-dong-trong-nam-2025-post384620.html,https://image.tinnhanhchungkhoan.vn/w200/Uploaded/2026/lcgjikao/2026_01_30/01-8713-3228.jpeg,,,,4,Thông tin doanh nghiệp,/thong-tin-doanh-nghiep/,"BMI,C4G,DL1,FPT,GCF,GMD,HUT,IDC,ITD,MBB,MWG,PAC,PC1,PVD,PVS,SHB,SIP,STH,TIP,TV2,VGT"
GMD,384615,"Lợi nhuận trước thuế năm 2025 của OCB đạt 5.046 tỷ đồng, tăng gần 26%",,"(ĐTCK) Theo báo cáo tài chính quý IV vừa được Ngân hàng Phương Đông (mã CK: OCB) công bố, lợi nhuận trước thuế năm 2025 đạt mức 5.046 tỷ đồng, tăng 25,9% so với năm 2024.",1769762805,2026-01-30 15:46:45,1769768157,2026-01-30 17:15:57,https://www.tinnhanhchungkhoan.vn/loi-nhuan-truoc-thue-nam-2025-cua-ocb-dat-5046-ty-dong-tang-gan-26-post384615.html,/loi-nhuan-truoc-thue-nam-2025-cua-ocb-dat-5046-ty-dong-tang-gan-26-post384615.html,https://image.tinnhanhchungkhoan.vn/w200/Uploaded/2026/bpcgdqvp/2024_01_30/ocb-3903.jpg,,,,4,Thông tin doanh nghiệp,/thong-tin-doanh-nghiep/,"BMI,C4G,DL1,FPT,GCF,GMD,HUT,IDC,ITD,MBB,MWG,PAC,PC1,PVD,PVS,SHB,SIP,STH,TIP,TV2,VGT"
GMD,384614,Hạ tầng GELEX (GEL) phê duyệt khoản vay 200 triệu USD vốn quốc tế,,"(ĐTCK) CTCP Hạ tầng GELEX (mã GEL - sàn HOSE) vừa công bố nghị quyết hội đồng quản trị về việc phê duyệt khoản vay nước ngoài trị giá 200 triệu USD, trong đó HSBC đóng vai trò là ngân hàng thu xếp chính duy nhất kiêm điều phối sổ.",1769762776,2026-01-30 15:46:16,1769779705,2026-01-30 20:28:25,https://www.tinnhanhchungkhoan.vn/ha-tang-gelex-gel-phe-duyet-khoan-vay-200-trieu-usd-von-quoc-te-post384614.html,/ha-tang-gelex-gel-phe-duyet-khoan-vay-200-trieu-usd-von-quoc-te-post384614.html,https://image.tinnhanhchungkhoan.vn/w200/Uploaded/2026/lcgjikao/2026_01_30/02-4078-873.jpg,Hạ tầng GELEX đã làm việc với hơn 30 ngân hàng và tổ chức tài chính tại Singapore và Đài Loan.,,,4,Thông tin doanh nghiệp,/thong-tin-doanh-nghiep/,"BMI,C4G,DL1,FPT,GCF,GMD,HUT,IDC,ITD,MBB,MWG,PAC,PC1,PVD,PVS,SHB,SIP,STH,TIP,TV2,VGT"
GMD,384613,"PTM lên kế hoạch chia cổ tức 30% bằng tiền, Haxaco (HAX) có thể nhận về gần 50 tỷ đồng",,"(ĐTCK) CTCP Sản xuất, Thương mại và Dịch vụ ô tô PTM (mã chứng khoán PTM) vừa có dự thảo tài liệu họp Đại hội đồng cổ đông thường niên 2026, trong đó có tờ trình phương án phân phối lợi nhuận năm 2025, chia cổ tức 30% bằng tiền mặt.",1769762727,2026-01-30 15:45:27,1769762727,2026-01-30 15:45:27,https://www.tinnhanhchungkhoan.vn/ptm-len-ke-hoach-chia-co-tuc-30-bang-tien-haxaco-hax-co-the-nhan-ve-gan-50-ty-dong-post384613.html,/ptm-len-ke-hoach-chia-co-tuc-30-bang-tien-haxaco-hax-co-the-nhan-ve-gan-50-ty-dong-post384613.html,https://image.tinnhanhchungkhoan.vn/w200/Uploaded/2026/wpxlcdjwi/2022_06_01/dien-bien-thi-truong-bat-loi-haxaco-hoan-tang-von-8721.jpg,Haxaco (HAX) sắp nhận gần 50 tỷ đồng tiền cổ tức từ PTM,,,4,Thông tin doanh nghiệp,/thong-tin-doanh-nghiep/,"BMI,C4G,DL1,FPT,GCF,GMD,HUT,IDC,ITD,MBB,MWG,PAC,PC1,PVD,PVS,SHB,SIP,STH,TIP,TV2,VGT"
GMD,384611,"Năm 2025, MSB đạt lợi nhuận trước thuế hợp nhất 7.058 tỷ đồng",,"(ĐTCK) Tại ngày 31/12/2025, tổng tài sản hợp nhất của Ngân hàng TMCP Hàng Hải Việt Nam (MSB - sàn HOSE) đạt gần 408 nghìn tỷ đồng, tăng 27,3% so với thời điểm đầu năm. Động lực chính của sự tăng trưởng quy mô đến từ hoạt động tín dụng.",1769762700,2026-01-30 15:45:00,1769762700,2026-01-30 15:45:00,https://www.tinnhanhchungkhoan.vn/nam-2025-msb-dat-loi-nhuan-truoc-thue-hop-nhat-7058-ty-dong-post384611.html,/nam-2025-msb-dat-loi-nhuan-truoc-thue-hop-nhat-7058-ty-dong-post384611.html,https://image.tinnhanhchungkhoan.vn/w200/Uploaded/2026/pwvolcvo/2026_01_30/msb-6-7064-2022.jpg,,,,4,Thông tin doanh nghiệp,/thong-tin-doanh-nghiep/,"BMI,C4G,DL1,FPT,GCF,GMD,HUT,IDC,ITD,MBB,MWG,PAC,PC1,PVD,PVS,SHB,SIP,STH,TIP,TV2,VGT"
HUT,384814,Dịch vụ Phân phối Tổng hợp Dầu khí (PSD) vượt 40% mục tiêu lợi nhuận 2025,,"(ĐTCK) Năm 2025, CTCP Dịch vụ Phân phối Tổng hợp Dầu khí (Petrosetco Distribution, mã PSD) ghi nhận 143,1 tỷ đồng lợi nhuận sau thuế, tăng 73% so với năm trước và vượt 40% mục tiêu năm.",1770108462,2026-02-03 15:47:42,1770108462,2026-02-03 15:47:42,https://www.tinnhanhchungkhoan.vn/dich-vu-phan-phoi-tong-hop-dau-khi-psd-vuot-40-muc-tieu-loi-nhuan-2025-post384814.html,/dich-vu-phan-phoi-tong-hop-dau-khi-psd-vuot-40-muc-tieu-loi-nhuan-2025-post384814.html,https://image.tinnhanhchungkhoan.vn/w200/Uploaded/2026/xvrhgenatpx97/2026_02_03/492389603-1269083815221635-1856212450220482697-n-8553-4165.jpg,,,,4,Thông tin doanh nghiệp,/thong-tin-doanh-nghiep/,"BMI,C4G,DL1,FPT,GCF,GMD,HUT,IDC,ITD,MBB,MWG,PAC,PC1,PVD,PVS,SHB,SIP,STH,TIP,TV2,VGT"
HUT,384815,"Becamex IDC (BCM) chia cổ tức 11% bằng tiền mặt, lợi nhuận 2025 vượt hơn 42% kế hoạch",,"(ĐTCK) Ngày 13/2 tới đây, Tập đoàn Đầu tư và Phát triển Công nghiệp Becamex - CTCP (Becamex IDC, mã BCM - sàn HOSE) vừa thông báo về việc chia cổ tức năm 2024.",1770108203,2026-02-03 15:43:23,1770108203,2026-02-03 15:43:23,https://www.tinnhanhchungkhoan.vn/becamex-idc-bcm-chia-co-tuc-11-bang-tien-mat-loi-nhuan-2025-vuot-hon-42-ke-hoach-post384815.html,/becamex-idc-bcm-chia-co-tuc-11-bang-tien-mat-loi-nhuan-2025-vuot-hon-42-ke-hoach-post384815.html,https://image.tinnhanhchungkhoan.vn/w200/Uploaded/2026/ipuokbf/2025_02_06/becamex-idc-bcm-2233-7213.jpg,,,,4,Thông tin doanh nghiệp,/thong-tin-doanh-nghiep/,"BMI,C4G,DL1,FPT,GCF,GMD,HUT,IDC,ITD,MBB,MWG,PAC,PC1,PVD,PVS,SHB,SIP,STH,TIP,TV2,VGT"
HUT,384807,"EVNGENCO3 (PGV): Lợi nhuận sau thuế vượt 3.700 tỷ đồng, định giá cổ phiếu về vùng hấp dẫn",,(ĐTCK) Lợi nhuận năm 2025 của EVNGENCO3 (PGV) xác lập kỷ lục mới. Dòng tiền cải thiện cùng tỷ lệ nợ vay liên tục giảm nhiều năm là nền tảng quan trọng cho EVNGENCO3 trong giai đoạn mở rộng đầu tư sắp tới.,1770104233,2026-02-03 14:37:13,1770104233,2026-02-03 14:37:13,https://www.tinnhanhchungkhoan.vn/evngenco3-pgv-loi-nhuan-sau-thue-vuot-3700-ty-dong-dinh-gia-co-phieu-ve-vung-hap-dan-post384807.html,/evngenco3-pgv-loi-nhuan-sau-thue-vuot-3700-ty-dong-dinh-gia-co-phieu-ve-vung-hap-dan-post384807.html,https://image.tinnhanhchungkhoan.vn/w200/Uploaded/2026/bpikpjik/2022_01_26/evngenco3-4286.jpg,,,,4,Thông tin doanh nghiệp,/thong-tin-doanh-nghiep/,"BMI,C4G,DL1,FPT,GCF,GMD,HUT,IDC,ITD,MBB,MWG,PAC,PC1,PVD,PVS,SHB,SIP,STH,TIP,TV2,VGT"
HUT,384804,Doanh thu Sao Ta (FMC) giảm 21% ngay tháng đầu năm 2026,,"(ĐTCK) CTCP Thực phẩm Sao Ta (FMC) công bố tình hình hoạt động hợp nhất tháng 01/2026 với doanh thu đạt 20,4 triệu USD, giảm 21% so với cùng kỳ năm trước.",1770102267,2026-02-03 14:04:27,1770102267,2026-02-03 14:04:27,https://www.tinnhanhchungkhoan.vn/doanh-thu-sao-ta-fmc-giam-21-ngay-thang-dau-nam-2026-post384804.html,/doanh-thu-sao-ta-fmc-giam-21-ngay-thang-dau-nam-2026-post384804.html,https://image.tinnhanhchungkhoan.vn/w200/Uploaded/2026/xvrhgenatpx97/2023_01_16/fmc-9473.jpg,,,,4,Thông tin doanh nghiệp,/thong-tin-doanh-nghiep/,"BMI,C4G,DL1,FPT,GCF,GMD,HUT,IDC,ITD,MBB,MWG,PAC,PC1,PVD,PVS,SHB,SIP,STH,TIP,TV2,VGT"
HUT,384802,"Quý IV/2025, lợi nhuận sau thuế của Đạt Phương (DPG) tăng 46%",,"(ĐTCK) Mới đây, CTCP Tập đoàn Đạt Phương (mã DPG) công bố báo cáo tài chính quý IV/2025 cho thấy sự cải thiện về quy mô doanh thu và lợi nhuận.",1770091215,2026-02-03 11:00:15,1770091215,2026-02-03 11:00:15,https://www.tinnhanhchungkhoan.vn/quy-iv2025-loi-nhuan-sau-thue-cua-dat-phuong-dpg-tang-46-post384802.html,/quy-iv2025-loi-nhuan-sau-thue-cua-dat-phuong-dpg-tang-46-post384802.html,https://image.tinnhanhchungkhoan.vn/w200/Uploaded/2026/gtnwae/2026_02_03/1-7741-8171.jpg,,,,4,Thông tin doanh nghiệp,/thong-tin-doanh-nghiep/,"BMI,C4G,DL1,FPT,GCF,GMD,HUT,IDC,ITD,MBB,MWG,PAC,PC1,PVD,PVS,SHB,SIP,STH,TIP,TV2,VGT"
HUT,384799,Lợi nhuận Tổng công ty Tín Nghĩa (TID) giảm tới 99% trong quý IV/2025 khi phải hoàn trả cho Tỉnh uỷ Đồng Nai,,"(ĐTCK) Tổng công ty Tín Nghĩa (mã TID - UPCoM) ghi nhận lãi 1,8 tỷ đồng trong quý IV, luỹ kế cả năm 2025 ghi nhận lãi 762,13 tỷ đồng, hoàn thành 113,4% so với kế hoạch năm.",1770090820,2026-02-03 10:53:40,1770090820,2026-02-03 10:53:40,https://www.tinnhanhchungkhoan.vn/loi-nhuan-tong-cong-ty-tin-nghia-tid-giam-toi-99-trong-quy-iv2025-khi-phai-hoan-tra-cho-tinh-uy-dong-nai-post384799.html,/loi-nhuan-tong-cong-ty-tin-nghia-tid-giam-toi-99-trong-quy-iv2025-khi-phai-hoan-tra-cho-tinh-uy-dong-nai-post384799.html,https://image.tinnhanhchungkhoan.vn/w200/Uploaded/2026/lcgjikao/2026_02_03/01-906-8353.jpeg,,,,4,Thông tin doanh nghiệp,/thong-tin-doanh-nghiep/,"BMI,C4G,DL1,FPT,GCF,GMD,HUT,IDC,ITD,MBB,MWG,PAC,PC1,PVD,PVS,SHB,SIP,STH,TIP,TV2,VGT"
HUT,384779,"Gỗ An Cường (ACG) ghi nhận dòng tiền kinh doanh âm kỷ lục 408,56 tỷ đồng trong năm 2025",,"(ĐTCK) CTCP Gỗ An Cường (mã ACG - sàn HOSE) ghi nhận lãi 145,54 tỷ đồng trong quý IV, luỹ kế năm 2025 ghi nhận lãi 503,75 tỷ đồng, tăng 19,9% so với cùng kỳ năm trước.",1770077256,2026-02-03 07:07:36,1770077256,2026-02-03 07:07:36,https://www.tinnhanhchungkhoan.vn/go-an-cuong-acg-ghi-nhan-dong-tien-kinh-doanh-am-ky-luc-40856-ty-dong-trong-nam-2025-post384779.html,/go-an-cuong-acg-ghi-nhan-dong-tien-kinh-doanh-am-ky-luc-40856-ty-dong-trong-nam-2025-post384779.html,https://image.tinnhanhchungkhoan.vn/w200/Uploaded/2026/lcgjikao/2026_02_02/01-8702-1876.jpg,,,,4,Thông tin doanh nghiệp,/thong-tin-doanh-nghiep/,"BMI,C4G,DL1,FPT,GCF,GMD,HUT,IDC,ITD,MBB,MWG,PAC,PC1,PVD,PVS,SHB,SIP,STH,TIP,TV2,VGT"
HUT,384776,Searefico (SRF) thoát lỗ quý IV/2025 nhờ thu nhập khác tăng đột biến,,"(ĐTCK) Công ty cổ phần Searefico (mã SRF - sàn HOSE) ghi nhận lãi 15,71 tỷ đồng trong quý IV, luỹ kế cả năm 2025 lãi 22,18 tỷ đồng và đạt 56,9% kế hoạch năm.",1770077020,2026-02-03 07:03:40,1770077020,2026-02-03 07:03:40,https://www.tinnhanhchungkhoan.vn/searefico-srf-thoat-lo-quy-iv2025-nho-thu-nhap-khac-tang-dot-bien-post384776.html,/searefico-srf-thoat-lo-quy-iv2025-nho-thu-nhap-khac-tang-dot-bien-post384776.html,https://image.tinnhanhchungkhoan.vn/w200/Uploaded/2026/lcgjikao/2026_02_02/01-2954-71.jpg,,,,4,Thông tin doanh nghiệp,/thong-tin-doanh-nghiep/,"BMI,C4G,DL1,FPT,GCF,GMD,HUT,IDC,ITD,MBB,MWG,PAC,PC1,PVD,PVS,SHB,SIP,STH,TIP,TV2,VGT"
HUT,384774,"Thép Pomina (POM) lỗ thêm 838,2 tỷ đồng năm 2025, vốn chủ sở hữu âm hơn 623,6 tỷ đồng",,"(ĐTCK) CTCP Thép Pomina (mã POM) vừa công bố báo cáo tài chính năm 2025 với khoản lỗ sau thuế 838,2 tỷ đồng, đánh dấu năm thứ 4 liên tiếp doanh nghiệp thua lỗ, qua đó nâng lỗ lũy kế lên 3.485 tỷ đồng và khiến vốn chủ sở hữu tại thời điểm cuối năm âm hơn 623,6 tỷ đồng",1770076822,2026-02-03 07:00:22,1770076822,2026-02-03 07:00:22,https://www.tinnhanhchungkhoan.vn/thep-pomina-pom-lo-them-8382-ty-dong-nam-2025-von-chu-so-huu-am-hon-6236-ty-dong-post384774.html,/thep-pomina-pom-lo-them-8382-ty-dong-nam-2025-von-chu-so-huu-am-hon-6236-ty-dong-post384774.html,https://image.tinnhanhchungkhoan.vn/w200/Uploaded/2026/xvrhgenatpx97/2024_08_21/pom-5603.jpeg,,,,4,Thông tin doanh nghiệp,/thong-tin-doanh-nghiep/,"BMI,C4G,DL1,FPT,GCF,GMD,HUT,IDC,ITD,MBB,MWG,PAC,PC1,PVD,PVS,SHB,SIP,STH,TIP,TV2,VGT"
HUT,384773,PV Drilling (PVD) vượt 98% mục tiêu lợi nhuận năm 2025,,"(ĐTCK) Năm 2025, PV Drilling mang về 1.050,5 tỷ đồng lãi ròng, tăng 50,5% so với kết quả thực hiện năm 2024 và vượt 98% mục tiêu lợi nhuận cả năm.",1770076674,2026-02-03 06:57:54,1770076674,2026-02-03 06:57:54,https://www.tinnhanhchungkhoan.vn/pv-drilling-pvd-vuot-98-muc-tieu-loi-nhuan-nam-2025-post384773.html,/pv-drilling-pvd-vuot-98-muc-tieu-loi-nhuan-nam-2025-post384773.html,https://image.tinnhanhchungkhoan.vn/w200/Uploaded/2026/xvrhgenatpx97/2023_04_24/pvd-1871.jpeg,,,,4,Thông tin doanh nghiệp,/thong-tin-doanh-nghiep/,"BMI,C4G,DL1,FPT,GCF,GMD,HUT,IDC,ITD,MBB,MWG,PAC,PC1,PVD,PVS,SHB,SIP,STH,TIP,TV2,VGT"
HUT,384775,MB (MBB) dự kiến cán mốc vốn hóa 10 tỷ USD vào năm 2027,,"(ĐTCK) So với giai đoạn đầu năm 2017, tổng vốn hoá của Ngân hàng TMCP Quân Đội (MB - mã chứng khoán MBB) đến nay đã ghi nhận tăng 9,9 lần (tương đương khoảng 8,5 tỷ USD). Ông Lưu Trung Thái, Chủ tịch HĐQT MB cho biết, với tốc độ tăng trưởng như hiện nay, dự kiến sang năm 2027, tổng giá trị vốn hoá của MB có thể cán đến mốc 10 tỷ USD.",1770076595,2026-02-03 06:56:35,1770076595,2026-02-03 06:56:35,https://www.tinnhanhchungkhoan.vn/mb-mbb-du-kien-can-moc-von-hoa-10-ty-usd-vao-nam-2027-post384775.html,/mb-mbb-du-kien-can-moc-von-hoa-10-ty-usd-vao-nam-2027-post384775.html,https://image.tinnhanhchungkhoan.vn/w200/Uploaded/2026/ngobgt/2026_02_02/img-3950-1125-6297.jpeg,"Ông Lưu Trung Thái, Chủ tịch HĐQT Ngân hàng TMCP Quân Đội (MB) chủ trì hội nghị Nhà đầu tư.",,,4,Thông tin doanh nghiệp,/thong-tin-doanh-nghiep/,"BMI,C4G,DL1,FPT,GCF,GMD,HUT,IDC,ITD,MBB,MWG,PAC,PC1,PVD,PVS,SHB,SIP,STH,TIP,TV2,VGT"
HUT,384768,Chiến lược Go Global đang từng bước đóng góp vào tăng trưởng dài hạn của Masan Consumer (MCH),,"(ĐTCK) Trong suốt năm 2025, doanh thu quốc tế của Masan Consumer (HOSE: MCH) duy trì đà tăng trưởng tích cực và tiếp tục cải thiện trong quý gần nhất. Theo báo cáo kết quả kinh doanh, riêng kênh kinh doanh quốc tế tăng trưởng gần 27% trong năm 2025. Diễn biến này cho thấy chiến lược Go Global đang bắt đầu tạo đóng góp thực tế, thay vì chỉ dừng ở định hướng dài hạn.",1770026991,2026-02-02 17:09:51,1770029550,2026-02-02 17:52:30,https://www.tinnhanhchungkhoan.vn/chien-luoc-go-global-dang-tung-buoc-dong-gop-vao-tang-truong-dai-han-cua-masan-consumer-mch-post384768.html,/chien-luoc-go-global-dang-tung-buoc-dong-gop-vao-tang-truong-dai-han-cua-masan-consumer-mch-post384768.html,https://image.tinnhanhchungkhoan.vn/w200/Uploaded/2026/bpikpjik/2026_02_02/thuc-pham-tuoi-ngon-phong-phu-tai-sieu-thi-winmart-4053-77.jpeg,,,,4,Thông tin doanh nghiệp,/thong-tin-doanh-nghiep/,"BMI,C4G,DL1,FPT,GCF,GMD,HUT,IDC,ITD,MBB,MWG,PAC,PC1,PVD,PVS,SHB,SIP,STH,TIP,TV2,VGT"
HUT,384769,OCH vượt kế hoạch doanh thu và lợi nhuận năm 2025,,"(ĐTCK) Công ty cổ phần One Capital Hospitality (HNX: OCH) ghi nhận doanh thu cả năm 2025 đạt 1.188 tỷ đồng, lợi nhuận trước thuế 135,6 tỷ đồng, vượt kế hoạch được Đại hội đồng cổ đông (ĐHĐCĐ) đề ra.",1770026945,2026-02-02 17:09:05,1770026945,2026-02-02 17:09:05,https://www.tinnhanhchungkhoan.vn/och-vuot-ke-hoach-doanh-thu-va-loi-nhuan-nam-2025-post384769.html,/och-vuot-ke-hoach-doanh-thu-va-loi-nhuan-nam-2025-post384769.html,https://image.tinnhanhchungkhoan.vn/w200/Uploaded/2026/cqjwqcqdh/2025_10_30/och-8280-9602.jpg,,,,4,Thông tin doanh nghiệp,/thong-tin-doanh-nghiep/,"BMI,C4G,DL1,FPT,GCF,GMD,HUT,IDC,ITD,MBB,MWG,PAC,PC1,PVD,PVS,SHB,SIP,STH,TIP,TV2,VGT"
HUT,384765,"Cơ điện lạnh (REE) tạm ứng cổ tức 10% bằng tiền, lên lịch ĐHCĐ thường niên năm tài chính 2025",,"(ĐTCK) HĐQT CTCP Cơ điện lạnh (REE – sàn HOSE) vừa thông qua, ngày 27/2 tới đây sẽ thực hiện chốt danh sách cổ đông để tổ chức ĐHCĐ thường niên năm tài chính 2025 và tạm ứng cổ tức năm 2025.",1770026245,2026-02-02 16:57:25,1770026691,2026-02-02 17:04:51,https://www.tinnhanhchungkhoan.vn/co-dien-lanh-ree-tam-ung-co-tuc-10-bang-tien-len-lich-dhcd-thuong-nien-nam-tai-chinh-2025-post384765.html,/co-dien-lanh-ree-tam-ung-co-tuc-10-bang-tien-len-lich-dhcd-thuong-nien-nam-tai-chinh-2025-post384765.html,https://image.tinnhanhchungkhoan.vn/w200/Uploaded/2026/pigo/2020_09_30/cong-ty-co-phan-co-dien-lanh-bom-no-cham-trong-dau-tu-tai-chinh1590080990-3682.jpg,,,,4,Thông tin doanh nghiệp,/thong-tin-doanh-nghiep/,"BMI,C4G,DL1,FPT,GCF,GMD,HUT,IDC,ITD,MBB,MWG,PAC,PC1,PVD,PVS,SHB,SIP,STH,TIP,TV2,VGT"
HUT,384761,Vietbank (VBB): Bổ nhiệm Quyền Tổng giám đốc và một Phó tổng giám đốc,,"(ĐTCK) Ngân hàng TMCP Việt Nam Thương Tín (Vietbank, mã chứng khoán: VBB) vừa công bố quyết định kiện toàn nhân sự lãnh đạo cấp cao.",1770023282,2026-02-02 16:08:02,1770023282,2026-02-02 16:08:02,https://www.tinnhanhchungkhoan.vn/vietbank-vbb-bo-nhiem-quyen-tong-giam-doc-va-mot-pho-tong-giam-doc-post384761.html,/vietbank-vbb-bo-nhiem-quyen-tong-giam-doc-va-mot-pho-tong-giam-doc-post384761.html,https://image.tinnhanhchungkhoan.vn/w200/Uploaded/2026/bpcgdqvp/2026_02_02/vb2-3335-3688.jpg,Hội đồng Quản trị trao quyết định bổ nhiệm cho ông Lê Thanh Quý Ngọc - Quyền Tổng giám đốc và bà Trần Thị Ngọc Lý - Phó tổng giám đốc Vietbank,,,4,Thông tin doanh nghiệp,/thong-tin-doanh-nghiep/,"BMI,C4G,DL1,FPT,GCF,GMD,HUT,IDC,ITD,MBB,MWG,PAC,PC1,PVD,PVS,SHB,SIP,STH,TIP,TV2,VGT"
HUT,384752,"CDC Construction (CCC): Dòng tiền kinh doanh âm kỷ lục 335,17 tỷ đồng trong 9 tháng đầu niên độ 2025 - 2026",,"(ĐTCK) Công ty cổ phần Xây dựng CDC (CDC Construction, mã CCC - sàn HOSE) ghi nhận lãi 9,67 tỷ đồng trong quý III, luỹ kế 9 tháng trong niên độ 2025 - 2026 ghi nhận lãi 30,31 tỷ đồng, tăng 3,8% so với cùng kỳ và hoàn thành 64,1% kế hoạch năm.",1770022404,2026-02-02 15:53:24,1770022404,2026-02-02 15:53:24,https://www.tinnhanhchungkhoan.vn/cdc-construction-ccc-dong-tien-kinh-doanh-am-ky-luc-33517-ty-dong-trong-9-thang-dau-nien-do-2025-2026-post384752.html,/cdc-construction-ccc-dong-tien-kinh-doanh-am-ky-luc-33517-ty-dong-trong-9-thang-dau-nien-do-2025-2026-post384752.html,https://image.tinnhanhchungkhoan.vn/w200/Uploaded/2026/lcgjikao/2026_02_02/01-5399-2697.jpg,,,,4,Thông tin doanh nghiệp,/thong-tin-doanh-nghiep/,"BMI,C4G,DL1,FPT,GCF,GMD,HUT,IDC,ITD,MBB,MWG,PAC,PC1,PVD,PVS,SHB,SIP,STH,TIP,TV2,VGT"
HUT,384712,"Doanh thu cả năm vượt 37.000 tỷ đồng, Tasco (HUT) báo lãi gấp 2 lần năm trước",,"(ĐTCK) Năm 2025, Công ty Cổ phần Tasco (HNX: HUT) ghi nhận doanh thu 37.000 tỷ đồng, lợi nhuận sau thuế hơn 623 tỷ đồng, gấp 2 lần năm trước và cao nhất trong lịch sử hoạt động.",1770019201,2026-02-02 15:00:01,1770000938,2026-02-02 09:55:38,https://www.tinnhanhchungkhoan.vn/doanh-thu-ca-nam-vuot-37000-ty-dong-tasco-hut-bao-lai-gap-2-lan-nam-truoc-post384712.html,/doanh-thu-ca-nam-vuot-37000-ty-dong-tasco-hut-bao-lai-gap-2-lan-nam-truoc-post384712.html,https://image.tinnhanhchungkhoan.vn/w200/Uploaded/2026/xpwvotiv/2026_02_02/tasco-5092-7931.jpg,,,,4,Thông tin doanh nghiệp,/thong-tin-doanh-nghiep/,"BMI,C4G,DL1,FPT,GCF,GMD,HUT,IDC,ITD,MBB,MWG,PAC,PC1,PVD,PVS,SHB,SIP,STH,TIP,TV2,VGT"
HUT,384740,Quốc Cường Gia Lai (QCG) lãi đột biến quý IV/2025 nhờ thanh lý các khoản đầu tư,,"(ĐTCK) CTCP Quốc Cường Gia Lai (mã QCG - sàn HOSE) ghi nhận lãi 137,22 tỷ đồng trong quý IV, lũy kế năm 2025 lãi 171,28 tỷ đồng, tăng 109% so với năm 2024 và không hoàn thành kế hoạch năm.",1770016785,2026-02-02 14:19:45,1770016785,2026-02-02 14:19:45,https://www.tinnhanhchungkhoan.vn/quoc-cuong-gia-lai-qcg-lai-dot-bien-quy-iv2025-nho-thanh-ly-cac-khoan-dau-tu-post384740.html,/quoc-cuong-gia-lai-qcg-lai-dot-bien-quy-iv2025-nho-thanh-ly-cac-khoan-dau-tu-post384740.html,https://image.tinnhanhchungkhoan.vn/w200/Uploaded/2026/lcgjikao/2026_02_02/01-5700-5016.jpg,,,,4,Thông tin doanh nghiệp,/thong-tin-doanh-nghiep/,"BMI,C4G,DL1,FPT,GCF,GMD,HUT,IDC,ITD,MBB,MWG,PAC,PC1,PVD,PVS,SHB,SIP,STH,TIP,TV2,VGT"
HUT,384739,"Thuỷ điện Vĩnh Sơn - Sông Hinh (VSH) chốt quyền nhận cổ tức 10%, dự kiến họp ĐHCĐ 2026 cuối tháng 3",,"(ĐTCK) CTCP Thuỷ điện Vĩnh Sơn - Sông Hinh (mã VSH) mới thông báo, ngày 23/02 tới đây sẽ chốt danh sách cổ đông nhận cổ tức đợt 3/2025 và tham dự đại hội cổ đông năm 2026.",1770016761,2026-02-02 14:19:21,1770016761,2026-02-02 14:19:21,https://www.tinnhanhchungkhoan.vn/thuy-dien-vinh-son-song-hinh-vsh-chot-quyen-nhan-co-tuc-10-du-kien-hop-dhcd-2026-cuoi-thang-3-post384739.html,/thuy-dien-vinh-son-song-hinh-vsh-chot-quyen-nhan-co-tuc-10-du-kien-hop-dhcd-2026-cuoi-thang-3-post384739.html,https://image.tinnhanhchungkhoan.vn/w200/Uploaded/2026/xvrhgenatpx97/2024_10_24/vsh-8946.jpeg,,,,4,Thông tin doanh nghiệp,/thong-tin-doanh-nghiep/,"BMI,C4G,DL1,FPT,GCF,GMD,HUT,IDC,ITD,MBB,MWG,PAC,PC1,PVD,PVS,SHB,SIP,STH,TIP,TV2,VGT"
HUT,384741,VPS (VCK) được VASB vinh danh công ty chứng khoán đạt điểm thực hành ESG cao nhất,,"(ĐTCK) Công ty cổ phần Chứng khoán VPS (mã chứng khoán VCK) là một trong hai công ty chứng khoán được xếp hạng cao nhất trong chương trình chấm điểm thực hành ESG do Hiệp hội Chứng khoán Việt Nam (VASB) tổ chức, khẳng định cam kết mạnh mẽ của doanh nghiệp đối với phát triển bền vững theo chuẩn mực quốc tế.",1770016630,2026-02-02 14:17:10,1770343895,2026-02-06 09:11:35,https://www.tinnhanhchungkhoan.vn/vps-vck-duoc-vasb-vinh-danh-cong-ty-chung-khoan-dat-diem-thuc-hanh-esg-cao-nhat-post384741.html,/vps-vck-duoc-vasb-vinh-danh-cong-ty-chung-khoan-dat-diem-thuc-hanh-esg-cao-nhat-post384741.html,https://image.tinnhanhchungkhoan.vn/w200/Uploaded/2026/ipuokbf/2026_02_06/800x500-8825-6213.png,,,,4,Thông tin doanh nghiệp,/thong-tin-doanh-nghiep/,"BMI,C4G,DL1,FPT,GCF,GMD,HUT,IDC,ITD,MBB,MWG,PAC,PC1,PVD,PVS,SHB,SIP,STH,TIP,TV2,VGT"
HUT,384738,"Doanh thu năm 2025 của Vinamilk (VNM) đạt 63.724 tỷ đồng, cao nhất lịch sử Công ty",,"(ĐTCK)Tổng doanh thu hợp nhất quý IV/2025 của Công ty cổ phần Sữa Việt Nam (Vinamilk - mã VNM) đạt 17.045 tỷ đồng, tiếp tục lập đỉnh mới, tăng 10,1% so với cùng kỳ.",1770016538,2026-02-02 14:15:38,1770016538,2026-02-02 14:15:38,https://www.tinnhanhchungkhoan.vn/doanh-thu-nam-2025-cua-vinamilk-vnm-dat-63724-ty-dong-cao-nhat-lich-su-cong-ty-post384738.html,/doanh-thu-nam-2025-cua-vinamilk-vnm-dat-63724-ty-dong-cao-nhat-lich-su-cong-ty-post384738.html,https://image.tinnhanhchungkhoan.vn/w200/Uploaded/2026/unvjshu/2026_02_02/vnm-1723-4621.jpg,Đẩy mạnh các hoạt động xúc tiến thương mại giúp Vinamilk nâng cao hình ảnh và vị thế thương hiệu trên thị trường quốc tế. Ảnh: Vi Nam,,,4,Thông tin doanh nghiệp,/thong-tin-doanh-nghiep/,"BMI,C4G,DL1,FPT,GCF,GMD,HUT,IDC,ITD,MBB,MWG,PAC,PC1,PVD,PVS,SHB,SIP,STH,TIP,TV2,VGT"
HUT,384726,"Địa ốc Hoàng Quân (HQC) thoát lỗ quý IV/2025 nhờ hoạt động tài chính, thu hồi công nợ và hoàn nhập dự phòng",,"(ĐTCK) CTCP Tư vấn Thương mại Dịch vụ Địa ốc Hoàng Quân (mã HQC - sàn HOSE) ghi nhận lãi 55,08 tỷ đồng trong quý IV, luỹ kế cả năm 2025 lãi 73,21 tỷ đồng, tăng trưởng 116,8% và hoàn thành 104,6% kế hoạch năm.",1770006229,2026-02-02 11:23:49,1770006229,2026-02-02 11:23:49,https://www.tinnhanhchungkhoan.vn/dia-oc-hoang-quan-hqc-thoat-lo-quy-iv2025-nho-hoat-dong-tai-chinh-thu-hoi-cong-no-va-hoan-nhap-du-phong-post384726.html,/dia-oc-hoang-quan-hqc-thoat-lo-quy-iv2025-nho-hoat-dong-tai-chinh-thu-hoi-cong-no-va-hoan-nhap-du-phong-post384726.html,https://image.tinnhanhchungkhoan.vn/w200/Uploaded/2026/lcgjikao/2026_02_02/01-2382-9002.jpg,,,,4,Thông tin doanh nghiệp,/thong-tin-doanh-nghiep/,"BMI,C4G,DL1,FPT,GCF,GMD,HUT,IDC,ITD,MBB,MWG,PAC,PC1,PVD,PVS,SHB,SIP,STH,TIP,TV2,VGT"
HUT,384713,"Vietbank (VBB) đạt 1.532 tỷ đồng lợi nhuận trước thuế năm 2025, chuẩn bị niêm yết sàn HOSE",,"(ĐTCK) Năm 2025, Ngân hàng TMCP Việt Nam Thương Tín (Vietbank, mã chứng khoán VBB) ghi nhận lợi nhuận trước thuế hợp nhất đạt 1.532 tỷ đồng, tăng 35% so với năm 2024.",1769997537,2026-02-02 08:58:57,1769997537,2026-02-02 08:58:57,https://www.tinnhanhchungkhoan.vn/vietbank-vbb-dat-1532-ty-dong-loi-nhuan-truoc-thue-nam-2025-chuan-bi-niem-yet-san-hose-post384713.html,/vietbank-vbb-dat-1532-ty-dong-loi-nhuan-truoc-thue-nam-2025-chuan-bi-niem-yet-san-hose-post384713.html,https://image.tinnhanhchungkhoan.vn/w200/Uploaded/2026/bpcgdqvp/2023_09_20/vietbank-527.jpg,,,,4,Thông tin doanh nghiệp,/thong-tin-doanh-nghiep/,"BMI,C4G,DL1,FPT,GCF,GMD,HUT,IDC,ITD,MBB,MWG,PAC,PC1,PVD,PVS,SHB,SIP,STH,TIP,TV2,VGT"
HUT,384684,Đầu tư Thương mại SMC (SMC) ghi nhận lãi đột biến trở lại trong quý IV/2025 nhờ thanh lý tài sản và hoàn nhập dự phòng,,"(ĐTCK) Công ty cổ phần Đầu tư Thương mại SMC (mã SMC - sàn HOSE) ghi nhận lãi 343,95 tỷ đồng trong quý IV, luỹ kế cả năm 2025 lãi 185,07 tỷ đồng và hoàn thành tới 616,9% kế hoạch năm.",1769990120,2026-02-02 06:55:20,1769961336,2026-02-01 22:55:36,https://www.tinnhanhchungkhoan.vn/dau-tu-thuong-mai-smc-smc-ghi-nhan-lai-dot-bien-tro-lai-trong-quy-iv2025-nho-thanh-ly-tai-san-va-hoan-nhap-du-phong-post384684.html,/dau-tu-thuong-mai-smc-smc-ghi-nhan-lai-dot-bien-tro-lai-trong-quy-iv2025-nho-thanh-ly-tai-san-va-hoan-nhap-du-phong-post384684.html,https://image.tinnhanhchungkhoan.vn/w200/Uploaded/2026/lcgjikao/2026_02_01/01-150-4789.jpg,,,,4,Thông tin doanh nghiệp,/thong-tin-doanh-nghiep/,"BMI,C4G,DL1,FPT,GCF,GMD,HUT,IDC,ITD,MBB,MWG,PAC,PC1,PVD,PVS,SHB,SIP,STH,TIP,TV2,VGT"
HUT,384666,"Lợi nhuận Hoa Sen (HSG) giảm 62,3% trong quý I niên độ tài chính 2025 - 2026",,(ĐTCK) Công ty cổ phần Tập đoàn Hoa Sen (mã HSG - sàn HOSE) ghi nhận doanh thu và lợi nhuận đi lùi trong quý I niên độ tài chính 2025 – 2026 và có dấu hiệu tăng trích trữ tồn kho.,1769916063,2026-02-01 10:21:03,1769916063,2026-02-01 10:21:03,https://www.tinnhanhchungkhoan.vn/loi-nhuan-hoa-sen-hsg-giam-623-trong-quy-i-nien-do-tai-chinh-2025-2026-post384666.html,/loi-nhuan-hoa-sen-hsg-giam-623-trong-quy-i-nien-do-tai-chinh-2025-2026-post384666.html,https://image.tinnhanhchungkhoan.vn/w200/Uploaded/2026/lcgjikao/2026_02_01/01-8398-4117.jpg,,,,4,Thông tin doanh nghiệp,/thong-tin-doanh-nghiep/,"BMI,C4G,DL1,FPT,GCF,GMD,HUT,IDC,ITD,MBB,MWG,PAC,PC1,PVD,PVS,SHB,SIP,STH,TIP,TV2,VGT"
HUT,384656,"Thép Nam Kim (NKG) lỗ 9,34 tỷ đồng trong quý IV/2025, đánh dấu lỗ trở lại sau 10 quý",,"(ĐTCK) CTCP Thép Nam Kim (mã NKG - sàn HOSE) ghi nhận lỗ 9,34 tỷ đồng trong quý IV, luỹ kế năm 2025 lãi 197,19 tỷ đồng, giảm 56,55% và không hoàn thành kế hoạch năm.",1769915573,2026-02-01 10:12:53,1769915573,2026-02-01 10:12:53,https://www.tinnhanhchungkhoan.vn/thep-nam-kim-nkg-lo-934-ty-dong-trong-quy-iv2025-danh-dau-lo-tro-lai-sau-10-quy-post384656.html,/thep-nam-kim-nkg-lo-934-ty-dong-trong-quy-iv2025-danh-dau-lo-tro-lai-sau-10-quy-post384656.html,https://image.tinnhanhchungkhoan.vn/w200/Uploaded/2026/lcgjikao/2026_02_01/01-3530-7692.jpg,,,,4,Thông tin doanh nghiệp,/thong-tin-doanh-nghiep/,"BMI,C4G,DL1,FPT,GCF,GMD,HUT,IDC,ITD,MBB,MWG,PAC,PC1,PVD,PVS,SHB,SIP,STH,TIP,TV2,VGT"
HUT,384655,L40 đấu giá thành công quyền khai thác 415.000 m3 cát tại Quảng Nam,,"(ĐTCK) CTCP Đầu tư và Xây dựng 40 (L40) đã đấu giá thành công quyền khai thác bãi cát tại dự án nạo vét khơi thông dòng sông Cổ Cò (phường Điện Bàn Đông, Thành phố Đà Nẵng) với giá trúng đấu giá gần 60 tỷ đồng. Dự kiến L40 sẽ gia tăng lợi nhuận mảng vật liệu xây dựng năm 2026.",1769909966,2026-02-01 08:39:26,1769909966,2026-02-01 08:39:26,https://www.tinnhanhchungkhoan.vn/l40-dau-gia-thanh-cong-quyen-khai-thac-415000-m3-cat-tai-quang-nam-post384655.html,/l40-dau-gia-thanh-cong-quyen-khai-thac-415000-m3-cat-tai-quang-nam-post384655.html,https://image.tinnhanhchungkhoan.vn/w200/Uploaded/2026/ipuokbf/2026_02_01/song-co-co-copy-8566-1916.jpg,,,,4,Thông tin doanh nghiệp,/thong-tin-doanh-nghiep/,"BMI,C4G,DL1,FPT,GCF,GMD,HUT,IDC,ITD,MBB,MWG,PAC,PC1,PVD,PVS,SHB,SIP,STH,TIP,TV2,VGT"
HUT,384654,"Gilimex (GIL) ghi nhận dòng tiền âm kỷ lục 677,5 tỷ đồng trong năm 2025",,"(ĐTCK) CTCP Sản xuất Kinh doanh Xuất nhập khẩu Bình Thạnh (Gilimex, mã GIL - sàn HOSE) ghi nhận lãi 138,19 tỷ đồng trong quý IV, luỹ kế cả năm 2025 lãi 35,64 tỷ đồng, tăng 29% so với cùng kỳ và chỉ đạt 23,8% kế hoạch năm.",1769909653,2026-02-01 08:34:13,1769909653,2026-02-01 08:34:13,https://www.tinnhanhchungkhoan.vn/gilimex-gil-ghi-nhan-dong-tien-am-ky-luc-6775-ty-dong-trong-nam-2025-post384654.html,/gilimex-gil-ghi-nhan-dong-tien-am-ky-luc-6775-ty-dong-trong-nam-2025-post384654.html,https://image.tinnhanhchungkhoan.vn/w200/Uploaded/2026/lcgjikao/2026_01_31/01-3473-8010.jpg,,,,4,Thông tin doanh nghiệp,/thong-tin-doanh-nghiep/,"BMI,C4G,DL1,FPT,GCF,GMD,HUT,IDC,ITD,MBB,MWG,PAC,PC1,PVD,PVS,SHB,SIP,STH,TIP,TV2,VGT"
HUT,384648,Văn Phú (VPI) vượt chỉ tiêu lợi nhuận năm 2025,,"(ĐTCK) Dòng tiền thu được từ các dự án gồm Vlasta - Thủy Nguyên (Hải Phòng), Yên Phong (Bắc Ninh), TT39-40 (Hà Nội) , Dự án Song Khê - Nội Hoàng - (Bắc Ninh) giúp Công ty cổ phần Phát triển bất động sản Văn Phú (mã chứng khoán: VPI) kết thúc quý IV/2025 với lợi nhuận sau thuế ở mức 132 tỷ đồng, qua đó, thực hiện 112% chỉ tiêu lợi nhuận năm 2025 đã được các cổ đông thông qua tại cuộc họp ĐHĐCĐ thường niên.",1769837990,2026-01-31 12:39:50,1769837990,2026-01-31 12:39:50,https://www.tinnhanhchungkhoan.vn/van-phu-vpi-vuot-chi-tieu-loi-nhuan-nam-2025-post384648.html,/van-phu-vpi-vuot-chi-tieu-loi-nhuan-nam-2025-post384648.html,https://image.tinnhanhchungkhoan.vn/w200/Uploaded/2026/ipuokbf/2026_01_31/vpi-vlasta-phu-thuan-2958-8443.jpg,Dự án Vlasta Premier – Phú Thuận,,,4,Thông tin doanh nghiệp,/thong-tin-doanh-nghiep/,"BMI,C4G,DL1,FPT,GCF,GMD,HUT,IDC,ITD,MBB,MWG,PAC,PC1,PVD,PVS,SHB,SIP,STH,TIP,TV2,VGT"
HUT,384635,"Vinasun (VNS): Lợi nhuận năm 2025 đạt hơn 38 tỷ đồng, giảm 54,5%",,"(ĐTCK) Công ty cổ phần Ánh Dương Việt Nam (Vinasun, mã VNS - sàn HOSE) ghi nhận lãi 4,94 tỷ đồng trong quý IV, luỹ kế năm 2025 lãi 38,29 tỷ đồng, giảm 54,5% so với cùng kỳ và chỉ hoàn thành 71,4% kế hoạch năm.",1769825682,2026-01-31 09:14:42,1769825682,2026-01-31 09:14:42,https://www.tinnhanhchungkhoan.vn/vinasun-vns-loi-nhuan-nam-2025-dat-hon-38-ty-dong-giam-545-post384635.html,/vinasun-vns-loi-nhuan-nam-2025-dat-hon-38-ty-dong-giam-545-post384635.html,https://image.tinnhanhchungkhoan.vn/w200/Uploaded/2026/lcgjikao/2026_01_31/01-5716-1382.jpg,,,,4,Thông tin doanh nghiệp,/thong-tin-doanh-nghiep/,"BMI,C4G,DL1,FPT,GCF,GMD,HUT,IDC,ITD,MBB,MWG,PAC,PC1,PVD,PVS,SHB,SIP,STH,TIP,TV2,VGT"
HUT,384631,DIC Corp (DIG): Lãi đột biến quý IV/2025 nhờ bán một phần dự án Đại Phước,,"(ĐTCK) Tổng CTCP Đầu tư Phát triển Xây dựng (DIC Corp, mã DIG - sàn HOSE) ghi nhận lãi 423,99 tỷ đồng trong quý IV, luỹ kế năm 2025 lãi 623,95 tỷ đồng, tăng 509,2% so với cùng kỳ.",1769817644,2026-01-31 07:00:44,1769789831,2026-01-30 23:17:11,https://www.tinnhanhchungkhoan.vn/dic-corp-dig-lai-dot-bien-quy-iv2025-nho-ban-mot-phan-du-an-dai-phuoc-post384631.html,/dic-corp-dig-lai-dot-bien-quy-iv2025-nho-ban-mot-phan-du-an-dai-phuoc-post384631.html,https://image.tinnhanhchungkhoan.vn/w200/Uploaded/2026/lcgjikao/2026_01_30/01-5560-947.jpg,,,,4,Thông tin doanh nghiệp,/thong-tin-doanh-nghiep/,"BMI,C4G,DL1,FPT,GCF,GMD,HUT,IDC,ITD,MBB,MWG,PAC,PC1,PVD,PVS,SHB,SIP,STH,TIP,TV2,VGT"
HUT,384633,"Năm 2025, YeaH1 (YEG) ghi nhận lợi nhuận sau thuế đạt 80,3 tỷ đồng",,"(ĐTCK) Trước nhiều biến động của thị trường chung năm 2025, YeaH1 ghi nhận doanh thu thuần đạt 1.653 tỷ đồng, tăng 61% so với cùng kỳ và vượt 27% so với kế hoạch năm.",1769816733,2026-01-31 06:45:33,1769789740,2026-01-30 23:15:40,https://www.tinnhanhchungkhoan.vn/nam-2025-yeah1-yeg-ghi-nhan-loi-nhuan-sau-thue-dat-803-ty-dong-post384633.html,/nam-2025-yeah1-yeg-ghi-nhan-loi-nhuan-sau-thue-dat-803-ty-dong-post384633.html,https://image.tinnhanhchungkhoan.vn/w200/Uploaded/2026/bpcpcwvo/2026_01_30/yeg-concert-5715-7796.png,,,,4,Thông tin doanh nghiệp,/thong-tin-doanh-nghiep/,"BMI,C4G,DL1,FPT,GCF,GMD,HUT,IDC,ITD,MBB,MWG,PAC,PC1,PVD,PVS,SHB,SIP,STH,TIP,TV2,VGT"
HUT,384629,Eximbank (EIB) báo lãi trước thuế hơn 1.500 tỷ đồng trong năm 2025,,"(ĐTCK) Tổng lợi nhuận trước thuế của Eximbank trong năm 2025 đạt 1.511,7 tỷ đồng, chỉ đạt 29,12% kế hoạch năm.",1769771854,2026-01-30 18:17:34,1769779108,2026-01-30 20:18:28,https://www.tinnhanhchungkhoan.vn/eximbank-eib-bao-lai-truoc-thue-hon-1500-ty-dong-trong-nam-2025-post384629.html,/eximbank-eib-bao-lai-truoc-thue-hon-1500-ty-dong-trong-nam-2025-post384629.html,https://image.tinnhanhchungkhoan.vn/w200/Uploaded/2026/bpcgdqvp/2026_01_30/eib-594-5150.jpg,,,,4,Thông tin doanh nghiệp,/thong-tin-doanh-nghiep/,"BMI,C4G,DL1,FPT,GCF,GMD,HUT,IDC,ITD,MBB,MWG,PAC,PC1,PVD,PVS,SHB,SIP,STH,TIP,TV2,VGT"
HUT,384628,"Giữa “tâm bão” ngành chăn nuôi, BAF nỗ lực giữ biên lợi nhuận",,"(ĐTCK) Giữa bối cảnh giá lợn hơi lao dốc, BAF Việt Nam nổi bật với chiến lược tối ưu chi phí sản xuất, giá vốn giảm 14,2% tương đương khoảng 700 tỷ đồng, giúp lợi nhuận gộp giữ đà tăng 14,7%. Song song, doanh nghiệp chủ động mở rộng quy mô, đẩy nhanh tiến độ dự án chăn nuôi công nghệ cao nhà cao tầng và tập trung nghiên cứu, lai tạo giống heo năng suất cao, tăng sức chống chịu dịch bệnh, tạo nền tảng bứt phá cho giai đoạn 2026 - 2030.",1769769063,2026-01-30 17:31:03,1769769063,2026-01-30 17:31:03,https://www.tinnhanhchungkhoan.vn/giua-tam-bao-nganh-chan-nuoi-baf-no-luc-giu-bien-loi-nhuan-post384628.html,/giua-tam-bao-nganh-chan-nuoi-baf-no-luc-giu-bien-loi-nhuan-post384628.html,https://image.tinnhanhchungkhoan.vn/w200/Uploaded/2026/bpikpjik/2026_01_30/baf-9294-5858.jpg,,,,4,Thông tin doanh nghiệp,/thong-tin-doanh-nghiep/,"BMI,C4G,DL1,FPT,GCF,GMD,HUT,IDC,ITD,MBB,MWG,PAC,PC1,PVD,PVS,SHB,SIP,STH,TIP,TV2,VGT"
HUT,384618,"Khang Điền (KDH): Lợi nhuận 2025 vượt 63% kế hoạch, đạt hơn 1.633 tỷ đồng, mở rộng tăng trưởng trong 2026",,"(ĐTCK) Công ty cổ phần Đầu tư và Kinh doanh Nhà Khang Điền (mã chứng khoán KDH) vừa công bố báo cáo tài chính năm 2025, ghi nhận doanh thu hợp nhất tăng trưởng 16% và lợi nhuận sau thuế tăng gấp đôi so với cùng kỳ năm, vượt xa kế hoạch đề ra.",1769768553,2026-01-30 17:22:33,1769768553,2026-01-30 17:22:33,https://www.tinnhanhchungkhoan.vn/khang-dien-kdh-loi-nhuan-2025-vuot-63-ke-hoach-dat-hon-1633-ty-dong-mo-rong-tang-truong-trong-2026-post384618.html,/khang-dien-kdh-loi-nhuan-2025-vuot-63-ke-hoach-dat-hon-1633-ty-dong-mo-rong-tang-truong-trong-2026-post384618.html,https://image.tinnhanhchungkhoan.vn/w200/Uploaded/2026/djshp/2026_01_25/2-992-368.jpg,"Mới đây, Khang Điền đã động thổ khu cao tầng Gladia by the Waters gồm hơn 600 căn hộ, dự kiến bàn giao quý IV/2027.",,,4,Thông tin doanh nghiệp,/thong-tin-doanh-nghiep/,"BMI,C4G,DL1,FPT,GCF,GMD,HUT,IDC,ITD,MBB,MWG,PAC,PC1,PVD,PVS,SHB,SIP,STH,TIP,TV2,VGT"
HUT,384620,"TTC Land (SCR) đạt lợi nhuận sau thuế 67,38 tỷ đồng trong năm 2025",,"(ĐTCK) CTCP Địa ốc Sài Gòn Thương Tín (TTC Land, mã SCR - sàn HOSE) ghi nhận lợi nhuận sau thuế 33,47 tỷ đồng trong quý IV, luỹ kế năm 2025 lãi 67,38 tỷ đồng, tăng hơn 14,85 lần so với cùng kỳ.",1769763442,2026-01-30 15:57:22,1769763442,2026-01-30 15:57:22,https://www.tinnhanhchungkhoan.vn/ttc-land-scr-dat-loi-nhuan-sau-thue-6738-ty-dong-trong-nam-2025-post384620.html,/ttc-land-scr-dat-loi-nhuan-sau-thue-6738-ty-dong-trong-nam-2025-post384620.html,https://image.tinnhanhchungkhoan.vn/w200/Uploaded/2026/lcgjikao/2026_01_30/01-8713-3228.jpeg,,,,4,Thông tin doanh nghiệp,/thong-tin-doanh-nghiep/,"BMI,C4G,DL1,FPT,GCF,GMD,HUT,IDC,ITD,MBB,MWG,PAC,PC1,PVD,PVS,SHB,SIP,STH,TIP,TV2,VGT"
HUT,384615,"Lợi nhuận trước thuế năm 2025 của OCB đạt 5.046 tỷ đồng, tăng gần 26%",,"(ĐTCK) Theo báo cáo tài chính quý IV vừa được Ngân hàng Phương Đông (mã CK: OCB) công bố, lợi nhuận trước thuế năm 2025 đạt mức 5.046 tỷ đồng, tăng 25,9% so với năm 2024.",1769762805,2026-01-30 15:46:45,1769768157,2026-01-30 17:15:57,https://www.tinnhanhchungkhoan.vn/loi-nhuan-truoc-thue-nam-2025-cua-ocb-dat-5046-ty-dong-tang-gan-26-post384615.html,/loi-nhuan-truoc-thue-nam-2025-cua-ocb-dat-5046-ty-dong-tang-gan-26-post384615.html,https://image.tinnhanhchungkhoan.vn/w200/Uploaded/2026/bpcgdqvp/2024_01_30/ocb-3903.jpg,,,,4,Thông tin doanh nghiệp,/thong-tin-doanh-nghiep/,"BMI,C4G,DL1,FPT,GCF,GMD,HUT,IDC,ITD,MBB,MWG,PAC,PC1,PVD,PVS,SHB,SIP,STH,TIP,TV2,VGT"
HUT,384614,Hạ tầng GELEX (GEL) phê duyệt khoản vay 200 triệu USD vốn quốc tế,,"(ĐTCK) CTCP Hạ tầng GELEX (mã GEL - sàn HOSE) vừa công bố nghị quyết hội đồng quản trị về việc phê duyệt khoản vay nước ngoài trị giá 200 triệu USD, trong đó HSBC đóng vai trò là ngân hàng thu xếp chính duy nhất kiêm điều phối sổ.",1769762776,2026-01-30 15:46:16,1769779705,2026-01-30 20:28:25,https://www.tinnhanhchungkhoan.vn/ha-tang-gelex-gel-phe-duyet-khoan-vay-200-trieu-usd-von-quoc-te-post384614.html,/ha-tang-gelex-gel-phe-duyet-khoan-vay-200-trieu-usd-von-quoc-te-post384614.html,https://image.tinnhanhchungkhoan.vn/w200/Uploaded/2026/lcgjikao/2026_01_30/02-4078-873.jpg,Hạ tầng GELEX đã làm việc với hơn 30 ngân hàng và tổ chức tài chính tại Singapore và Đài Loan.,,,4,Thông tin doanh nghiệp,/thong-tin-doanh-nghiep/,"BMI,C4G,DL1,FPT,GCF,GMD,HUT,IDC,ITD,MBB,MWG,PAC,PC1,PVD,PVS,SHB,SIP,STH,TIP,TV2,VGT"
HUT,384613,"PTM lên kế hoạch chia cổ tức 30% bằng tiền, Haxaco (HAX) có thể nhận về gần 50 tỷ đồng",,"(ĐTCK) CTCP Sản xuất, Thương mại và Dịch vụ ô tô PTM (mã chứng khoán PTM) vừa có dự thảo tài liệu họp Đại hội đồng cổ đông thường niên 2026, trong đó có tờ trình phương án phân phối lợi nhuận năm 2025, chia cổ tức 30% bằng tiền mặt.",1769762727,2026-01-30 15:45:27,1769762727,2026-01-30 15:45:27,https://www.tinnhanhchungkhoan.vn/ptm-len-ke-hoach-chia-co-tuc-30-bang-tien-haxaco-hax-co-the-nhan-ve-gan-50-ty-dong-post384613.html,/ptm-len-ke-hoach-chia-co-tuc-30-bang-tien-haxaco-hax-co-the-nhan-ve-gan-50-ty-dong-post384613.html,https://image.tinnhanhchungkhoan.vn/w200/Uploaded/2026/wpxlcdjwi/2022_06_01/dien-bien-thi-truong-bat-loi-haxaco-hoan-tang-von-8721.jpg,Haxaco (HAX) sắp nhận gần 50 tỷ đồng tiền cổ tức từ PTM,,,4,Thông tin doanh nghiệp,/thong-tin-doanh-nghiep/,"BMI,C4G,DL1,FPT,GCF,GMD,HUT,IDC,ITD,MBB,MWG,PAC,PC1,PVD,PVS,SHB,SIP,STH,TIP,TV2,VGT"
HUT,384611,"Năm 2025, MSB đạt lợi nhuận trước thuế hợp nhất 7.058 tỷ đồng",,"(ĐTCK) Tại ngày 31/12/2025, tổng tài sản hợp nhất của Ngân hàng TMCP Hàng Hải Việt Nam (MSB - sàn HOSE) đạt gần 408 nghìn tỷ đồng, tăng 27,3% so với thời điểm đầu năm. Động lực chính của sự tăng trưởng quy mô đến từ hoạt động tín dụng.",1769762700,2026-01-30 15:45:00,1769762700,2026-01-30 15:45:00,https://www.tinnhanhchungkhoan.vn/nam-2025-msb-dat-loi-nhuan-truoc-thue-hop-nhat-7058-ty-dong-post384611.html,/nam-2025-msb-dat-loi-nhuan-truoc-thue-hop-nhat-7058-ty-dong-post384611.html,https://image.tinnhanhchungkhoan.vn/w200/Uploaded/2026/pwvolcvo/2026_01_30/msb-6-7064-2022.jpg,,,,4,Thông tin doanh nghiệp,/thong-tin-doanh-nghiep/,"BMI,C4G,DL1,FPT,GCF,GMD,HUT,IDC,ITD,MBB,MWG,PAC,PC1,PVD,PVS,SHB,SIP,STH,TIP,TV2,VGT"
IDC,384814,Dịch vụ Phân phối Tổng hợp Dầu khí (PSD) vượt 40% mục tiêu lợi nhuận 2025,,"(ĐTCK) Năm 2025, CTCP Dịch vụ Phân phối Tổng hợp Dầu khí (Petrosetco Distribution, mã PSD) ghi nhận 143,1 tỷ đồng lợi nhuận sau thuế, tăng 73% so với năm trước và vượt 40% mục tiêu năm.",1770108462,2026-02-03 15:47:42,1770108462,2026-02-03 15:47:42,https://www.tinnhanhchungkhoan.vn/dich-vu-phan-phoi-tong-hop-dau-khi-psd-vuot-40-muc-tieu-loi-nhuan-2025-post384814.html,/dich-vu-phan-phoi-tong-hop-dau-khi-psd-vuot-40-muc-tieu-loi-nhuan-2025-post384814.html,https://image.tinnhanhchungkhoan.vn/w200/Uploaded/2026/xvrhgenatpx97/2026_02_03/492389603-1269083815221635-1856212450220482697-n-8553-4165.jpg,,,,4,Thông tin doanh nghiệp,/thong-tin-doanh-nghiep/,"BMI,C4G,DL1,FPT,GCF,GMD,HUT,IDC,ITD,MBB,MWG,PAC,PC1,PVD,PVS,SHB,SIP,STH,TIP,TV2,VGT"
IDC,384815,"Becamex IDC (BCM) chia cổ tức 11% bằng tiền mặt, lợi nhuận 2025 vượt hơn 42% kế hoạch",,"(ĐTCK) Ngày 13/2 tới đây, Tập đoàn Đầu tư và Phát triển Công nghiệp Becamex - CTCP (Becamex IDC, mã BCM - sàn HOSE) vừa thông báo về việc chia cổ tức năm 2024.",1770108203,2026-02-03 15:43:23,1770108203,2026-02-03 15:43:23,https://www.tinnhanhchungkhoan.vn/becamex-idc-bcm-chia-co-tuc-11-bang-tien-mat-loi-nhuan-2025-vuot-hon-42-ke-hoach-post384815.html,/becamex-idc-bcm-chia-co-tuc-11-bang-tien-mat-loi-nhuan-2025-vuot-hon-42-ke-hoach-post384815.html,https://image.tinnhanhchungkhoan.vn/w200/Uploaded/2026/ipuokbf/2025_02_06/becamex-idc-bcm-2233-7213.jpg,,,,4,Thông tin doanh nghiệp,/thong-tin-doanh-nghiep/,"BMI,C4G,DL1,FPT,GCF,GMD,HUT,IDC,ITD,MBB,MWG,PAC,PC1,PVD,PVS,SHB,SIP,STH,TIP,TV2,VGT"
IDC,384807,"EVNGENCO3 (PGV): Lợi nhuận sau thuế vượt 3.700 tỷ đồng, định giá cổ phiếu về vùng hấp dẫn",,(ĐTCK) Lợi nhuận năm 2025 của EVNGENCO3 (PGV) xác lập kỷ lục mới. Dòng tiền cải thiện cùng tỷ lệ nợ vay liên tục giảm nhiều năm là nền tảng quan trọng cho EVNGENCO3 trong giai đoạn mở rộng đầu tư sắp tới.,1770104233,2026-02-03 14:37:13,1770104233,2026-02-03 14:37:13,https://www.tinnhanhchungkhoan.vn/evngenco3-pgv-loi-nhuan-sau-thue-vuot-3700-ty-dong-dinh-gia-co-phieu-ve-vung-hap-dan-post384807.html,/evngenco3-pgv-loi-nhuan-sau-thue-vuot-3700-ty-dong-dinh-gia-co-phieu-ve-vung-hap-dan-post384807.html,https://image.tinnhanhchungkhoan.vn/w200/Uploaded/2026/bpikpjik/2022_01_26/evngenco3-4286.jpg,,,,4,Thông tin doanh nghiệp,/thong-tin-doanh-nghiep/,"BMI,C4G,DL1,FPT,GCF,GMD,HUT,IDC,ITD,MBB,MWG,PAC,PC1,PVD,PVS,SHB,SIP,STH,TIP,TV2,VGT"
IDC,384804,Doanh thu Sao Ta (FMC) giảm 21% ngay tháng đầu năm 2026,,"(ĐTCK) CTCP Thực phẩm Sao Ta (FMC) công bố tình hình hoạt động hợp nhất tháng 01/2026 với doanh thu đạt 20,4 triệu USD, giảm 21% so với cùng kỳ năm trước.",1770102267,2026-02-03 14:04:27,1770102267,2026-02-03 14:04:27,https://www.tinnhanhchungkhoan.vn/doanh-thu-sao-ta-fmc-giam-21-ngay-thang-dau-nam-2026-post384804.html,/doanh-thu-sao-ta-fmc-giam-21-ngay-thang-dau-nam-2026-post384804.html,https://image.tinnhanhchungkhoan.vn/w200/Uploaded/2026/xvrhgenatpx97/2023_01_16/fmc-9473.jpg,,,,4,Thông tin doanh nghiệp,/thong-tin-doanh-nghiep/,"BMI,C4G,DL1,FPT,GCF,GMD,HUT,IDC,ITD,MBB,MWG,PAC,PC1,PVD,PVS,SHB,SIP,STH,TIP,TV2,VGT"
IDC,384802,"Quý IV/2025, lợi nhuận sau thuế của Đạt Phương (DPG) tăng 46%",,"(ĐTCK) Mới đây, CTCP Tập đoàn Đạt Phương (mã DPG) công bố báo cáo tài chính quý IV/2025 cho thấy sự cải thiện về quy mô doanh thu và lợi nhuận.",1770091215,2026-02-03 11:00:15,1770091215,2026-02-03 11:00:15,https://www.tinnhanhchungkhoan.vn/quy-iv2025-loi-nhuan-sau-thue-cua-dat-phuong-dpg-tang-46-post384802.html,/quy-iv2025-loi-nhuan-sau-thue-cua-dat-phuong-dpg-tang-46-post384802.html,https://image.tinnhanhchungkhoan.vn/w200/Uploaded/2026/gtnwae/2026_02_03/1-7741-8171.jpg,,,,4,Thông tin doanh nghiệp,/thong-tin-doanh-nghiep/,"BMI,C4G,DL1,FPT,GCF,GMD,HUT,IDC,ITD,MBB,MWG,PAC,PC1,PVD,PVS,SHB,SIP,STH,TIP,TV2,VGT"
IDC,384799,Lợi nhuận Tổng công ty Tín Nghĩa (TID) giảm tới 99% trong quý IV/2025 khi phải hoàn trả cho Tỉnh uỷ Đồng Nai,,"(ĐTCK) Tổng công ty Tín Nghĩa (mã TID - UPCoM) ghi nhận lãi 1,8 tỷ đồng trong quý IV, luỹ kế cả năm 2025 ghi nhận lãi 762,13 tỷ đồng, hoàn thành 113,4% so với kế hoạch năm.",1770090820,2026-02-03 10:53:40,1770090820,2026-02-03 10:53:40,https://www.tinnhanhchungkhoan.vn/loi-nhuan-tong-cong-ty-tin-nghia-tid-giam-toi-99-trong-quy-iv2025-khi-phai-hoan-tra-cho-tinh-uy-dong-nai-post384799.html,/loi-nhuan-tong-cong-ty-tin-nghia-tid-giam-toi-99-trong-quy-iv2025-khi-phai-hoan-tra-cho-tinh-uy-dong-nai-post384799.html,https://image.tinnhanhchungkhoan.vn/w200/Uploaded/2026/lcgjikao/2026_02_03/01-906-8353.jpeg,,,,4,Thông tin doanh nghiệp,/thong-tin-doanh-nghiep/,"BMI,C4G,DL1,FPT,GCF,GMD,HUT,IDC,ITD,MBB,MWG,PAC,PC1,PVD,PVS,SHB,SIP,STH,TIP,TV2,VGT"
IDC,384779,"Gỗ An Cường (ACG) ghi nhận dòng tiền kinh doanh âm kỷ lục 408,56 tỷ đồng trong năm 2025",,"(ĐTCK) CTCP Gỗ An Cường (mã ACG - sàn HOSE) ghi nhận lãi 145,54 tỷ đồng trong quý IV, luỹ kế năm 2025 ghi nhận lãi 503,75 tỷ đồng, tăng 19,9% so với cùng kỳ năm trước.",1770077256,2026-02-03 07:07:36,1770077256,2026-02-03 07:07:36,https://www.tinnhanhchungkhoan.vn/go-an-cuong-acg-ghi-nhan-dong-tien-kinh-doanh-am-ky-luc-40856-ty-dong-trong-nam-2025-post384779.html,/go-an-cuong-acg-ghi-nhan-dong-tien-kinh-doanh-am-ky-luc-40856-ty-dong-trong-nam-2025-post384779.html,https://image.tinnhanhchungkhoan.vn/w200/Uploaded/2026/lcgjikao/2026_02_02/01-8702-1876.jpg,,,,4,Thông tin doanh nghiệp,/thong-tin-doanh-nghiep/,"BMI,C4G,DL1,FPT,GCF,GMD,HUT,IDC,ITD,MBB,MWG,PAC,PC1,PVD,PVS,SHB,SIP,STH,TIP,TV2,VGT"
IDC,384776,Searefico (SRF) thoát lỗ quý IV/2025 nhờ thu nhập khác tăng đột biến,,"(ĐTCK) Công ty cổ phần Searefico (mã SRF - sàn HOSE) ghi nhận lãi 15,71 tỷ đồng trong quý IV, luỹ kế cả năm 2025 lãi 22,18 tỷ đồng và đạt 56,9% kế hoạch năm.",1770077020,2026-02-03 07:03:40,1770077020,2026-02-03 07:03:40,https://www.tinnhanhchungkhoan.vn/searefico-srf-thoat-lo-quy-iv2025-nho-thu-nhap-khac-tang-dot-bien-post384776.html,/searefico-srf-thoat-lo-quy-iv2025-nho-thu-nhap-khac-tang-dot-bien-post384776.html,https://image.tinnhanhchungkhoan.vn/w200/Uploaded/2026/lcgjikao/2026_02_02/01-2954-71.jpg,,,,4,Thông tin doanh nghiệp,/thong-tin-doanh-nghiep/,"BMI,C4G,DL1,FPT,GCF,GMD,HUT,IDC,ITD,MBB,MWG,PAC,PC1,PVD,PVS,SHB,SIP,STH,TIP,TV2,VGT"
IDC,384774,"Thép Pomina (POM) lỗ thêm 838,2 tỷ đồng năm 2025, vốn chủ sở hữu âm hơn 623,6 tỷ đồng",,"(ĐTCK) CTCP Thép Pomina (mã POM) vừa công bố báo cáo tài chính năm 2025 với khoản lỗ sau thuế 838,2 tỷ đồng, đánh dấu năm thứ 4 liên tiếp doanh nghiệp thua lỗ, qua đó nâng lỗ lũy kế lên 3.485 tỷ đồng và khiến vốn chủ sở hữu tại thời điểm cuối năm âm hơn 623,6 tỷ đồng",1770076822,2026-02-03 07:00:22,1770076822,2026-02-03 07:00:22,https://www.tinnhanhchungkhoan.vn/thep-pomina-pom-lo-them-8382-ty-dong-nam-2025-von-chu-so-huu-am-hon-6236-ty-dong-post384774.html,/thep-pomina-pom-lo-them-8382-ty-dong-nam-2025-von-chu-so-huu-am-hon-6236-ty-dong-post384774.html,https://image.tinnhanhchungkhoan.vn/w200/Uploaded/2026/xvrhgenatpx97/2024_08_21/pom-5603.jpeg,,,,4,Thông tin doanh nghiệp,/thong-tin-doanh-nghiep/,"BMI,C4G,DL1,FPT,GCF,GMD,HUT,IDC,ITD,MBB,MWG,PAC,PC1,PVD,PVS,SHB,SIP,STH,TIP,TV2,VGT"
IDC,384773,PV Drilling (PVD) vượt 98% mục tiêu lợi nhuận năm 2025,,"(ĐTCK) Năm 2025, PV Drilling mang về 1.050,5 tỷ đồng lãi ròng, tăng 50,5% so với kết quả thực hiện năm 2024 và vượt 98% mục tiêu lợi nhuận cả năm.",1770076674,2026-02-03 06:57:54,1770076674,2026-02-03 06:57:54,https://www.tinnhanhchungkhoan.vn/pv-drilling-pvd-vuot-98-muc-tieu-loi-nhuan-nam-2025-post384773.html,/pv-drilling-pvd-vuot-98-muc-tieu-loi-nhuan-nam-2025-post384773.html,https://image.tinnhanhchungkhoan.vn/w200/Uploaded/2026/xvrhgenatpx97/2023_04_24/pvd-1871.jpeg,,,,4,Thông tin doanh nghiệp,/thong-tin-doanh-nghiep/,"BMI,C4G,DL1,FPT,GCF,GMD,HUT,IDC,ITD,MBB,MWG,PAC,PC1,PVD,PVS,SHB,SIP,STH,TIP,TV2,VGT"
IDC,384775,MB (MBB) dự kiến cán mốc vốn hóa 10 tỷ USD vào năm 2027,,"(ĐTCK) So với giai đoạn đầu năm 2017, tổng vốn hoá của Ngân hàng TMCP Quân Đội (MB - mã chứng khoán MBB) đến nay đã ghi nhận tăng 9,9 lần (tương đương khoảng 8,5 tỷ USD). Ông Lưu Trung Thái, Chủ tịch HĐQT MB cho biết, với tốc độ tăng trưởng như hiện nay, dự kiến sang năm 2027, tổng giá trị vốn hoá của MB có thể cán đến mốc 10 tỷ USD.",1770076595,2026-02-03 06:56:35,1770076595,2026-02-03 06:56:35,https://www.tinnhanhchungkhoan.vn/mb-mbb-du-kien-can-moc-von-hoa-10-ty-usd-vao-nam-2027-post384775.html,/mb-mbb-du-kien-can-moc-von-hoa-10-ty-usd-vao-nam-2027-post384775.html,https://image.tinnhanhchungkhoan.vn/w200/Uploaded/2026/ngobgt/2026_02_02/img-3950-1125-6297.jpeg,"Ông Lưu Trung Thái, Chủ tịch HĐQT Ngân hàng TMCP Quân Đội (MB) chủ trì hội nghị Nhà đầu tư.",,,4,Thông tin doanh nghiệp,/thong-tin-doanh-nghiep/,"BMI,C4G,DL1,FPT,GCF,GMD,HUT,IDC,ITD,MBB,MWG,PAC,PC1,PVD,PVS,SHB,SIP,STH,TIP,TV2,VGT"
IDC,384768,Chiến lược Go Global đang từng bước đóng góp vào tăng trưởng dài hạn của Masan Consumer (MCH),,"(ĐTCK) Trong suốt năm 2025, doanh thu quốc tế của Masan Consumer (HOSE: MCH) duy trì đà tăng trưởng tích cực và tiếp tục cải thiện trong quý gần nhất. Theo báo cáo kết quả kinh doanh, riêng kênh kinh doanh quốc tế tăng trưởng gần 27% trong năm 2025. Diễn biến này cho thấy chiến lược Go Global đang bắt đầu tạo đóng góp thực tế, thay vì chỉ dừng ở định hướng dài hạn.",1770026991,2026-02-02 17:09:51,1770029550,2026-02-02 17:52:30,https://www.tinnhanhchungkhoan.vn/chien-luoc-go-global-dang-tung-buoc-dong-gop-vao-tang-truong-dai-han-cua-masan-consumer-mch-post384768.html,/chien-luoc-go-global-dang-tung-buoc-dong-gop-vao-tang-truong-dai-han-cua-masan-consumer-mch-post384768.html,https://image.tinnhanhchungkhoan.vn/w200/Uploaded/2026/bpikpjik/2026_02_02/thuc-pham-tuoi-ngon-phong-phu-tai-sieu-thi-winmart-4053-77.jpeg,,,,4,Thông tin doanh nghiệp,/thong-tin-doanh-nghiep/,"BMI,C4G,DL1,FPT,GCF,GMD,HUT,IDC,ITD,MBB,MWG,PAC,PC1,PVD,PVS,SHB,SIP,STH,TIP,TV2,VGT"
IDC,384769,OCH vượt kế hoạch doanh thu và lợi nhuận năm 2025,,"(ĐTCK) Công ty cổ phần One Capital Hospitality (HNX: OCH) ghi nhận doanh thu cả năm 2025 đạt 1.188 tỷ đồng, lợi nhuận trước thuế 135,6 tỷ đồng, vượt kế hoạch được Đại hội đồng cổ đông (ĐHĐCĐ) đề ra.",1770026945,2026-02-02 17:09:05,1770026945,2026-02-02 17:09:05,https://www.tinnhanhchungkhoan.vn/och-vuot-ke-hoach-doanh-thu-va-loi-nhuan-nam-2025-post384769.html,/och-vuot-ke-hoach-doanh-thu-va-loi-nhuan-nam-2025-post384769.html,https://image.tinnhanhchungkhoan.vn/w200/Uploaded/2026/cqjwqcqdh/2025_10_30/och-8280-9602.jpg,,,,4,Thông tin doanh nghiệp,/thong-tin-doanh-nghiep/,"BMI,C4G,DL1,FPT,GCF,GMD,HUT,IDC,ITD,MBB,MWG,PAC,PC1,PVD,PVS,SHB,SIP,STH,TIP,TV2,VGT"
IDC,384765,"Cơ điện lạnh (REE) tạm ứng cổ tức 10% bằng tiền, lên lịch ĐHCĐ thường niên năm tài chính 2025",,"(ĐTCK) HĐQT CTCP Cơ điện lạnh (REE – sàn HOSE) vừa thông qua, ngày 27/2 tới đây sẽ thực hiện chốt danh sách cổ đông để tổ chức ĐHCĐ thường niên năm tài chính 2025 và tạm ứng cổ tức năm 2025.",1770026245,2026-02-02 16:57:25,1770026691,2026-02-02 17:04:51,https://www.tinnhanhchungkhoan.vn/co-dien-lanh-ree-tam-ung-co-tuc-10-bang-tien-len-lich-dhcd-thuong-nien-nam-tai-chinh-2025-post384765.html,/co-dien-lanh-ree-tam-ung-co-tuc-10-bang-tien-len-lich-dhcd-thuong-nien-nam-tai-chinh-2025-post384765.html,https://image.tinnhanhchungkhoan.vn/w200/Uploaded/2026/pigo/2020_09_30/cong-ty-co-phan-co-dien-lanh-bom-no-cham-trong-dau-tu-tai-chinh1590080990-3682.jpg,,,,4,Thông tin doanh nghiệp,/thong-tin-doanh-nghiep/,"BMI,C4G,DL1,FPT,GCF,GMD,HUT,IDC,ITD,MBB,MWG,PAC,PC1,PVD,PVS,SHB,SIP,STH,TIP,TV2,VGT"
IDC,384761,Vietbank (VBB): Bổ nhiệm Quyền Tổng giám đốc và một Phó tổng giám đốc,,"(ĐTCK) Ngân hàng TMCP Việt Nam Thương Tín (Vietbank, mã chứng khoán: VBB) vừa công bố quyết định kiện toàn nhân sự lãnh đạo cấp cao.",1770023282,2026-02-02 16:08:02,1770023282,2026-02-02 16:08:02,https://www.tinnhanhchungkhoan.vn/vietbank-vbb-bo-nhiem-quyen-tong-giam-doc-va-mot-pho-tong-giam-doc-post384761.html,/vietbank-vbb-bo-nhiem-quyen-tong-giam-doc-va-mot-pho-tong-giam-doc-post384761.html,https://image.tinnhanhchungkhoan.vn/w200/Uploaded/2026/bpcgdqvp/2026_02_02/vb2-3335-3688.jpg,Hội đồng Quản trị trao quyết định bổ nhiệm cho ông Lê Thanh Quý Ngọc - Quyền Tổng giám đốc và bà Trần Thị Ngọc Lý - Phó tổng giám đốc Vietbank,,,4,Thông tin doanh nghiệp,/thong-tin-doanh-nghiep/,"BMI,C4G,DL1,FPT,GCF,GMD,HUT,IDC,ITD,MBB,MWG,PAC,PC1,PVD,PVS,SHB,SIP,STH,TIP,TV2,VGT"
IDC,384752,"CDC Construction (CCC): Dòng tiền kinh doanh âm kỷ lục 335,17 tỷ đồng trong 9 tháng đầu niên độ 2025 - 2026",,"(ĐTCK) Công ty cổ phần Xây dựng CDC (CDC Construction, mã CCC - sàn HOSE) ghi nhận lãi 9,67 tỷ đồng trong quý III, luỹ kế 9 tháng trong niên độ 2025 - 2026 ghi nhận lãi 30,31 tỷ đồng, tăng 3,8% so với cùng kỳ và hoàn thành 64,1% kế hoạch năm.",1770022404,2026-02-02 15:53:24,1770022404,2026-02-02 15:53:24,https://www.tinnhanhchungkhoan.vn/cdc-construction-ccc-dong-tien-kinh-doanh-am-ky-luc-33517-ty-dong-trong-9-thang-dau-nien-do-2025-2026-post384752.html,/cdc-construction-ccc-dong-tien-kinh-doanh-am-ky-luc-33517-ty-dong-trong-9-thang-dau-nien-do-2025-2026-post384752.html,https://image.tinnhanhchungkhoan.vn/w200/Uploaded/2026/lcgjikao/2026_02_02/01-5399-2697.jpg,,,,4,Thông tin doanh nghiệp,/thong-tin-doanh-nghiep/,"BMI,C4G,DL1,FPT,GCF,GMD,HUT,IDC,ITD,MBB,MWG,PAC,PC1,PVD,PVS,SHB,SIP,STH,TIP,TV2,VGT"
IDC,384712,"Doanh thu cả năm vượt 37.000 tỷ đồng, Tasco (HUT) báo lãi gấp 2 lần năm trước",,"(ĐTCK) Năm 2025, Công ty Cổ phần Tasco (HNX: HUT) ghi nhận doanh thu 37.000 tỷ đồng, lợi nhuận sau thuế hơn 623 tỷ đồng, gấp 2 lần năm trước và cao nhất trong lịch sử hoạt động.",1770019201,2026-02-02 15:00:01,1770000938,2026-02-02 09:55:38,https://www.tinnhanhchungkhoan.vn/doanh-thu-ca-nam-vuot-37000-ty-dong-tasco-hut-bao-lai-gap-2-lan-nam-truoc-post384712.html,/doanh-thu-ca-nam-vuot-37000-ty-dong-tasco-hut-bao-lai-gap-2-lan-nam-truoc-post384712.html,https://image.tinnhanhchungkhoan.vn/w200/Uploaded/2026/xpwvotiv/2026_02_02/tasco-5092-7931.jpg,,,,4,Thông tin doanh nghiệp,/thong-tin-doanh-nghiep/,"BMI,C4G,DL1,FPT,GCF,GMD,HUT,IDC,ITD,MBB,MWG,PAC,PC1,PVD,PVS,SHB,SIP,STH,TIP,TV2,VGT"
IDC,384740,Quốc Cường Gia Lai (QCG) lãi đột biến quý IV/2025 nhờ thanh lý các khoản đầu tư,,"(ĐTCK) CTCP Quốc Cường Gia Lai (mã QCG - sàn HOSE) ghi nhận lãi 137,22 tỷ đồng trong quý IV, lũy kế năm 2025 lãi 171,28 tỷ đồng, tăng 109% so với năm 2024 và không hoàn thành kế hoạch năm.",1770016785,2026-02-02 14:19:45,1770016785,2026-02-02 14:19:45,https://www.tinnhanhchungkhoan.vn/quoc-cuong-gia-lai-qcg-lai-dot-bien-quy-iv2025-nho-thanh-ly-cac-khoan-dau-tu-post384740.html,/quoc-cuong-gia-lai-qcg-lai-dot-bien-quy-iv2025-nho-thanh-ly-cac-khoan-dau-tu-post384740.html,https://image.tinnhanhchungkhoan.vn/w200/Uploaded/2026/lcgjikao/2026_02_02/01-5700-5016.jpg,,,,4,Thông tin doanh nghiệp,/thong-tin-doanh-nghiep/,"BMI,C4G,DL1,FPT,GCF,GMD,HUT,IDC,ITD,MBB,MWG,PAC,PC1,PVD,PVS,SHB,SIP,STH,TIP,TV2,VGT"
IDC,384739,"Thuỷ điện Vĩnh Sơn - Sông Hinh (VSH) chốt quyền nhận cổ tức 10%, dự kiến họp ĐHCĐ 2026 cuối tháng 3",,"(ĐTCK) CTCP Thuỷ điện Vĩnh Sơn - Sông Hinh (mã VSH) mới thông báo, ngày 23/02 tới đây sẽ chốt danh sách cổ đông nhận cổ tức đợt 3/2025 và tham dự đại hội cổ đông năm 2026.",1770016761,2026-02-02 14:19:21,1770016761,2026-02-02 14:19:21,https://www.tinnhanhchungkhoan.vn/thuy-dien-vinh-son-song-hinh-vsh-chot-quyen-nhan-co-tuc-10-du-kien-hop-dhcd-2026-cuoi-thang-3-post384739.html,/thuy-dien-vinh-son-song-hinh-vsh-chot-quyen-nhan-co-tuc-10-du-kien-hop-dhcd-2026-cuoi-thang-3-post384739.html,https://image.tinnhanhchungkhoan.vn/w200/Uploaded/2026/xvrhgenatpx97/2024_10_24/vsh-8946.jpeg,,,,4,Thông tin doanh nghiệp,/thong-tin-doanh-nghiep/,"BMI,C4G,DL1,FPT,GCF,GMD,HUT,IDC,ITD,MBB,MWG,PAC,PC1,PVD,PVS,SHB,SIP,STH,TIP,TV2,VGT"
IDC,384741,VPS (VCK) được VASB vinh danh công ty chứng khoán đạt điểm thực hành ESG cao nhất,,"(ĐTCK) Công ty cổ phần Chứng khoán VPS (mã chứng khoán VCK) là một trong hai công ty chứng khoán được xếp hạng cao nhất trong chương trình chấm điểm thực hành ESG do Hiệp hội Chứng khoán Việt Nam (VASB) tổ chức, khẳng định cam kết mạnh mẽ của doanh nghiệp đối với phát triển bền vững theo chuẩn mực quốc tế.",1770016630,2026-02-02 14:17:10,1770343895,2026-02-06 09:11:35,https://www.tinnhanhchungkhoan.vn/vps-vck-duoc-vasb-vinh-danh-cong-ty-chung-khoan-dat-diem-thuc-hanh-esg-cao-nhat-post384741.html,/vps-vck-duoc-vasb-vinh-danh-cong-ty-chung-khoan-dat-diem-thuc-hanh-esg-cao-nhat-post384741.html,https://image.tinnhanhchungkhoan.vn/w200/Uploaded/2026/ipuokbf/2026_02_06/800x500-8825-6213.png,,,,4,Thông tin doanh nghiệp,/thong-tin-doanh-nghiep/,"BMI,C4G,DL1,FPT,GCF,GMD,HUT,IDC,ITD,MBB,MWG,PAC,PC1,PVD,PVS,SHB,SIP,STH,TIP,TV2,VGT"
IDC,384738,"Doanh thu năm 2025 của Vinamilk (VNM) đạt 63.724 tỷ đồng, cao nhất lịch sử Công ty",,"(ĐTCK)Tổng doanh thu hợp nhất quý IV/2025 của Công ty cổ phần Sữa Việt Nam (Vinamilk - mã VNM) đạt 17.045 tỷ đồng, tiếp tục lập đỉnh mới, tăng 10,1% so với cùng kỳ.",1770016538,2026-02-02 14:15:38,1770016538,2026-02-02 14:15:38,https://www.tinnhanhchungkhoan.vn/doanh-thu-nam-2025-cua-vinamilk-vnm-dat-63724-ty-dong-cao-nhat-lich-su-cong-ty-post384738.html,/doanh-thu-nam-2025-cua-vinamilk-vnm-dat-63724-ty-dong-cao-nhat-lich-su-cong-ty-post384738.html,https://image.tinnhanhchungkhoan.vn/w200/Uploaded/2026/unvjshu/2026_02_02/vnm-1723-4621.jpg,Đẩy mạnh các hoạt động xúc tiến thương mại giúp Vinamilk nâng cao hình ảnh và vị thế thương hiệu trên thị trường quốc tế. Ảnh: Vi Nam,,,4,Thông tin doanh nghiệp,/thong-tin-doanh-nghiep/,"BMI,C4G,DL1,FPT,GCF,GMD,HUT,IDC,ITD,MBB,MWG,PAC,PC1,PVD,PVS,SHB,SIP,STH,TIP,TV2,VGT"
IDC,384726,"Địa ốc Hoàng Quân (HQC) thoát lỗ quý IV/2025 nhờ hoạt động tài chính, thu hồi công nợ và hoàn nhập dự phòng",,"(ĐTCK) CTCP Tư vấn Thương mại Dịch vụ Địa ốc Hoàng Quân (mã HQC - sàn HOSE) ghi nhận lãi 55,08 tỷ đồng trong quý IV, luỹ kế cả năm 2025 lãi 73,21 tỷ đồng, tăng trưởng 116,8% và hoàn thành 104,6% kế hoạch năm.",1770006229,2026-02-02 11:23:49,1770006229,2026-02-02 11:23:49,https://www.tinnhanhchungkhoan.vn/dia-oc-hoang-quan-hqc-thoat-lo-quy-iv2025-nho-hoat-dong-tai-chinh-thu-hoi-cong-no-va-hoan-nhap-du-phong-post384726.html,/dia-oc-hoang-quan-hqc-thoat-lo-quy-iv2025-nho-hoat-dong-tai-chinh-thu-hoi-cong-no-va-hoan-nhap-du-phong-post384726.html,https://image.tinnhanhchungkhoan.vn/w200/Uploaded/2026/lcgjikao/2026_02_02/01-2382-9002.jpg,,,,4,Thông tin doanh nghiệp,/thong-tin-doanh-nghiep/,"BMI,C4G,DL1,FPT,GCF,GMD,HUT,IDC,ITD,MBB,MWG,PAC,PC1,PVD,PVS,SHB,SIP,STH,TIP,TV2,VGT"
IDC,384713,"Vietbank (VBB) đạt 1.532 tỷ đồng lợi nhuận trước thuế năm 2025, chuẩn bị niêm yết sàn HOSE",,"(ĐTCK) Năm 2025, Ngân hàng TMCP Việt Nam Thương Tín (Vietbank, mã chứng khoán VBB) ghi nhận lợi nhuận trước thuế hợp nhất đạt 1.532 tỷ đồng, tăng 35% so với năm 2024.",1769997537,2026-02-02 08:58:57,1769997537,2026-02-02 08:58:57,https://www.tinnhanhchungkhoan.vn/vietbank-vbb-dat-1532-ty-dong-loi-nhuan-truoc-thue-nam-2025-chuan-bi-niem-yet-san-hose-post384713.html,/vietbank-vbb-dat-1532-ty-dong-loi-nhuan-truoc-thue-nam-2025-chuan-bi-niem-yet-san-hose-post384713.html,https://image.tinnhanhchungkhoan.vn/w200/Uploaded/2026/bpcgdqvp/2023_09_20/vietbank-527.jpg,,,,4,Thông tin doanh nghiệp,/thong-tin-doanh-nghiep/,"BMI,C4G,DL1,FPT,GCF,GMD,HUT,IDC,ITD,MBB,MWG,PAC,PC1,PVD,PVS,SHB,SIP,STH,TIP,TV2,VGT"
IDC,384684,Đầu tư Thương mại SMC (SMC) ghi nhận lãi đột biến trở lại trong quý IV/2025 nhờ thanh lý tài sản và hoàn nhập dự phòng,,"(ĐTCK) Công ty cổ phần Đầu tư Thương mại SMC (mã SMC - sàn HOSE) ghi nhận lãi 343,95 tỷ đồng trong quý IV, luỹ kế cả năm 2025 lãi 185,07 tỷ đồng và hoàn thành tới 616,9% kế hoạch năm.",1769990120,2026-02-02 06:55:20,1769961336,2026-02-01 22:55:36,https://www.tinnhanhchungkhoan.vn/dau-tu-thuong-mai-smc-smc-ghi-nhan-lai-dot-bien-tro-lai-trong-quy-iv2025-nho-thanh-ly-tai-san-va-hoan-nhap-du-phong-post384684.html,/dau-tu-thuong-mai-smc-smc-ghi-nhan-lai-dot-bien-tro-lai-trong-quy-iv2025-nho-thanh-ly-tai-san-va-hoan-nhap-du-phong-post384684.html,https://image.tinnhanhchungkhoan.vn/w200/Uploaded/2026/lcgjikao/2026_02_01/01-150-4789.jpg,,,,4,Thông tin doanh nghiệp,/thong-tin-doanh-nghiep/,"BMI,C4G,DL1,FPT,GCF,GMD,HUT,IDC,ITD,MBB,MWG,PAC,PC1,PVD,PVS,SHB,SIP,STH,TIP,TV2,VGT"
IDC,384666,"Lợi nhuận Hoa Sen (HSG) giảm 62,3% trong quý I niên độ tài chính 2025 - 2026",,(ĐTCK) Công ty cổ phần Tập đoàn Hoa Sen (mã HSG - sàn HOSE) ghi nhận doanh thu và lợi nhuận đi lùi trong quý I niên độ tài chính 2025 – 2026 và có dấu hiệu tăng trích trữ tồn kho.,1769916063,2026-02-01 10:21:03,1769916063,2026-02-01 10:21:03,https://www.tinnhanhchungkhoan.vn/loi-nhuan-hoa-sen-hsg-giam-623-trong-quy-i-nien-do-tai-chinh-2025-2026-post384666.html,/loi-nhuan-hoa-sen-hsg-giam-623-trong-quy-i-nien-do-tai-chinh-2025-2026-post384666.html,https://image.tinnhanhchungkhoan.vn/w200/Uploaded/2026/lcgjikao/2026_02_01/01-8398-4117.jpg,,,,4,Thông tin doanh nghiệp,/thong-tin-doanh-nghiep/,"BMI,C4G,DL1,FPT,GCF,GMD,HUT,IDC,ITD,MBB,MWG,PAC,PC1,PVD,PVS,SHB,SIP,STH,TIP,TV2,VGT"
IDC,384656,"Thép Nam Kim (NKG) lỗ 9,34 tỷ đồng trong quý IV/2025, đánh dấu lỗ trở lại sau 10 quý",,"(ĐTCK) CTCP Thép Nam Kim (mã NKG - sàn HOSE) ghi nhận lỗ 9,34 tỷ đồng trong quý IV, luỹ kế năm 2025 lãi 197,19 tỷ đồng, giảm 56,55% và không hoàn thành kế hoạch năm.",1769915573,2026-02-01 10:12:53,1769915573,2026-02-01 10:12:53,https://www.tinnhanhchungkhoan.vn/thep-nam-kim-nkg-lo-934-ty-dong-trong-quy-iv2025-danh-dau-lo-tro-lai-sau-10-quy-post384656.html,/thep-nam-kim-nkg-lo-934-ty-dong-trong-quy-iv2025-danh-dau-lo-tro-lai-sau-10-quy-post384656.html,https://image.tinnhanhchungkhoan.vn/w200/Uploaded/2026/lcgjikao/2026_02_01/01-3530-7692.jpg,,,,4,Thông tin doanh nghiệp,/thong-tin-doanh-nghiep/,"BMI,C4G,DL1,FPT,GCF,GMD,HUT,IDC,ITD,MBB,MWG,PAC,PC1,PVD,PVS,SHB,SIP,STH,TIP,TV2,VGT"
IDC,384655,L40 đấu giá thành công quyền khai thác 415.000 m3 cát tại Quảng Nam,,"(ĐTCK) CTCP Đầu tư và Xây dựng 40 (L40) đã đấu giá thành công quyền khai thác bãi cát tại dự án nạo vét khơi thông dòng sông Cổ Cò (phường Điện Bàn Đông, Thành phố Đà Nẵng) với giá trúng đấu giá gần 60 tỷ đồng. Dự kiến L40 sẽ gia tăng lợi nhuận mảng vật liệu xây dựng năm 2026.",1769909966,2026-02-01 08:39:26,1769909966,2026-02-01 08:39:26,https://www.tinnhanhchungkhoan.vn/l40-dau-gia-thanh-cong-quyen-khai-thac-415000-m3-cat-tai-quang-nam-post384655.html,/l40-dau-gia-thanh-cong-quyen-khai-thac-415000-m3-cat-tai-quang-nam-post384655.html,https://image.tinnhanhchungkhoan.vn/w200/Uploaded/2026/ipuokbf/2026_02_01/song-co-co-copy-8566-1916.jpg,,,,4,Thông tin doanh nghiệp,/thong-tin-doanh-nghiep/,"BMI,C4G,DL1,FPT,GCF,GMD,HUT,IDC,ITD,MBB,MWG,PAC,PC1,PVD,PVS,SHB,SIP,STH,TIP,TV2,VGT"
IDC,384654,"Gilimex (GIL) ghi nhận dòng tiền âm kỷ lục 677,5 tỷ đồng trong năm 2025",,"(ĐTCK) CTCP Sản xuất Kinh doanh Xuất nhập khẩu Bình Thạnh (Gilimex, mã GIL - sàn HOSE) ghi nhận lãi 138,19 tỷ đồng trong quý IV, luỹ kế cả năm 2025 lãi 35,64 tỷ đồng, tăng 29% so với cùng kỳ và chỉ đạt 23,8% kế hoạch năm.",1769909653,2026-02-01 08:34:13,1769909653,2026-02-01 08:34:13,https://www.tinnhanhchungkhoan.vn/gilimex-gil-ghi-nhan-dong-tien-am-ky-luc-6775-ty-dong-trong-nam-2025-post384654.html,/gilimex-gil-ghi-nhan-dong-tien-am-ky-luc-6775-ty-dong-trong-nam-2025-post384654.html,https://image.tinnhanhchungkhoan.vn/w200/Uploaded/2026/lcgjikao/2026_01_31/01-3473-8010.jpg,,,,4,Thông tin doanh nghiệp,/thong-tin-doanh-nghiep/,"BMI,C4G,DL1,FPT,GCF,GMD,HUT,IDC,ITD,MBB,MWG,PAC,PC1,PVD,PVS,SHB,SIP,STH,TIP,TV2,VGT"
IDC,384648,Văn Phú (VPI) vượt chỉ tiêu lợi nhuận năm 2025,,"(ĐTCK) Dòng tiền thu được từ các dự án gồm Vlasta - Thủy Nguyên (Hải Phòng), Yên Phong (Bắc Ninh), TT39-40 (Hà Nội) , Dự án Song Khê - Nội Hoàng - (Bắc Ninh) giúp Công ty cổ phần Phát triển bất động sản Văn Phú (mã chứng khoán: VPI) kết thúc quý IV/2025 với lợi nhuận sau thuế ở mức 132 tỷ đồng, qua đó, thực hiện 112% chỉ tiêu lợi nhuận năm 2025 đã được các cổ đông thông qua tại cuộc họp ĐHĐCĐ thường niên.",1769837990,2026-01-31 12:39:50,1769837990,2026-01-31 12:39:50,https://www.tinnhanhchungkhoan.vn/van-phu-vpi-vuot-chi-tieu-loi-nhuan-nam-2025-post384648.html,/van-phu-vpi-vuot-chi-tieu-loi-nhuan-nam-2025-post384648.html,https://image.tinnhanhchungkhoan.vn/w200/Uploaded/2026/ipuokbf/2026_01_31/vpi-vlasta-phu-thuan-2958-8443.jpg,Dự án Vlasta Premier – Phú Thuận,,,4,Thông tin doanh nghiệp,/thong-tin-doanh-nghiep/,"BMI,C4G,DL1,FPT,GCF,GMD,HUT,IDC,ITD,MBB,MWG,PAC,PC1,PVD,PVS,SHB,SIP,STH,TIP,TV2,VGT"
IDC,384635,"Vinasun (VNS): Lợi nhuận năm 2025 đạt hơn 38 tỷ đồng, giảm 54,5%",,"(ĐTCK) Công ty cổ phần Ánh Dương Việt Nam (Vinasun, mã VNS - sàn HOSE) ghi nhận lãi 4,94 tỷ đồng trong quý IV, luỹ kế năm 2025 lãi 38,29 tỷ đồng, giảm 54,5% so với cùng kỳ và chỉ hoàn thành 71,4% kế hoạch năm.",1769825682,2026-01-31 09:14:42,1769825682,2026-01-31 09:14:42,https://www.tinnhanhchungkhoan.vn/vinasun-vns-loi-nhuan-nam-2025-dat-hon-38-ty-dong-giam-545-post384635.html,/vinasun-vns-loi-nhuan-nam-2025-dat-hon-38-ty-dong-giam-545-post384635.html,https://image.tinnhanhchungkhoan.vn/w200/Uploaded/2026/lcgjikao/2026_01_31/01-5716-1382.jpg,,,,4,Thông tin doanh nghiệp,/thong-tin-doanh-nghiep/,"BMI,C4G,DL1,FPT,GCF,GMD,HUT,IDC,ITD,MBB,MWG,PAC,PC1,PVD,PVS,SHB,SIP,STH,TIP,TV2,VGT"
IDC,384631,DIC Corp (DIG): Lãi đột biến quý IV/2025 nhờ bán một phần dự án Đại Phước,,"(ĐTCK) Tổng CTCP Đầu tư Phát triển Xây dựng (DIC Corp, mã DIG - sàn HOSE) ghi nhận lãi 423,99 tỷ đồng trong quý IV, luỹ kế năm 2025 lãi 623,95 tỷ đồng, tăng 509,2% so với cùng kỳ.",1769817644,2026-01-31 07:00:44,1769789831,2026-01-30 23:17:11,https://www.tinnhanhchungkhoan.vn/dic-corp-dig-lai-dot-bien-quy-iv2025-nho-ban-mot-phan-du-an-dai-phuoc-post384631.html,/dic-corp-dig-lai-dot-bien-quy-iv2025-nho-ban-mot-phan-du-an-dai-phuoc-post384631.html,https://image.tinnhanhchungkhoan.vn/w200/Uploaded/2026/lcgjikao/2026_01_30/01-5560-947.jpg,,,,4,Thông tin doanh nghiệp,/thong-tin-doanh-nghiep/,"BMI,C4G,DL1,FPT,GCF,GMD,HUT,IDC,ITD,MBB,MWG,PAC,PC1,PVD,PVS,SHB,SIP,STH,TIP,TV2,VGT"
IDC,384633,"Năm 2025, YeaH1 (YEG) ghi nhận lợi nhuận sau thuế đạt 80,3 tỷ đồng",,"(ĐTCK) Trước nhiều biến động của thị trường chung năm 2025, YeaH1 ghi nhận doanh thu thuần đạt 1.653 tỷ đồng, tăng 61% so với cùng kỳ và vượt 27% so với kế hoạch năm.",1769816733,2026-01-31 06:45:33,1769789740,2026-01-30 23:15:40,https://www.tinnhanhchungkhoan.vn/nam-2025-yeah1-yeg-ghi-nhan-loi-nhuan-sau-thue-dat-803-ty-dong-post384633.html,/nam-2025-yeah1-yeg-ghi-nhan-loi-nhuan-sau-thue-dat-803-ty-dong-post384633.html,https://image.tinnhanhchungkhoan.vn/w200/Uploaded/2026/bpcpcwvo/2026_01_30/yeg-concert-5715-7796.png,,,,4,Thông tin doanh nghiệp,/thong-tin-doanh-nghiep/,"BMI,C4G,DL1,FPT,GCF,GMD,HUT,IDC,ITD,MBB,MWG,PAC,PC1,PVD,PVS,SHB,SIP,STH,TIP,TV2,VGT"
IDC,384629,Eximbank (EIB) báo lãi trước thuế hơn 1.500 tỷ đồng trong năm 2025,,"(ĐTCK) Tổng lợi nhuận trước thuế của Eximbank trong năm 2025 đạt 1.511,7 tỷ đồng, chỉ đạt 29,12% kế hoạch năm.",1769771854,2026-01-30 18:17:34,1769779108,2026-01-30 20:18:28,https://www.tinnhanhchungkhoan.vn/eximbank-eib-bao-lai-truoc-thue-hon-1500-ty-dong-trong-nam-2025-post384629.html,/eximbank-eib-bao-lai-truoc-thue-hon-1500-ty-dong-trong-nam-2025-post384629.html,https://image.tinnhanhchungkhoan.vn/w200/Uploaded/2026/bpcgdqvp/2026_01_30/eib-594-5150.jpg,,,,4,Thông tin doanh nghiệp,/thong-tin-doanh-nghiep/,"BMI,C4G,DL1,FPT,GCF,GMD,HUT,IDC,ITD,MBB,MWG,PAC,PC1,PVD,PVS,SHB,SIP,STH,TIP,TV2,VGT"
IDC,384628,"Giữa “tâm bão” ngành chăn nuôi, BAF nỗ lực giữ biên lợi nhuận",,"(ĐTCK) Giữa bối cảnh giá lợn hơi lao dốc, BAF Việt Nam nổi bật với chiến lược tối ưu chi phí sản xuất, giá vốn giảm 14,2% tương đương khoảng 700 tỷ đồng, giúp lợi nhuận gộp giữ đà tăng 14,7%. Song song, doanh nghiệp chủ động mở rộng quy mô, đẩy nhanh tiến độ dự án chăn nuôi công nghệ cao nhà cao tầng và tập trung nghiên cứu, lai tạo giống heo năng suất cao, tăng sức chống chịu dịch bệnh, tạo nền tảng bứt phá cho giai đoạn 2026 - 2030.",1769769063,2026-01-30 17:31:03,1769769063,2026-01-30 17:31:03,https://www.tinnhanhchungkhoan.vn/giua-tam-bao-nganh-chan-nuoi-baf-no-luc-giu-bien-loi-nhuan-post384628.html,/giua-tam-bao-nganh-chan-nuoi-baf-no-luc-giu-bien-loi-nhuan-post384628.html,https://image.tinnhanhchungkhoan.vn/w200/Uploaded/2026/bpikpjik/2026_01_30/baf-9294-5858.jpg,,,,4,Thông tin doanh nghiệp,/thong-tin-doanh-nghiep/,"BMI,C4G,DL1,FPT,GCF,GMD,HUT,IDC,ITD,MBB,MWG,PAC,PC1,PVD,PVS,SHB,SIP,STH,TIP,TV2,VGT"
IDC,384618,"Khang Điền (KDH): Lợi nhuận 2025 vượt 63% kế hoạch, đạt hơn 1.633 tỷ đồng, mở rộng tăng trưởng trong 2026",,"(ĐTCK) Công ty cổ phần Đầu tư và Kinh doanh Nhà Khang Điền (mã chứng khoán KDH) vừa công bố báo cáo tài chính năm 2025, ghi nhận doanh thu hợp nhất tăng trưởng 16% và lợi nhuận sau thuế tăng gấp đôi so với cùng kỳ năm, vượt xa kế hoạch đề ra.",1769768553,2026-01-30 17:22:33,1769768553,2026-01-30 17:22:33,https://www.tinnhanhchungkhoan.vn/khang-dien-kdh-loi-nhuan-2025-vuot-63-ke-hoach-dat-hon-1633-ty-dong-mo-rong-tang-truong-trong-2026-post384618.html,/khang-dien-kdh-loi-nhuan-2025-vuot-63-ke-hoach-dat-hon-1633-ty-dong-mo-rong-tang-truong-trong-2026-post384618.html,https://image.tinnhanhchungkhoan.vn/w200/Uploaded/2026/djshp/2026_01_25/2-992-368.jpg,"Mới đây, Khang Điền đã động thổ khu cao tầng Gladia by the Waters gồm hơn 600 căn hộ, dự kiến bàn giao quý IV/2027.",,,4,Thông tin doanh nghiệp,/thong-tin-doanh-nghiep/,"BMI,C4G,DL1,FPT,GCF,GMD,HUT,IDC,ITD,MBB,MWG,PAC,PC1,PVD,PVS,SHB,SIP,STH,TIP,TV2,VGT"
IDC,384620,"TTC Land (SCR) đạt lợi nhuận sau thuế 67,38 tỷ đồng trong năm 2025",,"(ĐTCK) CTCP Địa ốc Sài Gòn Thương Tín (TTC Land, mã SCR - sàn HOSE) ghi nhận lợi nhuận sau thuế 33,47 tỷ đồng trong quý IV, luỹ kế năm 2025 lãi 67,38 tỷ đồng, tăng hơn 14,85 lần so với cùng kỳ.",1769763442,2026-01-30 15:57:22,1769763442,2026-01-30 15:57:22,https://www.tinnhanhchungkhoan.vn/ttc-land-scr-dat-loi-nhuan-sau-thue-6738-ty-dong-trong-nam-2025-post384620.html,/ttc-land-scr-dat-loi-nhuan-sau-thue-6738-ty-dong-trong-nam-2025-post384620.html,https://image.tinnhanhchungkhoan.vn/w200/Uploaded/2026/lcgjikao/2026_01_30/01-8713-3228.jpeg,,,,4,Thông tin doanh nghiệp,/thong-tin-doanh-nghiep/,"BMI,C4G,DL1,FPT,GCF,GMD,HUT,IDC,ITD,MBB,MWG,PAC,PC1,PVD,PVS,SHB,SIP,STH,TIP,TV2,VGT"
IDC,384615,"Lợi nhuận trước thuế năm 2025 của OCB đạt 5.046 tỷ đồng, tăng gần 26%",,"(ĐTCK) Theo báo cáo tài chính quý IV vừa được Ngân hàng Phương Đông (mã CK: OCB) công bố, lợi nhuận trước thuế năm 2025 đạt mức 5.046 tỷ đồng, tăng 25,9% so với năm 2024.",1769762805,2026-01-30 15:46:45,1769768157,2026-01-30 17:15:57,https://www.tinnhanhchungkhoan.vn/loi-nhuan-truoc-thue-nam-2025-cua-ocb-dat-5046-ty-dong-tang-gan-26-post384615.html,/loi-nhuan-truoc-thue-nam-2025-cua-ocb-dat-5046-ty-dong-tang-gan-26-post384615.html,https://image.tinnhanhchungkhoan.vn/w200/Uploaded/2026/bpcgdqvp/2024_01_30/ocb-3903.jpg,,,,4,Thông tin doanh nghiệp,/thong-tin-doanh-nghiep/,"BMI,C4G,DL1,FPT,GCF,GMD,HUT,IDC,ITD,MBB,MWG,PAC,PC1,PVD,PVS,SHB,SIP,STH,TIP,TV2,VGT"
IDC,384614,Hạ tầng GELEX (GEL) phê duyệt khoản vay 200 triệu USD vốn quốc tế,,"(ĐTCK) CTCP Hạ tầng GELEX (mã GEL - sàn HOSE) vừa công bố nghị quyết hội đồng quản trị về việc phê duyệt khoản vay nước ngoài trị giá 200 triệu USD, trong đó HSBC đóng vai trò là ngân hàng thu xếp chính duy nhất kiêm điều phối sổ.",1769762776,2026-01-30 15:46:16,1769779705,2026-01-30 20:28:25,https://www.tinnhanhchungkhoan.vn/ha-tang-gelex-gel-phe-duyet-khoan-vay-200-trieu-usd-von-quoc-te-post384614.html,/ha-tang-gelex-gel-phe-duyet-khoan-vay-200-trieu-usd-von-quoc-te-post384614.html,https://image.tinnhanhchungkhoan.vn/w200/Uploaded/2026/lcgjikao/2026_01_30/02-4078-873.jpg,Hạ tầng GELEX đã làm việc với hơn 30 ngân hàng và tổ chức tài chính tại Singapore và Đài Loan.,,,4,Thông tin doanh nghiệp,/thong-tin-doanh-nghiep/,"BMI,C4G,DL1,FPT,GCF,GMD,HUT,IDC,ITD,MBB,MWG,PAC,PC1,PVD,PVS,SHB,SIP,STH,TIP,TV2,VGT"
IDC,384613,"PTM lên kế hoạch chia cổ tức 30% bằng tiền, Haxaco (HAX) có thể nhận về gần 50 tỷ đồng",,"(ĐTCK) CTCP Sản xuất, Thương mại và Dịch vụ ô tô PTM (mã chứng khoán PTM) vừa có dự thảo tài liệu họp Đại hội đồng cổ đông thường niên 2026, trong đó có tờ trình phương án phân phối lợi nhuận năm 2025, chia cổ tức 30% bằng tiền mặt.",1769762727,2026-01-30 15:45:27,1769762727,2026-01-30 15:45:27,https://www.tinnhanhchungkhoan.vn/ptm-len-ke-hoach-chia-co-tuc-30-bang-tien-haxaco-hax-co-the-nhan-ve-gan-50-ty-dong-post384613.html,/ptm-len-ke-hoach-chia-co-tuc-30-bang-tien-haxaco-hax-co-the-nhan-ve-gan-50-ty-dong-post384613.html,https://image.tinnhanhchungkhoan.vn/w200/Uploaded/2026/wpxlcdjwi/2022_06_01/dien-bien-thi-truong-bat-loi-haxaco-hoan-tang-von-8721.jpg,Haxaco (HAX) sắp nhận gần 50 tỷ đồng tiền cổ tức từ PTM,,,4,Thông tin doanh nghiệp,/thong-tin-doanh-nghiep/,"BMI,C4G,DL1,FPT,GCF,GMD,HUT,IDC,ITD,MBB,MWG,PAC,PC1,PVD,PVS,SHB,SIP,STH,TIP,TV2,VGT"
IDC,384611,"Năm 2025, MSB đạt lợi nhuận trước thuế hợp nhất 7.058 tỷ đồng",,"(ĐTCK) Tại ngày 31/12/2025, tổng tài sản hợp nhất của Ngân hàng TMCP Hàng Hải Việt Nam (MSB - sàn HOSE) đạt gần 408 nghìn tỷ đồng, tăng 27,3% so với thời điểm đầu năm. Động lực chính của sự tăng trưởng quy mô đến từ hoạt động tín dụng.",1769762700,2026-01-30 15:45:00,1769762700,2026-01-30 15:45:00,https://www.tinnhanhchungkhoan.vn/nam-2025-msb-dat-loi-nhuan-truoc-thue-hop-nhat-7058-ty-dong-post384611.html,/nam-2025-msb-dat-loi-nhuan-truoc-thue-hop-nhat-7058-ty-dong-post384611.html,https://image.tinnhanhchungkhoan.vn/w200/Uploaded/2026/pwvolcvo/2026_01_30/msb-6-7064-2022.jpg,,,,4,Thông tin doanh nghiệp,/thong-tin-doanh-nghiep/,"BMI,C4G,DL1,FPT,GCF,GMD,HUT,IDC,ITD,MBB,MWG,PAC,PC1,PVD,PVS,SHB,SIP,STH,TIP,TV2,VGT"
ITD,384814,Dịch vụ Phân phối Tổng hợp Dầu khí (PSD) vượt 40% mục tiêu lợi nhuận 2025,,"(ĐTCK) Năm 2025, CTCP Dịch vụ Phân phối Tổng hợp Dầu khí (Petrosetco Distribution, mã PSD) ghi nhận 143,1 tỷ đồng lợi nhuận sau thuế, tăng 73% so với năm trước và vượt 40% mục tiêu năm.",1770108462,2026-02-03 15:47:42,1770108462,2026-02-03 15:47:42,https://www.tinnhanhchungkhoan.vn/dich-vu-phan-phoi-tong-hop-dau-khi-psd-vuot-40-muc-tieu-loi-nhuan-2025-post384814.html,/dich-vu-phan-phoi-tong-hop-dau-khi-psd-vuot-40-muc-tieu-loi-nhuan-2025-post384814.html,https://image.tinnhanhchungkhoan.vn/w200/Uploaded/2026/xvrhgenatpx97/2026_02_03/492389603-1269083815221635-1856212450220482697-n-8553-4165.jpg,,,,4,Thông tin doanh nghiệp,/thong-tin-doanh-nghiep/,"BMI,C4G,DL1,FPT,GCF,GMD,HUT,IDC,ITD,MBB,MWG,PAC,PC1,PVD,PVS,SHB,SIP,STH,TIP,TV2,VGT"
ITD,384814,Dịch vụ Phân phối Tổng hợp Dầu khí (PSD) vượt 40% mục tiêu lợi nhuận 2025,,"(ĐTCK) Năm 2025, CTCP Dịch vụ Phân phối Tổng hợp Dầu khí (Petrosetco Distribution, mã PSD) ghi nhận 143,1 tỷ đồng lợi nhuận sau thuế, tăng 73% so với năm trước và vượt 40% mục tiêu năm.",1770108462,2026-02-03 15:47:42,1770108462,2026-02-03 15:47:42,https://www.tinnhanhchungkhoan.vn/dich-vu-phan-phoi-tong-hop-dau-khi-psd-vuot-40-muc-tieu-loi-nhuan-2025-post384814.html,/dich-vu-phan-phoi-tong-hop-dau-khi-psd-vuot-40-muc-tieu-loi-nhuan-2025-post384814.html,https://image.tinnhanhchungkhoan.vn/w200/Uploaded/2026/xvrhgenatpx97/2026_02_03/492389603-1269083815221635-1856212450220482697-n-8553-4165.jpg,,,,4,Thông tin doanh nghiệp,/thong-tin-doanh-nghiep/,"BMI,C4G,DL1,FPT,GCF,GMD,HUT,IDC,ITD,MBB,MWG,PAC,PC1,PVD,PVS,SHB,SIP,STH,TIP,TV2,VGT"
ITD,384815,"Becamex IDC (BCM) chia cổ tức 11% bằng tiền mặt, lợi nhuận 2025 vượt hơn 42% kế hoạch",,"(ĐTCK) Ngày 13/2 tới đây, Tập đoàn Đầu tư và Phát triển Công nghiệp Becamex - CTCP (Becamex IDC, mã BCM - sàn HOSE) vừa thông báo về việc chia cổ tức năm 2024.",1770108203,2026-02-03 15:43:23,1770108203,2026-02-03 15:43:23,https://www.tinnhanhchungkhoan.vn/becamex-idc-bcm-chia-co-tuc-11-bang-tien-mat-loi-nhuan-2025-vuot-hon-42-ke-hoach-post384815.html,/becamex-idc-bcm-chia-co-tuc-11-bang-tien-mat-loi-nhuan-2025-vuot-hon-42-ke-hoach-post384815.html,https://image.tinnhanhchungkhoan.vn/w200/Uploaded/2026/ipuokbf/2025_02_06/becamex-idc-bcm-2233-7213.jpg,,,,4,Thông tin doanh nghiệp,/thong-tin-doanh-nghiep/,"BMI,C4G,DL1,FPT,GCF,GMD,HUT,IDC,ITD,MBB,MWG,PAC,PC1,PVD,PVS,SHB,SIP,STH,TIP,TV2,VGT"
ITD,384815,"Becamex IDC (BCM) chia cổ tức 11% bằng tiền mặt, lợi nhuận 2025 vượt hơn 42% kế hoạch",,"(ĐTCK) Ngày 13/2 tới đây, Tập đoàn Đầu tư và Phát triển Công nghiệp Becamex - CTCP (Becamex IDC, mã BCM - sàn HOSE) vừa thông báo về việc chia cổ tức năm 2024.",1770108203,2026-02-03 15:43:23,1770108203,2026-02-03 15:43:23,https://www.tinnhanhchungkhoan.vn/becamex-idc-bcm-chia-co-tuc-11-bang-tien-mat-loi-nhuan-2025-vuot-hon-42-ke-hoach-post384815.html,/becamex-idc-bcm-chia-co-tuc-11-bang-tien-mat-loi-nhuan-2025-vuot-hon-42-ke-hoach-post384815.html,https://image.tinnhanhchungkhoan.vn/w200/Uploaded/2026/ipuokbf/2025_02_06/becamex-idc-bcm-2233-7213.jpg,,,,4,Thông tin doanh nghiệp,/thong-tin-doanh-nghiep/,"BMI,C4G,DL1,FPT,GCF,GMD,HUT,IDC,ITD,MBB,MWG,PAC,PC1,PVD,PVS,SHB,SIP,STH,TIP,TV2,VGT"
ITD,384807,"EVNGENCO3 (PGV): Lợi nhuận sau thuế vượt 3.700 tỷ đồng, định giá cổ phiếu về vùng hấp dẫn",,(ĐTCK) Lợi nhuận năm 2025 của EVNGENCO3 (PGV) xác lập kỷ lục mới. Dòng tiền cải thiện cùng tỷ lệ nợ vay liên tục giảm nhiều năm là nền tảng quan trọng cho EVNGENCO3 trong giai đoạn mở rộng đầu tư sắp tới.,1770104233,2026-02-03 14:37:13,1770104233,2026-02-03 14:37:13,https://www.tinnhanhchungkhoan.vn/evngenco3-pgv-loi-nhuan-sau-thue-vuot-3700-ty-dong-dinh-gia-co-phieu-ve-vung-hap-dan-post384807.html,/evngenco3-pgv-loi-nhuan-sau-thue-vuot-3700-ty-dong-dinh-gia-co-phieu-ve-vung-hap-dan-post384807.html,https://image.tinnhanhchungkhoan.vn/w200/Uploaded/2026/bpikpjik/2022_01_26/evngenco3-4286.jpg,,,,4,Thông tin doanh nghiệp,/thong-tin-doanh-nghiep/,"BMI,C4G,DL1,FPT,GCF,GMD,HUT,IDC,ITD,MBB,MWG,PAC,PC1,PVD,PVS,SHB,SIP,STH,TIP,TV2,VGT"
ITD,384807,"EVNGENCO3 (PGV): Lợi nhuận sau thuế vượt 3.700 tỷ đồng, định giá cổ phiếu về vùng hấp dẫn",,(ĐTCK) Lợi nhuận năm 2025 của EVNGENCO3 (PGV) xác lập kỷ lục mới. Dòng tiền cải thiện cùng tỷ lệ nợ vay liên tục giảm nhiều năm là nền tảng quan trọng cho EVNGENCO3 trong giai đoạn mở rộng đầu tư sắp tới.,1770104233,2026-02-03 14:37:13,1770104233,2026-02-03 14:37:13,https://www.tinnhanhchungkhoan.vn/evngenco3-pgv-loi-nhuan-sau-thue-vuot-3700-ty-dong-dinh-gia-co-phieu-ve-vung-hap-dan-post384807.html,/evngenco3-pgv-loi-nhuan-sau-thue-vuot-3700-ty-dong-dinh-gia-co-phieu-ve-vung-hap-dan-post384807.html,https://image.tinnhanhchungkhoan.vn/w200/Uploaded/2026/bpikpjik/2022_01_26/evngenco3-4286.jpg,,,,4,Thông tin doanh nghiệp,/thong-tin-doanh-nghiep/,"BMI,C4G,DL1,FPT,GCF,GMD,HUT,IDC,ITD,MBB,MWG,PAC,PC1,PVD,PVS,SHB,SIP,STH,TIP,TV2,VGT"
ITD,384804,Doanh thu Sao Ta (FMC) giảm 21% ngay tháng đầu năm 2026,,"(ĐTCK) CTCP Thực phẩm Sao Ta (FMC) công bố tình hình hoạt động hợp nhất tháng 01/2026 với doanh thu đạt 20,4 triệu USD, giảm 21% so với cùng kỳ năm trước.",1770102267,2026-02-03 14:04:27,1770102267,2026-02-03 14:04:27,https://www.tinnhanhchungkhoan.vn/doanh-thu-sao-ta-fmc-giam-21-ngay-thang-dau-nam-2026-post384804.html,/doanh-thu-sao-ta-fmc-giam-21-ngay-thang-dau-nam-2026-post384804.html,https://image.tinnhanhchungkhoan.vn/w200/Uploaded/2026/xvrhgenatpx97/2023_01_16/fmc-9473.jpg,,,,4,Thông tin doanh nghiệp,/thong-tin-doanh-nghiep/,"BMI,C4G,DL1,FPT,GCF,GMD,HUT,IDC,ITD,MBB,MWG,PAC,PC1,PVD,PVS,SHB,SIP,STH,TIP,TV2,VGT"
ITD,384804,Doanh thu Sao Ta (FMC) giảm 21% ngay tháng đầu năm 2026,,"(ĐTCK) CTCP Thực phẩm Sao Ta (FMC) công bố tình hình hoạt động hợp nhất tháng 01/2026 với doanh thu đạt 20,4 triệu USD, giảm 21% so với cùng kỳ năm trước.",1770102267,2026-02-03 14:04:27,1770102267,2026-02-03 14:04:27,https://www.tinnhanhchungkhoan.vn/doanh-thu-sao-ta-fmc-giam-21-ngay-thang-dau-nam-2026-post384804.html,/doanh-thu-sao-ta-fmc-giam-21-ngay-thang-dau-nam-2026-post384804.html,https://image.tinnhanhchungkhoan.vn/w200/Uploaded/2026/xvrhgenatpx97/2023_01_16/fmc-9473.jpg,,,,4,Thông tin doanh nghiệp,/thong-tin-doanh-nghiep/,"BMI,C4G,DL1,FPT,GCF,GMD,HUT,IDC,ITD,MBB,MWG,PAC,PC1,PVD,PVS,SHB,SIP,STH,TIP,TV2,VGT"
ITD,384802,"Quý IV/2025, lợi nhuận sau thuế của Đạt Phương (DPG) tăng 46%",,"(ĐTCK) Mới đây, CTCP Tập đoàn Đạt Phương (mã DPG) công bố báo cáo tài chính quý IV/2025 cho thấy sự cải thiện về quy mô doanh thu và lợi nhuận.",1770091215,2026-02-03 11:00:15,1770091215,2026-02-03 11:00:15,https://www.tinnhanhchungkhoan.vn/quy-iv2025-loi-nhuan-sau-thue-cua-dat-phuong-dpg-tang-46-post384802.html,/quy-iv2025-loi-nhuan-sau-thue-cua-dat-phuong-dpg-tang-46-post384802.html,https://image.tinnhanhchungkhoan.vn/w200/Uploaded/2026/gtnwae/2026_02_03/1-7741-8171.jpg,,,,4,Thông tin doanh nghiệp,/thong-tin-doanh-nghiep/,"BMI,C4G,DL1,FPT,GCF,GMD,HUT,IDC,ITD,MBB,MWG,PAC,PC1,PVD,PVS,SHB,SIP,STH,TIP,TV2,VGT"
ITD,384802,"Quý IV/2025, lợi nhuận sau thuế của Đạt Phương (DPG) tăng 46%",,"(ĐTCK) Mới đây, CTCP Tập đoàn Đạt Phương (mã DPG) công bố báo cáo tài chính quý IV/2025 cho thấy sự cải thiện về quy mô doanh thu và lợi nhuận.",1770091215,2026-02-03 11:00:15,1770091215,2026-02-03 11:00:15,https://www.tinnhanhchungkhoan.vn/quy-iv2025-loi-nhuan-sau-thue-cua-dat-phuong-dpg-tang-46-post384802.html,/quy-iv2025-loi-nhuan-sau-thue-cua-dat-phuong-dpg-tang-46-post384802.html,https://image.tinnhanhchungkhoan.vn/w200/Uploaded/2026/gtnwae/2026_02_03/1-7741-8171.jpg,,,,4,Thông tin doanh nghiệp,/thong-tin-doanh-nghiep/,"BMI,C4G,DL1,FPT,GCF,GMD,HUT,IDC,ITD,MBB,MWG,PAC,PC1,PVD,PVS,SHB,SIP,STH,TIP,TV2,VGT"
ITD,384799,Lợi nhuận Tổng công ty Tín Nghĩa (TID) giảm tới 99% trong quý IV/2025 khi phải hoàn trả cho Tỉnh uỷ Đồng Nai,,"(ĐTCK) Tổng công ty Tín Nghĩa (mã TID - UPCoM) ghi nhận lãi 1,8 tỷ đồng trong quý IV, luỹ kế cả năm 2025 ghi nhận lãi 762,13 tỷ đồng, hoàn thành 113,4% so với kế hoạch năm.",1770090820,2026-02-03 10:53:40,1770090820,2026-02-03 10:53:40,https://www.tinnhanhchungkhoan.vn/loi-nhuan-tong-cong-ty-tin-nghia-tid-giam-toi-99-trong-quy-iv2025-khi-phai-hoan-tra-cho-tinh-uy-dong-nai-post384799.html,/loi-nhuan-tong-cong-ty-tin-nghia-tid-giam-toi-99-trong-quy-iv2025-khi-phai-hoan-tra-cho-tinh-uy-dong-nai-post384799.html,https://image.tinnhanhchungkhoan.vn/w200/Uploaded/2026/lcgjikao/2026_02_03/01-906-8353.jpeg,,,,4,Thông tin doanh nghiệp,/thong-tin-doanh-nghiep/,"BMI,C4G,DL1,FPT,GCF,GMD,HUT,IDC,ITD,MBB,MWG,PAC,PC1,PVD,PVS,SHB,SIP,STH,TIP,TV2,VGT"
ITD,384799,Lợi nhuận Tổng công ty Tín Nghĩa (TID) giảm tới 99% trong quý IV/2025 khi phải hoàn trả cho Tỉnh uỷ Đồng Nai,,"(ĐTCK) Tổng công ty Tín Nghĩa (mã TID - UPCoM) ghi nhận lãi 1,8 tỷ đồng trong quý IV, luỹ kế cả năm 2025 ghi nhận lãi 762,13 tỷ đồng, hoàn thành 113,4% so với kế hoạch năm.",1770090820,2026-02-03 10:53:40,1770090820,2026-02-03 10:53:40,https://www.tinnhanhchungkhoan.vn/loi-nhuan-tong-cong-ty-tin-nghia-tid-giam-toi-99-trong-quy-iv2025-khi-phai-hoan-tra-cho-tinh-uy-dong-nai-post384799.html,/loi-nhuan-tong-cong-ty-tin-nghia-tid-giam-toi-99-trong-quy-iv2025-khi-phai-hoan-tra-cho-tinh-uy-dong-nai-post384799.html,https://image.tinnhanhchungkhoan.vn/w200/Uploaded/2026/lcgjikao/2026_02_03/01-906-8353.jpeg,,,,4,Thông tin doanh nghiệp,/thong-tin-doanh-nghiep/,"BMI,C4G,DL1,FPT,GCF,GMD,HUT,IDC,ITD,MBB,MWG,PAC,PC1,PVD,PVS,SHB,SIP,STH,TIP,TV2,VGT"
ITD,384779,"Gỗ An Cường (ACG) ghi nhận dòng tiền kinh doanh âm kỷ lục 408,56 tỷ đồng trong năm 2025",,"(ĐTCK) CTCP Gỗ An Cường (mã ACG - sàn HOSE) ghi nhận lãi 145,54 tỷ đồng trong quý IV, luỹ kế năm 2025 ghi nhận lãi 503,75 tỷ đồng, tăng 19,9% so với cùng kỳ năm trước.",1770077256,2026-02-03 07:07:36,1770077256,2026-02-03 07:07:36,https://www.tinnhanhchungkhoan.vn/go-an-cuong-acg-ghi-nhan-dong-tien-kinh-doanh-am-ky-luc-40856-ty-dong-trong-nam-2025-post384779.html,/go-an-cuong-acg-ghi-nhan-dong-tien-kinh-doanh-am-ky-luc-40856-ty-dong-trong-nam-2025-post384779.html,https://image.tinnhanhchungkhoan.vn/w200/Uploaded/2026/lcgjikao/2026_02_02/01-8702-1876.jpg,,,,4,Thông tin doanh nghiệp,/thong-tin-doanh-nghiep/,"BMI,C4G,DL1,FPT,GCF,GMD,HUT,IDC,ITD,MBB,MWG,PAC,PC1,PVD,PVS,SHB,SIP,STH,TIP,TV2,VGT"
ITD,384779,"Gỗ An Cường (ACG) ghi nhận dòng tiền kinh doanh âm kỷ lục 408,56 tỷ đồng trong năm 2025",,"(ĐTCK) CTCP Gỗ An Cường (mã ACG - sàn HOSE) ghi nhận lãi 145,54 tỷ đồng trong quý IV, luỹ kế năm 2025 ghi nhận lãi 503,75 tỷ đồng, tăng 19,9% so với cùng kỳ năm trước.",1770077256,2026-02-03 07:07:36,1770077256,2026-02-03 07:07:36,https://www.tinnhanhchungkhoan.vn/go-an-cuong-acg-ghi-nhan-dong-tien-kinh-doanh-am-ky-luc-40856-ty-dong-trong-nam-2025-post384779.html,/go-an-cuong-acg-ghi-nhan-dong-tien-kinh-doanh-am-ky-luc-40856-ty-dong-trong-nam-2025-post384779.html,https://image.tinnhanhchungkhoan.vn/w200/Uploaded/2026/lcgjikao/2026_02_02/01-8702-1876.jpg,,,,4,Thông tin doanh nghiệp,/thong-tin-doanh-nghiep/,"BMI,C4G,DL1,FPT,GCF,GMD,HUT,IDC,ITD,MBB,MWG,PAC,PC1,PVD,PVS,SHB,SIP,STH,TIP,TV2,VGT"
ITD,384776,Searefico (SRF) thoát lỗ quý IV/2025 nhờ thu nhập khác tăng đột biến,,"(ĐTCK) Công ty cổ phần Searefico (mã SRF - sàn HOSE) ghi nhận lãi 15,71 tỷ đồng trong quý IV, luỹ kế cả năm 2025 lãi 22,18 tỷ đồng và đạt 56,9% kế hoạch năm.",1770077020,2026-02-03 07:03:40,1770077020,2026-02-03 07:03:40,https://www.tinnhanhchungkhoan.vn/searefico-srf-thoat-lo-quy-iv2025-nho-thu-nhap-khac-tang-dot-bien-post384776.html,/searefico-srf-thoat-lo-quy-iv2025-nho-thu-nhap-khac-tang-dot-bien-post384776.html,https://image.tinnhanhchungkhoan.vn/w200/Uploaded/2026/lcgjikao/2026_02_02/01-2954-71.jpg,,,,4,Thông tin doanh nghiệp,/thong-tin-doanh-nghiep/,"BMI,C4G,DL1,FPT,GCF,GMD,HUT,IDC,ITD,MBB,MWG,PAC,PC1,PVD,PVS,SHB,SIP,STH,TIP,TV2,VGT"
ITD,384776,Searefico (SRF) thoát lỗ quý IV/2025 nhờ thu nhập khác tăng đột biến,,"(ĐTCK) Công ty cổ phần Searefico (mã SRF - sàn HOSE) ghi nhận lãi 15,71 tỷ đồng trong quý IV, luỹ kế cả năm 2025 lãi 22,18 tỷ đồng và đạt 56,9% kế hoạch năm.",1770077020,2026-02-03 07:03:40,1770077020,2026-02-03 07:03:40,https://www.tinnhanhchungkhoan.vn/searefico-srf-thoat-lo-quy-iv2025-nho-thu-nhap-khac-tang-dot-bien-post384776.html,/searefico-srf-thoat-lo-quy-iv2025-nho-thu-nhap-khac-tang-dot-bien-post384776.html,https://image.tinnhanhchungkhoan.vn/w200/Uploaded/2026/lcgjikao/2026_02_02/01-2954-71.jpg,,,,4,Thông tin doanh nghiệp,/thong-tin-doanh-nghiep/,"BMI,C4G,DL1,FPT,GCF,GMD,HUT,IDC,ITD,MBB,MWG,PAC,PC1,PVD,PVS,SHB,SIP,STH,TIP,TV2,VGT"
ITD,384774,"Thép Pomina (POM) lỗ thêm 838,2 tỷ đồng năm 2025, vốn chủ sở hữu âm hơn 623,6 tỷ đồng",,"(ĐTCK) CTCP Thép Pomina (mã POM) vừa công bố báo cáo tài chính năm 2025 với khoản lỗ sau thuế 838,2 tỷ đồng, đánh dấu năm thứ 4 liên tiếp doanh nghiệp thua lỗ, qua đó nâng lỗ lũy kế lên 3.485 tỷ đồng và khiến vốn chủ sở hữu tại thời điểm cuối năm âm hơn 623,6 tỷ đồng",1770076822,2026-02-03 07:00:22,1770076822,2026-02-03 07:00:22,https://www.tinnhanhchungkhoan.vn/thep-pomina-pom-lo-them-8382-ty-dong-nam-2025-von-chu-so-huu-am-hon-6236-ty-dong-post384774.html,/thep-pomina-pom-lo-them-8382-ty-dong-nam-2025-von-chu-so-huu-am-hon-6236-ty-dong-post384774.html,https://image.tinnhanhchungkhoan.vn/w200/Uploaded/2026/xvrhgenatpx97/2024_08_21/pom-5603.jpeg,,,,4,Thông tin doanh nghiệp,/thong-tin-doanh-nghiep/,"BMI,C4G,DL1,FPT,GCF,GMD,HUT,IDC,ITD,MBB,MWG,PAC,PC1,PVD,PVS,SHB,SIP,STH,TIP,TV2,VGT"
ITD,384774,"Thép Pomina (POM) lỗ thêm 838,2 tỷ đồng năm 2025, vốn chủ sở hữu âm hơn 623,6 tỷ đồng",,"(ĐTCK) CTCP Thép Pomina (mã POM) vừa công bố báo cáo tài chính năm 2025 với khoản lỗ sau thuế 838,2 tỷ đồng, đánh dấu năm thứ 4 liên tiếp doanh nghiệp thua lỗ, qua đó nâng lỗ lũy kế lên 3.485 tỷ đồng và khiến vốn chủ sở hữu tại thời điểm cuối năm âm hơn 623,6 tỷ đồng",1770076822,2026-02-03 07:00:22,1770076822,2026-02-03 07:00:22,https://www.tinnhanhchungkhoan.vn/thep-pomina-pom-lo-them-8382-ty-dong-nam-2025-von-chu-so-huu-am-hon-6236-ty-dong-post384774.html,/thep-pomina-pom-lo-them-8382-ty-dong-nam-2025-von-chu-so-huu-am-hon-6236-ty-dong-post384774.html,https://image.tinnhanhchungkhoan.vn/w200/Uploaded/2026/xvrhgenatpx97/2024_08_21/pom-5603.jpeg,,,,4,Thông tin doanh nghiệp,/thong-tin-doanh-nghiep/,"BMI,C4G,DL1,FPT,GCF,GMD,HUT,IDC,ITD,MBB,MWG,PAC,PC1,PVD,PVS,SHB,SIP,STH,TIP,TV2,VGT"
ITD,384773,PV Drilling (PVD) vượt 98% mục tiêu lợi nhuận năm 2025,,"(ĐTCK) Năm 2025, PV Drilling mang về 1.050,5 tỷ đồng lãi ròng, tăng 50,5% so với kết quả thực hiện năm 2024 và vượt 98% mục tiêu lợi nhuận cả năm.",1770076674,2026-02-03 06:57:54,1770076674,2026-02-03 06:57:54,https://www.tinnhanhchungkhoan.vn/pv-drilling-pvd-vuot-98-muc-tieu-loi-nhuan-nam-2025-post384773.html,/pv-drilling-pvd-vuot-98-muc-tieu-loi-nhuan-nam-2025-post384773.html,https://image.tinnhanhchungkhoan.vn/w200/Uploaded/2026/xvrhgenatpx97/2023_04_24/pvd-1871.jpeg,,,,4,Thông tin doanh nghiệp,/thong-tin-doanh-nghiep/,"BMI,C4G,DL1,FPT,GCF,GMD,HUT,IDC,ITD,MBB,MWG,PAC,PC1,PVD,PVS,SHB,SIP,STH,TIP,TV2,VGT"
ITD,384773,PV Drilling (PVD) vượt 98% mục tiêu lợi nhuận năm 2025,,"(ĐTCK) Năm 2025, PV Drilling mang về 1.050,5 tỷ đồng lãi ròng, tăng 50,5% so với kết quả thực hiện năm 2024 và vượt 98% mục tiêu lợi nhuận cả năm.",1770076674,2026-02-03 06:57:54,1770076674,2026-02-03 06:57:54,https://www.tinnhanhchungkhoan.vn/pv-drilling-pvd-vuot-98-muc-tieu-loi-nhuan-nam-2025-post384773.html,/pv-drilling-pvd-vuot-98-muc-tieu-loi-nhuan-nam-2025-post384773.html,https://image.tinnhanhchungkhoan.vn/w200/Uploaded/2026/xvrhgenatpx97/2023_04_24/pvd-1871.jpeg,,,,4,Thông tin doanh nghiệp,/thong-tin-doanh-nghiep/,"BMI,C4G,DL1,FPT,GCF,GMD,HUT,IDC,ITD,MBB,MWG,PAC,PC1,PVD,PVS,SHB,SIP,STH,TIP,TV2,VGT"
ITD,384775,MB (MBB) dự kiến cán mốc vốn hóa 10 tỷ USD vào năm 2027,,"(ĐTCK) So với giai đoạn đầu năm 2017, tổng vốn hoá của Ngân hàng TMCP Quân Đội (MB - mã chứng khoán MBB) đến nay đã ghi nhận tăng 9,9 lần (tương đương khoảng 8,5 tỷ USD). Ông Lưu Trung Thái, Chủ tịch HĐQT MB cho biết, với tốc độ tăng trưởng như hiện nay, dự kiến sang năm 2027, tổng giá trị vốn hoá của MB có thể cán đến mốc 10 tỷ USD.",1770076595,2026-02-03 06:56:35,1770076595,2026-02-03 06:56:35,https://www.tinnhanhchungkhoan.vn/mb-mbb-du-kien-can-moc-von-hoa-10-ty-usd-vao-nam-2027-post384775.html,/mb-mbb-du-kien-can-moc-von-hoa-10-ty-usd-vao-nam-2027-post384775.html,https://image.tinnhanhchungkhoan.vn/w200/Uploaded/2026/ngobgt/2026_02_02/img-3950-1125-6297.jpeg,"Ông Lưu Trung Thái, Chủ tịch HĐQT Ngân hàng TMCP Quân Đội (MB) chủ trì hội nghị Nhà đầu tư.",,,4,Thông tin doanh nghiệp,/thong-tin-doanh-nghiep/,"BMI,C4G,DL1,FPT,GCF,GMD,HUT,IDC,ITD,MBB,MWG,PAC,PC1,PVD,PVS,SHB,SIP,STH,TIP,TV2,VGT"
ITD,384775,MB (MBB) dự kiến cán mốc vốn hóa 10 tỷ USD vào năm 2027,,"(ĐTCK) So với giai đoạn đầu năm 2017, tổng vốn hoá của Ngân hàng TMCP Quân Đội (MB - mã chứng khoán MBB) đến nay đã ghi nhận tăng 9,9 lần (tương đương khoảng 8,5 tỷ USD). Ông Lưu Trung Thái, Chủ tịch HĐQT MB cho biết, với tốc độ tăng trưởng như hiện nay, dự kiến sang năm 2027, tổng giá trị vốn hoá của MB có thể cán đến mốc 10 tỷ USD.",1770076595,2026-02-03 06:56:35,1770076595,2026-02-03 06:56:35,https://www.tinnhanhchungkhoan.vn/mb-mbb-du-kien-can-moc-von-hoa-10-ty-usd-vao-nam-2027-post384775.html,/mb-mbb-du-kien-can-moc-von-hoa-10-ty-usd-vao-nam-2027-post384775.html,https://image.tinnhanhchungkhoan.vn/w200/Uploaded/2026/ngobgt/2026_02_02/img-3950-1125-6297.jpeg,"Ông Lưu Trung Thái, Chủ tịch HĐQT Ngân hàng TMCP Quân Đội (MB) chủ trì hội nghị Nhà đầu tư.",,,4,Thông tin doanh nghiệp,/thong-tin-doanh-nghiep/,"BMI,C4G,DL1,FPT,GCF,GMD,HUT,IDC,ITD,MBB,MWG,PAC,PC1,PVD,PVS,SHB,SIP,STH,TIP,TV2,VGT"
ITD,384768,Chiến lược Go Global đang từng bước đóng góp vào tăng trưởng dài hạn của Masan Consumer (MCH),,"(ĐTCK) Trong suốt năm 2025, doanh thu quốc tế của Masan Consumer (HOSE: MCH) duy trì đà tăng trưởng tích cực và tiếp tục cải thiện trong quý gần nhất. Theo báo cáo kết quả kinh doanh, riêng kênh kinh doanh quốc tế tăng trưởng gần 27% trong năm 2025. Diễn biến này cho thấy chiến lược Go Global đang bắt đầu tạo đóng góp thực tế, thay vì chỉ dừng ở định hướng dài hạn.",1770026991,2026-02-02 17:09:51,1770029550,2026-02-02 17:52:30,https://www.tinnhanhchungkhoan.vn/chien-luoc-go-global-dang-tung-buoc-dong-gop-vao-tang-truong-dai-han-cua-masan-consumer-mch-post384768.html,/chien-luoc-go-global-dang-tung-buoc-dong-gop-vao-tang-truong-dai-han-cua-masan-consumer-mch-post384768.html,https://image.tinnhanhchungkhoan.vn/w200/Uploaded/2026/bpikpjik/2026_02_02/thuc-pham-tuoi-ngon-phong-phu-tai-sieu-thi-winmart-4053-77.jpeg,,,,4,Thông tin doanh nghiệp,/thong-tin-doanh-nghiep/,"BMI,C4G,DL1,FPT,GCF,GMD,HUT,IDC,ITD,MBB,MWG,PAC,PC1,PVD,PVS,SHB,SIP,STH,TIP,TV2,VGT"
ITD,384768,Chiến lược Go Global đang từng bước đóng góp vào tăng trưởng dài hạn của Masan Consumer (MCH),,"(ĐTCK) Trong suốt năm 2025, doanh thu quốc tế của Masan Consumer (HOSE: MCH) duy trì đà tăng trưởng tích cực và tiếp tục cải thiện trong quý gần nhất. Theo báo cáo kết quả kinh doanh, riêng kênh kinh doanh quốc tế tăng trưởng gần 27% trong năm 2025. Diễn biến này cho thấy chiến lược Go Global đang bắt đầu tạo đóng góp thực tế, thay vì chỉ dừng ở định hướng dài hạn.",1770026991,2026-02-02 17:09:51,1770029550,2026-02-02 17:52:30,https://www.tinnhanhchungkhoan.vn/chien-luoc-go-global-dang-tung-buoc-dong-gop-vao-tang-truong-dai-han-cua-masan-consumer-mch-post384768.html,/chien-luoc-go-global-dang-tung-buoc-dong-gop-vao-tang-truong-dai-han-cua-masan-consumer-mch-post384768.html,https://image.tinnhanhchungkhoan.vn/w200/Uploaded/2026/bpikpjik/2026_02_02/thuc-pham-tuoi-ngon-phong-phu-tai-sieu-thi-winmart-4053-77.jpeg,,,,4,Thông tin doanh nghiệp,/thong-tin-doanh-nghiep/,"BMI,C4G,DL1,FPT,GCF,GMD,HUT,IDC,ITD,MBB,MWG,PAC,PC1,PVD,PVS,SHB,SIP,STH,TIP,TV2,VGT"
ITD,384769,OCH vượt kế hoạch doanh thu và lợi nhuận năm 2025,,"(ĐTCK) Công ty cổ phần One Capital Hospitality (HNX: OCH) ghi nhận doanh thu cả năm 2025 đạt 1.188 tỷ đồng, lợi nhuận trước thuế 135,6 tỷ đồng, vượt kế hoạch được Đại hội đồng cổ đông (ĐHĐCĐ) đề ra.",1770026945,2026-02-02 17:09:05,1770026945,2026-02-02 17:09:05,https://www.tinnhanhchungkhoan.vn/och-vuot-ke-hoach-doanh-thu-va-loi-nhuan-nam-2025-post384769.html,/och-vuot-ke-hoach-doanh-thu-va-loi-nhuan-nam-2025-post384769.html,https://image.tinnhanhchungkhoan.vn/w200/Uploaded/2026/cqjwqcqdh/2025_10_30/och-8280-9602.jpg,,,,4,Thông tin doanh nghiệp,/thong-tin-doanh-nghiep/,"BMI,C4G,DL1,FPT,GCF,GMD,HUT,IDC,ITD,MBB,MWG,PAC,PC1,PVD,PVS,SHB,SIP,STH,TIP,TV2,VGT"
ITD,384769,OCH vượt kế hoạch doanh thu và lợi nhuận năm 2025,,"(ĐTCK) Công ty cổ phần One Capital Hospitality (HNX: OCH) ghi nhận doanh thu cả năm 2025 đạt 1.188 tỷ đồng, lợi nhuận trước thuế 135,6 tỷ đồng, vượt kế hoạch được Đại hội đồng cổ đông (ĐHĐCĐ) đề ra.",1770026945,2026-02-02 17:09:05,1770026945,2026-02-02 17:09:05,https://www.tinnhanhchungkhoan.vn/och-vuot-ke-hoach-doanh-thu-va-loi-nhuan-nam-2025-post384769.html,/och-vuot-ke-hoach-doanh-thu-va-loi-nhuan-nam-2025-post384769.html,https://image.tinnhanhchungkhoan.vn/w200/Uploaded/2026/cqjwqcqdh/2025_10_30/och-8280-9602.jpg,,,,4,Thông tin doanh nghiệp,/thong-tin-doanh-nghiep/,"BMI,C4G,DL1,FPT,GCF,GMD,HUT,IDC,ITD,MBB,MWG,PAC,PC1,PVD,PVS,SHB,SIP,STH,TIP,TV2,VGT"
ITD,384765,"Cơ điện lạnh (REE) tạm ứng cổ tức 10% bằng tiền, lên lịch ĐHCĐ thường niên năm tài chính 2025",,"(ĐTCK) HĐQT CTCP Cơ điện lạnh (REE – sàn HOSE) vừa thông qua, ngày 27/2 tới đây sẽ thực hiện chốt danh sách cổ đông để tổ chức ĐHCĐ thường niên năm tài chính 2025 và tạm ứng cổ tức năm 2025.",1770026245,2026-02-02 16:57:25,1770026691,2026-02-02 17:04:51,https://www.tinnhanhchungkhoan.vn/co-dien-lanh-ree-tam-ung-co-tuc-10-bang-tien-len-lich-dhcd-thuong-nien-nam-tai-chinh-2025-post384765.html,/co-dien-lanh-ree-tam-ung-co-tuc-10-bang-tien-len-lich-dhcd-thuong-nien-nam-tai-chinh-2025-post384765.html,https://image.tinnhanhchungkhoan.vn/w200/Uploaded/2026/pigo/2020_09_30/cong-ty-co-phan-co-dien-lanh-bom-no-cham-trong-dau-tu-tai-chinh1590080990-3682.jpg,,,,4,Thông tin doanh nghiệp,/thong-tin-doanh-nghiep/,"BMI,C4G,DL1,FPT,GCF,GMD,HUT,IDC,ITD,MBB,MWG,PAC,PC1,PVD,PVS,SHB,SIP,STH,TIP,TV2,VGT"
ITD,384765,"Cơ điện lạnh (REE) tạm ứng cổ tức 10% bằng tiền, lên lịch ĐHCĐ thường niên năm tài chính 2025",,"(ĐTCK) HĐQT CTCP Cơ điện lạnh (REE – sàn HOSE) vừa thông qua, ngày 27/2 tới đây sẽ thực hiện chốt danh sách cổ đông để tổ chức ĐHCĐ thường niên năm tài chính 2025 và tạm ứng cổ tức năm 2025.",1770026245,2026-02-02 16:57:25,1770026691,2026-02-02 17:04:51,https://www.tinnhanhchungkhoan.vn/co-dien-lanh-ree-tam-ung-co-tuc-10-bang-tien-len-lich-dhcd-thuong-nien-nam-tai-chinh-2025-post384765.html,/co-dien-lanh-ree-tam-ung-co-tuc-10-bang-tien-len-lich-dhcd-thuong-nien-nam-tai-chinh-2025-post384765.html,https://image.tinnhanhchungkhoan.vn/w200/Uploaded/2026/pigo/2020_09_30/cong-ty-co-phan-co-dien-lanh-bom-no-cham-trong-dau-tu-tai-chinh1590080990-3682.jpg,,,,4,Thông tin doanh nghiệp,/thong-tin-doanh-nghiep/,"BMI,C4G,DL1,FPT,GCF,GMD,HUT,IDC,ITD,MBB,MWG,PAC,PC1,PVD,PVS,SHB,SIP,STH,TIP,TV2,VGT"
ITD,384761,Vietbank (VBB): Bổ nhiệm Quyền Tổng giám đốc và một Phó tổng giám đốc,,"(ĐTCK) Ngân hàng TMCP Việt Nam Thương Tín (Vietbank, mã chứng khoán: VBB) vừa công bố quyết định kiện toàn nhân sự lãnh đạo cấp cao.",1770023282,2026-02-02 16:08:02,1770023282,2026-02-02 16:08:02,https://www.tinnhanhchungkhoan.vn/vietbank-vbb-bo-nhiem-quyen-tong-giam-doc-va-mot-pho-tong-giam-doc-post384761.html,/vietbank-vbb-bo-nhiem-quyen-tong-giam-doc-va-mot-pho-tong-giam-doc-post384761.html,https://image.tinnhanhchungkhoan.vn/w200/Uploaded/2026/bpcgdqvp/2026_02_02/vb2-3335-3688.jpg,Hội đồng Quản trị trao quyết định bổ nhiệm cho ông Lê Thanh Quý Ngọc - Quyền Tổng giám đốc và bà Trần Thị Ngọc Lý - Phó tổng giám đốc Vietbank,,,4,Thông tin doanh nghiệp,/thong-tin-doanh-nghiep/,"BMI,C4G,DL1,FPT,GCF,GMD,HUT,IDC,ITD,MBB,MWG,PAC,PC1,PVD,PVS,SHB,SIP,STH,TIP,TV2,VGT"
ITD,384761,Vietbank (VBB): Bổ nhiệm Quyền Tổng giám đốc và một Phó tổng giám đốc,,"(ĐTCK) Ngân hàng TMCP Việt Nam Thương Tín (Vietbank, mã chứng khoán: VBB) vừa công bố quyết định kiện toàn nhân sự lãnh đạo cấp cao.",1770023282,2026-02-02 16:08:02,1770023282,2026-02-02 16:08:02,https://www.tinnhanhchungkhoan.vn/vietbank-vbb-bo-nhiem-quyen-tong-giam-doc-va-mot-pho-tong-giam-doc-post384761.html,/vietbank-vbb-bo-nhiem-quyen-tong-giam-doc-va-mot-pho-tong-giam-doc-post384761.html,https://image.tinnhanhchungkhoan.vn/w200/Uploaded/2026/bpcgdqvp/2026_02_02/vb2-3335-3688.jpg,Hội đồng Quản trị trao quyết định bổ nhiệm cho ông Lê Thanh Quý Ngọc - Quyền Tổng giám đốc và bà Trần Thị Ngọc Lý - Phó tổng giám đốc Vietbank,,,4,Thông tin doanh nghiệp,/thong-tin-doanh-nghiep/,"BMI,C4G,DL1,FPT,GCF,GMD,HUT,IDC,ITD,MBB,MWG,PAC,PC1,PVD,PVS,SHB,SIP,STH,TIP,TV2,VGT"
ITD,384752,"CDC Construction (CCC): Dòng tiền kinh doanh âm kỷ lục 335,17 tỷ đồng trong 9 tháng đầu niên độ 2025 - 2026",,"(ĐTCK) Công ty cổ phần Xây dựng CDC (CDC Construction, mã CCC - sàn HOSE) ghi nhận lãi 9,67 tỷ đồng trong quý III, luỹ kế 9 tháng trong niên độ 2025 - 2026 ghi nhận lãi 30,31 tỷ đồng, tăng 3,8% so với cùng kỳ và hoàn thành 64,1% kế hoạch năm.",1770022404,2026-02-02 15:53:24,1770022404,2026-02-02 15:53:24,https://www.tinnhanhchungkhoan.vn/cdc-construction-ccc-dong-tien-kinh-doanh-am-ky-luc-33517-ty-dong-trong-9-thang-dau-nien-do-2025-2026-post384752.html,/cdc-construction-ccc-dong-tien-kinh-doanh-am-ky-luc-33517-ty-dong-trong-9-thang-dau-nien-do-2025-2026-post384752.html,https://image.tinnhanhchungkhoan.vn/w200/Uploaded/2026/lcgjikao/2026_02_02/01-5399-2697.jpg,,,,4,Thông tin doanh nghiệp,/thong-tin-doanh-nghiep/,"BMI,C4G,DL1,FPT,GCF,GMD,HUT,IDC,ITD,MBB,MWG,PAC,PC1,PVD,PVS,SHB,SIP,STH,TIP,TV2,VGT"
ITD,384752,"CDC Construction (CCC): Dòng tiền kinh doanh âm kỷ lục 335,17 tỷ đồng trong 9 tháng đầu niên độ 2025 - 2026",,"(ĐTCK) Công ty cổ phần Xây dựng CDC (CDC Construction, mã CCC - sàn HOSE) ghi nhận lãi 9,67 tỷ đồng trong quý III, luỹ kế 9 tháng trong niên độ 2025 - 2026 ghi nhận lãi 30,31 tỷ đồng, tăng 3,8% so với cùng kỳ và hoàn thành 64,1% kế hoạch năm.",1770022404,2026-02-02 15:53:24,1770022404,2026-02-02 15:53:24,https://www.tinnhanhchungkhoan.vn/cdc-construction-ccc-dong-tien-kinh-doanh-am-ky-luc-33517-ty-dong-trong-9-thang-dau-nien-do-2025-2026-post384752.html,/cdc-construction-ccc-dong-tien-kinh-doanh-am-ky-luc-33517-ty-dong-trong-9-thang-dau-nien-do-2025-2026-post384752.html,https://image.tinnhanhchungkhoan.vn/w200/Uploaded/2026/lcgjikao/2026_02_02/01-5399-2697.jpg,,,,4,Thông tin doanh nghiệp,/thong-tin-doanh-nghiep/,"BMI,C4G,DL1,FPT,GCF,GMD,HUT,IDC,ITD,MBB,MWG,PAC,PC1,PVD,PVS,SHB,SIP,STH,TIP,TV2,VGT"
ITD,384712,"Doanh thu cả năm vượt 37.000 tỷ đồng, Tasco (HUT) báo lãi gấp 2 lần năm trước",,"(ĐTCK) Năm 2025, Công ty Cổ phần Tasco (HNX: HUT) ghi nhận doanh thu 37.000 tỷ đồng, lợi nhuận sau thuế hơn 623 tỷ đồng, gấp 2 lần năm trước và cao nhất trong lịch sử hoạt động.",1770019201,2026-02-02 15:00:01,1770000938,2026-02-02 09:55:38,https://www.tinnhanhchungkhoan.vn/doanh-thu-ca-nam-vuot-37000-ty-dong-tasco-hut-bao-lai-gap-2-lan-nam-truoc-post384712.html,/doanh-thu-ca-nam-vuot-37000-ty-dong-tasco-hut-bao-lai-gap-2-lan-nam-truoc-post384712.html,https://image.tinnhanhchungkhoan.vn/w200/Uploaded/2026/xpwvotiv/2026_02_02/tasco-5092-7931.jpg,,,,4,Thông tin doanh nghiệp,/thong-tin-doanh-nghiep/,"BMI,C4G,DL1,FPT,GCF,GMD,HUT,IDC,ITD,MBB,MWG,PAC,PC1,PVD,PVS,SHB,SIP,STH,TIP,TV2,VGT"
ITD,384712,"Doanh thu cả năm vượt 37.000 tỷ đồng, Tasco (HUT) báo lãi gấp 2 lần năm trước",,"(ĐTCK) Năm 2025, Công ty Cổ phần Tasco (HNX: HUT) ghi nhận doanh thu 37.000 tỷ đồng, lợi nhuận sau thuế hơn 623 tỷ đồng, gấp 2 lần năm trước và cao nhất trong lịch sử hoạt động.",1770019201,2026-02-02 15:00:01,1770000938,2026-02-02 09:55:38,https://www.tinnhanhchungkhoan.vn/doanh-thu-ca-nam-vuot-37000-ty-dong-tasco-hut-bao-lai-gap-2-lan-nam-truoc-post384712.html,/doanh-thu-ca-nam-vuot-37000-ty-dong-tasco-hut-bao-lai-gap-2-lan-nam-truoc-post384712.html,https://image.tinnhanhchungkhoan.vn/w200/Uploaded/2026/xpwvotiv/2026_02_02/tasco-5092-7931.jpg,,,,4,Thông tin doanh nghiệp,/thong-tin-doanh-nghiep/,"BMI,C4G,DL1,FPT,GCF,GMD,HUT,IDC,ITD,MBB,MWG,PAC,PC1,PVD,PVS,SHB,SIP,STH,TIP,TV2,VGT"
ITD,384740,Quốc Cường Gia Lai (QCG) lãi đột biến quý IV/2025 nhờ thanh lý các khoản đầu tư,,"(ĐTCK) CTCP Quốc Cường Gia Lai (mã QCG - sàn HOSE) ghi nhận lãi 137,22 tỷ đồng trong quý IV, lũy kế năm 2025 lãi 171,28 tỷ đồng, tăng 109% so với năm 2024 và không hoàn thành kế hoạch năm.",1770016785,2026-02-02 14:19:45,1770016785,2026-02-02 14:19:45,https://www.tinnhanhchungkhoan.vn/quoc-cuong-gia-lai-qcg-lai-dot-bien-quy-iv2025-nho-thanh-ly-cac-khoan-dau-tu-post384740.html,/quoc-cuong-gia-lai-qcg-lai-dot-bien-quy-iv2025-nho-thanh-ly-cac-khoan-dau-tu-post384740.html,https://image.tinnhanhchungkhoan.vn/w200/Uploaded/2026/lcgjikao/2026_02_02/01-5700-5016.jpg,,,,4,Thông tin doanh nghiệp,/thong-tin-doanh-nghiep/,"BMI,C4G,DL1,FPT,GCF,GMD,HUT,IDC,ITD,MBB,MWG,PAC,PC1,PVD,PVS,SHB,SIP,STH,TIP,TV2,VGT"
ITD,384740,Quốc Cường Gia Lai (QCG) lãi đột biến quý IV/2025 nhờ thanh lý các khoản đầu tư,,"(ĐTCK) CTCP Quốc Cường Gia Lai (mã QCG - sàn HOSE) ghi nhận lãi 137,22 tỷ đồng trong quý IV, lũy kế năm 2025 lãi 171,28 tỷ đồng, tăng 109% so với năm 2024 và không hoàn thành kế hoạch năm.",1770016785,2026-02-02 14:19:45,1770016785,2026-02-02 14:19:45,https://www.tinnhanhchungkhoan.vn/quoc-cuong-gia-lai-qcg-lai-dot-bien-quy-iv2025-nho-thanh-ly-cac-khoan-dau-tu-post384740.html,/quoc-cuong-gia-lai-qcg-lai-dot-bien-quy-iv2025-nho-thanh-ly-cac-khoan-dau-tu-post384740.html,https://image.tinnhanhchungkhoan.vn/w200/Uploaded/2026/lcgjikao/2026_02_02/01-5700-5016.jpg,,,,4,Thông tin doanh nghiệp,/thong-tin-doanh-nghiep/,"BMI,C4G,DL1,FPT,GCF,GMD,HUT,IDC,ITD,MBB,MWG,PAC,PC1,PVD,PVS,SHB,SIP,STH,TIP,TV2,VGT"
ITD,384739,"Thuỷ điện Vĩnh Sơn - Sông Hinh (VSH) chốt quyền nhận cổ tức 10%, dự kiến họp ĐHCĐ 2026 cuối tháng 3",,"(ĐTCK) CTCP Thuỷ điện Vĩnh Sơn - Sông Hinh (mã VSH) mới thông báo, ngày 23/02 tới đây sẽ chốt danh sách cổ đông nhận cổ tức đợt 3/2025 và tham dự đại hội cổ đông năm 2026.",1770016761,2026-02-02 14:19:21,1770016761,2026-02-02 14:19:21,https://www.tinnhanhchungkhoan.vn/thuy-dien-vinh-son-song-hinh-vsh-chot-quyen-nhan-co-tuc-10-du-kien-hop-dhcd-2026-cuoi-thang-3-post384739.html,/thuy-dien-vinh-son-song-hinh-vsh-chot-quyen-nhan-co-tuc-10-du-kien-hop-dhcd-2026-cuoi-thang-3-post384739.html,https://image.tinnhanhchungkhoan.vn/w200/Uploaded/2026/xvrhgenatpx97/2024_10_24/vsh-8946.jpeg,,,,4,Thông tin doanh nghiệp,/thong-tin-doanh-nghiep/,"BMI,C4G,DL1,FPT,GCF,GMD,HUT,IDC,ITD,MBB,MWG,PAC,PC1,PVD,PVS,SHB,SIP,STH,TIP,TV2,VGT"
ITD,384739,"Thuỷ điện Vĩnh Sơn - Sông Hinh (VSH) chốt quyền nhận cổ tức 10%, dự kiến họp ĐHCĐ 2026 cuối tháng 3",,"(ĐTCK) CTCP Thuỷ điện Vĩnh Sơn - Sông Hinh (mã VSH) mới thông báo, ngày 23/02 tới đây sẽ chốt danh sách cổ đông nhận cổ tức đợt 3/2025 và tham dự đại hội cổ đông năm 2026.",1770016761,2026-02-02 14:19:21,1770016761,2026-02-02 14:19:21,https://www.tinnhanhchungkhoan.vn/thuy-dien-vinh-son-song-hinh-vsh-chot-quyen-nhan-co-tuc-10-du-kien-hop-dhcd-2026-cuoi-thang-3-post384739.html,/thuy-dien-vinh-son-song-hinh-vsh-chot-quyen-nhan-co-tuc-10-du-kien-hop-dhcd-2026-cuoi-thang-3-post384739.html,https://image.tinnhanhchungkhoan.vn/w200/Uploaded/2026/xvrhgenatpx97/2024_10_24/vsh-8946.jpeg,,,,4,Thông tin doanh nghiệp,/thong-tin-doanh-nghiep/,"BMI,C4G,DL1,FPT,GCF,GMD,HUT,IDC,ITD,MBB,MWG,PAC,PC1,PVD,PVS,SHB,SIP,STH,TIP,TV2,VGT"
ITD,384741,VPS (VCK) được VASB vinh danh công ty chứng khoán đạt điểm thực hành ESG cao nhất,,"(ĐTCK) Công ty cổ phần Chứng khoán VPS (mã chứng khoán VCK) là một trong hai công ty chứng khoán được xếp hạng cao nhất trong chương trình chấm điểm thực hành ESG do Hiệp hội Chứng khoán Việt Nam (VASB) tổ chức, khẳng định cam kết mạnh mẽ của doanh nghiệp đối với phát triển bền vững theo chuẩn mực quốc tế.",1770016630,2026-02-02 14:17:10,1770343895,2026-02-06 09:11:35,https://www.tinnhanhchungkhoan.vn/vps-vck-duoc-vasb-vinh-danh-cong-ty-chung-khoan-dat-diem-thuc-hanh-esg-cao-nhat-post384741.html,/vps-vck-duoc-vasb-vinh-danh-cong-ty-chung-khoan-dat-diem-thuc-hanh-esg-cao-nhat-post384741.html,https://image.tinnhanhchungkhoan.vn/w200/Uploaded/2026/ipuokbf/2026_02_06/800x500-8825-6213.png,,,,4,Thông tin doanh nghiệp,/thong-tin-doanh-nghiep/,"BMI,C4G,DL1,FPT,GCF,GMD,HUT,IDC,ITD,MBB,MWG,PAC,PC1,PVD,PVS,SHB,SIP,STH,TIP,TV2,VGT"
ITD,384741,VPS (VCK) được VASB vinh danh công ty chứng khoán đạt điểm thực hành ESG cao nhất,,"(ĐTCK) Công ty cổ phần Chứng khoán VPS (mã chứng khoán VCK) là một trong hai công ty chứng khoán được xếp hạng cao nhất trong chương trình chấm điểm thực hành ESG do Hiệp hội Chứng khoán Việt Nam (VASB) tổ chức, khẳng định cam kết mạnh mẽ của doanh nghiệp đối với phát triển bền vững theo chuẩn mực quốc tế.",1770016630,2026-02-02 14:17:10,1770343895,2026-02-06 09:11:35,https://www.tinnhanhchungkhoan.vn/vps-vck-duoc-vasb-vinh-danh-cong-ty-chung-khoan-dat-diem-thuc-hanh-esg-cao-nhat-post384741.html,/vps-vck-duoc-vasb-vinh-danh-cong-ty-chung-khoan-dat-diem-thuc-hanh-esg-cao-nhat-post384741.html,https://image.tinnhanhchungkhoan.vn/w200/Uploaded/2026/ipuokbf/2026_02_06/800x500-8825-6213.png,,,,4,Thông tin doanh nghiệp,/thong-tin-doanh-nghiep/,"BMI,C4G,DL1,FPT,GCF,GMD,HUT,IDC,ITD,MBB,MWG,PAC,PC1,PVD,PVS,SHB,SIP,STH,TIP,TV2,VGT"
ITD,384738,"Doanh thu năm 2025 của Vinamilk (VNM) đạt 63.724 tỷ đồng, cao nhất lịch sử Công ty",,"(ĐTCK)Tổng doanh thu hợp nhất quý IV/2025 của Công ty cổ phần Sữa Việt Nam (Vinamilk - mã VNM) đạt 17.045 tỷ đồng, tiếp tục lập đỉnh mới, tăng 10,1% so với cùng kỳ.",1770016538,2026-02-02 14:15:38,1770016538,2026-02-02 14:15:38,https://www.tinnhanhchungkhoan.vn/doanh-thu-nam-2025-cua-vinamilk-vnm-dat-63724-ty-dong-cao-nhat-lich-su-cong-ty-post384738.html,/doanh-thu-nam-2025-cua-vinamilk-vnm-dat-63724-ty-dong-cao-nhat-lich-su-cong-ty-post384738.html,https://image.tinnhanhchungkhoan.vn/w200/Uploaded/2026/unvjshu/2026_02_02/vnm-1723-4621.jpg,Đẩy mạnh các hoạt động xúc tiến thương mại giúp Vinamilk nâng cao hình ảnh và vị thế thương hiệu trên thị trường quốc tế. Ảnh: Vi Nam,,,4,Thông tin doanh nghiệp,/thong-tin-doanh-nghiep/,"BMI,C4G,DL1,FPT,GCF,GMD,HUT,IDC,ITD,MBB,MWG,PAC,PC1,PVD,PVS,SHB,SIP,STH,TIP,TV2,VGT"
ITD,384738,"Doanh thu năm 2025 của Vinamilk (VNM) đạt 63.724 tỷ đồng, cao nhất lịch sử Công ty",,"(ĐTCK)Tổng doanh thu hợp nhất quý IV/2025 của Công ty cổ phần Sữa Việt Nam (Vinamilk - mã VNM) đạt 17.045 tỷ đồng, tiếp tục lập đỉnh mới, tăng 10,1% so với cùng kỳ.",1770016538,2026-02-02 14:15:38,1770016538,2026-02-02 14:15:38,https://www.tinnhanhchungkhoan.vn/doanh-thu-nam-2025-cua-vinamilk-vnm-dat-63724-ty-dong-cao-nhat-lich-su-cong-ty-post384738.html,/doanh-thu-nam-2025-cua-vinamilk-vnm-dat-63724-ty-dong-cao-nhat-lich-su-cong-ty-post384738.html,https://image.tinnhanhchungkhoan.vn/w200/Uploaded/2026/unvjshu/2026_02_02/vnm-1723-4621.jpg,Đẩy mạnh các hoạt động xúc tiến thương mại giúp Vinamilk nâng cao hình ảnh và vị thế thương hiệu trên thị trường quốc tế. Ảnh: Vi Nam,,,4,Thông tin doanh nghiệp,/thong-tin-doanh-nghiep/,"BMI,C4G,DL1,FPT,GCF,GMD,HUT,IDC,ITD,MBB,MWG,PAC,PC1,PVD,PVS,SHB,SIP,STH,TIP,TV2,VGT"
ITD,384726,"Địa ốc Hoàng Quân (HQC) thoát lỗ quý IV/2025 nhờ hoạt động tài chính, thu hồi công nợ và hoàn nhập dự phòng",,"(ĐTCK) CTCP Tư vấn Thương mại Dịch vụ Địa ốc Hoàng Quân (mã HQC - sàn HOSE) ghi nhận lãi 55,08 tỷ đồng trong quý IV, luỹ kế cả năm 2025 lãi 73,21 tỷ đồng, tăng trưởng 116,8% và hoàn thành 104,6% kế hoạch năm.",1770006229,2026-02-02 11:23:49,1770006229,2026-02-02 11:23:49,https://www.tinnhanhchungkhoan.vn/dia-oc-hoang-quan-hqc-thoat-lo-quy-iv2025-nho-hoat-dong-tai-chinh-thu-hoi-cong-no-va-hoan-nhap-du-phong-post384726.html,/dia-oc-hoang-quan-hqc-thoat-lo-quy-iv2025-nho-hoat-dong-tai-chinh-thu-hoi-cong-no-va-hoan-nhap-du-phong-post384726.html,https://image.tinnhanhchungkhoan.vn/w200/Uploaded/2026/lcgjikao/2026_02_02/01-2382-9002.jpg,,,,4,Thông tin doanh nghiệp,/thong-tin-doanh-nghiep/,"BMI,C4G,DL1,FPT,GCF,GMD,HUT,IDC,ITD,MBB,MWG,PAC,PC1,PVD,PVS,SHB,SIP,STH,TIP,TV2,VGT"
ITD,384726,"Địa ốc Hoàng Quân (HQC) thoát lỗ quý IV/2025 nhờ hoạt động tài chính, thu hồi công nợ và hoàn nhập dự phòng",,"(ĐTCK) CTCP Tư vấn Thương mại Dịch vụ Địa ốc Hoàng Quân (mã HQC - sàn HOSE) ghi nhận lãi 55,08 tỷ đồng trong quý IV, luỹ kế cả năm 2025 lãi 73,21 tỷ đồng, tăng trưởng 116,8% và hoàn thành 104,6% kế hoạch năm.",1770006229,2026-02-02 11:23:49,1770006229,2026-02-02 11:23:49,https://www.tinnhanhchungkhoan.vn/dia-oc-hoang-quan-hqc-thoat-lo-quy-iv2025-nho-hoat-dong-tai-chinh-thu-hoi-cong-no-va-hoan-nhap-du-phong-post384726.html,/dia-oc-hoang-quan-hqc-thoat-lo-quy-iv2025-nho-hoat-dong-tai-chinh-thu-hoi-cong-no-va-hoan-nhap-du-phong-post384726.html,https://image.tinnhanhchungkhoan.vn/w200/Uploaded/2026/lcgjikao/2026_02_02/01-2382-9002.jpg,,,,4,Thông tin doanh nghiệp,/thong-tin-doanh-nghiep/,"BMI,C4G,DL1,FPT,GCF,GMD,HUT,IDC,ITD,MBB,MWG,PAC,PC1,PVD,PVS,SHB,SIP,STH,TIP,TV2,VGT"
ITD,384713,"Vietbank (VBB) đạt 1.532 tỷ đồng lợi nhuận trước thuế năm 2025, chuẩn bị niêm yết sàn HOSE",,"(ĐTCK) Năm 2025, Ngân hàng TMCP Việt Nam Thương Tín (Vietbank, mã chứng khoán VBB) ghi nhận lợi nhuận trước thuế hợp nhất đạt 1.532 tỷ đồng, tăng 35% so với năm 2024.",1769997537,2026-02-02 08:58:57,1769997537,2026-02-02 08:58:57,https://www.tinnhanhchungkhoan.vn/vietbank-vbb-dat-1532-ty-dong-loi-nhuan-truoc-thue-nam-2025-chuan-bi-niem-yet-san-hose-post384713.html,/vietbank-vbb-dat-1532-ty-dong-loi-nhuan-truoc-thue-nam-2025-chuan-bi-niem-yet-san-hose-post384713.html,https://image.tinnhanhchungkhoan.vn/w200/Uploaded/2026/bpcgdqvp/2023_09_20/vietbank-527.jpg,,,,4,Thông tin doanh nghiệp,/thong-tin-doanh-nghiep/,"BMI,C4G,DL1,FPT,GCF,GMD,HUT,IDC,ITD,MBB,MWG,PAC,PC1,PVD,PVS,SHB,SIP,STH,TIP,TV2,VGT"
ITD,384713,"Vietbank (VBB) đạt 1.532 tỷ đồng lợi nhuận trước thuế năm 2025, chuẩn bị niêm yết sàn HOSE",,"(ĐTCK) Năm 2025, Ngân hàng TMCP Việt Nam Thương Tín (Vietbank, mã chứng khoán VBB) ghi nhận lợi nhuận trước thuế hợp nhất đạt 1.532 tỷ đồng, tăng 35% so với năm 2024.",1769997537,2026-02-02 08:58:57,1769997537,2026-02-02 08:58:57,https://www.tinnhanhchungkhoan.vn/vietbank-vbb-dat-1532-ty-dong-loi-nhuan-truoc-thue-nam-2025-chuan-bi-niem-yet-san-hose-post384713.html,/vietbank-vbb-dat-1532-ty-dong-loi-nhuan-truoc-thue-nam-2025-chuan-bi-niem-yet-san-hose-post384713.html,https://image.tinnhanhchungkhoan.vn/w200/Uploaded/2026/bpcgdqvp/2023_09_20/vietbank-527.jpg,,,,4,Thông tin doanh nghiệp,/thong-tin-doanh-nghiep/,"BMI,C4G,DL1,FPT,GCF,GMD,HUT,IDC,ITD,MBB,MWG,PAC,PC1,PVD,PVS,SHB,SIP,STH,TIP,TV2,VGT"
ITD,384684,Đầu tư Thương mại SMC (SMC) ghi nhận lãi đột biến trở lại trong quý IV/2025 nhờ thanh lý tài sản và hoàn nhập dự phòng,,"(ĐTCK) Công ty cổ phần Đầu tư Thương mại SMC (mã SMC - sàn HOSE) ghi nhận lãi 343,95 tỷ đồng trong quý IV, luỹ kế cả năm 2025 lãi 185,07 tỷ đồng và hoàn thành tới 616,9% kế hoạch năm.",1769990120,2026-02-02 06:55:20,1769961336,2026-02-01 22:55:36,https://www.tinnhanhchungkhoan.vn/dau-tu-thuong-mai-smc-smc-ghi-nhan-lai-dot-bien-tro-lai-trong-quy-iv2025-nho-thanh-ly-tai-san-va-hoan-nhap-du-phong-post384684.html,/dau-tu-thuong-mai-smc-smc-ghi-nhan-lai-dot-bien-tro-lai-trong-quy-iv2025-nho-thanh-ly-tai-san-va-hoan-nhap-du-phong-post384684.html,https://image.tinnhanhchungkhoan.vn/w200/Uploaded/2026/lcgjikao/2026_02_01/01-150-4789.jpg,,,,4,Thông tin doanh nghiệp,/thong-tin-doanh-nghiep/,"BMI,C4G,DL1,FPT,GCF,GMD,HUT,IDC,ITD,MBB,MWG,PAC,PC1,PVD,PVS,SHB,SIP,STH,TIP,TV2,VGT"
ITD,384684,Đầu tư Thương mại SMC (SMC) ghi nhận lãi đột biến trở lại trong quý IV/2025 nhờ thanh lý tài sản và hoàn nhập dự phòng,,"(ĐTCK) Công ty cổ phần Đầu tư Thương mại SMC (mã SMC - sàn HOSE) ghi nhận lãi 343,95 tỷ đồng trong quý IV, luỹ kế cả năm 2025 lãi 185,07 tỷ đồng và hoàn thành tới 616,9% kế hoạch năm.",1769990120,2026-02-02 06:55:20,1769961336,2026-02-01 22:55:36,https://www.tinnhanhchungkhoan.vn/dau-tu-thuong-mai-smc-smc-ghi-nhan-lai-dot-bien-tro-lai-trong-quy-iv2025-nho-thanh-ly-tai-san-va-hoan-nhap-du-phong-post384684.html,/dau-tu-thuong-mai-smc-smc-ghi-nhan-lai-dot-bien-tro-lai-trong-quy-iv2025-nho-thanh-ly-tai-san-va-hoan-nhap-du-phong-post384684.html,https://image.tinnhanhchungkhoan.vn/w200/Uploaded/2026/lcgjikao/2026_02_01/01-150-4789.jpg,,,,4,Thông tin doanh nghiệp,/thong-tin-doanh-nghiep/,"BMI,C4G,DL1,FPT,GCF,GMD,HUT,IDC,ITD,MBB,MWG,PAC,PC1,PVD,PVS,SHB,SIP,STH,TIP,TV2,VGT"
ITD,384666,"Lợi nhuận Hoa Sen (HSG) giảm 62,3% trong quý I niên độ tài chính 2025 - 2026",,(ĐTCK) Công ty cổ phần Tập đoàn Hoa Sen (mã HSG - sàn HOSE) ghi nhận doanh thu và lợi nhuận đi lùi trong quý I niên độ tài chính 2025 – 2026 và có dấu hiệu tăng trích trữ tồn kho.,1769916063,2026-02-01 10:21:03,1769916063,2026-02-01 10:21:03,https://www.tinnhanhchungkhoan.vn/loi-nhuan-hoa-sen-hsg-giam-623-trong-quy-i-nien-do-tai-chinh-2025-2026-post384666.html,/loi-nhuan-hoa-sen-hsg-giam-623-trong-quy-i-nien-do-tai-chinh-2025-2026-post384666.html,https://image.tinnhanhchungkhoan.vn/w200/Uploaded/2026/lcgjikao/2026_02_01/01-8398-4117.jpg,,,,4,Thông tin doanh nghiệp,/thong-tin-doanh-nghiep/,"BMI,C4G,DL1,FPT,GCF,GMD,HUT,IDC,ITD,MBB,MWG,PAC,PC1,PVD,PVS,SHB,SIP,STH,TIP,TV2,VGT"
ITD,384666,"Lợi nhuận Hoa Sen (HSG) giảm 62,3% trong quý I niên độ tài chính 2025 - 2026",,(ĐTCK) Công ty cổ phần Tập đoàn Hoa Sen (mã HSG - sàn HOSE) ghi nhận doanh thu và lợi nhuận đi lùi trong quý I niên độ tài chính 2025 – 2026 và có dấu hiệu tăng trích trữ tồn kho.,1769916063,2026-02-01 10:21:03,1769916063,2026-02-01 10:21:03,https://www.tinnhanhchungkhoan.vn/loi-nhuan-hoa-sen-hsg-giam-623-trong-quy-i-nien-do-tai-chinh-2025-2026-post384666.html,/loi-nhuan-hoa-sen-hsg-giam-623-trong-quy-i-nien-do-tai-chinh-2025-2026-post384666.html,https://image.tinnhanhchungkhoan.vn/w200/Uploaded/2026/lcgjikao/2026_02_01/01-8398-4117.jpg,,,,4,Thông tin doanh nghiệp,/thong-tin-doanh-nghiep/,"BMI,C4G,DL1,FPT,GCF,GMD,HUT,IDC,ITD,MBB,MWG,PAC,PC1,PVD,PVS,SHB,SIP,STH,TIP,TV2,VGT"
ITD,384656,"Thép Nam Kim (NKG) lỗ 9,34 tỷ đồng trong quý IV/2025, đánh dấu lỗ trở lại sau 10 quý",,"(ĐTCK) CTCP Thép Nam Kim (mã NKG - sàn HOSE) ghi nhận lỗ 9,34 tỷ đồng trong quý IV, luỹ kế năm 2025 lãi 197,19 tỷ đồng, giảm 56,55% và không hoàn thành kế hoạch năm.",1769915573,2026-02-01 10:12:53,1769915573,2026-02-01 10:12:53,https://www.tinnhanhchungkhoan.vn/thep-nam-kim-nkg-lo-934-ty-dong-trong-quy-iv2025-danh-dau-lo-tro-lai-sau-10-quy-post384656.html,/thep-nam-kim-nkg-lo-934-ty-dong-trong-quy-iv2025-danh-dau-lo-tro-lai-sau-10-quy-post384656.html,https://image.tinnhanhchungkhoan.vn/w200/Uploaded/2026/lcgjikao/2026_02_01/01-3530-7692.jpg,,,,4,Thông tin doanh nghiệp,/thong-tin-doanh-nghiep/,"BMI,C4G,DL1,FPT,GCF,GMD,HUT,IDC,ITD,MBB,MWG,PAC,PC1,PVD,PVS,SHB,SIP,STH,TIP,TV2,VGT"
ITD,384656,"Thép Nam Kim (NKG) lỗ 9,34 tỷ đồng trong quý IV/2025, đánh dấu lỗ trở lại sau 10 quý",,"(ĐTCK) CTCP Thép Nam Kim (mã NKG - sàn HOSE) ghi nhận lỗ 9,34 tỷ đồng trong quý IV, luỹ kế năm 2025 lãi 197,19 tỷ đồng, giảm 56,55% và không hoàn thành kế hoạch năm.",1769915573,2026-02-01 10:12:53,1769915573,2026-02-01 10:12:53,https://www.tinnhanhchungkhoan.vn/thep-nam-kim-nkg-lo-934-ty-dong-trong-quy-iv2025-danh-dau-lo-tro-lai-sau-10-quy-post384656.html,/thep-nam-kim-nkg-lo-934-ty-dong-trong-quy-iv2025-danh-dau-lo-tro-lai-sau-10-quy-post384656.html,https://image.tinnhanhchungkhoan.vn/w200/Uploaded/2026/lcgjikao/2026_02_01/01-3530-7692.jpg,,,,4,Thông tin doanh nghiệp,/thong-tin-doanh-nghiep/,"BMI,C4G,DL1,FPT,GCF,GMD,HUT,IDC,ITD,MBB,MWG,PAC,PC1,PVD,PVS,SHB,SIP,STH,TIP,TV2,VGT"
ITD,384655,L40 đấu giá thành công quyền khai thác 415.000 m3 cát tại Quảng Nam,,"(ĐTCK) CTCP Đầu tư và Xây dựng 40 (L40) đã đấu giá thành công quyền khai thác bãi cát tại dự án nạo vét khơi thông dòng sông Cổ Cò (phường Điện Bàn Đông, Thành phố Đà Nẵng) với giá trúng đấu giá gần 60 tỷ đồng. Dự kiến L40 sẽ gia tăng lợi nhuận mảng vật liệu xây dựng năm 2026.",1769909966,2026-02-01 08:39:26,1769909966,2026-02-01 08:39:26,https://www.tinnhanhchungkhoan.vn/l40-dau-gia-thanh-cong-quyen-khai-thac-415000-m3-cat-tai-quang-nam-post384655.html,/l40-dau-gia-thanh-cong-quyen-khai-thac-415000-m3-cat-tai-quang-nam-post384655.html,https://image.tinnhanhchungkhoan.vn/w200/Uploaded/2026/ipuokbf/2026_02_01/song-co-co-copy-8566-1916.jpg,,,,4,Thông tin doanh nghiệp,/thong-tin-doanh-nghiep/,"BMI,C4G,DL1,FPT,GCF,GMD,HUT,IDC,ITD,MBB,MWG,PAC,PC1,PVD,PVS,SHB,SIP,STH,TIP,TV2,VGT"
ITD,384655,L40 đấu giá thành công quyền khai thác 415.000 m3 cát tại Quảng Nam,,"(ĐTCK) CTCP Đầu tư và Xây dựng 40 (L40) đã đấu giá thành công quyền khai thác bãi cát tại dự án nạo vét khơi thông dòng sông Cổ Cò (phường Điện Bàn Đông, Thành phố Đà Nẵng) với giá trúng đấu giá gần 60 tỷ đồng. Dự kiến L40 sẽ gia tăng lợi nhuận mảng vật liệu xây dựng năm 2026.",1769909966,2026-02-01 08:39:26,1769909966,2026-02-01 08:39:26,https://www.tinnhanhchungkhoan.vn/l40-dau-gia-thanh-cong-quyen-khai-thac-415000-m3-cat-tai-quang-nam-post384655.html,/l40-dau-gia-thanh-cong-quyen-khai-thac-415000-m3-cat-tai-quang-nam-post384655.html,https://image.tinnhanhchungkhoan.vn/w200/Uploaded/2026/ipuokbf/2026_02_01/song-co-co-copy-8566-1916.jpg,,,,4,Thông tin doanh nghiệp,/thong-tin-doanh-nghiep/,"BMI,C4G,DL1,FPT,GCF,GMD,HUT,IDC,ITD,MBB,MWG,PAC,PC1,PVD,PVS,SHB,SIP,STH,TIP,TV2,VGT"
ITD,384654,"Gilimex (GIL) ghi nhận dòng tiền âm kỷ lục 677,5 tỷ đồng trong năm 2025",,"(ĐTCK) CTCP Sản xuất Kinh doanh Xuất nhập khẩu Bình Thạnh (Gilimex, mã GIL - sàn HOSE) ghi nhận lãi 138,19 tỷ đồng trong quý IV, luỹ kế cả năm 2025 lãi 35,64 tỷ đồng, tăng 29% so với cùng kỳ và chỉ đạt 23,8% kế hoạch năm.",1769909653,2026-02-01 08:34:13,1769909653,2026-02-01 08:34:13,https://www.tinnhanhchungkhoan.vn/gilimex-gil-ghi-nhan-dong-tien-am-ky-luc-6775-ty-dong-trong-nam-2025-post384654.html,/gilimex-gil-ghi-nhan-dong-tien-am-ky-luc-6775-ty-dong-trong-nam-2025-post384654.html,https://image.tinnhanhchungkhoan.vn/w200/Uploaded/2026/lcgjikao/2026_01_31/01-3473-8010.jpg,,,,4,Thông tin doanh nghiệp,/thong-tin-doanh-nghiep/,"BMI,C4G,DL1,FPT,GCF,GMD,HUT,IDC,ITD,MBB,MWG,PAC,PC1,PVD,PVS,SHB,SIP,STH,TIP,TV2,VGT"
ITD,384654,"Gilimex (GIL) ghi nhận dòng tiền âm kỷ lục 677,5 tỷ đồng trong năm 2025",,"(ĐTCK) CTCP Sản xuất Kinh doanh Xuất nhập khẩu Bình Thạnh (Gilimex, mã GIL - sàn HOSE) ghi nhận lãi 138,19 tỷ đồng trong quý IV, luỹ kế cả năm 2025 lãi 35,64 tỷ đồng, tăng 29% so với cùng kỳ và chỉ đạt 23,8% kế hoạch năm.",1769909653,2026-02-01 08:34:13,1769909653,2026-02-01 08:34:13,https://www.tinnhanhchungkhoan.vn/gilimex-gil-ghi-nhan-dong-tien-am-ky-luc-6775-ty-dong-trong-nam-2025-post384654.html,/gilimex-gil-ghi-nhan-dong-tien-am-ky-luc-6775-ty-dong-trong-nam-2025-post384654.html,https://image.tinnhanhchungkhoan.vn/w200/Uploaded/2026/lcgjikao/2026_01_31/01-3473-8010.jpg,,,,4,Thông tin doanh nghiệp,/thong-tin-doanh-nghiep/,"BMI,C4G,DL1,FPT,GCF,GMD,HUT,IDC,ITD,MBB,MWG,PAC,PC1,PVD,PVS,SHB,SIP,STH,TIP,TV2,VGT"
ITD,384648,Văn Phú (VPI) vượt chỉ tiêu lợi nhuận năm 2025,,"(ĐTCK) Dòng tiền thu được từ các dự án gồm Vlasta - Thủy Nguyên (Hải Phòng), Yên Phong (Bắc Ninh), TT39-40 (Hà Nội) , Dự án Song Khê - Nội Hoàng - (Bắc Ninh) giúp Công ty cổ phần Phát triển bất động sản Văn Phú (mã chứng khoán: VPI) kết thúc quý IV/2025 với lợi nhuận sau thuế ở mức 132 tỷ đồng, qua đó, thực hiện 112% chỉ tiêu lợi nhuận năm 2025 đã được các cổ đông thông qua tại cuộc họp ĐHĐCĐ thường niên.",1769837990,2026-01-31 12:39:50,1769837990,2026-01-31 12:39:50,https://www.tinnhanhchungkhoan.vn/van-phu-vpi-vuot-chi-tieu-loi-nhuan-nam-2025-post384648.html,/van-phu-vpi-vuot-chi-tieu-loi-nhuan-nam-2025-post384648.html,https://image.tinnhanhchungkhoan.vn/w200/Uploaded/2026/ipuokbf/2026_01_31/vpi-vlasta-phu-thuan-2958-8443.jpg,Dự án Vlasta Premier – Phú Thuận,,,4,Thông tin doanh nghiệp,/thong-tin-doanh-nghiep/,"BMI,C4G,DL1,FPT,GCF,GMD,HUT,IDC,ITD,MBB,MWG,PAC,PC1,PVD,PVS,SHB,SIP,STH,TIP,TV2,VGT"
ITD,384648,Văn Phú (VPI) vượt chỉ tiêu lợi nhuận năm 2025,,"(ĐTCK) Dòng tiền thu được từ các dự án gồm Vlasta - Thủy Nguyên (Hải Phòng), Yên Phong (Bắc Ninh), TT39-40 (Hà Nội) , Dự án Song Khê - Nội Hoàng - (Bắc Ninh) giúp Công ty cổ phần Phát triển bất động sản Văn Phú (mã chứng khoán: VPI) kết thúc quý IV/2025 với lợi nhuận sau thuế ở mức 132 tỷ đồng, qua đó, thực hiện 112% chỉ tiêu lợi nhuận năm 2025 đã được các cổ đông thông qua tại cuộc họp ĐHĐCĐ thường niên.",1769837990,2026-01-31 12:39:50,1769837990,2026-01-31 12:39:50,https://www.tinnhanhchungkhoan.vn/van-phu-vpi-vuot-chi-tieu-loi-nhuan-nam-2025-post384648.html,/van-phu-vpi-vuot-chi-tieu-loi-nhuan-nam-2025-post384648.html,https://image.tinnhanhchungkhoan.vn/w200/Uploaded/2026/ipuokbf/2026_01_31/vpi-vlasta-phu-thuan-2958-8443.jpg,Dự án Vlasta Premier – Phú Thuận,,,4,Thông tin doanh nghiệp,/thong-tin-doanh-nghiep/,"BMI,C4G,DL1,FPT,GCF,GMD,HUT,IDC,ITD,MBB,MWG,PAC,PC1,PVD,PVS,SHB,SIP,STH,TIP,TV2,VGT"
ITD,384635,"Vinasun (VNS): Lợi nhuận năm 2025 đạt hơn 38 tỷ đồng, giảm 54,5%",,"(ĐTCK) Công ty cổ phần Ánh Dương Việt Nam (Vinasun, mã VNS - sàn HOSE) ghi nhận lãi 4,94 tỷ đồng trong quý IV, luỹ kế năm 2025 lãi 38,29 tỷ đồng, giảm 54,5% so với cùng kỳ và chỉ hoàn thành 71,4% kế hoạch năm.",1769825682,2026-01-31 09:14:42,1769825682,2026-01-31 09:14:42,https://www.tinnhanhchungkhoan.vn/vinasun-vns-loi-nhuan-nam-2025-dat-hon-38-ty-dong-giam-545-post384635.html,/vinasun-vns-loi-nhuan-nam-2025-dat-hon-38-ty-dong-giam-545-post384635.html,https://image.tinnhanhchungkhoan.vn/w200/Uploaded/2026/lcgjikao/2026_01_31/01-5716-1382.jpg,,,,4,Thông tin doanh nghiệp,/thong-tin-doanh-nghiep/,"BMI,C4G,DL1,FPT,GCF,GMD,HUT,IDC,ITD,MBB,MWG,PAC,PC1,PVD,PVS,SHB,SIP,STH,TIP,TV2,VGT"
ITD,384635,"Vinasun (VNS): Lợi nhuận năm 2025 đạt hơn 38 tỷ đồng, giảm 54,5%",,"(ĐTCK) Công ty cổ phần Ánh Dương Việt Nam (Vinasun, mã VNS - sàn HOSE) ghi nhận lãi 4,94 tỷ đồng trong quý IV, luỹ kế năm 2025 lãi 38,29 tỷ đồng, giảm 54,5% so với cùng kỳ và chỉ hoàn thành 71,4% kế hoạch năm.",1769825682,2026-01-31 09:14:42,1769825682,2026-01-31 09:14:42,https://www.tinnhanhchungkhoan.vn/vinasun-vns-loi-nhuan-nam-2025-dat-hon-38-ty-dong-giam-545-post384635.html,/vinasun-vns-loi-nhuan-nam-2025-dat-hon-38-ty-dong-giam-545-post384635.html,https://image.tinnhanhchungkhoan.vn/w200/Uploaded/2026/lcgjikao/2026_01_31/01-5716-1382.jpg,,,,4,Thông tin doanh nghiệp,/thong-tin-doanh-nghiep/,"BMI,C4G,DL1,FPT,GCF,GMD,HUT,IDC,ITD,MBB,MWG,PAC,PC1,PVD,PVS,SHB,SIP,STH,TIP,TV2,VGT"
ITD,384631,DIC Corp (DIG): Lãi đột biến quý IV/2025 nhờ bán một phần dự án Đại Phước,,"(ĐTCK) Tổng CTCP Đầu tư Phát triển Xây dựng (DIC Corp, mã DIG - sàn HOSE) ghi nhận lãi 423,99 tỷ đồng trong quý IV, luỹ kế năm 2025 lãi 623,95 tỷ đồng, tăng 509,2% so với cùng kỳ.",1769817644,2026-01-31 07:00:44,1769789831,2026-01-30 23:17:11,https://www.tinnhanhchungkhoan.vn/dic-corp-dig-lai-dot-bien-quy-iv2025-nho-ban-mot-phan-du-an-dai-phuoc-post384631.html,/dic-corp-dig-lai-dot-bien-quy-iv2025-nho-ban-mot-phan-du-an-dai-phuoc-post384631.html,https://image.tinnhanhchungkhoan.vn/w200/Uploaded/2026/lcgjikao/2026_01_30/01-5560-947.jpg,,,,4,Thông tin doanh nghiệp,/thong-tin-doanh-nghiep/,"BMI,C4G,DL1,FPT,GCF,GMD,HUT,IDC,ITD,MBB,MWG,PAC,PC1,PVD,PVS,SHB,SIP,STH,TIP,TV2,VGT"
ITD,384631,DIC Corp (DIG): Lãi đột biến quý IV/2025 nhờ bán một phần dự án Đại Phước,,"(ĐTCK) Tổng CTCP Đầu tư Phát triển Xây dựng (DIC Corp, mã DIG - sàn HOSE) ghi nhận lãi 423,99 tỷ đồng trong quý IV, luỹ kế năm 2025 lãi 623,95 tỷ đồng, tăng 509,2% so với cùng kỳ.",1769817644,2026-01-31 07:00:44,1769789831,2026-01-30 23:17:11,https://www.tinnhanhchungkhoan.vn/dic-corp-dig-lai-dot-bien-quy-iv2025-nho-ban-mot-phan-du-an-dai-phuoc-post384631.html,/dic-corp-dig-lai-dot-bien-quy-iv2025-nho-ban-mot-phan-du-an-dai-phuoc-post384631.html,https://image.tinnhanhchungkhoan.vn/w200/Uploaded/2026/lcgjikao/2026_01_30/01-5560-947.jpg,,,,4,Thông tin doanh nghiệp,/thong-tin-doanh-nghiep/,"BMI,C4G,DL1,FPT,GCF,GMD,HUT,IDC,ITD,MBB,MWG,PAC,PC1,PVD,PVS,SHB,SIP,STH,TIP,TV2,VGT"
ITD,384633,"Năm 2025, YeaH1 (YEG) ghi nhận lợi nhuận sau thuế đạt 80,3 tỷ đồng",,"(ĐTCK) Trước nhiều biến động của thị trường chung năm 2025, YeaH1 ghi nhận doanh thu thuần đạt 1.653 tỷ đồng, tăng 61% so với cùng kỳ và vượt 27% so với kế hoạch năm.",1769816733,2026-01-31 06:45:33,1769789740,2026-01-30 23:15:40,https://www.tinnhanhchungkhoan.vn/nam-2025-yeah1-yeg-ghi-nhan-loi-nhuan-sau-thue-dat-803-ty-dong-post384633.html,/nam-2025-yeah1-yeg-ghi-nhan-loi-nhuan-sau-thue-dat-803-ty-dong-post384633.html,https://image.tinnhanhchungkhoan.vn/w200/Uploaded/2026/bpcpcwvo/2026_01_30/yeg-concert-5715-7796.png,,,,4,Thông tin doanh nghiệp,/thong-tin-doanh-nghiep/,"BMI,C4G,DL1,FPT,GCF,GMD,HUT,IDC,ITD,MBB,MWG,PAC,PC1,PVD,PVS,SHB,SIP,STH,TIP,TV2,VGT"
ITD,384633,"Năm 2025, YeaH1 (YEG) ghi nhận lợi nhuận sau thuế đạt 80,3 tỷ đồng",,"(ĐTCK) Trước nhiều biến động của thị trường chung năm 2025, YeaH1 ghi nhận doanh thu thuần đạt 1.653 tỷ đồng, tăng 61% so với cùng kỳ và vượt 27% so với kế hoạch năm.",1769816733,2026-01-31 06:45:33,1769789740,2026-01-30 23:15:40,https://www.tinnhanhchungkhoan.vn/nam-2025-yeah1-yeg-ghi-nhan-loi-nhuan-sau-thue-dat-803-ty-dong-post384633.html,/nam-2025-yeah1-yeg-ghi-nhan-loi-nhuan-sau-thue-dat-803-ty-dong-post384633.html,https://image.tinnhanhchungkhoan.vn/w200/Uploaded/2026/bpcpcwvo/2026_01_30/yeg-concert-5715-7796.png,,,,4,Thông tin doanh nghiệp,/thong-tin-doanh-nghiep/,"BMI,C4G,DL1,FPT,GCF,GMD,HUT,IDC,ITD,MBB,MWG,PAC,PC1,PVD,PVS,SHB,SIP,STH,TIP,TV2,VGT"
ITD,384629,Eximbank (EIB) báo lãi trước thuế hơn 1.500 tỷ đồng trong năm 2025,,"(ĐTCK) Tổng lợi nhuận trước thuế của Eximbank trong năm 2025 đạt 1.511,7 tỷ đồng, chỉ đạt 29,12% kế hoạch năm.",1769771854,2026-01-30 18:17:34,1769779108,2026-01-30 20:18:28,https://www.tinnhanhchungkhoan.vn/eximbank-eib-bao-lai-truoc-thue-hon-1500-ty-dong-trong-nam-2025-post384629.html,/eximbank-eib-bao-lai-truoc-thue-hon-1500-ty-dong-trong-nam-2025-post384629.html,https://image.tinnhanhchungkhoan.vn/w200/Uploaded/2026/bpcgdqvp/2026_01_30/eib-594-5150.jpg,,,,4,Thông tin doanh nghiệp,/thong-tin-doanh-nghiep/,"BMI,C4G,DL1,FPT,GCF,GMD,HUT,IDC,ITD,MBB,MWG,PAC,PC1,PVD,PVS,SHB,SIP,STH,TIP,TV2,VGT"
ITD,384629,Eximbank (EIB) báo lãi trước thuế hơn 1.500 tỷ đồng trong năm 2025,,"(ĐTCK) Tổng lợi nhuận trước thuế của Eximbank trong năm 2025 đạt 1.511,7 tỷ đồng, chỉ đạt 29,12% kế hoạch năm.",1769771854,2026-01-30 18:17:34,1769779108,2026-01-30 20:18:28,https://www.tinnhanhchungkhoan.vn/eximbank-eib-bao-lai-truoc-thue-hon-1500-ty-dong-trong-nam-2025-post384629.html,/eximbank-eib-bao-lai-truoc-thue-hon-1500-ty-dong-trong-nam-2025-post384629.html,https://image.tinnhanhchungkhoan.vn/w200/Uploaded/2026/bpcgdqvp/2026_01_30/eib-594-5150.jpg,,,,4,Thông tin doanh nghiệp,/thong-tin-doanh-nghiep/,"BMI,C4G,DL1,FPT,GCF,GMD,HUT,IDC,ITD,MBB,MWG,PAC,PC1,PVD,PVS,SHB,SIP,STH,TIP,TV2,VGT"
ITD,384628,"Giữa “tâm bão” ngành chăn nuôi, BAF nỗ lực giữ biên lợi nhuận",,"(ĐTCK) Giữa bối cảnh giá lợn hơi lao dốc, BAF Việt Nam nổi bật với chiến lược tối ưu chi phí sản xuất, giá vốn giảm 14,2% tương đương khoảng 700 tỷ đồng, giúp lợi nhuận gộp giữ đà tăng 14,7%. Song song, doanh nghiệp chủ động mở rộng quy mô, đẩy nhanh tiến độ dự án chăn nuôi công nghệ cao nhà cao tầng và tập trung nghiên cứu, lai tạo giống heo năng suất cao, tăng sức chống chịu dịch bệnh, tạo nền tảng bứt phá cho giai đoạn 2026 - 2030.",1769769063,2026-01-30 17:31:03,1769769063,2026-01-30 17:31:03,https://www.tinnhanhchungkhoan.vn/giua-tam-bao-nganh-chan-nuoi-baf-no-luc-giu-bien-loi-nhuan-post384628.html,/giua-tam-bao-nganh-chan-nuoi-baf-no-luc-giu-bien-loi-nhuan-post384628.html,https://image.tinnhanhchungkhoan.vn/w200/Uploaded/2026/bpikpjik/2026_01_30/baf-9294-5858.jpg,,,,4,Thông tin doanh nghiệp,/thong-tin-doanh-nghiep/,"BMI,C4G,DL1,FPT,GCF,GMD,HUT,IDC,ITD,MBB,MWG,PAC,PC1,PVD,PVS,SHB,SIP,STH,TIP,TV2,VGT"
ITD,384628,"Giữa “tâm bão” ngành chăn nuôi, BAF nỗ lực giữ biên lợi nhuận",,"(ĐTCK) Giữa bối cảnh giá lợn hơi lao dốc, BAF Việt Nam nổi bật với chiến lược tối ưu chi phí sản xuất, giá vốn giảm 14,2% tương đương khoảng 700 tỷ đồng, giúp lợi nhuận gộp giữ đà tăng 14,7%. Song song, doanh nghiệp chủ động mở rộng quy mô, đẩy nhanh tiến độ dự án chăn nuôi công nghệ cao nhà cao tầng và tập trung nghiên cứu, lai tạo giống heo năng suất cao, tăng sức chống chịu dịch bệnh, tạo nền tảng bứt phá cho giai đoạn 2026 - 2030.",1769769063,2026-01-30 17:31:03,1769769063,2026-01-30 17:31:03,https://www.tinnhanhchungkhoan.vn/giua-tam-bao-nganh-chan-nuoi-baf-no-luc-giu-bien-loi-nhuan-post384628.html,/giua-tam-bao-nganh-chan-nuoi-baf-no-luc-giu-bien-loi-nhuan-post384628.html,https://image.tinnhanhchungkhoan.vn/w200/Uploaded/2026/bpikpjik/2026_01_30/baf-9294-5858.jpg,,,,4,Thông tin doanh nghiệp,/thong-tin-doanh-nghiep/,"BMI,C4G,DL1,FPT,GCF,GMD,HUT,IDC,ITD,MBB,MWG,PAC,PC1,PVD,PVS,SHB,SIP,STH,TIP,TV2,VGT"
ITD,384618,"Khang Điền (KDH): Lợi nhuận 2025 vượt 63% kế hoạch, đạt hơn 1.633 tỷ đồng, mở rộng tăng trưởng trong 2026",,"(ĐTCK) Công ty cổ phần Đầu tư và Kinh doanh Nhà Khang Điền (mã chứng khoán KDH) vừa công bố báo cáo tài chính năm 2025, ghi nhận doanh thu hợp nhất tăng trưởng 16% và lợi nhuận sau thuế tăng gấp đôi so với cùng kỳ năm, vượt xa kế hoạch đề ra.",1769768553,2026-01-30 17:22:33,1769768553,2026-01-30 17:22:33,https://www.tinnhanhchungkhoan.vn/khang-dien-kdh-loi-nhuan-2025-vuot-63-ke-hoach-dat-hon-1633-ty-dong-mo-rong-tang-truong-trong-2026-post384618.html,/khang-dien-kdh-loi-nhuan-2025-vuot-63-ke-hoach-dat-hon-1633-ty-dong-mo-rong-tang-truong-trong-2026-post384618.html,https://image.tinnhanhchungkhoan.vn/w200/Uploaded/2026/djshp/2026_01_25/2-992-368.jpg,"Mới đây, Khang Điền đã động thổ khu cao tầng Gladia by the Waters gồm hơn 600 căn hộ, dự kiến bàn giao quý IV/2027.",,,4,Thông tin doanh nghiệp,/thong-tin-doanh-nghiep/,"BMI,C4G,DL1,FPT,GCF,GMD,HUT,IDC,ITD,MBB,MWG,PAC,PC1,PVD,PVS,SHB,SIP,STH,TIP,TV2,VGT"
ITD,384618,"Khang Điền (KDH): Lợi nhuận 2025 vượt 63% kế hoạch, đạt hơn 1.633 tỷ đồng, mở rộng tăng trưởng trong 2026",,"(ĐTCK) Công ty cổ phần Đầu tư và Kinh doanh Nhà Khang Điền (mã chứng khoán KDH) vừa công bố báo cáo tài chính năm 2025, ghi nhận doanh thu hợp nhất tăng trưởng 16% và lợi nhuận sau thuế tăng gấp đôi so với cùng kỳ năm, vượt xa kế hoạch đề ra.",1769768553,2026-01-30 17:22:33,1769768553,2026-01-30 17:22:33,https://www.tinnhanhchungkhoan.vn/khang-dien-kdh-loi-nhuan-2025-vuot-63-ke-hoach-dat-hon-1633-ty-dong-mo-rong-tang-truong-trong-2026-post384618.html,/khang-dien-kdh-loi-nhuan-2025-vuot-63-ke-hoach-dat-hon-1633-ty-dong-mo-rong-tang-truong-trong-2026-post384618.html,https://image.tinnhanhchungkhoan.vn/w200/Uploaded/2026/djshp/2026_01_25/2-992-368.jpg,"Mới đây, Khang Điền đã động thổ khu cao tầng Gladia by the Waters gồm hơn 600 căn hộ, dự kiến bàn giao quý IV/2027.",,,4,Thông tin doanh nghiệp,/thong-tin-doanh-nghiep/,"BMI,C4G,DL1,FPT,GCF,GMD,HUT,IDC,ITD,MBB,MWG,PAC,PC1,PVD,PVS,SHB,SIP,STH,TIP,TV2,VGT"
ITD,384620,"TTC Land (SCR) đạt lợi nhuận sau thuế 67,38 tỷ đồng trong năm 2025",,"(ĐTCK) CTCP Địa ốc Sài Gòn Thương Tín (TTC Land, mã SCR - sàn HOSE) ghi nhận lợi nhuận sau thuế 33,47 tỷ đồng trong quý IV, luỹ kế năm 2025 lãi 67,38 tỷ đồng, tăng hơn 14,85 lần so với cùng kỳ.",1769763442,2026-01-30 15:57:22,1769763442,2026-01-30 15:57:22,https://www.tinnhanhchungkhoan.vn/ttc-land-scr-dat-loi-nhuan-sau-thue-6738-ty-dong-trong-nam-2025-post384620.html,/ttc-land-scr-dat-loi-nhuan-sau-thue-6738-ty-dong-trong-nam-2025-post384620.html,https://image.tinnhanhchungkhoan.vn/w200/Uploaded/2026/lcgjikao/2026_01_30/01-8713-3228.jpeg,,,,4,Thông tin doanh nghiệp,/thong-tin-doanh-nghiep/,"BMI,C4G,DL1,FPT,GCF,GMD,HUT,IDC,ITD,MBB,MWG,PAC,PC1,PVD,PVS,SHB,SIP,STH,TIP,TV2,VGT"
ITD,384620,"TTC Land (SCR) đạt lợi nhuận sau thuế 67,38 tỷ đồng trong năm 2025",,"(ĐTCK) CTCP Địa ốc Sài Gòn Thương Tín (TTC Land, mã SCR - sàn HOSE) ghi nhận lợi nhuận sau thuế 33,47 tỷ đồng trong quý IV, luỹ kế năm 2025 lãi 67,38 tỷ đồng, tăng hơn 14,85 lần so với cùng kỳ.",1769763442,2026-01-30 15:57:22,1769763442,2026-01-30 15:57:22,https://www.tinnhanhchungkhoan.vn/ttc-land-scr-dat-loi-nhuan-sau-thue-6738-ty-dong-trong-nam-2025-post384620.html,/ttc-land-scr-dat-loi-nhuan-sau-thue-6738-ty-dong-trong-nam-2025-post384620.html,https://image.tinnhanhchungkhoan.vn/w200/Uploaded/2026/lcgjikao/2026_01_30/01-8713-3228.jpeg,,,,4,Thông tin doanh nghiệp,/thong-tin-doanh-nghiep/,"BMI,C4G,DL1,FPT,GCF,GMD,HUT,IDC,ITD,MBB,MWG,PAC,PC1,PVD,PVS,SHB,SIP,STH,TIP,TV2,VGT"
ITD,384615,"Lợi nhuận trước thuế năm 2025 của OCB đạt 5.046 tỷ đồng, tăng gần 26%",,"(ĐTCK) Theo báo cáo tài chính quý IV vừa được Ngân hàng Phương Đông (mã CK: OCB) công bố, lợi nhuận trước thuế năm 2025 đạt mức 5.046 tỷ đồng, tăng 25,9% so với năm 2024.",1769762805,2026-01-30 15:46:45,1769768157,2026-01-30 17:15:57,https://www.tinnhanhchungkhoan.vn/loi-nhuan-truoc-thue-nam-2025-cua-ocb-dat-5046-ty-dong-tang-gan-26-post384615.html,/loi-nhuan-truoc-thue-nam-2025-cua-ocb-dat-5046-ty-dong-tang-gan-26-post384615.html,https://image.tinnhanhchungkhoan.vn/w200/Uploaded/2026/bpcgdqvp/2024_01_30/ocb-3903.jpg,,,,4,Thông tin doanh nghiệp,/thong-tin-doanh-nghiep/,"BMI,C4G,DL1,FPT,GCF,GMD,HUT,IDC,ITD,MBB,MWG,PAC,PC1,PVD,PVS,SHB,SIP,STH,TIP,TV2,VGT"
ITD,384615,"Lợi nhuận trước thuế năm 2025 của OCB đạt 5.046 tỷ đồng, tăng gần 26%",,"(ĐTCK) Theo báo cáo tài chính quý IV vừa được Ngân hàng Phương Đông (mã CK: OCB) công bố, lợi nhuận trước thuế năm 2025 đạt mức 5.046 tỷ đồng, tăng 25,9% so với năm 2024.",1769762805,2026-01-30 15:46:45,1769768157,2026-01-30 17:15:57,https://www.tinnhanhchungkhoan.vn/loi-nhuan-truoc-thue-nam-2025-cua-ocb-dat-5046-ty-dong-tang-gan-26-post384615.html,/loi-nhuan-truoc-thue-nam-2025-cua-ocb-dat-5046-ty-dong-tang-gan-26-post384615.html,https://image.tinnhanhchungkhoan.vn/w200/Uploaded/2026/bpcgdqvp/2024_01_30/ocb-3903.jpg,,,,4,Thông tin doanh nghiệp,/thong-tin-doanh-nghiep/,"BMI,C4G,DL1,FPT,GCF,GMD,HUT,IDC,ITD,MBB,MWG,PAC,PC1,PVD,PVS,SHB,SIP,STH,TIP,TV2,VGT"
ITD,384614,Hạ tầng GELEX (GEL) phê duyệt khoản vay 200 triệu USD vốn quốc tế,,"(ĐTCK) CTCP Hạ tầng GELEX (mã GEL - sàn HOSE) vừa công bố nghị quyết hội đồng quản trị về việc phê duyệt khoản vay nước ngoài trị giá 200 triệu USD, trong đó HSBC đóng vai trò là ngân hàng thu xếp chính duy nhất kiêm điều phối sổ.",1769762776,2026-01-30 15:46:16,1769779705,2026-01-30 20:28:25,https://www.tinnhanhchungkhoan.vn/ha-tang-gelex-gel-phe-duyet-khoan-vay-200-trieu-usd-von-quoc-te-post384614.html,/ha-tang-gelex-gel-phe-duyet-khoan-vay-200-trieu-usd-von-quoc-te-post384614.html,https://image.tinnhanhchungkhoan.vn/w200/Uploaded/2026/lcgjikao/2026_01_30/02-4078-873.jpg,Hạ tầng GELEX đã làm việc với hơn 30 ngân hàng và tổ chức tài chính tại Singapore và Đài Loan.,,,4,Thông tin doanh nghiệp,/thong-tin-doanh-nghiep/,"BMI,C4G,DL1,FPT,GCF,GMD,HUT,IDC,ITD,MBB,MWG,PAC,PC1,PVD,PVS,SHB,SIP,STH,TIP,TV2,VGT"
ITD,384614,Hạ tầng GELEX (GEL) phê duyệt khoản vay 200 triệu USD vốn quốc tế,,"(ĐTCK) CTCP Hạ tầng GELEX (mã GEL - sàn HOSE) vừa công bố nghị quyết hội đồng quản trị về việc phê duyệt khoản vay nước ngoài trị giá 200 triệu USD, trong đó HSBC đóng vai trò là ngân hàng thu xếp chính duy nhất kiêm điều phối sổ.",1769762776,2026-01-30 15:46:16,1769779705,2026-01-30 20:28:25,https://www.tinnhanhchungkhoan.vn/ha-tang-gelex-gel-phe-duyet-khoan-vay-200-trieu-usd-von-quoc-te-post384614.html,/ha-tang-gelex-gel-phe-duyet-khoan-vay-200-trieu-usd-von-quoc-te-post384614.html,https://image.tinnhanhchungkhoan.vn/w200/Uploaded/2026/lcgjikao/2026_01_30/02-4078-873.jpg,Hạ tầng GELEX đã làm việc với hơn 30 ngân hàng và tổ chức tài chính tại Singapore và Đài Loan.,,,4,Thông tin doanh nghiệp,/thong-tin-doanh-nghiep/,"BMI,C4G,DL1,FPT,GCF,GMD,HUT,IDC,ITD,MBB,MWG,PAC,PC1,PVD,PVS,SHB,SIP,STH,TIP,TV2,VGT"
ITD,384613,"PTM lên kế hoạch chia cổ tức 30% bằng tiền, Haxaco (HAX) có thể nhận về gần 50 tỷ đồng",,"(ĐTCK) CTCP Sản xuất, Thương mại và Dịch vụ ô tô PTM (mã chứng khoán PTM) vừa có dự thảo tài liệu họp Đại hội đồng cổ đông thường niên 2026, trong đó có tờ trình phương án phân phối lợi nhuận năm 2025, chia cổ tức 30% bằng tiền mặt.",1769762727,2026-01-30 15:45:27,1769762727,2026-01-30 15:45:27,https://www.tinnhanhchungkhoan.vn/ptm-len-ke-hoach-chia-co-tuc-30-bang-tien-haxaco-hax-co-the-nhan-ve-gan-50-ty-dong-post384613.html,/ptm-len-ke-hoach-chia-co-tuc-30-bang-tien-haxaco-hax-co-the-nhan-ve-gan-50-ty-dong-post384613.html,https://image.tinnhanhchungkhoan.vn/w200/Uploaded/2026/wpxlcdjwi/2022_06_01/dien-bien-thi-truong-bat-loi-haxaco-hoan-tang-von-8721.jpg,Haxaco (HAX) sắp nhận gần 50 tỷ đồng tiền cổ tức từ PTM,,,4,Thông tin doanh nghiệp,/thong-tin-doanh-nghiep/,"BMI,C4G,DL1,FPT,GCF,GMD,HUT,IDC,ITD,MBB,MWG,PAC,PC1,PVD,PVS,SHB,SIP,STH,TIP,TV2,VGT"
ITD,384613,"PTM lên kế hoạch chia cổ tức 30% bằng tiền, Haxaco (HAX) có thể nhận về gần 50 tỷ đồng",,"(ĐTCK) CTCP Sản xuất, Thương mại và Dịch vụ ô tô PTM (mã chứng khoán PTM) vừa có dự thảo tài liệu họp Đại hội đồng cổ đông thường niên 2026, trong đó có tờ trình phương án phân phối lợi nhuận năm 2025, chia cổ tức 30% bằng tiền mặt.",1769762727,2026-01-30 15:45:27,1769762727,2026-01-30 15:45:27,https://www.tinnhanhchungkhoan.vn/ptm-len-ke-hoach-chia-co-tuc-30-bang-tien-haxaco-hax-co-the-nhan-ve-gan-50-ty-dong-post384613.html,/ptm-len-ke-hoach-chia-co-tuc-30-bang-tien-haxaco-hax-co-the-nhan-ve-gan-50-ty-dong-post384613.html,https://image.tinnhanhchungkhoan.vn/w200/Uploaded/2026/wpxlcdjwi/2022_06_01/dien-bien-thi-truong-bat-loi-haxaco-hoan-tang-von-8721.jpg,Haxaco (HAX) sắp nhận gần 50 tỷ đồng tiền cổ tức từ PTM,,,4,Thông tin doanh nghiệp,/thong-tin-doanh-nghiep/,"BMI,C4G,DL1,FPT,GCF,GMD,HUT,IDC,ITD,MBB,MWG,PAC,PC1,PVD,PVS,SHB,SIP,STH,TIP,TV2,VGT"
ITD,384611,"Năm 2025, MSB đạt lợi nhuận trước thuế hợp nhất 7.058 tỷ đồng",,"(ĐTCK) Tại ngày 31/12/2025, tổng tài sản hợp nhất của Ngân hàng TMCP Hàng Hải Việt Nam (MSB - sàn HOSE) đạt gần 408 nghìn tỷ đồng, tăng 27,3% so với thời điểm đầu năm. Động lực chính của sự tăng trưởng quy mô đến từ hoạt động tín dụng.",1769762700,2026-01-30 15:45:00,1769762700,2026-01-30 15:45:00,https://www.tinnhanhchungkhoan.vn/nam-2025-msb-dat-loi-nhuan-truoc-thue-hop-nhat-7058-ty-dong-post384611.html,/nam-2025-msb-dat-loi-nhuan-truoc-thue-hop-nhat-7058-ty-dong-post384611.html,https://image.tinnhanhchungkhoan.vn/w200/Uploaded/2026/pwvolcvo/2026_01_30/msb-6-7064-2022.jpg,,,,4,Thông tin doanh nghiệp,/thong-tin-doanh-nghiep/,"BMI,C4G,DL1,FPT,GCF,GMD,HUT,IDC,ITD,MBB,MWG,PAC,PC1,PVD,PVS,SHB,SIP,STH,TIP,TV2,VGT"
ITD,384611,"Năm 2025, MSB đạt lợi nhuận trước thuế hợp nhất 7.058 tỷ đồng",,"(ĐTCK) Tại ngày 31/12/2025, tổng tài sản hợp nhất của Ngân hàng TMCP Hàng Hải Việt Nam (MSB - sàn HOSE) đạt gần 408 nghìn tỷ đồng, tăng 27,3% so với thời điểm đầu năm. Động lực chính của sự tăng trưởng quy mô đến từ hoạt động tín dụng.",1769762700,2026-01-30 15:45:00,1769762700,2026-01-30 15:45:00,https://www.tinnhanhchungkhoan.vn/nam-2025-msb-dat-loi-nhuan-truoc-thue-hop-nhat-7058-ty-dong-post384611.html,/nam-2025-msb-dat-loi-nhuan-truoc-thue-hop-nhat-7058-ty-dong-post384611.html,https://image.tinnhanhchungkhoan.vn/w200/Uploaded/2026/pwvolcvo/2026_01_30/msb-6-7064-2022.jpg,,,,4,Thông tin doanh nghiệp,/thong-tin-doanh-nghiep/,"BMI,C4G,DL1,FPT,GCF,GMD,HUT,IDC,ITD,MBB,MWG,PAC,PC1,PVD,PVS,SHB,SIP,STH,TIP,TV2,VGT"
MBB,384814,Dịch vụ Phân phối Tổng hợp Dầu khí (PSD) vượt 40% mục tiêu lợi nhuận 2025,,"(ĐTCK) Năm 2025, CTCP Dịch vụ Phân phối Tổng hợp Dầu khí (Petrosetco Distribution, mã PSD) ghi nhận 143,1 tỷ đồng lợi nhuận sau thuế, tăng 73% so với năm trước và vượt 40% mục tiêu năm.",1770108462,2026-02-03 15:47:42,1770108462,2026-02-03 15:47:42,https://www.tinnhanhchungkhoan.vn/dich-vu-phan-phoi-tong-hop-dau-khi-psd-vuot-40-muc-tieu-loi-nhuan-2025-post384814.html,/dich-vu-phan-phoi-tong-hop-dau-khi-psd-vuot-40-muc-tieu-loi-nhuan-2025-post384814.html,https://image.tinnhanhchungkhoan.vn/w200/Uploaded/2026/xvrhgenatpx97/2026_02_03/492389603-1269083815221635-1856212450220482697-n-8553-4165.jpg,,,,4,Thông tin doanh nghiệp,/thong-tin-doanh-nghiep/,"BMI,C4G,DL1,FPT,GCF,GMD,HUT,IDC,ITD,MBB,MWG,PAC,PC1,PVD,PVS,SHB,SIP,STH,TIP,TV2,VGT"
MBB,384815,"Becamex IDC (BCM) chia cổ tức 11% bằng tiền mặt, lợi nhuận 2025 vượt hơn 42% kế hoạch",,"(ĐTCK) Ngày 13/2 tới đây, Tập đoàn Đầu tư và Phát triển Công nghiệp Becamex - CTCP (Becamex IDC, mã BCM - sàn HOSE) vừa thông báo về việc chia cổ tức năm 2024.",1770108203,2026-02-03 15:43:23,1770108203,2026-02-03 15:43:23,https://www.tinnhanhchungkhoan.vn/becamex-idc-bcm-chia-co-tuc-11-bang-tien-mat-loi-nhuan-2025-vuot-hon-42-ke-hoach-post384815.html,/becamex-idc-bcm-chia-co-tuc-11-bang-tien-mat-loi-nhuan-2025-vuot-hon-42-ke-hoach-post384815.html,https://image.tinnhanhchungkhoan.vn/w200/Uploaded/2026/ipuokbf/2025_02_06/becamex-idc-bcm-2233-7213.jpg,,,,4,Thông tin doanh nghiệp,/thong-tin-doanh-nghiep/,"BMI,C4G,DL1,FPT,GCF,GMD,HUT,IDC,ITD,MBB,MWG,PAC,PC1,PVD,PVS,SHB,SIP,STH,TIP,TV2,VGT"
MBB,384807,"EVNGENCO3 (PGV): Lợi nhuận sau thuế vượt 3.700 tỷ đồng, định giá cổ phiếu về vùng hấp dẫn",,(ĐTCK) Lợi nhuận năm 2025 của EVNGENCO3 (PGV) xác lập kỷ lục mới. Dòng tiền cải thiện cùng tỷ lệ nợ vay liên tục giảm nhiều năm là nền tảng quan trọng cho EVNGENCO3 trong giai đoạn mở rộng đầu tư sắp tới.,1770104233,2026-02-03 14:37:13,1770104233,2026-02-03 14:37:13,https://www.tinnhanhchungkhoan.vn/evngenco3-pgv-loi-nhuan-sau-thue-vuot-3700-ty-dong-dinh-gia-co-phieu-ve-vung-hap-dan-post384807.html,/evngenco3-pgv-loi-nhuan-sau-thue-vuot-3700-ty-dong-dinh-gia-co-phieu-ve-vung-hap-dan-post384807.html,https://image.tinnhanhchungkhoan.vn/w200/Uploaded/2026/bpikpjik/2022_01_26/evngenco3-4286.jpg,,,,4,Thông tin doanh nghiệp,/thong-tin-doanh-nghiep/,"BMI,C4G,DL1,FPT,GCF,GMD,HUT,IDC,ITD,MBB,MWG,PAC,PC1,PVD,PVS,SHB,SIP,STH,TIP,TV2,VGT"
MBB,384804,Doanh thu Sao Ta (FMC) giảm 21% ngay tháng đầu năm 2026,,"(ĐTCK) CTCP Thực phẩm Sao Ta (FMC) công bố tình hình hoạt động hợp nhất tháng 01/2026 với doanh thu đạt 20,4 triệu USD, giảm 21% so với cùng kỳ năm trước.",1770102267,2026-02-03 14:04:27,1770102267,2026-02-03 14:04:27,https://www.tinnhanhchungkhoan.vn/doanh-thu-sao-ta-fmc-giam-21-ngay-thang-dau-nam-2026-post384804.html,/doanh-thu-sao-ta-fmc-giam-21-ngay-thang-dau-nam-2026-post384804.html,https://image.tinnhanhchungkhoan.vn/w200/Uploaded/2026/xvrhgenatpx97/2023_01_16/fmc-9473.jpg,,,,4,Thông tin doanh nghiệp,/thong-tin-doanh-nghiep/,"BMI,C4G,DL1,FPT,GCF,GMD,HUT,IDC,ITD,MBB,MWG,PAC,PC1,PVD,PVS,SHB,SIP,STH,TIP,TV2,VGT"
MBB,384802,"Quý IV/2025, lợi nhuận sau thuế của Đạt Phương (DPG) tăng 46%",,"(ĐTCK) Mới đây, CTCP Tập đoàn Đạt Phương (mã DPG) công bố báo cáo tài chính quý IV/2025 cho thấy sự cải thiện về quy mô doanh thu và lợi nhuận.",1770091215,2026-02-03 11:00:15,1770091215,2026-02-03 11:00:15,https://www.tinnhanhchungkhoan.vn/quy-iv2025-loi-nhuan-sau-thue-cua-dat-phuong-dpg-tang-46-post384802.html,/quy-iv2025-loi-nhuan-sau-thue-cua-dat-phuong-dpg-tang-46-post384802.html,https://image.tinnhanhchungkhoan.vn/w200/Uploaded/2026/gtnwae/2026_02_03/1-7741-8171.jpg,,,,4,Thông tin doanh nghiệp,/thong-tin-doanh-nghiep/,"BMI,C4G,DL1,FPT,GCF,GMD,HUT,IDC,ITD,MBB,MWG,PAC,PC1,PVD,PVS,SHB,SIP,STH,TIP,TV2,VGT"
MBB,384799,Lợi nhuận Tổng công ty Tín Nghĩa (TID) giảm tới 99% trong quý IV/2025 khi phải hoàn trả cho Tỉnh uỷ Đồng Nai,,"(ĐTCK) Tổng công ty Tín Nghĩa (mã TID - UPCoM) ghi nhận lãi 1,8 tỷ đồng trong quý IV, luỹ kế cả năm 2025 ghi nhận lãi 762,13 tỷ đồng, hoàn thành 113,4% so với kế hoạch năm.",1770090820,2026-02-03 10:53:40,1770090820,2026-02-03 10:53:40,https://www.tinnhanhchungkhoan.vn/loi-nhuan-tong-cong-ty-tin-nghia-tid-giam-toi-99-trong-quy-iv2025-khi-phai-hoan-tra-cho-tinh-uy-dong-nai-post384799.html,/loi-nhuan-tong-cong-ty-tin-nghia-tid-giam-toi-99-trong-quy-iv2025-khi-phai-hoan-tra-cho-tinh-uy-dong-nai-post384799.html,https://image.tinnhanhchungkhoan.vn/w200/Uploaded/2026/lcgjikao/2026_02_03/01-906-8353.jpeg,,,,4,Thông tin doanh nghiệp,/thong-tin-doanh-nghiep/,"BMI,C4G,DL1,FPT,GCF,GMD,HUT,IDC,ITD,MBB,MWG,PAC,PC1,PVD,PVS,SHB,SIP,STH,TIP,TV2,VGT"
MBB,384779,"Gỗ An Cường (ACG) ghi nhận dòng tiền kinh doanh âm kỷ lục 408,56 tỷ đồng trong năm 2025",,"(ĐTCK) CTCP Gỗ An Cường (mã ACG - sàn HOSE) ghi nhận lãi 145,54 tỷ đồng trong quý IV, luỹ kế năm 2025 ghi nhận lãi 503,75 tỷ đồng, tăng 19,9% so với cùng kỳ năm trước.",1770077256,2026-02-03 07:07:36,1770077256,2026-02-03 07:07:36,https://www.tinnhanhchungkhoan.vn/go-an-cuong-acg-ghi-nhan-dong-tien-kinh-doanh-am-ky-luc-40856-ty-dong-trong-nam-2025-post384779.html,/go-an-cuong-acg-ghi-nhan-dong-tien-kinh-doanh-am-ky-luc-40856-ty-dong-trong-nam-2025-post384779.html,https://image.tinnhanhchungkhoan.vn/w200/Uploaded/2026/lcgjikao/2026_02_02/01-8702-1876.jpg,,,,4,Thông tin doanh nghiệp,/thong-tin-doanh-nghiep/,"BMI,C4G,DL1,FPT,GCF,GMD,HUT,IDC,ITD,MBB,MWG,PAC,PC1,PVD,PVS,SHB,SIP,STH,TIP,TV2,VGT"
MBB,384776,Searefico (SRF) thoát lỗ quý IV/2025 nhờ thu nhập khác tăng đột biến,,"(ĐTCK) Công ty cổ phần Searefico (mã SRF - sàn HOSE) ghi nhận lãi 15,71 tỷ đồng trong quý IV, luỹ kế cả năm 2025 lãi 22,18 tỷ đồng và đạt 56,9% kế hoạch năm.",1770077020,2026-02-03 07:03:40,1770077020,2026-02-03 07:03:40,https://www.tinnhanhchungkhoan.vn/searefico-srf-thoat-lo-quy-iv2025-nho-thu-nhap-khac-tang-dot-bien-post384776.html,/searefico-srf-thoat-lo-quy-iv2025-nho-thu-nhap-khac-tang-dot-bien-post384776.html,https://image.tinnhanhchungkhoan.vn/w200/Uploaded/2026/lcgjikao/2026_02_02/01-2954-71.jpg,,,,4,Thông tin doanh nghiệp,/thong-tin-doanh-nghiep/,"BMI,C4G,DL1,FPT,GCF,GMD,HUT,IDC,ITD,MBB,MWG,PAC,PC1,PVD,PVS,SHB,SIP,STH,TIP,TV2,VGT"
MBB,384774,"Thép Pomina (POM) lỗ thêm 838,2 tỷ đồng năm 2025, vốn chủ sở hữu âm hơn 623,6 tỷ đồng",,"(ĐTCK) CTCP Thép Pomina (mã POM) vừa công bố báo cáo tài chính năm 2025 với khoản lỗ sau thuế 838,2 tỷ đồng, đánh dấu năm thứ 4 liên tiếp doanh nghiệp thua lỗ, qua đó nâng lỗ lũy kế lên 3.485 tỷ đồng và khiến vốn chủ sở hữu tại thời điểm cuối năm âm hơn 623,6 tỷ đồng",1770076822,2026-02-03 07:00:22,1770076822,2026-02-03 07:00:22,https://www.tinnhanhchungkhoan.vn/thep-pomina-pom-lo-them-8382-ty-dong-nam-2025-von-chu-so-huu-am-hon-6236-ty-dong-post384774.html,/thep-pomina-pom-lo-them-8382-ty-dong-nam-2025-von-chu-so-huu-am-hon-6236-ty-dong-post384774.html,https://image.tinnhanhchungkhoan.vn/w200/Uploaded/2026/xvrhgenatpx97/2024_08_21/pom-5603.jpeg,,,,4,Thông tin doanh nghiệp,/thong-tin-doanh-nghiep/,"BMI,C4G,DL1,FPT,GCF,GMD,HUT,IDC,ITD,MBB,MWG,PAC,PC1,PVD,PVS,SHB,SIP,STH,TIP,TV2,VGT"
MBB,384773,PV Drilling (PVD) vượt 98% mục tiêu lợi nhuận năm 2025,,"(ĐTCK) Năm 2025, PV Drilling mang về 1.050,5 tỷ đồng lãi ròng, tăng 50,5% so với kết quả thực hiện năm 2024 và vượt 98% mục tiêu lợi nhuận cả năm.",1770076674,2026-02-03 06:57:54,1770076674,2026-02-03 06:57:54,https://www.tinnhanhchungkhoan.vn/pv-drilling-pvd-vuot-98-muc-tieu-loi-nhuan-nam-2025-post384773.html,/pv-drilling-pvd-vuot-98-muc-tieu-loi-nhuan-nam-2025-post384773.html,https://image.tinnhanhchungkhoan.vn/w200/Uploaded/2026/xvrhgenatpx97/2023_04_24/pvd-1871.jpeg,,,,4,Thông tin doanh nghiệp,/thong-tin-doanh-nghiep/,"BMI,C4G,DL1,FPT,GCF,GMD,HUT,IDC,ITD,MBB,MWG,PAC,PC1,PVD,PVS,SHB,SIP,STH,TIP,TV2,VGT"
MBB,384775,MB (MBB) dự kiến cán mốc vốn hóa 10 tỷ USD vào năm 2027,,"(ĐTCK) So với giai đoạn đầu năm 2017, tổng vốn hoá của Ngân hàng TMCP Quân Đội (MB - mã chứng khoán MBB) đến nay đã ghi nhận tăng 9,9 lần (tương đương khoảng 8,5 tỷ USD). Ông Lưu Trung Thái, Chủ tịch HĐQT MB cho biết, với tốc độ tăng trưởng như hiện nay, dự kiến sang năm 2027, tổng giá trị vốn hoá của MB có thể cán đến mốc 10 tỷ USD.",1770076595,2026-02-03 06:56:35,1770076595,2026-02-03 06:56:35,https://www.tinnhanhchungkhoan.vn/mb-mbb-du-kien-can-moc-von-hoa-10-ty-usd-vao-nam-2027-post384775.html,/mb-mbb-du-kien-can-moc-von-hoa-10-ty-usd-vao-nam-2027-post384775.html,https://image.tinnhanhchungkhoan.vn/w200/Uploaded/2026/ngobgt/2026_02_02/img-3950-1125-6297.jpeg,"Ông Lưu Trung Thái, Chủ tịch HĐQT Ngân hàng TMCP Quân Đội (MB) chủ trì hội nghị Nhà đầu tư.",,,4,Thông tin doanh nghiệp,/thong-tin-doanh-nghiep/,"BMI,C4G,DL1,FPT,GCF,GMD,HUT,IDC,ITD,MBB,MWG,PAC,PC1,PVD,PVS,SHB,SIP,STH,TIP,TV2,VGT"
MBB,384768,Chiến lược Go Global đang từng bước đóng góp vào tăng trưởng dài hạn của Masan Consumer (MCH),,"(ĐTCK) Trong suốt năm 2025, doanh thu quốc tế của Masan Consumer (HOSE: MCH) duy trì đà tăng trưởng tích cực và tiếp tục cải thiện trong quý gần nhất. Theo báo cáo kết quả kinh doanh, riêng kênh kinh doanh quốc tế tăng trưởng gần 27% trong năm 2025. Diễn biến này cho thấy chiến lược Go Global đang bắt đầu tạo đóng góp thực tế, thay vì chỉ dừng ở định hướng dài hạn.",1770026991,2026-02-02 17:09:51,1770029550,2026-02-02 17:52:30,https://www.tinnhanhchungkhoan.vn/chien-luoc-go-global-dang-tung-buoc-dong-gop-vao-tang-truong-dai-han-cua-masan-consumer-mch-post384768.html,/chien-luoc-go-global-dang-tung-buoc-dong-gop-vao-tang-truong-dai-han-cua-masan-consumer-mch-post384768.html,https://image.tinnhanhchungkhoan.vn/w200/Uploaded/2026/bpikpjik/2026_02_02/thuc-pham-tuoi-ngon-phong-phu-tai-sieu-thi-winmart-4053-77.jpeg,,,,4,Thông tin doanh nghiệp,/thong-tin-doanh-nghiep/,"BMI,C4G,DL1,FPT,GCF,GMD,HUT,IDC,ITD,MBB,MWG,PAC,PC1,PVD,PVS,SHB,SIP,STH,TIP,TV2,VGT"
MBB,384769,OCH vượt kế hoạch doanh thu và lợi nhuận năm 2025,,"(ĐTCK) Công ty cổ phần One Capital Hospitality (HNX: OCH) ghi nhận doanh thu cả năm 2025 đạt 1.188 tỷ đồng, lợi nhuận trước thuế 135,6 tỷ đồng, vượt kế hoạch được Đại hội đồng cổ đông (ĐHĐCĐ) đề ra.",1770026945,2026-02-02 17:09:05,1770026945,2026-02-02 17:09:05,https://www.tinnhanhchungkhoan.vn/och-vuot-ke-hoach-doanh-thu-va-loi-nhuan-nam-2025-post384769.html,/och-vuot-ke-hoach-doanh-thu-va-loi-nhuan-nam-2025-post384769.html,https://image.tinnhanhchungkhoan.vn/w200/Uploaded/2026/cqjwqcqdh/2025_10_30/och-8280-9602.jpg,,,,4,Thông tin doanh nghiệp,/thong-tin-doanh-nghiep/,"BMI,C4G,DL1,FPT,GCF,GMD,HUT,IDC,ITD,MBB,MWG,PAC,PC1,PVD,PVS,SHB,SIP,STH,TIP,TV2,VGT"
MBB,384765,"Cơ điện lạnh (REE) tạm ứng cổ tức 10% bằng tiền, lên lịch ĐHCĐ thường niên năm tài chính 2025",,"(ĐTCK) HĐQT CTCP Cơ điện lạnh (REE – sàn HOSE) vừa thông qua, ngày 27/2 tới đây sẽ thực hiện chốt danh sách cổ đông để tổ chức ĐHCĐ thường niên năm tài chính 2025 và tạm ứng cổ tức năm 2025.",1770026245,2026-02-02 16:57:25,1770026691,2026-02-02 17:04:51,https://www.tinnhanhchungkhoan.vn/co-dien-lanh-ree-tam-ung-co-tuc-10-bang-tien-len-lich-dhcd-thuong-nien-nam-tai-chinh-2025-post384765.html,/co-dien-lanh-ree-tam-ung-co-tuc-10-bang-tien-len-lich-dhcd-thuong-nien-nam-tai-chinh-2025-post384765.html,https://image.tinnhanhchungkhoan.vn/w200/Uploaded/2026/pigo/2020_09_30/cong-ty-co-phan-co-dien-lanh-bom-no-cham-trong-dau-tu-tai-chinh1590080990-3682.jpg,,,,4,Thông tin doanh nghiệp,/thong-tin-doanh-nghiep/,"BMI,C4G,DL1,FPT,GCF,GMD,HUT,IDC,ITD,MBB,MWG,PAC,PC1,PVD,PVS,SHB,SIP,STH,TIP,TV2,VGT"
MBB,384761,Vietbank (VBB): Bổ nhiệm Quyền Tổng giám đốc và một Phó tổng giám đốc,,"(ĐTCK) Ngân hàng TMCP Việt Nam Thương Tín (Vietbank, mã chứng khoán: VBB) vừa công bố quyết định kiện toàn nhân sự lãnh đạo cấp cao.",1770023282,2026-02-02 16:08:02,1770023282,2026-02-02 16:08:02,https://www.tinnhanhchungkhoan.vn/vietbank-vbb-bo-nhiem-quyen-tong-giam-doc-va-mot-pho-tong-giam-doc-post384761.html,/vietbank-vbb-bo-nhiem-quyen-tong-giam-doc-va-mot-pho-tong-giam-doc-post384761.html,https://image.tinnhanhchungkhoan.vn/w200/Uploaded/2026/bpcgdqvp/2026_02_02/vb2-3335-3688.jpg,Hội đồng Quản trị trao quyết định bổ nhiệm cho ông Lê Thanh Quý Ngọc - Quyền Tổng giám đốc và bà Trần Thị Ngọc Lý - Phó tổng giám đốc Vietbank,,,4,Thông tin doanh nghiệp,/thong-tin-doanh-nghiep/,"BMI,C4G,DL1,FPT,GCF,GMD,HUT,IDC,ITD,MBB,MWG,PAC,PC1,PVD,PVS,SHB,SIP,STH,TIP,TV2,VGT"
MBB,384752,"CDC Construction (CCC): Dòng tiền kinh doanh âm kỷ lục 335,17 tỷ đồng trong 9 tháng đầu niên độ 2025 - 2026",,"(ĐTCK) Công ty cổ phần Xây dựng CDC (CDC Construction, mã CCC - sàn HOSE) ghi nhận lãi 9,67 tỷ đồng trong quý III, luỹ kế 9 tháng trong niên độ 2025 - 2026 ghi nhận lãi 30,31 tỷ đồng, tăng 3,8% so với cùng kỳ và hoàn thành 64,1% kế hoạch năm.",1770022404,2026-02-02 15:53:24,1770022404,2026-02-02 15:53:24,https://www.tinnhanhchungkhoan.vn/cdc-construction-ccc-dong-tien-kinh-doanh-am-ky-luc-33517-ty-dong-trong-9-thang-dau-nien-do-2025-2026-post384752.html,/cdc-construction-ccc-dong-tien-kinh-doanh-am-ky-luc-33517-ty-dong-trong-9-thang-dau-nien-do-2025-2026-post384752.html,https://image.tinnhanhchungkhoan.vn/w200/Uploaded/2026/lcgjikao/2026_02_02/01-5399-2697.jpg,,,,4,Thông tin doanh nghiệp,/thong-tin-doanh-nghiep/,"BMI,C4G,DL1,FPT,GCF,GMD,HUT,IDC,ITD,MBB,MWG,PAC,PC1,PVD,PVS,SHB,SIP,STH,TIP,TV2,VGT"
MBB,384712,"Doanh thu cả năm vượt 37.000 tỷ đồng, Tasco (HUT) báo lãi gấp 2 lần năm trước",,"(ĐTCK) Năm 2025, Công ty Cổ phần Tasco (HNX: HUT) ghi nhận doanh thu 37.000 tỷ đồng, lợi nhuận sau thuế hơn 623 tỷ đồng, gấp 2 lần năm trước và cao nhất trong lịch sử hoạt động.",1770019201,2026-02-02 15:00:01,1770000938,2026-02-02 09:55:38,https://www.tinnhanhchungkhoan.vn/doanh-thu-ca-nam-vuot-37000-ty-dong-tasco-hut-bao-lai-gap-2-lan-nam-truoc-post384712.html,/doanh-thu-ca-nam-vuot-37000-ty-dong-tasco-hut-bao-lai-gap-2-lan-nam-truoc-post384712.html,https://image.tinnhanhchungkhoan.vn/w200/Uploaded/2026/xpwvotiv/2026_02_02/tasco-5092-7931.jpg,,,,4,Thông tin doanh nghiệp,/thong-tin-doanh-nghiep/,"BMI,C4G,DL1,FPT,GCF,GMD,HUT,IDC,ITD,MBB,MWG,PAC,PC1,PVD,PVS,SHB,SIP,STH,TIP,TV2,VGT"
MBB,384740,Quốc Cường Gia Lai (QCG) lãi đột biến quý IV/2025 nhờ thanh lý các khoản đầu tư,,"(ĐTCK) CTCP Quốc Cường Gia Lai (mã QCG - sàn HOSE) ghi nhận lãi 137,22 tỷ đồng trong quý IV, lũy kế năm 2025 lãi 171,28 tỷ đồng, tăng 109% so với năm 2024 và không hoàn thành kế hoạch năm.",1770016785,2026-02-02 14:19:45,1770016785,2026-02-02 14:19:45,https://www.tinnhanhchungkhoan.vn/quoc-cuong-gia-lai-qcg-lai-dot-bien-quy-iv2025-nho-thanh-ly-cac-khoan-dau-tu-post384740.html,/quoc-cuong-gia-lai-qcg-lai-dot-bien-quy-iv2025-nho-thanh-ly-cac-khoan-dau-tu-post384740.html,https://image.tinnhanhchungkhoan.vn/w200/Uploaded/2026/lcgjikao/2026_02_02/01-5700-5016.jpg,,,,4,Thông tin doanh nghiệp,/thong-tin-doanh-nghiep/,"BMI,C4G,DL1,FPT,GCF,GMD,HUT,IDC,ITD,MBB,MWG,PAC,PC1,PVD,PVS,SHB,SIP,STH,TIP,TV2,VGT"
MBB,384739,"Thuỷ điện Vĩnh Sơn - Sông Hinh (VSH) chốt quyền nhận cổ tức 10%, dự kiến họp ĐHCĐ 2026 cuối tháng 3",,"(ĐTCK) CTCP Thuỷ điện Vĩnh Sơn - Sông Hinh (mã VSH) mới thông báo, ngày 23/02 tới đây sẽ chốt danh sách cổ đông nhận cổ tức đợt 3/2025 và tham dự đại hội cổ đông năm 2026.",1770016761,2026-02-02 14:19:21,1770016761,2026-02-02 14:19:21,https://www.tinnhanhchungkhoan.vn/thuy-dien-vinh-son-song-hinh-vsh-chot-quyen-nhan-co-tuc-10-du-kien-hop-dhcd-2026-cuoi-thang-3-post384739.html,/thuy-dien-vinh-son-song-hinh-vsh-chot-quyen-nhan-co-tuc-10-du-kien-hop-dhcd-2026-cuoi-thang-3-post384739.html,https://image.tinnhanhchungkhoan.vn/w200/Uploaded/2026/xvrhgenatpx97/2024_10_24/vsh-8946.jpeg,,,,4,Thông tin doanh nghiệp,/thong-tin-doanh-nghiep/,"BMI,C4G,DL1,FPT,GCF,GMD,HUT,IDC,ITD,MBB,MWG,PAC,PC1,PVD,PVS,SHB,SIP,STH,TIP,TV2,VGT"
MBB,384741,VPS (VCK) được VASB vinh danh công ty chứng khoán đạt điểm thực hành ESG cao nhất,,"(ĐTCK) Công ty cổ phần Chứng khoán VPS (mã chứng khoán VCK) là một trong hai công ty chứng khoán được xếp hạng cao nhất trong chương trình chấm điểm thực hành ESG do Hiệp hội Chứng khoán Việt Nam (VASB) tổ chức, khẳng định cam kết mạnh mẽ của doanh nghiệp đối với phát triển bền vững theo chuẩn mực quốc tế.",1770016630,2026-02-02 14:17:10,1770343895,2026-02-06 09:11:35,https://www.tinnhanhchungkhoan.vn/vps-vck-duoc-vasb-vinh-danh-cong-ty-chung-khoan-dat-diem-thuc-hanh-esg-cao-nhat-post384741.html,/vps-vck-duoc-vasb-vinh-danh-cong-ty-chung-khoan-dat-diem-thuc-hanh-esg-cao-nhat-post384741.html,https://image.tinnhanhchungkhoan.vn/w200/Uploaded/2026/ipuokbf/2026_02_06/800x500-8825-6213.png,,,,4,Thông tin doanh nghiệp,/thong-tin-doanh-nghiep/,"BMI,C4G,DL1,FPT,GCF,GMD,HUT,IDC,ITD,MBB,MWG,PAC,PC1,PVD,PVS,SHB,SIP,STH,TIP,TV2,VGT"
MBB,384738,"Doanh thu năm 2025 của Vinamilk (VNM) đạt 63.724 tỷ đồng, cao nhất lịch sử Công ty",,"(ĐTCK)Tổng doanh thu hợp nhất quý IV/2025 của Công ty cổ phần Sữa Việt Nam (Vinamilk - mã VNM) đạt 17.045 tỷ đồng, tiếp tục lập đỉnh mới, tăng 10,1% so với cùng kỳ.",1770016538,2026-02-02 14:15:38,1770016538,2026-02-02 14:15:38,https://www.tinnhanhchungkhoan.vn/doanh-thu-nam-2025-cua-vinamilk-vnm-dat-63724-ty-dong-cao-nhat-lich-su-cong-ty-post384738.html,/doanh-thu-nam-2025-cua-vinamilk-vnm-dat-63724-ty-dong-cao-nhat-lich-su-cong-ty-post384738.html,https://image.tinnhanhchungkhoan.vn/w200/Uploaded/2026/unvjshu/2026_02_02/vnm-1723-4621.jpg,Đẩy mạnh các hoạt động xúc tiến thương mại giúp Vinamilk nâng cao hình ảnh và vị thế thương hiệu trên thị trường quốc tế. Ảnh: Vi Nam,,,4,Thông tin doanh nghiệp,/thong-tin-doanh-nghiep/,"BMI,C4G,DL1,FPT,GCF,GMD,HUT,IDC,ITD,MBB,MWG,PAC,PC1,PVD,PVS,SHB,SIP,STH,TIP,TV2,VGT"
MBB,384726,"Địa ốc Hoàng Quân (HQC) thoát lỗ quý IV/2025 nhờ hoạt động tài chính, thu hồi công nợ và hoàn nhập dự phòng",,"(ĐTCK) CTCP Tư vấn Thương mại Dịch vụ Địa ốc Hoàng Quân (mã HQC - sàn HOSE) ghi nhận lãi 55,08 tỷ đồng trong quý IV, luỹ kế cả năm 2025 lãi 73,21 tỷ đồng, tăng trưởng 116,8% và hoàn thành 104,6% kế hoạch năm.",1770006229,2026-02-02 11:23:49,1770006229,2026-02-02 11:23:49,https://www.tinnhanhchungkhoan.vn/dia-oc-hoang-quan-hqc-thoat-lo-quy-iv2025-nho-hoat-dong-tai-chinh-thu-hoi-cong-no-va-hoan-nhap-du-phong-post384726.html,/dia-oc-hoang-quan-hqc-thoat-lo-quy-iv2025-nho-hoat-dong-tai-chinh-thu-hoi-cong-no-va-hoan-nhap-du-phong-post384726.html,https://image.tinnhanhchungkhoan.vn/w200/Uploaded/2026/lcgjikao/2026_02_02/01-2382-9002.jpg,,,,4,Thông tin doanh nghiệp,/thong-tin-doanh-nghiep/,"BMI,C4G,DL1,FPT,GCF,GMD,HUT,IDC,ITD,MBB,MWG,PAC,PC1,PVD,PVS,SHB,SIP,STH,TIP,TV2,VGT"
MBB,384713,"Vietbank (VBB) đạt 1.532 tỷ đồng lợi nhuận trước thuế năm 2025, chuẩn bị niêm yết sàn HOSE",,"(ĐTCK) Năm 2025, Ngân hàng TMCP Việt Nam Thương Tín (Vietbank, mã chứng khoán VBB) ghi nhận lợi nhuận trước thuế hợp nhất đạt 1.532 tỷ đồng, tăng 35% so với năm 2024.",1769997537,2026-02-02 08:58:57,1769997537,2026-02-02 08:58:57,https://www.tinnhanhchungkhoan.vn/vietbank-vbb-dat-1532-ty-dong-loi-nhuan-truoc-thue-nam-2025-chuan-bi-niem-yet-san-hose-post384713.html,/vietbank-vbb-dat-1532-ty-dong-loi-nhuan-truoc-thue-nam-2025-chuan-bi-niem-yet-san-hose-post384713.html,https://image.tinnhanhchungkhoan.vn/w200/Uploaded/2026/bpcgdqvp/2023_09_20/vietbank-527.jpg,,,,4,Thông tin doanh nghiệp,/thong-tin-doanh-nghiep/,"BMI,C4G,DL1,FPT,GCF,GMD,HUT,IDC,ITD,MBB,MWG,PAC,PC1,PVD,PVS,SHB,SIP,STH,TIP,TV2,VGT"
MBB,384684,Đầu tư Thương mại SMC (SMC) ghi nhận lãi đột biến trở lại trong quý IV/2025 nhờ thanh lý tài sản và hoàn nhập dự phòng,,"(ĐTCK) Công ty cổ phần Đầu tư Thương mại SMC (mã SMC - sàn HOSE) ghi nhận lãi 343,95 tỷ đồng trong quý IV, luỹ kế cả năm 2025 lãi 185,07 tỷ đồng và hoàn thành tới 616,9% kế hoạch năm.",1769990120,2026-02-02 06:55:20,1769961336,2026-02-01 22:55:36,https://www.tinnhanhchungkhoan.vn/dau-tu-thuong-mai-smc-smc-ghi-nhan-lai-dot-bien-tro-lai-trong-quy-iv2025-nho-thanh-ly-tai-san-va-hoan-nhap-du-phong-post384684.html,/dau-tu-thuong-mai-smc-smc-ghi-nhan-lai-dot-bien-tro-lai-trong-quy-iv2025-nho-thanh-ly-tai-san-va-hoan-nhap-du-phong-post384684.html,https://image.tinnhanhchungkhoan.vn/w200/Uploaded/2026/lcgjikao/2026_02_01/01-150-4789.jpg,,,,4,Thông tin doanh nghiệp,/thong-tin-doanh-nghiep/,"BMI,C4G,DL1,FPT,GCF,GMD,HUT,IDC,ITD,MBB,MWG,PAC,PC1,PVD,PVS,SHB,SIP,STH,TIP,TV2,VGT"
MBB,384666,"Lợi nhuận Hoa Sen (HSG) giảm 62,3% trong quý I niên độ tài chính 2025 - 2026",,(ĐTCK) Công ty cổ phần Tập đoàn Hoa Sen (mã HSG - sàn HOSE) ghi nhận doanh thu và lợi nhuận đi lùi trong quý I niên độ tài chính 2025 – 2026 và có dấu hiệu tăng trích trữ tồn kho.,1769916063,2026-02-01 10:21:03,1769916063,2026-02-01 10:21:03,https://www.tinnhanhchungkhoan.vn/loi-nhuan-hoa-sen-hsg-giam-623-trong-quy-i-nien-do-tai-chinh-2025-2026-post384666.html,/loi-nhuan-hoa-sen-hsg-giam-623-trong-quy-i-nien-do-tai-chinh-2025-2026-post384666.html,https://image.tinnhanhchungkhoan.vn/w200/Uploaded/2026/lcgjikao/2026_02_01/01-8398-4117.jpg,,,,4,Thông tin doanh nghiệp,/thong-tin-doanh-nghiep/,"BMI,C4G,DL1,FPT,GCF,GMD,HUT,IDC,ITD,MBB,MWG,PAC,PC1,PVD,PVS,SHB,SIP,STH,TIP,TV2,VGT"
MBB,384656,"Thép Nam Kim (NKG) lỗ 9,34 tỷ đồng trong quý IV/2025, đánh dấu lỗ trở lại sau 10 quý",,"(ĐTCK) CTCP Thép Nam Kim (mã NKG - sàn HOSE) ghi nhận lỗ 9,34 tỷ đồng trong quý IV, luỹ kế năm 2025 lãi 197,19 tỷ đồng, giảm 56,55% và không hoàn thành kế hoạch năm.",1769915573,2026-02-01 10:12:53,1769915573,2026-02-01 10:12:53,https://www.tinnhanhchungkhoan.vn/thep-nam-kim-nkg-lo-934-ty-dong-trong-quy-iv2025-danh-dau-lo-tro-lai-sau-10-quy-post384656.html,/thep-nam-kim-nkg-lo-934-ty-dong-trong-quy-iv2025-danh-dau-lo-tro-lai-sau-10-quy-post384656.html,https://image.tinnhanhchungkhoan.vn/w200/Uploaded/2026/lcgjikao/2026_02_01/01-3530-7692.jpg,,,,4,Thông tin doanh nghiệp,/thong-tin-doanh-nghiep/,"BMI,C4G,DL1,FPT,GCF,GMD,HUT,IDC,ITD,MBB,MWG,PAC,PC1,PVD,PVS,SHB,SIP,STH,TIP,TV2,VGT"
MBB,384655,L40 đấu giá thành công quyền khai thác 415.000 m3 cát tại Quảng Nam,,"(ĐTCK) CTCP Đầu tư và Xây dựng 40 (L40) đã đấu giá thành công quyền khai thác bãi cát tại dự án nạo vét khơi thông dòng sông Cổ Cò (phường Điện Bàn Đông, Thành phố Đà Nẵng) với giá trúng đấu giá gần 60 tỷ đồng. Dự kiến L40 sẽ gia tăng lợi nhuận mảng vật liệu xây dựng năm 2026.",1769909966,2026-02-01 08:39:26,1769909966,2026-02-01 08:39:26,https://www.tinnhanhchungkhoan.vn/l40-dau-gia-thanh-cong-quyen-khai-thac-415000-m3-cat-tai-quang-nam-post384655.html,/l40-dau-gia-thanh-cong-quyen-khai-thac-415000-m3-cat-tai-quang-nam-post384655.html,https://image.tinnhanhchungkhoan.vn/w200/Uploaded/2026/ipuokbf/2026_02_01/song-co-co-copy-8566-1916.jpg,,,,4,Thông tin doanh nghiệp,/thong-tin-doanh-nghiep/,"BMI,C4G,DL1,FPT,GCF,GMD,HUT,IDC,ITD,MBB,MWG,PAC,PC1,PVD,PVS,SHB,SIP,STH,TIP,TV2,VGT"
MBB,384654,"Gilimex (GIL) ghi nhận dòng tiền âm kỷ lục 677,5 tỷ đồng trong năm 2025",,"(ĐTCK) CTCP Sản xuất Kinh doanh Xuất nhập khẩu Bình Thạnh (Gilimex, mã GIL - sàn HOSE) ghi nhận lãi 138,19 tỷ đồng trong quý IV, luỹ kế cả năm 2025 lãi 35,64 tỷ đồng, tăng 29% so với cùng kỳ và chỉ đạt 23,8% kế hoạch năm.",1769909653,2026-02-01 08:34:13,1769909653,2026-02-01 08:34:13,https://www.tinnhanhchungkhoan.vn/gilimex-gil-ghi-nhan-dong-tien-am-ky-luc-6775-ty-dong-trong-nam-2025-post384654.html,/gilimex-gil-ghi-nhan-dong-tien-am-ky-luc-6775-ty-dong-trong-nam-2025-post384654.html,https://image.tinnhanhchungkhoan.vn/w200/Uploaded/2026/lcgjikao/2026_01_31/01-3473-8010.jpg,,,,4,Thông tin doanh nghiệp,/thong-tin-doanh-nghiep/,"BMI,C4G,DL1,FPT,GCF,GMD,HUT,IDC,ITD,MBB,MWG,PAC,PC1,PVD,PVS,SHB,SIP,STH,TIP,TV2,VGT"
MBB,384648,Văn Phú (VPI) vượt chỉ tiêu lợi nhuận năm 2025,,"(ĐTCK) Dòng tiền thu được từ các dự án gồm Vlasta - Thủy Nguyên (Hải Phòng), Yên Phong (Bắc Ninh), TT39-40 (Hà Nội) , Dự án Song Khê - Nội Hoàng - (Bắc Ninh) giúp Công ty cổ phần Phát triển bất động sản Văn Phú (mã chứng khoán: VPI) kết thúc quý IV/2025 với lợi nhuận sau thuế ở mức 132 tỷ đồng, qua đó, thực hiện 112% chỉ tiêu lợi nhuận năm 2025 đã được các cổ đông thông qua tại cuộc họp ĐHĐCĐ thường niên.",1769837990,2026-01-31 12:39:50,1769837990,2026-01-31 12:39:50,https://www.tinnhanhchungkhoan.vn/van-phu-vpi-vuot-chi-tieu-loi-nhuan-nam-2025-post384648.html,/van-phu-vpi-vuot-chi-tieu-loi-nhuan-nam-2025-post384648.html,https://image.tinnhanhchungkhoan.vn/w200/Uploaded/2026/ipuokbf/2026_01_31/vpi-vlasta-phu-thuan-2958-8443.jpg,Dự án Vlasta Premier – Phú Thuận,,,4,Thông tin doanh nghiệp,/thong-tin-doanh-nghiep/,"BMI,C4G,DL1,FPT,GCF,GMD,HUT,IDC,ITD,MBB,MWG,PAC,PC1,PVD,PVS,SHB,SIP,STH,TIP,TV2,VGT"
MBB,384635,"Vinasun (VNS): Lợi nhuận năm 2025 đạt hơn 38 tỷ đồng, giảm 54,5%",,"(ĐTCK) Công ty cổ phần Ánh Dương Việt Nam (Vinasun, mã VNS - sàn HOSE) ghi nhận lãi 4,94 tỷ đồng trong quý IV, luỹ kế năm 2025 lãi 38,29 tỷ đồng, giảm 54,5% so với cùng kỳ và chỉ hoàn thành 71,4% kế hoạch năm.",1769825682,2026-01-31 09:14:42,1769825682,2026-01-31 09:14:42,https://www.tinnhanhchungkhoan.vn/vinasun-vns-loi-nhuan-nam-2025-dat-hon-38-ty-dong-giam-545-post384635.html,/vinasun-vns-loi-nhuan-nam-2025-dat-hon-38-ty-dong-giam-545-post384635.html,https://image.tinnhanhchungkhoan.vn/w200/Uploaded/2026/lcgjikao/2026_01_31/01-5716-1382.jpg,,,,4,Thông tin doanh nghiệp,/thong-tin-doanh-nghiep/,"BMI,C4G,DL1,FPT,GCF,GMD,HUT,IDC,ITD,MBB,MWG,PAC,PC1,PVD,PVS,SHB,SIP,STH,TIP,TV2,VGT"
MBB,384631,DIC Corp (DIG): Lãi đột biến quý IV/2025 nhờ bán một phần dự án Đại Phước,,"(ĐTCK) Tổng CTCP Đầu tư Phát triển Xây dựng (DIC Corp, mã DIG - sàn HOSE) ghi nhận lãi 423,99 tỷ đồng trong quý IV, luỹ kế năm 2025 lãi 623,95 tỷ đồng, tăng 509,2% so với cùng kỳ.",1769817644,2026-01-31 07:00:44,1769789831,2026-01-30 23:17:11,https://www.tinnhanhchungkhoan.vn/dic-corp-dig-lai-dot-bien-quy-iv2025-nho-ban-mot-phan-du-an-dai-phuoc-post384631.html,/dic-corp-dig-lai-dot-bien-quy-iv2025-nho-ban-mot-phan-du-an-dai-phuoc-post384631.html,https://image.tinnhanhchungkhoan.vn/w200/Uploaded/2026/lcgjikao/2026_01_30/01-5560-947.jpg,,,,4,Thông tin doanh nghiệp,/thong-tin-doanh-nghiep/,"BMI,C4G,DL1,FPT,GCF,GMD,HUT,IDC,ITD,MBB,MWG,PAC,PC1,PVD,PVS,SHB,SIP,STH,TIP,TV2,VGT"
MBB,384633,"Năm 2025, YeaH1 (YEG) ghi nhận lợi nhuận sau thuế đạt 80,3 tỷ đồng",,"(ĐTCK) Trước nhiều biến động của thị trường chung năm 2025, YeaH1 ghi nhận doanh thu thuần đạt 1.653 tỷ đồng, tăng 61% so với cùng kỳ và vượt 27% so với kế hoạch năm.",1769816733,2026-01-31 06:45:33,1769789740,2026-01-30 23:15:40,https://www.tinnhanhchungkhoan.vn/nam-2025-yeah1-yeg-ghi-nhan-loi-nhuan-sau-thue-dat-803-ty-dong-post384633.html,/nam-2025-yeah1-yeg-ghi-nhan-loi-nhuan-sau-thue-dat-803-ty-dong-post384633.html,https://image.tinnhanhchungkhoan.vn/w200/Uploaded/2026/bpcpcwvo/2026_01_30/yeg-concert-5715-7796.png,,,,4,Thông tin doanh nghiệp,/thong-tin-doanh-nghiep/,"BMI,C4G,DL1,FPT,GCF,GMD,HUT,IDC,ITD,MBB,MWG,PAC,PC1,PVD,PVS,SHB,SIP,STH,TIP,TV2,VGT"
MBB,384629,Eximbank (EIB) báo lãi trước thuế hơn 1.500 tỷ đồng trong năm 2025,,"(ĐTCK) Tổng lợi nhuận trước thuế của Eximbank trong năm 2025 đạt 1.511,7 tỷ đồng, chỉ đạt 29,12% kế hoạch năm.",1769771854,2026-01-30 18:17:34,1769779108,2026-01-30 20:18:28,https://www.tinnhanhchungkhoan.vn/eximbank-eib-bao-lai-truoc-thue-hon-1500-ty-dong-trong-nam-2025-post384629.html,/eximbank-eib-bao-lai-truoc-thue-hon-1500-ty-dong-trong-nam-2025-post384629.html,https://image.tinnhanhchungkhoan.vn/w200/Uploaded/2026/bpcgdqvp/2026_01_30/eib-594-5150.jpg,,,,4,Thông tin doanh nghiệp,/thong-tin-doanh-nghiep/,"BMI,C4G,DL1,FPT,GCF,GMD,HUT,IDC,ITD,MBB,MWG,PAC,PC1,PVD,PVS,SHB,SIP,STH,TIP,TV2,VGT"
MBB,384628,"Giữa “tâm bão” ngành chăn nuôi, BAF nỗ lực giữ biên lợi nhuận",,"(ĐTCK) Giữa bối cảnh giá lợn hơi lao dốc, BAF Việt Nam nổi bật với chiến lược tối ưu chi phí sản xuất, giá vốn giảm 14,2% tương đương khoảng 700 tỷ đồng, giúp lợi nhuận gộp giữ đà tăng 14,7%. Song song, doanh nghiệp chủ động mở rộng quy mô, đẩy nhanh tiến độ dự án chăn nuôi công nghệ cao nhà cao tầng và tập trung nghiên cứu, lai tạo giống heo năng suất cao, tăng sức chống chịu dịch bệnh, tạo nền tảng bứt phá cho giai đoạn 2026 - 2030.",1769769063,2026-01-30 17:31:03,1769769063,2026-01-30 17:31:03,https://www.tinnhanhchungkhoan.vn/giua-tam-bao-nganh-chan-nuoi-baf-no-luc-giu-bien-loi-nhuan-post384628.html,/giua-tam-bao-nganh-chan-nuoi-baf-no-luc-giu-bien-loi-nhuan-post384628.html,https://image.tinnhanhchungkhoan.vn/w200/Uploaded/2026/bpikpjik/2026_01_30/baf-9294-5858.jpg,,,,4,Thông tin doanh nghiệp,/thong-tin-doanh-nghiep/,"BMI,C4G,DL1,FPT,GCF,GMD,HUT,IDC,ITD,MBB,MWG,PAC,PC1,PVD,PVS,SHB,SIP,STH,TIP,TV2,VGT"
MBB,384618,"Khang Điền (KDH): Lợi nhuận 2025 vượt 63% kế hoạch, đạt hơn 1.633 tỷ đồng, mở rộng tăng trưởng trong 2026",,"(ĐTCK) Công ty cổ phần Đầu tư và Kinh doanh Nhà Khang Điền (mã chứng khoán KDH) vừa công bố báo cáo tài chính năm 2025, ghi nhận doanh thu hợp nhất tăng trưởng 16% và lợi nhuận sau thuế tăng gấp đôi so với cùng kỳ năm, vượt xa kế hoạch đề ra.",1769768553,2026-01-30 17:22:33,1769768553,2026-01-30 17:22:33,https://www.tinnhanhchungkhoan.vn/khang-dien-kdh-loi-nhuan-2025-vuot-63-ke-hoach-dat-hon-1633-ty-dong-mo-rong-tang-truong-trong-2026-post384618.html,/khang-dien-kdh-loi-nhuan-2025-vuot-63-ke-hoach-dat-hon-1633-ty-dong-mo-rong-tang-truong-trong-2026-post384618.html,https://image.tinnhanhchungkhoan.vn/w200/Uploaded/2026/djshp/2026_01_25/2-992-368.jpg,"Mới đây, Khang Điền đã động thổ khu cao tầng Gladia by the Waters gồm hơn 600 căn hộ, dự kiến bàn giao quý IV/2027.",,,4,Thông tin doanh nghiệp,/thong-tin-doanh-nghiep/,"BMI,C4G,DL1,FPT,GCF,GMD,HUT,IDC,ITD,MBB,MWG,PAC,PC1,PVD,PVS,SHB,SIP,STH,TIP,TV2,VGT"
MBB,384620,"TTC Land (SCR) đạt lợi nhuận sau thuế 67,38 tỷ đồng trong năm 2025",,"(ĐTCK) CTCP Địa ốc Sài Gòn Thương Tín (TTC Land, mã SCR - sàn HOSE) ghi nhận lợi nhuận sau thuế 33,47 tỷ đồng trong quý IV, luỹ kế năm 2025 lãi 67,38 tỷ đồng, tăng hơn 14,85 lần so với cùng kỳ.",1769763442,2026-01-30 15:57:22,1769763442,2026-01-30 15:57:22,https://www.tinnhanhchungkhoan.vn/ttc-land-scr-dat-loi-nhuan-sau-thue-6738-ty-dong-trong-nam-2025-post384620.html,/ttc-land-scr-dat-loi-nhuan-sau-thue-6738-ty-dong-trong-nam-2025-post384620.html,https://image.tinnhanhchungkhoan.vn/w200/Uploaded/2026/lcgjikao/2026_01_30/01-8713-3228.jpeg,,,,4,Thông tin doanh nghiệp,/thong-tin-doanh-nghiep/,"BMI,C4G,DL1,FPT,GCF,GMD,HUT,IDC,ITD,MBB,MWG,PAC,PC1,PVD,PVS,SHB,SIP,STH,TIP,TV2,VGT"
MBB,384615,"Lợi nhuận trước thuế năm 2025 của OCB đạt 5.046 tỷ đồng, tăng gần 26%",,"(ĐTCK) Theo báo cáo tài chính quý IV vừa được Ngân hàng Phương Đông (mã CK: OCB) công bố, lợi nhuận trước thuế năm 2025 đạt mức 5.046 tỷ đồng, tăng 25,9% so với năm 2024.",1769762805,2026-01-30 15:46:45,1769768157,2026-01-30 17:15:57,https://www.tinnhanhchungkhoan.vn/loi-nhuan-truoc-thue-nam-2025-cua-ocb-dat-5046-ty-dong-tang-gan-26-post384615.html,/loi-nhuan-truoc-thue-nam-2025-cua-ocb-dat-5046-ty-dong-tang-gan-26-post384615.html,https://image.tinnhanhchungkhoan.vn/w200/Uploaded/2026/bpcgdqvp/2024_01_30/ocb-3903.jpg,,,,4,Thông tin doanh nghiệp,/thong-tin-doanh-nghiep/,"BMI,C4G,DL1,FPT,GCF,GMD,HUT,IDC,ITD,MBB,MWG,PAC,PC1,PVD,PVS,SHB,SIP,STH,TIP,TV2,VGT"
MBB,384614,Hạ tầng GELEX (GEL) phê duyệt khoản vay 200 triệu USD vốn quốc tế,,"(ĐTCK) CTCP Hạ tầng GELEX (mã GEL - sàn HOSE) vừa công bố nghị quyết hội đồng quản trị về việc phê duyệt khoản vay nước ngoài trị giá 200 triệu USD, trong đó HSBC đóng vai trò là ngân hàng thu xếp chính duy nhất kiêm điều phối sổ.",1769762776,2026-01-30 15:46:16,1769779705,2026-01-30 20:28:25,https://www.tinnhanhchungkhoan.vn/ha-tang-gelex-gel-phe-duyet-khoan-vay-200-trieu-usd-von-quoc-te-post384614.html,/ha-tang-gelex-gel-phe-duyet-khoan-vay-200-trieu-usd-von-quoc-te-post384614.html,https://image.tinnhanhchungkhoan.vn/w200/Uploaded/2026/lcgjikao/2026_01_30/02-4078-873.jpg,Hạ tầng GELEX đã làm việc với hơn 30 ngân hàng và tổ chức tài chính tại Singapore và Đài Loan.,,,4,Thông tin doanh nghiệp,/thong-tin-doanh-nghiep/,"BMI,C4G,DL1,FPT,GCF,GMD,HUT,IDC,ITD,MBB,MWG,PAC,PC1,PVD,PVS,SHB,SIP,STH,TIP,TV2,VGT"
MBB,384613,"PTM lên kế hoạch chia cổ tức 30% bằng tiền, Haxaco (HAX) có thể nhận về gần 50 tỷ đồng",,"(ĐTCK) CTCP Sản xuất, Thương mại và Dịch vụ ô tô PTM (mã chứng khoán PTM) vừa có dự thảo tài liệu họp Đại hội đồng cổ đông thường niên 2026, trong đó có tờ trình phương án phân phối lợi nhuận năm 2025, chia cổ tức 30% bằng tiền mặt.",1769762727,2026-01-30 15:45:27,1769762727,2026-01-30 15:45:27,https://www.tinnhanhchungkhoan.vn/ptm-len-ke-hoach-chia-co-tuc-30-bang-tien-haxaco-hax-co-the-nhan-ve-gan-50-ty-dong-post384613.html,/ptm-len-ke-hoach-chia-co-tuc-30-bang-tien-haxaco-hax-co-the-nhan-ve-gan-50-ty-dong-post384613.html,https://image.tinnhanhchungkhoan.vn/w200/Uploaded/2026/wpxlcdjwi/2022_06_01/dien-bien-thi-truong-bat-loi-haxaco-hoan-tang-von-8721.jpg,Haxaco (HAX) sắp nhận gần 50 tỷ đồng tiền cổ tức từ PTM,,,4,Thông tin doanh nghiệp,/thong-tin-doanh-nghiep/,"BMI,C4G,DL1,FPT,GCF,GMD,HUT,IDC,ITD,MBB,MWG,PAC,PC1,PVD,PVS,SHB,SIP,STH,TIP,TV2,VGT"
MBB,384611,"Năm 2025, MSB đạt lợi nhuận trước thuế hợp nhất 7.058 tỷ đồng",,"(ĐTCK) Tại ngày 31/12/2025, tổng tài sản hợp nhất của Ngân hàng TMCP Hàng Hải Việt Nam (MSB - sàn HOSE) đạt gần 408 nghìn tỷ đồng, tăng 27,3% so với thời điểm đầu năm. Động lực chính của sự tăng trưởng quy mô đến từ hoạt động tín dụng.",1769762700,2026-01-30 15:45:00,1769762700,2026-01-30 15:45:00,https://www.tinnhanhchungkhoan.vn/nam-2025-msb-dat-loi-nhuan-truoc-thue-hop-nhat-7058-ty-dong-post384611.html,/nam-2025-msb-dat-loi-nhuan-truoc-thue-hop-nhat-7058-ty-dong-post384611.html,https://image.tinnhanhchungkhoan.vn/w200/Uploaded/2026/pwvolcvo/2026_01_30/msb-6-7064-2022.jpg,,,,4,Thông tin doanh nghiệp,/thong-tin-doanh-nghiep/,"BMI,C4G,DL1,FPT,GCF,GMD,HUT,IDC,ITD,MBB,MWG,PAC,PC1,PVD,PVS,SHB,SIP,STH,TIP,TV2,VGT"
MWG,384814,Dịch vụ Phân phối Tổng hợp Dầu khí (PSD) vượt 40% mục tiêu lợi nhuận 2025,,"(ĐTCK) Năm 2025, CTCP Dịch vụ Phân phối Tổng hợp Dầu khí (Petrosetco Distribution, mã PSD) ghi nhận 143,1 tỷ đồng lợi nhuận sau thuế, tăng 73% so với năm trước và vượt 40% mục tiêu năm.",1770108462,2026-02-03 15:47:42,1770108462,2026-02-03 15:47:42,https://www.tinnhanhchungkhoan.vn/dich-vu-phan-phoi-tong-hop-dau-khi-psd-vuot-40-muc-tieu-loi-nhuan-2025-post384814.html,/dich-vu-phan-phoi-tong-hop-dau-khi-psd-vuot-40-muc-tieu-loi-nhuan-2025-post384814.html,https://image.tinnhanhchungkhoan.vn/w200/Uploaded/2026/xvrhgenatpx97/2026_02_03/492389603-1269083815221635-1856212450220482697-n-8553-4165.jpg,,,,4,Thông tin doanh nghiệp,/thong-tin-doanh-nghiep/,"BMI,C4G,DL1,FPT,GCF,GMD,HUT,IDC,ITD,MBB,MWG,PAC,PC1,PVD,PVS,SHB,SIP,STH,TIP,TV2,VGT"
MWG,384815,"Becamex IDC (BCM) chia cổ tức 11% bằng tiền mặt, lợi nhuận 2025 vượt hơn 42% kế hoạch",,"(ĐTCK) Ngày 13/2 tới đây, Tập đoàn Đầu tư và Phát triển Công nghiệp Becamex - CTCP (Becamex IDC, mã BCM - sàn HOSE) vừa thông báo về việc chia cổ tức năm 2024.",1770108203,2026-02-03 15:43:23,1770108203,2026-02-03 15:43:23,https://www.tinnhanhchungkhoan.vn/becamex-idc-bcm-chia-co-tuc-11-bang-tien-mat-loi-nhuan-2025-vuot-hon-42-ke-hoach-post384815.html,/becamex-idc-bcm-chia-co-tuc-11-bang-tien-mat-loi-nhuan-2025-vuot-hon-42-ke-hoach-post384815.html,https://image.tinnhanhchungkhoan.vn/w200/Uploaded/2026/ipuokbf/2025_02_06/becamex-idc-bcm-2233-7213.jpg,,,,4,Thông tin doanh nghiệp,/thong-tin-doanh-nghiep/,"BMI,C4G,DL1,FPT,GCF,GMD,HUT,IDC,ITD,MBB,MWG,PAC,PC1,PVD,PVS,SHB,SIP,STH,TIP,TV2,VGT"
MWG,384807,"EVNGENCO3 (PGV): Lợi nhuận sau thuế vượt 3.700 tỷ đồng, định giá cổ phiếu về vùng hấp dẫn",,(ĐTCK) Lợi nhuận năm 2025 của EVNGENCO3 (PGV) xác lập kỷ lục mới. Dòng tiền cải thiện cùng tỷ lệ nợ vay liên tục giảm nhiều năm là nền tảng quan trọng cho EVNGENCO3 trong giai đoạn mở rộng đầu tư sắp tới.,1770104233,2026-02-03 14:37:13,1770104233,2026-02-03 14:37:13,https://www.tinnhanhchungkhoan.vn/evngenco3-pgv-loi-nhuan-sau-thue-vuot-3700-ty-dong-dinh-gia-co-phieu-ve-vung-hap-dan-post384807.html,/evngenco3-pgv-loi-nhuan-sau-thue-vuot-3700-ty-dong-dinh-gia-co-phieu-ve-vung-hap-dan-post384807.html,https://image.tinnhanhchungkhoan.vn/w200/Uploaded/2026/bpikpjik/2022_01_26/evngenco3-4286.jpg,,,,4,Thông tin doanh nghiệp,/thong-tin-doanh-nghiep/,"BMI,C4G,DL1,FPT,GCF,GMD,HUT,IDC,ITD,MBB,MWG,PAC,PC1,PVD,PVS,SHB,SIP,STH,TIP,TV2,VGT"
MWG,384804,Doanh thu Sao Ta (FMC) giảm 21% ngay tháng đầu năm 2026,,"(ĐTCK) CTCP Thực phẩm Sao Ta (FMC) công bố tình hình hoạt động hợp nhất tháng 01/2026 với doanh thu đạt 20,4 triệu USD, giảm 21% so với cùng kỳ năm trước.",1770102267,2026-02-03 14:04:27,1770102267,2026-02-03 14:04:27,https://www.tinnhanhchungkhoan.vn/doanh-thu-sao-ta-fmc-giam-21-ngay-thang-dau-nam-2026-post384804.html,/doanh-thu-sao-ta-fmc-giam-21-ngay-thang-dau-nam-2026-post384804.html,https://image.tinnhanhchungkhoan.vn/w200/Uploaded/2026/xvrhgenatpx97/2023_01_16/fmc-9473.jpg,,,,4,Thông tin doanh nghiệp,/thong-tin-doanh-nghiep/,"BMI,C4G,DL1,FPT,GCF,GMD,HUT,IDC,ITD,MBB,MWG,PAC,PC1,PVD,PVS,SHB,SIP,STH,TIP,TV2,VGT"
MWG,384802,"Quý IV/2025, lợi nhuận sau thuế của Đạt Phương (DPG) tăng 46%",,"(ĐTCK) Mới đây, CTCP Tập đoàn Đạt Phương (mã DPG) công bố báo cáo tài chính quý IV/2025 cho thấy sự cải thiện về quy mô doanh thu và lợi nhuận.",1770091215,2026-02-03 11:00:15,1770091215,2026-02-03 11:00:15,https://www.tinnhanhchungkhoan.vn/quy-iv2025-loi-nhuan-sau-thue-cua-dat-phuong-dpg-tang-46-post384802.html,/quy-iv2025-loi-nhuan-sau-thue-cua-dat-phuong-dpg-tang-46-post384802.html,https://image.tinnhanhchungkhoan.vn/w200/Uploaded/2026/gtnwae/2026_02_03/1-7741-8171.jpg,,,,4,Thông tin doanh nghiệp,/thong-tin-doanh-nghiep/,"BMI,C4G,DL1,FPT,GCF,GMD,HUT,IDC,ITD,MBB,MWG,PAC,PC1,PVD,PVS,SHB,SIP,STH,TIP,TV2,VGT"
MWG,384799,Lợi nhuận Tổng công ty Tín Nghĩa (TID) giảm tới 99% trong quý IV/2025 khi phải hoàn trả cho Tỉnh uỷ Đồng Nai,,"(ĐTCK) Tổng công ty Tín Nghĩa (mã TID - UPCoM) ghi nhận lãi 1,8 tỷ đồng trong quý IV, luỹ kế cả năm 2025 ghi nhận lãi 762,13 tỷ đồng, hoàn thành 113,4% so với kế hoạch năm.",1770090820,2026-02-03 10:53:40,1770090820,2026-02-03 10:53:40,https://www.tinnhanhchungkhoan.vn/loi-nhuan-tong-cong-ty-tin-nghia-tid-giam-toi-99-trong-quy-iv2025-khi-phai-hoan-tra-cho-tinh-uy-dong-nai-post384799.html,/loi-nhuan-tong-cong-ty-tin-nghia-tid-giam-toi-99-trong-quy-iv2025-khi-phai-hoan-tra-cho-tinh-uy-dong-nai-post384799.html,https://image.tinnhanhchungkhoan.vn/w200/Uploaded/2026/lcgjikao/2026_02_03/01-906-8353.jpeg,,,,4,Thông tin doanh nghiệp,/thong-tin-doanh-nghiep/,"BMI,C4G,DL1,FPT,GCF,GMD,HUT,IDC,ITD,MBB,MWG,PAC,PC1,PVD,PVS,SHB,SIP,STH,TIP,TV2,VGT"
MWG,384779,"Gỗ An Cường (ACG) ghi nhận dòng tiền kinh doanh âm kỷ lục 408,56 tỷ đồng trong năm 2025",,"(ĐTCK) CTCP Gỗ An Cường (mã ACG - sàn HOSE) ghi nhận lãi 145,54 tỷ đồng trong quý IV, luỹ kế năm 2025 ghi nhận lãi 503,75 tỷ đồng, tăng 19,9% so với cùng kỳ năm trước.",1770077256,2026-02-03 07:07:36,1770077256,2026-02-03 07:07:36,https://www.tinnhanhchungkhoan.vn/go-an-cuong-acg-ghi-nhan-dong-tien-kinh-doanh-am-ky-luc-40856-ty-dong-trong-nam-2025-post384779.html,/go-an-cuong-acg-ghi-nhan-dong-tien-kinh-doanh-am-ky-luc-40856-ty-dong-trong-nam-2025-post384779.html,https://image.tinnhanhchungkhoan.vn/w200/Uploaded/2026/lcgjikao/2026_02_02/01-8702-1876.jpg,,,,4,Thông tin doanh nghiệp,/thong-tin-doanh-nghiep/,"BMI,C4G,DL1,FPT,GCF,GMD,HUT,IDC,ITD,MBB,MWG,PAC,PC1,PVD,PVS,SHB,SIP,STH,TIP,TV2,VGT"
MWG,384776,Searefico (SRF) thoát lỗ quý IV/2025 nhờ thu nhập khác tăng đột biến,,"(ĐTCK) Công ty cổ phần Searefico (mã SRF - sàn HOSE) ghi nhận lãi 15,71 tỷ đồng trong quý IV, luỹ kế cả năm 2025 lãi 22,18 tỷ đồng và đạt 56,9% kế hoạch năm.",1770077020,2026-02-03 07:03:40,1770077020,2026-02-03 07:03:40,https://www.tinnhanhchungkhoan.vn/searefico-srf-thoat-lo-quy-iv2025-nho-thu-nhap-khac-tang-dot-bien-post384776.html,/searefico-srf-thoat-lo-quy-iv2025-nho-thu-nhap-khac-tang-dot-bien-post384776.html,https://image.tinnhanhchungkhoan.vn/w200/Uploaded/2026/lcgjikao/2026_02_02/01-2954-71.jpg,,,,4,Thông tin doanh nghiệp,/thong-tin-doanh-nghiep/,"BMI,C4G,DL1,FPT,GCF,GMD,HUT,IDC,ITD,MBB,MWG,PAC,PC1,PVD,PVS,SHB,SIP,STH,TIP,TV2,VGT"
MWG,384774,"Thép Pomina (POM) lỗ thêm 838,2 tỷ đồng năm 2025, vốn chủ sở hữu âm hơn 623,6 tỷ đồng",,"(ĐTCK) CTCP Thép Pomina (mã POM) vừa công bố báo cáo tài chính năm 2025 với khoản lỗ sau thuế 838,2 tỷ đồng, đánh dấu năm thứ 4 liên tiếp doanh nghiệp thua lỗ, qua đó nâng lỗ lũy kế lên 3.485 tỷ đồng và khiến vốn chủ sở hữu tại thời điểm cuối năm âm hơn 623,6 tỷ đồng",1770076822,2026-02-03 07:00:22,1770076822,2026-02-03 07:00:22,https://www.tinnhanhchungkhoan.vn/thep-pomina-pom-lo-them-8382-ty-dong-nam-2025-von-chu-so-huu-am-hon-6236-ty-dong-post384774.html,/thep-pomina-pom-lo-them-8382-ty-dong-nam-2025-von-chu-so-huu-am-hon-6236-ty-dong-post384774.html,https://image.tinnhanhchungkhoan.vn/w200/Uploaded/2026/xvrhgenatpx97/2024_08_21/pom-5603.jpeg,,,,4,Thông tin doanh nghiệp,/thong-tin-doanh-nghiep/,"BMI,C4G,DL1,FPT,GCF,GMD,HUT,IDC,ITD,MBB,MWG,PAC,PC1,PVD,PVS,SHB,SIP,STH,TIP,TV2,VGT"
MWG,384773,PV Drilling (PVD) vượt 98% mục tiêu lợi nhuận năm 2025,,"(ĐTCK) Năm 2025, PV Drilling mang về 1.050,5 tỷ đồng lãi ròng, tăng 50,5% so với kết quả thực hiện năm 2024 và vượt 98% mục tiêu lợi nhuận cả năm.",1770076674,2026-02-03 06:57:54,1770076674,2026-02-03 06:57:54,https://www.tinnhanhchungkhoan.vn/pv-drilling-pvd-vuot-98-muc-tieu-loi-nhuan-nam-2025-post384773.html,/pv-drilling-pvd-vuot-98-muc-tieu-loi-nhuan-nam-2025-post384773.html,https://image.tinnhanhchungkhoan.vn/w200/Uploaded/2026/xvrhgenatpx97/2023_04_24/pvd-1871.jpeg,,,,4,Thông tin doanh nghiệp,/thong-tin-doanh-nghiep/,"BMI,C4G,DL1,FPT,GCF,GMD,HUT,IDC,ITD,MBB,MWG,PAC,PC1,PVD,PVS,SHB,SIP,STH,TIP,TV2,VGT"
MWG,384775,MB (MBB) dự kiến cán mốc vốn hóa 10 tỷ USD vào năm 2027,,"(ĐTCK) So với giai đoạn đầu năm 2017, tổng vốn hoá của Ngân hàng TMCP Quân Đội (MB - mã chứng khoán MBB) đến nay đã ghi nhận tăng 9,9 lần (tương đương khoảng 8,5 tỷ USD). Ông Lưu Trung Thái, Chủ tịch HĐQT MB cho biết, với tốc độ tăng trưởng như hiện nay, dự kiến sang năm 2027, tổng giá trị vốn hoá của MB có thể cán đến mốc 10 tỷ USD.",1770076595,2026-02-03 06:56:35,1770076595,2026-02-03 06:56:35,https://www.tinnhanhchungkhoan.vn/mb-mbb-du-kien-can-moc-von-hoa-10-ty-usd-vao-nam-2027-post384775.html,/mb-mbb-du-kien-can-moc-von-hoa-10-ty-usd-vao-nam-2027-post384775.html,https://image.tinnhanhchungkhoan.vn/w200/Uploaded/2026/ngobgt/2026_02_02/img-3950-1125-6297.jpeg,"Ông Lưu Trung Thái, Chủ tịch HĐQT Ngân hàng TMCP Quân Đội (MB) chủ trì hội nghị Nhà đầu tư.",,,4,Thông tin doanh nghiệp,/thong-tin-doanh-nghiep/,"BMI,C4G,DL1,FPT,GCF,GMD,HUT,IDC,ITD,MBB,MWG,PAC,PC1,PVD,PVS,SHB,SIP,STH,TIP,TV2,VGT"
MWG,384768,Chiến lược Go Global đang từng bước đóng góp vào tăng trưởng dài hạn của Masan Consumer (MCH),,"(ĐTCK) Trong suốt năm 2025, doanh thu quốc tế của Masan Consumer (HOSE: MCH) duy trì đà tăng trưởng tích cực và tiếp tục cải thiện trong quý gần nhất. Theo báo cáo kết quả kinh doanh, riêng kênh kinh doanh quốc tế tăng trưởng gần 27% trong năm 2025. Diễn biến này cho thấy chiến lược Go Global đang bắt đầu tạo đóng góp thực tế, thay vì chỉ dừng ở định hướng dài hạn.",1770026991,2026-02-02 17:09:51,1770029550,2026-02-02 17:52:30,https://www.tinnhanhchungkhoan.vn/chien-luoc-go-global-dang-tung-buoc-dong-gop-vao-tang-truong-dai-han-cua-masan-consumer-mch-post384768.html,/chien-luoc-go-global-dang-tung-buoc-dong-gop-vao-tang-truong-dai-han-cua-masan-consumer-mch-post384768.html,https://image.tinnhanhchungkhoan.vn/w200/Uploaded/2026/bpikpjik/2026_02_02/thuc-pham-tuoi-ngon-phong-phu-tai-sieu-thi-winmart-4053-77.jpeg,,,,4,Thông tin doanh nghiệp,/thong-tin-doanh-nghiep/,"BMI,C4G,DL1,FPT,GCF,GMD,HUT,IDC,ITD,MBB,MWG,PAC,PC1,PVD,PVS,SHB,SIP,STH,TIP,TV2,VGT"
MWG,384769,OCH vượt kế hoạch doanh thu và lợi nhuận năm 2025,,"(ĐTCK) Công ty cổ phần One Capital Hospitality (HNX: OCH) ghi nhận doanh thu cả năm 2025 đạt 1.188 tỷ đồng, lợi nhuận trước thuế 135,6 tỷ đồng, vượt kế hoạch được Đại hội đồng cổ đông (ĐHĐCĐ) đề ra.",1770026945,2026-02-02 17:09:05,1770026945,2026-02-02 17:09:05,https://www.tinnhanhchungkhoan.vn/och-vuot-ke-hoach-doanh-thu-va-loi-nhuan-nam-2025-post384769.html,/och-vuot-ke-hoach-doanh-thu-va-loi-nhuan-nam-2025-post384769.html,https://image.tinnhanhchungkhoan.vn/w200/Uploaded/2026/cqjwqcqdh/2025_10_30/och-8280-9602.jpg,,,,4,Thông tin doanh nghiệp,/thong-tin-doanh-nghiep/,"BMI,C4G,DL1,FPT,GCF,GMD,HUT,IDC,ITD,MBB,MWG,PAC,PC1,PVD,PVS,SHB,SIP,STH,TIP,TV2,VGT"
MWG,384765,"Cơ điện lạnh (REE) tạm ứng cổ tức 10% bằng tiền, lên lịch ĐHCĐ thường niên năm tài chính 2025",,"(ĐTCK) HĐQT CTCP Cơ điện lạnh (REE – sàn HOSE) vừa thông qua, ngày 27/2 tới đây sẽ thực hiện chốt danh sách cổ đông để tổ chức ĐHCĐ thường niên năm tài chính 2025 và tạm ứng cổ tức năm 2025.",1770026245,2026-02-02 16:57:25,1770026691,2026-02-02 17:04:51,https://www.tinnhanhchungkhoan.vn/co-dien-lanh-ree-tam-ung-co-tuc-10-bang-tien-len-lich-dhcd-thuong-nien-nam-tai-chinh-2025-post384765.html,/co-dien-lanh-ree-tam-ung-co-tuc-10-bang-tien-len-lich-dhcd-thuong-nien-nam-tai-chinh-2025-post384765.html,https://image.tinnhanhchungkhoan.vn/w200/Uploaded/2026/pigo/2020_09_30/cong-ty-co-phan-co-dien-lanh-bom-no-cham-trong-dau-tu-tai-chinh1590080990-3682.jpg,,,,4,Thông tin doanh nghiệp,/thong-tin-doanh-nghiep/,"BMI,C4G,DL1,FPT,GCF,GMD,HUT,IDC,ITD,MBB,MWG,PAC,PC1,PVD,PVS,SHB,SIP,STH,TIP,TV2,VGT"
MWG,384761,Vietbank (VBB): Bổ nhiệm Quyền Tổng giám đốc và một Phó tổng giám đốc,,"(ĐTCK) Ngân hàng TMCP Việt Nam Thương Tín (Vietbank, mã chứng khoán: VBB) vừa công bố quyết định kiện toàn nhân sự lãnh đạo cấp cao.",1770023282,2026-02-02 16:08:02,1770023282,2026-02-02 16:08:02,https://www.tinnhanhchungkhoan.vn/vietbank-vbb-bo-nhiem-quyen-tong-giam-doc-va-mot-pho-tong-giam-doc-post384761.html,/vietbank-vbb-bo-nhiem-quyen-tong-giam-doc-va-mot-pho-tong-giam-doc-post384761.html,https://image.tinnhanhchungkhoan.vn/w200/Uploaded/2026/bpcgdqvp/2026_02_02/vb2-3335-3688.jpg,Hội đồng Quản trị trao quyết định bổ nhiệm cho ông Lê Thanh Quý Ngọc - Quyền Tổng giám đốc và bà Trần Thị Ngọc Lý - Phó tổng giám đốc Vietbank,,,4,Thông tin doanh nghiệp,/thong-tin-doanh-nghiep/,"BMI,C4G,DL1,FPT,GCF,GMD,HUT,IDC,ITD,MBB,MWG,PAC,PC1,PVD,PVS,SHB,SIP,STH,TIP,TV2,VGT"
MWG,384752,"CDC Construction (CCC): Dòng tiền kinh doanh âm kỷ lục 335,17 tỷ đồng trong 9 tháng đầu niên độ 2025 - 2026",,"(ĐTCK) Công ty cổ phần Xây dựng CDC (CDC Construction, mã CCC - sàn HOSE) ghi nhận lãi 9,67 tỷ đồng trong quý III, luỹ kế 9 tháng trong niên độ 2025 - 2026 ghi nhận lãi 30,31 tỷ đồng, tăng 3,8% so với cùng kỳ và hoàn thành 64,1% kế hoạch năm.",1770022404,2026-02-02 15:53:24,1770022404,2026-02-02 15:53:24,https://www.tinnhanhchungkhoan.vn/cdc-construction-ccc-dong-tien-kinh-doanh-am-ky-luc-33517-ty-dong-trong-9-thang-dau-nien-do-2025-2026-post384752.html,/cdc-construction-ccc-dong-tien-kinh-doanh-am-ky-luc-33517-ty-dong-trong-9-thang-dau-nien-do-2025-2026-post384752.html,https://image.tinnhanhchungkhoan.vn/w200/Uploaded/2026/lcgjikao/2026_02_02/01-5399-2697.jpg,,,,4,Thông tin doanh nghiệp,/thong-tin-doanh-nghiep/,"BMI,C4G,DL1,FPT,GCF,GMD,HUT,IDC,ITD,MBB,MWG,PAC,PC1,PVD,PVS,SHB,SIP,STH,TIP,TV2,VGT"
MWG,384712,"Doanh thu cả năm vượt 37.000 tỷ đồng, Tasco (HUT) báo lãi gấp 2 lần năm trước",,"(ĐTCK) Năm 2025, Công ty Cổ phần Tasco (HNX: HUT) ghi nhận doanh thu 37.000 tỷ đồng, lợi nhuận sau thuế hơn 623 tỷ đồng, gấp 2 lần năm trước và cao nhất trong lịch sử hoạt động.",1770019201,2026-02-02 15:00:01,1770000938,2026-02-02 09:55:38,https://www.tinnhanhchungkhoan.vn/doanh-thu-ca-nam-vuot-37000-ty-dong-tasco-hut-bao-lai-gap-2-lan-nam-truoc-post384712.html,/doanh-thu-ca-nam-vuot-37000-ty-dong-tasco-hut-bao-lai-gap-2-lan-nam-truoc-post384712.html,https://image.tinnhanhchungkhoan.vn/w200/Uploaded/2026/xpwvotiv/2026_02_02/tasco-5092-7931.jpg,,,,4,Thông tin doanh nghiệp,/thong-tin-doanh-nghiep/,"BMI,C4G,DL1,FPT,GCF,GMD,HUT,IDC,ITD,MBB,MWG,PAC,PC1,PVD,PVS,SHB,SIP,STH,TIP,TV2,VGT"
MWG,384740,Quốc Cường Gia Lai (QCG) lãi đột biến quý IV/2025 nhờ thanh lý các khoản đầu tư,,"(ĐTCK) CTCP Quốc Cường Gia Lai (mã QCG - sàn HOSE) ghi nhận lãi 137,22 tỷ đồng trong quý IV, lũy kế năm 2025 lãi 171,28 tỷ đồng, tăng 109% so với năm 2024 và không hoàn thành kế hoạch năm.",1770016785,2026-02-02 14:19:45,1770016785,2026-02-02 14:19:45,https://www.tinnhanhchungkhoan.vn/quoc-cuong-gia-lai-qcg-lai-dot-bien-quy-iv2025-nho-thanh-ly-cac-khoan-dau-tu-post384740.html,/quoc-cuong-gia-lai-qcg-lai-dot-bien-quy-iv2025-nho-thanh-ly-cac-khoan-dau-tu-post384740.html,https://image.tinnhanhchungkhoan.vn/w200/Uploaded/2026/lcgjikao/2026_02_02/01-5700-5016.jpg,,,,4,Thông tin doanh nghiệp,/thong-tin-doanh-nghiep/,"BMI,C4G,DL1,FPT,GCF,GMD,HUT,IDC,ITD,MBB,MWG,PAC,PC1,PVD,PVS,SHB,SIP,STH,TIP,TV2,VGT"
MWG,384739,"Thuỷ điện Vĩnh Sơn - Sông Hinh (VSH) chốt quyền nhận cổ tức 10%, dự kiến họp ĐHCĐ 2026 cuối tháng 3",,"(ĐTCK) CTCP Thuỷ điện Vĩnh Sơn - Sông Hinh (mã VSH) mới thông báo, ngày 23/02 tới đây sẽ chốt danh sách cổ đông nhận cổ tức đợt 3/2025 và tham dự đại hội cổ đông năm 2026.",1770016761,2026-02-02 14:19:21,1770016761,2026-02-02 14:19:21,https://www.tinnhanhchungkhoan.vn/thuy-dien-vinh-son-song-hinh-vsh-chot-quyen-nhan-co-tuc-10-du-kien-hop-dhcd-2026-cuoi-thang-3-post384739.html,/thuy-dien-vinh-son-song-hinh-vsh-chot-quyen-nhan-co-tuc-10-du-kien-hop-dhcd-2026-cuoi-thang-3-post384739.html,https://image.tinnhanhchungkhoan.vn/w200/Uploaded/2026/xvrhgenatpx97/2024_10_24/vsh-8946.jpeg,,,,4,Thông tin doanh nghiệp,/thong-tin-doanh-nghiep/,"BMI,C4G,DL1,FPT,GCF,GMD,HUT,IDC,ITD,MBB,MWG,PAC,PC1,PVD,PVS,SHB,SIP,STH,TIP,TV2,VGT"
MWG,384741,VPS (VCK) được VASB vinh danh công ty chứng khoán đạt điểm thực hành ESG cao nhất,,"(ĐTCK) Công ty cổ phần Chứng khoán VPS (mã chứng khoán VCK) là một trong hai công ty chứng khoán được xếp hạng cao nhất trong chương trình chấm điểm thực hành ESG do Hiệp hội Chứng khoán Việt Nam (VASB) tổ chức, khẳng định cam kết mạnh mẽ của doanh nghiệp đối với phát triển bền vững theo chuẩn mực quốc tế.",1770016630,2026-02-02 14:17:10,1770343895,2026-02-06 09:11:35,https://www.tinnhanhchungkhoan.vn/vps-vck-duoc-vasb-vinh-danh-cong-ty-chung-khoan-dat-diem-thuc-hanh-esg-cao-nhat-post384741.html,/vps-vck-duoc-vasb-vinh-danh-cong-ty-chung-khoan-dat-diem-thuc-hanh-esg-cao-nhat-post384741.html,https://image.tinnhanhchungkhoan.vn/w200/Uploaded/2026/ipuokbf/2026_02_06/800x500-8825-6213.png,,,,4,Thông tin doanh nghiệp,/thong-tin-doanh-nghiep/,"BMI,C4G,DL1,FPT,GCF,GMD,HUT,IDC,ITD,MBB,MWG,PAC,PC1,PVD,PVS,SHB,SIP,STH,TIP,TV2,VGT"
MWG,384738,"Doanh thu năm 2025 của Vinamilk (VNM) đạt 63.724 tỷ đồng, cao nhất lịch sử Công ty",,"(ĐTCK)Tổng doanh thu hợp nhất quý IV/2025 của Công ty cổ phần Sữa Việt Nam (Vinamilk - mã VNM) đạt 17.045 tỷ đồng, tiếp tục lập đỉnh mới, tăng 10,1% so với cùng kỳ.",1770016538,2026-02-02 14:15:38,1770016538,2026-02-02 14:15:38,https://www.tinnhanhchungkhoan.vn/doanh-thu-nam-2025-cua-vinamilk-vnm-dat-63724-ty-dong-cao-nhat-lich-su-cong-ty-post384738.html,/doanh-thu-nam-2025-cua-vinamilk-vnm-dat-63724-ty-dong-cao-nhat-lich-su-cong-ty-post384738.html,https://image.tinnhanhchungkhoan.vn/w200/Uploaded/2026/unvjshu/2026_02_02/vnm-1723-4621.jpg,Đẩy mạnh các hoạt động xúc tiến thương mại giúp Vinamilk nâng cao hình ảnh và vị thế thương hiệu trên thị trường quốc tế. Ảnh: Vi Nam,,,4,Thông tin doanh nghiệp,/thong-tin-doanh-nghiep/,"BMI,C4G,DL1,FPT,GCF,GMD,HUT,IDC,ITD,MBB,MWG,PAC,PC1,PVD,PVS,SHB,SIP,STH,TIP,TV2,VGT"
MWG,384726,"Địa ốc Hoàng Quân (HQC) thoát lỗ quý IV/2025 nhờ hoạt động tài chính, thu hồi công nợ và hoàn nhập dự phòng",,"(ĐTCK) CTCP Tư vấn Thương mại Dịch vụ Địa ốc Hoàng Quân (mã HQC - sàn HOSE) ghi nhận lãi 55,08 tỷ đồng trong quý IV, luỹ kế cả năm 2025 lãi 73,21 tỷ đồng, tăng trưởng 116,8% và hoàn thành 104,6% kế hoạch năm.",1770006229,2026-02-02 11:23:49,1770006229,2026-02-02 11:23:49,https://www.tinnhanhchungkhoan.vn/dia-oc-hoang-quan-hqc-thoat-lo-quy-iv2025-nho-hoat-dong-tai-chinh-thu-hoi-cong-no-va-hoan-nhap-du-phong-post384726.html,/dia-oc-hoang-quan-hqc-thoat-lo-quy-iv2025-nho-hoat-dong-tai-chinh-thu-hoi-cong-no-va-hoan-nhap-du-phong-post384726.html,https://image.tinnhanhchungkhoan.vn/w200/Uploaded/2026/lcgjikao/2026_02_02/01-2382-9002.jpg,,,,4,Thông tin doanh nghiệp,/thong-tin-doanh-nghiep/,"BMI,C4G,DL1,FPT,GCF,GMD,HUT,IDC,ITD,MBB,MWG,PAC,PC1,PVD,PVS,SHB,SIP,STH,TIP,TV2,VGT"
MWG,384713,"Vietbank (VBB) đạt 1.532 tỷ đồng lợi nhuận trước thuế năm 2025, chuẩn bị niêm yết sàn HOSE",,"(ĐTCK) Năm 2025, Ngân hàng TMCP Việt Nam Thương Tín (Vietbank, mã chứng khoán VBB) ghi nhận lợi nhuận trước thuế hợp nhất đạt 1.532 tỷ đồng, tăng 35% so với năm 2024.",1769997537,2026-02-02 08:58:57,1769997537,2026-02-02 08:58:57,https://www.tinnhanhchungkhoan.vn/vietbank-vbb-dat-1532-ty-dong-loi-nhuan-truoc-thue-nam-2025-chuan-bi-niem-yet-san-hose-post384713.html,/vietbank-vbb-dat-1532-ty-dong-loi-nhuan-truoc-thue-nam-2025-chuan-bi-niem-yet-san-hose-post384713.html,https://image.tinnhanhchungkhoan.vn/w200/Uploaded/2026/bpcgdqvp/2023_09_20/vietbank-527.jpg,,,,4,Thông tin doanh nghiệp,/thong-tin-doanh-nghiep/,"BMI,C4G,DL1,FPT,GCF,GMD,HUT,IDC,ITD,MBB,MWG,PAC,PC1,PVD,PVS,SHB,SIP,STH,TIP,TV2,VGT"
MWG,384684,Đầu tư Thương mại SMC (SMC) ghi nhận lãi đột biến trở lại trong quý IV/2025 nhờ thanh lý tài sản và hoàn nhập dự phòng,,"(ĐTCK) Công ty cổ phần Đầu tư Thương mại SMC (mã SMC - sàn HOSE) ghi nhận lãi 343,95 tỷ đồng trong quý IV, luỹ kế cả năm 2025 lãi 185,07 tỷ đồng và hoàn thành tới 616,9% kế hoạch năm.",1769990120,2026-02-02 06:55:20,1769961336,2026-02-01 22:55:36,https://www.tinnhanhchungkhoan.vn/dau-tu-thuong-mai-smc-smc-ghi-nhan-lai-dot-bien-tro-lai-trong-quy-iv2025-nho-thanh-ly-tai-san-va-hoan-nhap-du-phong-post384684.html,/dau-tu-thuong-mai-smc-smc-ghi-nhan-lai-dot-bien-tro-lai-trong-quy-iv2025-nho-thanh-ly-tai-san-va-hoan-nhap-du-phong-post384684.html,https://image.tinnhanhchungkhoan.vn/w200/Uploaded/2026/lcgjikao/2026_02_01/01-150-4789.jpg,,,,4,Thông tin doanh nghiệp,/thong-tin-doanh-nghiep/,"BMI,C4G,DL1,FPT,GCF,GMD,HUT,IDC,ITD,MBB,MWG,PAC,PC1,PVD,PVS,SHB,SIP,STH,TIP,TV2,VGT"
MWG,384666,"Lợi nhuận Hoa Sen (HSG) giảm 62,3% trong quý I niên độ tài chính 2025 - 2026",,(ĐTCK) Công ty cổ phần Tập đoàn Hoa Sen (mã HSG - sàn HOSE) ghi nhận doanh thu và lợi nhuận đi lùi trong quý I niên độ tài chính 2025 – 2026 và có dấu hiệu tăng trích trữ tồn kho.,1769916063,2026-02-01 10:21:03,1769916063,2026-02-01 10:21:03,https://www.tinnhanhchungkhoan.vn/loi-nhuan-hoa-sen-hsg-giam-623-trong-quy-i-nien-do-tai-chinh-2025-2026-post384666.html,/loi-nhuan-hoa-sen-hsg-giam-623-trong-quy-i-nien-do-tai-chinh-2025-2026-post384666.html,https://image.tinnhanhchungkhoan.vn/w200/Uploaded/2026/lcgjikao/2026_02_01/01-8398-4117.jpg,,,,4,Thông tin doanh nghiệp,/thong-tin-doanh-nghiep/,"BMI,C4G,DL1,FPT,GCF,GMD,HUT,IDC,ITD,MBB,MWG,PAC,PC1,PVD,PVS,SHB,SIP,STH,TIP,TV2,VGT"
MWG,384656,"Thép Nam Kim (NKG) lỗ 9,34 tỷ đồng trong quý IV/2025, đánh dấu lỗ trở lại sau 10 quý",,"(ĐTCK) CTCP Thép Nam Kim (mã NKG - sàn HOSE) ghi nhận lỗ 9,34 tỷ đồng trong quý IV, luỹ kế năm 2025 lãi 197,19 tỷ đồng, giảm 56,55% và không hoàn thành kế hoạch năm.",1769915573,2026-02-01 10:12:53,1769915573,2026-02-01 10:12:53,https://www.tinnhanhchungkhoan.vn/thep-nam-kim-nkg-lo-934-ty-dong-trong-quy-iv2025-danh-dau-lo-tro-lai-sau-10-quy-post384656.html,/thep-nam-kim-nkg-lo-934-ty-dong-trong-quy-iv2025-danh-dau-lo-tro-lai-sau-10-quy-post384656.html,https://image.tinnhanhchungkhoan.vn/w200/Uploaded/2026/lcgjikao/2026_02_01/01-3530-7692.jpg,,,,4,Thông tin doanh nghiệp,/thong-tin-doanh-nghiep/,"BMI,C4G,DL1,FPT,GCF,GMD,HUT,IDC,ITD,MBB,MWG,PAC,PC1,PVD,PVS,SHB,SIP,STH,TIP,TV2,VGT"
MWG,384655,L40 đấu giá thành công quyền khai thác 415.000 m3 cát tại Quảng Nam,,"(ĐTCK) CTCP Đầu tư và Xây dựng 40 (L40) đã đấu giá thành công quyền khai thác bãi cát tại dự án nạo vét khơi thông dòng sông Cổ Cò (phường Điện Bàn Đông, Thành phố Đà Nẵng) với giá trúng đấu giá gần 60 tỷ đồng. Dự kiến L40 sẽ gia tăng lợi nhuận mảng vật liệu xây dựng năm 2026.",1769909966,2026-02-01 08:39:26,1769909966,2026-02-01 08:39:26,https://www.tinnhanhchungkhoan.vn/l40-dau-gia-thanh-cong-quyen-khai-thac-415000-m3-cat-tai-quang-nam-post384655.html,/l40-dau-gia-thanh-cong-quyen-khai-thac-415000-m3-cat-tai-quang-nam-post384655.html,https://image.tinnhanhchungkhoan.vn/w200/Uploaded/2026/ipuokbf/2026_02_01/song-co-co-copy-8566-1916.jpg,,,,4,Thông tin doanh nghiệp,/thong-tin-doanh-nghiep/,"BMI,C4G,DL1,FPT,GCF,GMD,HUT,IDC,ITD,MBB,MWG,PAC,PC1,PVD,PVS,SHB,SIP,STH,TIP,TV2,VGT"
MWG,384654,"Gilimex (GIL) ghi nhận dòng tiền âm kỷ lục 677,5 tỷ đồng trong năm 2025",,"(ĐTCK) CTCP Sản xuất Kinh doanh Xuất nhập khẩu Bình Thạnh (Gilimex, mã GIL - sàn HOSE) ghi nhận lãi 138,19 tỷ đồng trong quý IV, luỹ kế cả năm 2025 lãi 35,64 tỷ đồng, tăng 29% so với cùng kỳ và chỉ đạt 23,8% kế hoạch năm.",1769909653,2026-02-01 08:34:13,1769909653,2026-02-01 08:34:13,https://www.tinnhanhchungkhoan.vn/gilimex-gil-ghi-nhan-dong-tien-am-ky-luc-6775-ty-dong-trong-nam-2025-post384654.html,/gilimex-gil-ghi-nhan-dong-tien-am-ky-luc-6775-ty-dong-trong-nam-2025-post384654.html,https://image.tinnhanhchungkhoan.vn/w200/Uploaded/2026/lcgjikao/2026_01_31/01-3473-8010.jpg,,,,4,Thông tin doanh nghiệp,/thong-tin-doanh-nghiep/,"BMI,C4G,DL1,FPT,GCF,GMD,HUT,IDC,ITD,MBB,MWG,PAC,PC1,PVD,PVS,SHB,SIP,STH,TIP,TV2,VGT"
MWG,384648,Văn Phú (VPI) vượt chỉ tiêu lợi nhuận năm 2025,,"(ĐTCK) Dòng tiền thu được từ các dự án gồm Vlasta - Thủy Nguyên (Hải Phòng), Yên Phong (Bắc Ninh), TT39-40 (Hà Nội) , Dự án Song Khê - Nội Hoàng - (Bắc Ninh) giúp Công ty cổ phần Phát triển bất động sản Văn Phú (mã chứng khoán: VPI) kết thúc quý IV/2025 với lợi nhuận sau thuế ở mức 132 tỷ đồng, qua đó, thực hiện 112% chỉ tiêu lợi nhuận năm 2025 đã được các cổ đông thông qua tại cuộc họp ĐHĐCĐ thường niên.",1769837990,2026-01-31 12:39:50,1769837990,2026-01-31 12:39:50,https://www.tinnhanhchungkhoan.vn/van-phu-vpi-vuot-chi-tieu-loi-nhuan-nam-2025-post384648.html,/van-phu-vpi-vuot-chi-tieu-loi-nhuan-nam-2025-post384648.html,https://image.tinnhanhchungkhoan.vn/w200/Uploaded/2026/ipuokbf/2026_01_31/vpi-vlasta-phu-thuan-2958-8443.jpg,Dự án Vlasta Premier – Phú Thuận,,,4,Thông tin doanh nghiệp,/thong-tin-doanh-nghiep/,"BMI,C4G,DL1,FPT,GCF,GMD,HUT,IDC,ITD,MBB,MWG,PAC,PC1,PVD,PVS,SHB,SIP,STH,TIP,TV2,VGT"
MWG,384635,"Vinasun (VNS): Lợi nhuận năm 2025 đạt hơn 38 tỷ đồng, giảm 54,5%",,"(ĐTCK) Công ty cổ phần Ánh Dương Việt Nam (Vinasun, mã VNS - sàn HOSE) ghi nhận lãi 4,94 tỷ đồng trong quý IV, luỹ kế năm 2025 lãi 38,29 tỷ đồng, giảm 54,5% so với cùng kỳ và chỉ hoàn thành 71,4% kế hoạch năm.",1769825682,2026-01-31 09:14:42,1769825682,2026-01-31 09:14:42,https://www.tinnhanhchungkhoan.vn/vinasun-vns-loi-nhuan-nam-2025-dat-hon-38-ty-dong-giam-545-post384635.html,/vinasun-vns-loi-nhuan-nam-2025-dat-hon-38-ty-dong-giam-545-post384635.html,https://image.tinnhanhchungkhoan.vn/w200/Uploaded/2026/lcgjikao/2026_01_31/01-5716-1382.jpg,,,,4,Thông tin doanh nghiệp,/thong-tin-doanh-nghiep/,"BMI,C4G,DL1,FPT,GCF,GMD,HUT,IDC,ITD,MBB,MWG,PAC,PC1,PVD,PVS,SHB,SIP,STH,TIP,TV2,VGT"
MWG,384631,DIC Corp (DIG): Lãi đột biến quý IV/2025 nhờ bán một phần dự án Đại Phước,,"(ĐTCK) Tổng CTCP Đầu tư Phát triển Xây dựng (DIC Corp, mã DIG - sàn HOSE) ghi nhận lãi 423,99 tỷ đồng trong quý IV, luỹ kế năm 2025 lãi 623,95 tỷ đồng, tăng 509,2% so với cùng kỳ.",1769817644,2026-01-31 07:00:44,1769789831,2026-01-30 23:17:11,https://www.tinnhanhchungkhoan.vn/dic-corp-dig-lai-dot-bien-quy-iv2025-nho-ban-mot-phan-du-an-dai-phuoc-post384631.html,/dic-corp-dig-lai-dot-bien-quy-iv2025-nho-ban-mot-phan-du-an-dai-phuoc-post384631.html,https://image.tinnhanhchungkhoan.vn/w200/Uploaded/2026/lcgjikao/2026_01_30/01-5560-947.jpg,,,,4,Thông tin doanh nghiệp,/thong-tin-doanh-nghiep/,"BMI,C4G,DL1,FPT,GCF,GMD,HUT,IDC,ITD,MBB,MWG,PAC,PC1,PVD,PVS,SHB,SIP,STH,TIP,TV2,VGT"
MWG,384633,"Năm 2025, YeaH1 (YEG) ghi nhận lợi nhuận sau thuế đạt 80,3 tỷ đồng",,"(ĐTCK) Trước nhiều biến động của thị trường chung năm 2025, YeaH1 ghi nhận doanh thu thuần đạt 1.653 tỷ đồng, tăng 61% so với cùng kỳ và vượt 27% so với kế hoạch năm.",1769816733,2026-01-31 06:45:33,1769789740,2026-01-30 23:15:40,https://www.tinnhanhchungkhoan.vn/nam-2025-yeah1-yeg-ghi-nhan-loi-nhuan-sau-thue-dat-803-ty-dong-post384633.html,/nam-2025-yeah1-yeg-ghi-nhan-loi-nhuan-sau-thue-dat-803-ty-dong-post384633.html,https://image.tinnhanhchungkhoan.vn/w200/Uploaded/2026/bpcpcwvo/2026_01_30/yeg-concert-5715-7796.png,,,,4,Thông tin doanh nghiệp,/thong-tin-doanh-nghiep/,"BMI,C4G,DL1,FPT,GCF,GMD,HUT,IDC,ITD,MBB,MWG,PAC,PC1,PVD,PVS,SHB,SIP,STH,TIP,TV2,VGT"
MWG,384629,Eximbank (EIB) báo lãi trước thuế hơn 1.500 tỷ đồng trong năm 2025,,"(ĐTCK) Tổng lợi nhuận trước thuế của Eximbank trong năm 2025 đạt 1.511,7 tỷ đồng, chỉ đạt 29,12% kế hoạch năm.",1769771854,2026-01-30 18:17:34,1769779108,2026-01-30 20:18:28,https://www.tinnhanhchungkhoan.vn/eximbank-eib-bao-lai-truoc-thue-hon-1500-ty-dong-trong-nam-2025-post384629.html,/eximbank-eib-bao-lai-truoc-thue-hon-1500-ty-dong-trong-nam-2025-post384629.html,https://image.tinnhanhchungkhoan.vn/w200/Uploaded/2026/bpcgdqvp/2026_01_30/eib-594-5150.jpg,,,,4,Thông tin doanh nghiệp,/thong-tin-doanh-nghiep/,"BMI,C4G,DL1,FPT,GCF,GMD,HUT,IDC,ITD,MBB,MWG,PAC,PC1,PVD,PVS,SHB,SIP,STH,TIP,TV2,VGT"
MWG,384628,"Giữa “tâm bão” ngành chăn nuôi, BAF nỗ lực giữ biên lợi nhuận",,"(ĐTCK) Giữa bối cảnh giá lợn hơi lao dốc, BAF Việt Nam nổi bật với chiến lược tối ưu chi phí sản xuất, giá vốn giảm 14,2% tương đương khoảng 700 tỷ đồng, giúp lợi nhuận gộp giữ đà tăng 14,7%. Song song, doanh nghiệp chủ động mở rộng quy mô, đẩy nhanh tiến độ dự án chăn nuôi công nghệ cao nhà cao tầng và tập trung nghiên cứu, lai tạo giống heo năng suất cao, tăng sức chống chịu dịch bệnh, tạo nền tảng bứt phá cho giai đoạn 2026 - 2030.",1769769063,2026-01-30 17:31:03,1769769063,2026-01-30 17:31:03,https://www.tinnhanhchungkhoan.vn/giua-tam-bao-nganh-chan-nuoi-baf-no-luc-giu-bien-loi-nhuan-post384628.html,/giua-tam-bao-nganh-chan-nuoi-baf-no-luc-giu-bien-loi-nhuan-post384628.html,https://image.tinnhanhchungkhoan.vn/w200/Uploaded/2026/bpikpjik/2026_01_30/baf-9294-5858.jpg,,,,4,Thông tin doanh nghiệp,/thong-tin-doanh-nghiep/,"BMI,C4G,DL1,FPT,GCF,GMD,HUT,IDC,ITD,MBB,MWG,PAC,PC1,PVD,PVS,SHB,SIP,STH,TIP,TV2,VGT"
MWG,384618,"Khang Điền (KDH): Lợi nhuận 2025 vượt 63% kế hoạch, đạt hơn 1.633 tỷ đồng, mở rộng tăng trưởng trong 2026",,"(ĐTCK) Công ty cổ phần Đầu tư và Kinh doanh Nhà Khang Điền (mã chứng khoán KDH) vừa công bố báo cáo tài chính năm 2025, ghi nhận doanh thu hợp nhất tăng trưởng 16% và lợi nhuận sau thuế tăng gấp đôi so với cùng kỳ năm, vượt xa kế hoạch đề ra.",1769768553,2026-01-30 17:22:33,1769768553,2026-01-30 17:22:33,https://www.tinnhanhchungkhoan.vn/khang-dien-kdh-loi-nhuan-2025-vuot-63-ke-hoach-dat-hon-1633-ty-dong-mo-rong-tang-truong-trong-2026-post384618.html,/khang-dien-kdh-loi-nhuan-2025-vuot-63-ke-hoach-dat-hon-1633-ty-dong-mo-rong-tang-truong-trong-2026-post384618.html,https://image.tinnhanhchungkhoan.vn/w200/Uploaded/2026/djshp/2026_01_25/2-992-368.jpg,"Mới đây, Khang Điền đã động thổ khu cao tầng Gladia by the Waters gồm hơn 600 căn hộ, dự kiến bàn giao quý IV/2027.",,,4,Thông tin doanh nghiệp,/thong-tin-doanh-nghiep/,"BMI,C4G,DL1,FPT,GCF,GMD,HUT,IDC,ITD,MBB,MWG,PAC,PC1,PVD,PVS,SHB,SIP,STH,TIP,TV2,VGT"
MWG,384620,"TTC Land (SCR) đạt lợi nhuận sau thuế 67,38 tỷ đồng trong năm 2025",,"(ĐTCK) CTCP Địa ốc Sài Gòn Thương Tín (TTC Land, mã SCR - sàn HOSE) ghi nhận lợi nhuận sau thuế 33,47 tỷ đồng trong quý IV, luỹ kế năm 2025 lãi 67,38 tỷ đồng, tăng hơn 14,85 lần so với cùng kỳ.",1769763442,2026-01-30 15:57:22,1769763442,2026-01-30 15:57:22,https://www.tinnhanhchungkhoan.vn/ttc-land-scr-dat-loi-nhuan-sau-thue-6738-ty-dong-trong-nam-2025-post384620.html,/ttc-land-scr-dat-loi-nhuan-sau-thue-6738-ty-dong-trong-nam-2025-post384620.html,https://image.tinnhanhchungkhoan.vn/w200/Uploaded/2026/lcgjikao/2026_01_30/01-8713-3228.jpeg,,,,4,Thông tin doanh nghiệp,/thong-tin-doanh-nghiep/,"BMI,C4G,DL1,FPT,GCF,GMD,HUT,IDC,ITD,MBB,MWG,PAC,PC1,PVD,PVS,SHB,SIP,STH,TIP,TV2,VGT"
MWG,384615,"Lợi nhuận trước thuế năm 2025 của OCB đạt 5.046 tỷ đồng, tăng gần 26%",,"(ĐTCK) Theo báo cáo tài chính quý IV vừa được Ngân hàng Phương Đông (mã CK: OCB) công bố, lợi nhuận trước thuế năm 2025 đạt mức 5.046 tỷ đồng, tăng 25,9% so với năm 2024.",1769762805,2026-01-30 15:46:45,1769768157,2026-01-30 17:15:57,https://www.tinnhanhchungkhoan.vn/loi-nhuan-truoc-thue-nam-2025-cua-ocb-dat-5046-ty-dong-tang-gan-26-post384615.html,/loi-nhuan-truoc-thue-nam-2025-cua-ocb-dat-5046-ty-dong-tang-gan-26-post384615.html,https://image.tinnhanhchungkhoan.vn/w200/Uploaded/2026/bpcgdqvp/2024_01_30/ocb-3903.jpg,,,,4,Thông tin doanh nghiệp,/thong-tin-doanh-nghiep/,"BMI,C4G,DL1,FPT,GCF,GMD,HUT,IDC,ITD,MBB,MWG,PAC,PC1,PVD,PVS,SHB,SIP,STH,TIP,TV2,VGT"
MWG,384614,Hạ tầng GELEX (GEL) phê duyệt khoản vay 200 triệu USD vốn quốc tế,,"(ĐTCK) CTCP Hạ tầng GELEX (mã GEL - sàn HOSE) vừa công bố nghị quyết hội đồng quản trị về việc phê duyệt khoản vay nước ngoài trị giá 200 triệu USD, trong đó HSBC đóng vai trò là ngân hàng thu xếp chính duy nhất kiêm điều phối sổ.",1769762776,2026-01-30 15:46:16,1769779705,2026-01-30 20:28:25,https://www.tinnhanhchungkhoan.vn/ha-tang-gelex-gel-phe-duyet-khoan-vay-200-trieu-usd-von-quoc-te-post384614.html,/ha-tang-gelex-gel-phe-duyet-khoan-vay-200-trieu-usd-von-quoc-te-post384614.html,https://image.tinnhanhchungkhoan.vn/w200/Uploaded/2026/lcgjikao/2026_01_30/02-4078-873.jpg,Hạ tầng GELEX đã làm việc với hơn 30 ngân hàng và tổ chức tài chính tại Singapore và Đài Loan.,,,4,Thông tin doanh nghiệp,/thong-tin-doanh-nghiep/,"BMI,C4G,DL1,FPT,GCF,GMD,HUT,IDC,ITD,MBB,MWG,PAC,PC1,PVD,PVS,SHB,SIP,STH,TIP,TV2,VGT"
MWG,384613,"PTM lên kế hoạch chia cổ tức 30% bằng tiền, Haxaco (HAX) có thể nhận về gần 50 tỷ đồng",,"(ĐTCK) CTCP Sản xuất, Thương mại và Dịch vụ ô tô PTM (mã chứng khoán PTM) vừa có dự thảo tài liệu họp Đại hội đồng cổ đông thường niên 2026, trong đó có tờ trình phương án phân phối lợi nhuận năm 2025, chia cổ tức 30% bằng tiền mặt.",1769762727,2026-01-30 15:45:27,1769762727,2026-01-30 15:45:27,https://www.tinnhanhchungkhoan.vn/ptm-len-ke-hoach-chia-co-tuc-30-bang-tien-haxaco-hax-co-the-nhan-ve-gan-50-ty-dong-post384613.html,/ptm-len-ke-hoach-chia-co-tuc-30-bang-tien-haxaco-hax-co-the-nhan-ve-gan-50-ty-dong-post384613.html,https://image.tinnhanhchungkhoan.vn/w200/Uploaded/2026/wpxlcdjwi/2022_06_01/dien-bien-thi-truong-bat-loi-haxaco-hoan-tang-von-8721.jpg,Haxaco (HAX) sắp nhận gần 50 tỷ đồng tiền cổ tức từ PTM,,,4,Thông tin doanh nghiệp,/thong-tin-doanh-nghiep/,"BMI,C4G,DL1,FPT,GCF,GMD,HUT,IDC,ITD,MBB,MWG,PAC,PC1,PVD,PVS,SHB,SIP,STH,TIP,TV2,VGT"
MWG,384611,"Năm 2025, MSB đạt lợi nhuận trước thuế hợp nhất 7.058 tỷ đồng",,"(ĐTCK) Tại ngày 31/12/2025, tổng tài sản hợp nhất của Ngân hàng TMCP Hàng Hải Việt Nam (MSB - sàn HOSE) đạt gần 408 nghìn tỷ đồng, tăng 27,3% so với thời điểm đầu năm. Động lực chính của sự tăng trưởng quy mô đến từ hoạt động tín dụng.",1769762700,2026-01-30 15:45:00,1769762700,2026-01-30 15:45:00,https://www.tinnhanhchungkhoan.vn/nam-2025-msb-dat-loi-nhuan-truoc-thue-hop-nhat-7058-ty-dong-post384611.html,/nam-2025-msb-dat-loi-nhuan-truoc-thue-hop-nhat-7058-ty-dong-post384611.html,https://image.tinnhanhchungkhoan.vn/w200/Uploaded/2026/pwvolcvo/2026_01_30/msb-6-7064-2022.jpg,,,,4,Thông tin doanh nghiệp,/thong-tin-doanh-nghiep/,"BMI,C4G,DL1,FPT,GCF,GMD,HUT,IDC,ITD,MBB,MWG,PAC,PC1,PVD,PVS,SHB,SIP,STH,TIP,TV2,VGT"
PAC,384814,Dịch vụ Phân phối Tổng hợp Dầu khí (PSD) vượt 40% mục tiêu lợi nhuận 2025,,"(ĐTCK) Năm 2025, CTCP Dịch vụ Phân phối Tổng hợp Dầu khí (Petrosetco Distribution, mã PSD) ghi nhận 143,1 tỷ đồng lợi nhuận sau thuế, tăng 73% so với năm trước và vượt 40% mục tiêu năm.",1770108462,2026-02-03 15:47:42,1770108462,2026-02-03 15:47:42,https://www.tinnhanhchungkhoan.vn/dich-vu-phan-phoi-tong-hop-dau-khi-psd-vuot-40-muc-tieu-loi-nhuan-2025-post384814.html,/dich-vu-phan-phoi-tong-hop-dau-khi-psd-vuot-40-muc-tieu-loi-nhuan-2025-post384814.html,https://image.tinnhanhchungkhoan.vn/w200/Uploaded/2026/xvrhgenatpx97/2026_02_03/492389603-1269083815221635-1856212450220482697-n-8553-4165.jpg,,,,4,Thông tin doanh nghiệp,/thong-tin-doanh-nghiep/,"BMI,C4G,DL1,FPT,GCF,GMD,HUT,IDC,ITD,MBB,MWG,PAC,PC1,PVD,PVS,SHB,SIP,STH,TIP,TV2,VGT"
PAC,384815,"Becamex IDC (BCM) chia cổ tức 11% bằng tiền mặt, lợi nhuận 2025 vượt hơn 42% kế hoạch",,"(ĐTCK) Ngày 13/2 tới đây, Tập đoàn Đầu tư và Phát triển Công nghiệp Becamex - CTCP (Becamex IDC, mã BCM - sàn HOSE) vừa thông báo về việc chia cổ tức năm 2024.",1770108203,2026-02-03 15:43:23,1770108203,2026-02-03 15:43:23,https://www.tinnhanhchungkhoan.vn/becamex-idc-bcm-chia-co-tuc-11-bang-tien-mat-loi-nhuan-2025-vuot-hon-42-ke-hoach-post384815.html,/becamex-idc-bcm-chia-co-tuc-11-bang-tien-mat-loi-nhuan-2025-vuot-hon-42-ke-hoach-post384815.html,https://image.tinnhanhchungkhoan.vn/w200/Uploaded/2026/ipuokbf/2025_02_06/becamex-idc-bcm-2233-7213.jpg,,,,4,Thông tin doanh nghiệp,/thong-tin-doanh-nghiep/,"BMI,C4G,DL1,FPT,GCF,GMD,HUT,IDC,ITD,MBB,MWG,PAC,PC1,PVD,PVS,SHB,SIP,STH,TIP,TV2,VGT"
PAC,384807,"EVNGENCO3 (PGV): Lợi nhuận sau thuế vượt 3.700 tỷ đồng, định giá cổ phiếu về vùng hấp dẫn",,(ĐTCK) Lợi nhuận năm 2025 của EVNGENCO3 (PGV) xác lập kỷ lục mới. Dòng tiền cải thiện cùng tỷ lệ nợ vay liên tục giảm nhiều năm là nền tảng quan trọng cho EVNGENCO3 trong giai đoạn mở rộng đầu tư sắp tới.,1770104233,2026-02-03 14:37:13,1770104233,2026-02-03 14:37:13,https://www.tinnhanhchungkhoan.vn/evngenco3-pgv-loi-nhuan-sau-thue-vuot-3700-ty-dong-dinh-gia-co-phieu-ve-vung-hap-dan-post384807.html,/evngenco3-pgv-loi-nhuan-sau-thue-vuot-3700-ty-dong-dinh-gia-co-phieu-ve-vung-hap-dan-post384807.html,https://image.tinnhanhchungkhoan.vn/w200/Uploaded/2026/bpikpjik/2022_01_26/evngenco3-4286.jpg,,,,4,Thông tin doanh nghiệp,/thong-tin-doanh-nghiep/,"BMI,C4G,DL1,FPT,GCF,GMD,HUT,IDC,ITD,MBB,MWG,PAC,PC1,PVD,PVS,SHB,SIP,STH,TIP,TV2,VGT"
PAC,384804,Doanh thu Sao Ta (FMC) giảm 21% ngay tháng đầu năm 2026,,"(ĐTCK) CTCP Thực phẩm Sao Ta (FMC) công bố tình hình hoạt động hợp nhất tháng 01/2026 với doanh thu đạt 20,4 triệu USD, giảm 21% so với cùng kỳ năm trước.",1770102267,2026-02-03 14:04:27,1770102267,2026-02-03 14:04:27,https://www.tinnhanhchungkhoan.vn/doanh-thu-sao-ta-fmc-giam-21-ngay-thang-dau-nam-2026-post384804.html,/doanh-thu-sao-ta-fmc-giam-21-ngay-thang-dau-nam-2026-post384804.html,https://image.tinnhanhchungkhoan.vn/w200/Uploaded/2026/xvrhgenatpx97/2023_01_16/fmc-9473.jpg,,,,4,Thông tin doanh nghiệp,/thong-tin-doanh-nghiep/,"BMI,C4G,DL1,FPT,GCF,GMD,HUT,IDC,ITD,MBB,MWG,PAC,PC1,PVD,PVS,SHB,SIP,STH,TIP,TV2,VGT"
PAC,384802,"Quý IV/2025, lợi nhuận sau thuế của Đạt Phương (DPG) tăng 46%",,"(ĐTCK) Mới đây, CTCP Tập đoàn Đạt Phương (mã DPG) công bố báo cáo tài chính quý IV/2025 cho thấy sự cải thiện về quy mô doanh thu và lợi nhuận.",1770091215,2026-02-03 11:00:15,1770091215,2026-02-03 11:00:15,https://www.tinnhanhchungkhoan.vn/quy-iv2025-loi-nhuan-sau-thue-cua-dat-phuong-dpg-tang-46-post384802.html,/quy-iv2025-loi-nhuan-sau-thue-cua-dat-phuong-dpg-tang-46-post384802.html,https://image.tinnhanhchungkhoan.vn/w200/Uploaded/2026/gtnwae/2026_02_03/1-7741-8171.jpg,,,,4,Thông tin doanh nghiệp,/thong-tin-doanh-nghiep/,"BMI,C4G,DL1,FPT,GCF,GMD,HUT,IDC,ITD,MBB,MWG,PAC,PC1,PVD,PVS,SHB,SIP,STH,TIP,TV2,VGT"
PAC,384799,Lợi nhuận Tổng công ty Tín Nghĩa (TID) giảm tới 99% trong quý IV/2025 khi phải hoàn trả cho Tỉnh uỷ Đồng Nai,,"(ĐTCK) Tổng công ty Tín Nghĩa (mã TID - UPCoM) ghi nhận lãi 1,8 tỷ đồng trong quý IV, luỹ kế cả năm 2025 ghi nhận lãi 762,13 tỷ đồng, hoàn thành 113,4% so với kế hoạch năm.",1770090820,2026-02-03 10:53:40,1770090820,2026-02-03 10:53:40,https://www.tinnhanhchungkhoan.vn/loi-nhuan-tong-cong-ty-tin-nghia-tid-giam-toi-99-trong-quy-iv2025-khi-phai-hoan-tra-cho-tinh-uy-dong-nai-post384799.html,/loi-nhuan-tong-cong-ty-tin-nghia-tid-giam-toi-99-trong-quy-iv2025-khi-phai-hoan-tra-cho-tinh-uy-dong-nai-post384799.html,https://image.tinnhanhchungkhoan.vn/w200/Uploaded/2026/lcgjikao/2026_02_03/01-906-8353.jpeg,,,,4,Thông tin doanh nghiệp,/thong-tin-doanh-nghiep/,"BMI,C4G,DL1,FPT,GCF,GMD,HUT,IDC,ITD,MBB,MWG,PAC,PC1,PVD,PVS,SHB,SIP,STH,TIP,TV2,VGT"
PAC,384779,"Gỗ An Cường (ACG) ghi nhận dòng tiền kinh doanh âm kỷ lục 408,56 tỷ đồng trong năm 2025",,"(ĐTCK) CTCP Gỗ An Cường (mã ACG - sàn HOSE) ghi nhận lãi 145,54 tỷ đồng trong quý IV, luỹ kế năm 2025 ghi nhận lãi 503,75 tỷ đồng, tăng 19,9% so với cùng kỳ năm trước.",1770077256,2026-02-03 07:07:36,1770077256,2026-02-03 07:07:36,https://www.tinnhanhchungkhoan.vn/go-an-cuong-acg-ghi-nhan-dong-tien-kinh-doanh-am-ky-luc-40856-ty-dong-trong-nam-2025-post384779.html,/go-an-cuong-acg-ghi-nhan-dong-tien-kinh-doanh-am-ky-luc-40856-ty-dong-trong-nam-2025-post384779.html,https://image.tinnhanhchungkhoan.vn/w200/Uploaded/2026/lcgjikao/2026_02_02/01-8702-1876.jpg,,,,4,Thông tin doanh nghiệp,/thong-tin-doanh-nghiep/,"BMI,C4G,DL1,FPT,GCF,GMD,HUT,IDC,ITD,MBB,MWG,PAC,PC1,PVD,PVS,SHB,SIP,STH,TIP,TV2,VGT"
PAC,384776,Searefico (SRF) thoát lỗ quý IV/2025 nhờ thu nhập khác tăng đột biến,,"(ĐTCK) Công ty cổ phần Searefico (mã SRF - sàn HOSE) ghi nhận lãi 15,71 tỷ đồng trong quý IV, luỹ kế cả năm 2025 lãi 22,18 tỷ đồng và đạt 56,9% kế hoạch năm.",1770077020,2026-02-03 07:03:40,1770077020,2026-02-03 07:03:40,https://www.tinnhanhchungkhoan.vn/searefico-srf-thoat-lo-quy-iv2025-nho-thu-nhap-khac-tang-dot-bien-post384776.html,/searefico-srf-thoat-lo-quy-iv2025-nho-thu-nhap-khac-tang-dot-bien-post384776.html,https://image.tinnhanhchungkhoan.vn/w200/Uploaded/2026/lcgjikao/2026_02_02/01-2954-71.jpg,,,,4,Thông tin doanh nghiệp,/thong-tin-doanh-nghiep/,"BMI,C4G,DL1,FPT,GCF,GMD,HUT,IDC,ITD,MBB,MWG,PAC,PC1,PVD,PVS,SHB,SIP,STH,TIP,TV2,VGT"
PAC,384774,"Thép Pomina (POM) lỗ thêm 838,2 tỷ đồng năm 2025, vốn chủ sở hữu âm hơn 623,6 tỷ đồng",,"(ĐTCK) CTCP Thép Pomina (mã POM) vừa công bố báo cáo tài chính năm 2025 với khoản lỗ sau thuế 838,2 tỷ đồng, đánh dấu năm thứ 4 liên tiếp doanh nghiệp thua lỗ, qua đó nâng lỗ lũy kế lên 3.485 tỷ đồng và khiến vốn chủ sở hữu tại thời điểm cuối năm âm hơn 623,6 tỷ đồng",1770076822,2026-02-03 07:00:22,1770076822,2026-02-03 07:00:22,https://www.tinnhanhchungkhoan.vn/thep-pomina-pom-lo-them-8382-ty-dong-nam-2025-von-chu-so-huu-am-hon-6236-ty-dong-post384774.html,/thep-pomina-pom-lo-them-8382-ty-dong-nam-2025-von-chu-so-huu-am-hon-6236-ty-dong-post384774.html,https://image.tinnhanhchungkhoan.vn/w200/Uploaded/2026/xvrhgenatpx97/2024_08_21/pom-5603.jpeg,,,,4,Thông tin doanh nghiệp,/thong-tin-doanh-nghiep/,"BMI,C4G,DL1,FPT,GCF,GMD,HUT,IDC,ITD,MBB,MWG,PAC,PC1,PVD,PVS,SHB,SIP,STH,TIP,TV2,VGT"
PAC,384773,PV Drilling (PVD) vượt 98% mục tiêu lợi nhuận năm 2025,,"(ĐTCK) Năm 2025, PV Drilling mang về 1.050,5 tỷ đồng lãi ròng, tăng 50,5% so với kết quả thực hiện năm 2024 và vượt 98% mục tiêu lợi nhuận cả năm.",1770076674,2026-02-03 06:57:54,1770076674,2026-02-03 06:57:54,https://www.tinnhanhchungkhoan.vn/pv-drilling-pvd-vuot-98-muc-tieu-loi-nhuan-nam-2025-post384773.html,/pv-drilling-pvd-vuot-98-muc-tieu-loi-nhuan-nam-2025-post384773.html,https://image.tinnhanhchungkhoan.vn/w200/Uploaded/2026/xvrhgenatpx97/2023_04_24/pvd-1871.jpeg,,,,4,Thông tin doanh nghiệp,/thong-tin-doanh-nghiep/,"BMI,C4G,DL1,FPT,GCF,GMD,HUT,IDC,ITD,MBB,MWG,PAC,PC1,PVD,PVS,SHB,SIP,STH,TIP,TV2,VGT"
PAC,384775,MB (MBB) dự kiến cán mốc vốn hóa 10 tỷ USD vào năm 2027,,"(ĐTCK) So với giai đoạn đầu năm 2017, tổng vốn hoá của Ngân hàng TMCP Quân Đội (MB - mã chứng khoán MBB) đến nay đã ghi nhận tăng 9,9 lần (tương đương khoảng 8,5 tỷ USD). Ông Lưu Trung Thái, Chủ tịch HĐQT MB cho biết, với tốc độ tăng trưởng như hiện nay, dự kiến sang năm 2027, tổng giá trị vốn hoá của MB có thể cán đến mốc 10 tỷ USD.",1770076595,2026-02-03 06:56:35,1770076595,2026-02-03 06:56:35,https://www.tinnhanhchungkhoan.vn/mb-mbb-du-kien-can-moc-von-hoa-10-ty-usd-vao-nam-2027-post384775.html,/mb-mbb-du-kien-can-moc-von-hoa-10-ty-usd-vao-nam-2027-post384775.html,https://image.tinnhanhchungkhoan.vn/w200/Uploaded/2026/ngobgt/2026_02_02/img-3950-1125-6297.jpeg,"Ông Lưu Trung Thái, Chủ tịch HĐQT Ngân hàng TMCP Quân Đội (MB) chủ trì hội nghị Nhà đầu tư.",,,4,Thông tin doanh nghiệp,/thong-tin-doanh-nghiep/,"BMI,C4G,DL1,FPT,GCF,GMD,HUT,IDC,ITD,MBB,MWG,PAC,PC1,PVD,PVS,SHB,SIP,STH,TIP,TV2,VGT"
PAC,384768,Chiến lược Go Global đang từng bước đóng góp vào tăng trưởng dài hạn của Masan Consumer (MCH),,"(ĐTCK) Trong suốt năm 2025, doanh thu quốc tế của Masan Consumer (HOSE: MCH) duy trì đà tăng trưởng tích cực và tiếp tục cải thiện trong quý gần nhất. Theo báo cáo kết quả kinh doanh, riêng kênh kinh doanh quốc tế tăng trưởng gần 27% trong năm 2025. Diễn biến này cho thấy chiến lược Go Global đang bắt đầu tạo đóng góp thực tế, thay vì chỉ dừng ở định hướng dài hạn.",1770026991,2026-02-02 17:09:51,1770029550,2026-02-02 17:52:30,https://www.tinnhanhchungkhoan.vn/chien-luoc-go-global-dang-tung-buoc-dong-gop-vao-tang-truong-dai-han-cua-masan-consumer-mch-post384768.html,/chien-luoc-go-global-dang-tung-buoc-dong-gop-vao-tang-truong-dai-han-cua-masan-consumer-mch-post384768.html,https://image.tinnhanhchungkhoan.vn/w200/Uploaded/2026/bpikpjik/2026_02_02/thuc-pham-tuoi-ngon-phong-phu-tai-sieu-thi-winmart-4053-77.jpeg,,,,4,Thông tin doanh nghiệp,/thong-tin-doanh-nghiep/,"BMI,C4G,DL1,FPT,GCF,GMD,HUT,IDC,ITD,MBB,MWG,PAC,PC1,PVD,PVS,SHB,SIP,STH,TIP,TV2,VGT"
PAC,384769,OCH vượt kế hoạch doanh thu và lợi nhuận năm 2025,,"(ĐTCK) Công ty cổ phần One Capital Hospitality (HNX: OCH) ghi nhận doanh thu cả năm 2025 đạt 1.188 tỷ đồng, lợi nhuận trước thuế 135,6 tỷ đồng, vượt kế hoạch được Đại hội đồng cổ đông (ĐHĐCĐ) đề ra.",1770026945,2026-02-02 17:09:05,1770026945,2026-02-02 17:09:05,https://www.tinnhanhchungkhoan.vn/och-vuot-ke-hoach-doanh-thu-va-loi-nhuan-nam-2025-post384769.html,/och-vuot-ke-hoach-doanh-thu-va-loi-nhuan-nam-2025-post384769.html,https://image.tinnhanhchungkhoan.vn/w200/Uploaded/2026/cqjwqcqdh/2025_10_30/och-8280-9602.jpg,,,,4,Thông tin doanh nghiệp,/thong-tin-doanh-nghiep/,"BMI,C4G,DL1,FPT,GCF,GMD,HUT,IDC,ITD,MBB,MWG,PAC,PC1,PVD,PVS,SHB,SIP,STH,TIP,TV2,VGT"
PAC,384765,"Cơ điện lạnh (REE) tạm ứng cổ tức 10% bằng tiền, lên lịch ĐHCĐ thường niên năm tài chính 2025",,"(ĐTCK) HĐQT CTCP Cơ điện lạnh (REE – sàn HOSE) vừa thông qua, ngày 27/2 tới đây sẽ thực hiện chốt danh sách cổ đông để tổ chức ĐHCĐ thường niên năm tài chính 2025 và tạm ứng cổ tức năm 2025.",1770026245,2026-02-02 16:57:25,1770026691,2026-02-02 17:04:51,https://www.tinnhanhchungkhoan.vn/co-dien-lanh-ree-tam-ung-co-tuc-10-bang-tien-len-lich-dhcd-thuong-nien-nam-tai-chinh-2025-post384765.html,/co-dien-lanh-ree-tam-ung-co-tuc-10-bang-tien-len-lich-dhcd-thuong-nien-nam-tai-chinh-2025-post384765.html,https://image.tinnhanhchungkhoan.vn/w200/Uploaded/2026/pigo/2020_09_30/cong-ty-co-phan-co-dien-lanh-bom-no-cham-trong-dau-tu-tai-chinh1590080990-3682.jpg,,,,4,Thông tin doanh nghiệp,/thong-tin-doanh-nghiep/,"BMI,C4G,DL1,FPT,GCF,GMD,HUT,IDC,ITD,MBB,MWG,PAC,PC1,PVD,PVS,SHB,SIP,STH,TIP,TV2,VGT"
PAC,384761,Vietbank (VBB): Bổ nhiệm Quyền Tổng giám đốc và một Phó tổng giám đốc,,"(ĐTCK) Ngân hàng TMCP Việt Nam Thương Tín (Vietbank, mã chứng khoán: VBB) vừa công bố quyết định kiện toàn nhân sự lãnh đạo cấp cao.",1770023282,2026-02-02 16:08:02,1770023282,2026-02-02 16:08:02,https://www.tinnhanhchungkhoan.vn/vietbank-vbb-bo-nhiem-quyen-tong-giam-doc-va-mot-pho-tong-giam-doc-post384761.html,/vietbank-vbb-bo-nhiem-quyen-tong-giam-doc-va-mot-pho-tong-giam-doc-post384761.html,https://image.tinnhanhchungkhoan.vn/w200/Uploaded/2026/bpcgdqvp/2026_02_02/vb2-3335-3688.jpg,Hội đồng Quản trị trao quyết định bổ nhiệm cho ông Lê Thanh Quý Ngọc - Quyền Tổng giám đốc và bà Trần Thị Ngọc Lý - Phó tổng giám đốc Vietbank,,,4,Thông tin doanh nghiệp,/thong-tin-doanh-nghiep/,"BMI,C4G,DL1,FPT,GCF,GMD,HUT,IDC,ITD,MBB,MWG,PAC,PC1,PVD,PVS,SHB,SIP,STH,TIP,TV2,VGT"
PAC,384752,"CDC Construction (CCC): Dòng tiền kinh doanh âm kỷ lục 335,17 tỷ đồng trong 9 tháng đầu niên độ 2025 - 2026",,"(ĐTCK) Công ty cổ phần Xây dựng CDC (CDC Construction, mã CCC - sàn HOSE) ghi nhận lãi 9,67 tỷ đồng trong quý III, luỹ kế 9 tháng trong niên độ 2025 - 2026 ghi nhận lãi 30,31 tỷ đồng, tăng 3,8% so với cùng kỳ và hoàn thành 64,1% kế hoạch năm.",1770022404,2026-02-02 15:53:24,1770022404,2026-02-02 15:53:24,https://www.tinnhanhchungkhoan.vn/cdc-construction-ccc-dong-tien-kinh-doanh-am-ky-luc-33517-ty-dong-trong-9-thang-dau-nien-do-2025-2026-post384752.html,/cdc-construction-ccc-dong-tien-kinh-doanh-am-ky-luc-33517-ty-dong-trong-9-thang-dau-nien-do-2025-2026-post384752.html,https://image.tinnhanhchungkhoan.vn/w200/Uploaded/2026/lcgjikao/2026_02_02/01-5399-2697.jpg,,,,4,Thông tin doanh nghiệp,/thong-tin-doanh-nghiep/,"BMI,C4G,DL1,FPT,GCF,GMD,HUT,IDC,ITD,MBB,MWG,PAC,PC1,PVD,PVS,SHB,SIP,STH,TIP,TV2,VGT"
PAC,384712,"Doanh thu cả năm vượt 37.000 tỷ đồng, Tasco (HUT) báo lãi gấp 2 lần năm trước",,"(ĐTCK) Năm 2025, Công ty Cổ phần Tasco (HNX: HUT) ghi nhận doanh thu 37.000 tỷ đồng, lợi nhuận sau thuế hơn 623 tỷ đồng, gấp 2 lần năm trước và cao nhất trong lịch sử hoạt động.",1770019201,2026-02-02 15:00:01,1770000938,2026-02-02 09:55:38,https://www.tinnhanhchungkhoan.vn/doanh-thu-ca-nam-vuot-37000-ty-dong-tasco-hut-bao-lai-gap-2-lan-nam-truoc-post384712.html,/doanh-thu-ca-nam-vuot-37000-ty-dong-tasco-hut-bao-lai-gap-2-lan-nam-truoc-post384712.html,https://image.tinnhanhchungkhoan.vn/w200/Uploaded/2026/xpwvotiv/2026_02_02/tasco-5092-7931.jpg,,,,4,Thông tin doanh nghiệp,/thong-tin-doanh-nghiep/,"BMI,C4G,DL1,FPT,GCF,GMD,HUT,IDC,ITD,MBB,MWG,PAC,PC1,PVD,PVS,SHB,SIP,STH,TIP,TV2,VGT"
PAC,384740,Quốc Cường Gia Lai (QCG) lãi đột biến quý IV/2025 nhờ thanh lý các khoản đầu tư,,"(ĐTCK) CTCP Quốc Cường Gia Lai (mã QCG - sàn HOSE) ghi nhận lãi 137,22 tỷ đồng trong quý IV, lũy kế năm 2025 lãi 171,28 tỷ đồng, tăng 109% so với năm 2024 và không hoàn thành kế hoạch năm.",1770016785,2026-02-02 14:19:45,1770016785,2026-02-02 14:19:45,https://www.tinnhanhchungkhoan.vn/quoc-cuong-gia-lai-qcg-lai-dot-bien-quy-iv2025-nho-thanh-ly-cac-khoan-dau-tu-post384740.html,/quoc-cuong-gia-lai-qcg-lai-dot-bien-quy-iv2025-nho-thanh-ly-cac-khoan-dau-tu-post384740.html,https://image.tinnhanhchungkhoan.vn/w200/Uploaded/2026/lcgjikao/2026_02_02/01-5700-5016.jpg,,,,4,Thông tin doanh nghiệp,/thong-tin-doanh-nghiep/,"BMI,C4G,DL1,FPT,GCF,GMD,HUT,IDC,ITD,MBB,MWG,PAC,PC1,PVD,PVS,SHB,SIP,STH,TIP,TV2,VGT"
PAC,384739,"Thuỷ điện Vĩnh Sơn - Sông Hinh (VSH) chốt quyền nhận cổ tức 10%, dự kiến họp ĐHCĐ 2026 cuối tháng 3",,"(ĐTCK) CTCP Thuỷ điện Vĩnh Sơn - Sông Hinh (mã VSH) mới thông báo, ngày 23/02 tới đây sẽ chốt danh sách cổ đông nhận cổ tức đợt 3/2025 và tham dự đại hội cổ đông năm 2026.",1770016761,2026-02-02 14:19:21,1770016761,2026-02-02 14:19:21,https://www.tinnhanhchungkhoan.vn/thuy-dien-vinh-son-song-hinh-vsh-chot-quyen-nhan-co-tuc-10-du-kien-hop-dhcd-2026-cuoi-thang-3-post384739.html,/thuy-dien-vinh-son-song-hinh-vsh-chot-quyen-nhan-co-tuc-10-du-kien-hop-dhcd-2026-cuoi-thang-3-post384739.html,https://image.tinnhanhchungkhoan.vn/w200/Uploaded/2026/xvrhgenatpx97/2024_10_24/vsh-8946.jpeg,,,,4,Thông tin doanh nghiệp,/thong-tin-doanh-nghiep/,"BMI,C4G,DL1,FPT,GCF,GMD,HUT,IDC,ITD,MBB,MWG,PAC,PC1,PVD,PVS,SHB,SIP,STH,TIP,TV2,VGT"
PAC,384741,VPS (VCK) được VASB vinh danh công ty chứng khoán đạt điểm thực hành ESG cao nhất,,"(ĐTCK) Công ty cổ phần Chứng khoán VPS (mã chứng khoán VCK) là một trong hai công ty chứng khoán được xếp hạng cao nhất trong chương trình chấm điểm thực hành ESG do Hiệp hội Chứng khoán Việt Nam (VASB) tổ chức, khẳng định cam kết mạnh mẽ của doanh nghiệp đối với phát triển bền vững theo chuẩn mực quốc tế.",1770016630,2026-02-02 14:17:10,1770343895,2026-02-06 09:11:35,https://www.tinnhanhchungkhoan.vn/vps-vck-duoc-vasb-vinh-danh-cong-ty-chung-khoan-dat-diem-thuc-hanh-esg-cao-nhat-post384741.html,/vps-vck-duoc-vasb-vinh-danh-cong-ty-chung-khoan-dat-diem-thuc-hanh-esg-cao-nhat-post384741.html,https://image.tinnhanhchungkhoan.vn/w200/Uploaded/2026/ipuokbf/2026_02_06/800x500-8825-6213.png,,,,4,Thông tin doanh nghiệp,/thong-tin-doanh-nghiep/,"BMI,C4G,DL1,FPT,GCF,GMD,HUT,IDC,ITD,MBB,MWG,PAC,PC1,PVD,PVS,SHB,SIP,STH,TIP,TV2,VGT"
PAC,384738,"Doanh thu năm 2025 của Vinamilk (VNM) đạt 63.724 tỷ đồng, cao nhất lịch sử Công ty",,"(ĐTCK)Tổng doanh thu hợp nhất quý IV/2025 của Công ty cổ phần Sữa Việt Nam (Vinamilk - mã VNM) đạt 17.045 tỷ đồng, tiếp tục lập đỉnh mới, tăng 10,1% so với cùng kỳ.",1770016538,2026-02-02 14:15:38,1770016538,2026-02-02 14:15:38,https://www.tinnhanhchungkhoan.vn/doanh-thu-nam-2025-cua-vinamilk-vnm-dat-63724-ty-dong-cao-nhat-lich-su-cong-ty-post384738.html,/doanh-thu-nam-2025-cua-vinamilk-vnm-dat-63724-ty-dong-cao-nhat-lich-su-cong-ty-post384738.html,https://image.tinnhanhchungkhoan.vn/w200/Uploaded/2026/unvjshu/2026_02_02/vnm-1723-4621.jpg,Đẩy mạnh các hoạt động xúc tiến thương mại giúp Vinamilk nâng cao hình ảnh và vị thế thương hiệu trên thị trường quốc tế. Ảnh: Vi Nam,,,4,Thông tin doanh nghiệp,/thong-tin-doanh-nghiep/,"BMI,C4G,DL1,FPT,GCF,GMD,HUT,IDC,ITD,MBB,MWG,PAC,PC1,PVD,PVS,SHB,SIP,STH,TIP,TV2,VGT"
PAC,384726,"Địa ốc Hoàng Quân (HQC) thoát lỗ quý IV/2025 nhờ hoạt động tài chính, thu hồi công nợ và hoàn nhập dự phòng",,"(ĐTCK) CTCP Tư vấn Thương mại Dịch vụ Địa ốc Hoàng Quân (mã HQC - sàn HOSE) ghi nhận lãi 55,08 tỷ đồng trong quý IV, luỹ kế cả năm 2025 lãi 73,21 tỷ đồng, tăng trưởng 116,8% và hoàn thành 104,6% kế hoạch năm.",1770006229,2026-02-02 11:23:49,1770006229,2026-02-02 11:23:49,https://www.tinnhanhchungkhoan.vn/dia-oc-hoang-quan-hqc-thoat-lo-quy-iv2025-nho-hoat-dong-tai-chinh-thu-hoi-cong-no-va-hoan-nhap-du-phong-post384726.html,/dia-oc-hoang-quan-hqc-thoat-lo-quy-iv2025-nho-hoat-dong-tai-chinh-thu-hoi-cong-no-va-hoan-nhap-du-phong-post384726.html,https://image.tinnhanhchungkhoan.vn/w200/Uploaded/2026/lcgjikao/2026_02_02/01-2382-9002.jpg,,,,4,Thông tin doanh nghiệp,/thong-tin-doanh-nghiep/,"BMI,C4G,DL1,FPT,GCF,GMD,HUT,IDC,ITD,MBB,MWG,PAC,PC1,PVD,PVS,SHB,SIP,STH,TIP,TV2,VGT"
PAC,384713,"Vietbank (VBB) đạt 1.532 tỷ đồng lợi nhuận trước thuế năm 2025, chuẩn bị niêm yết sàn HOSE",,"(ĐTCK) Năm 2025, Ngân hàng TMCP Việt Nam Thương Tín (Vietbank, mã chứng khoán VBB) ghi nhận lợi nhuận trước thuế hợp nhất đạt 1.532 tỷ đồng, tăng 35% so với năm 2024.",1769997537,2026-02-02 08:58:57,1769997537,2026-02-02 08:58:57,https://www.tinnhanhchungkhoan.vn/vietbank-vbb-dat-1532-ty-dong-loi-nhuan-truoc-thue-nam-2025-chuan-bi-niem-yet-san-hose-post384713.html,/vietbank-vbb-dat-1532-ty-dong-loi-nhuan-truoc-thue-nam-2025-chuan-bi-niem-yet-san-hose-post384713.html,https://image.tinnhanhchungkhoan.vn/w200/Uploaded/2026/bpcgdqvp/2023_09_20/vietbank-527.jpg,,,,4,Thông tin doanh nghiệp,/thong-tin-doanh-nghiep/,"BMI,C4G,DL1,FPT,GCF,GMD,HUT,IDC,ITD,MBB,MWG,PAC,PC1,PVD,PVS,SHB,SIP,STH,TIP,TV2,VGT"
PAC,384684,Đầu tư Thương mại SMC (SMC) ghi nhận lãi đột biến trở lại trong quý IV/2025 nhờ thanh lý tài sản và hoàn nhập dự phòng,,"(ĐTCK) Công ty cổ phần Đầu tư Thương mại SMC (mã SMC - sàn HOSE) ghi nhận lãi 343,95 tỷ đồng trong quý IV, luỹ kế cả năm 2025 lãi 185,07 tỷ đồng và hoàn thành tới 616,9% kế hoạch năm.",1769990120,2026-02-02 06:55:20,1769961336,2026-02-01 22:55:36,https://www.tinnhanhchungkhoan.vn/dau-tu-thuong-mai-smc-smc-ghi-nhan-lai-dot-bien-tro-lai-trong-quy-iv2025-nho-thanh-ly-tai-san-va-hoan-nhap-du-phong-post384684.html,/dau-tu-thuong-mai-smc-smc-ghi-nhan-lai-dot-bien-tro-lai-trong-quy-iv2025-nho-thanh-ly-tai-san-va-hoan-nhap-du-phong-post384684.html,https://image.tinnhanhchungkhoan.vn/w200/Uploaded/2026/lcgjikao/2026_02_01/01-150-4789.jpg,,,,4,Thông tin doanh nghiệp,/thong-tin-doanh-nghiep/,"BMI,C4G,DL1,FPT,GCF,GMD,HUT,IDC,ITD,MBB,MWG,PAC,PC1,PVD,PVS,SHB,SIP,STH,TIP,TV2,VGT"
PAC,384666,"Lợi nhuận Hoa Sen (HSG) giảm 62,3% trong quý I niên độ tài chính 2025 - 2026",,(ĐTCK) Công ty cổ phần Tập đoàn Hoa Sen (mã HSG - sàn HOSE) ghi nhận doanh thu và lợi nhuận đi lùi trong quý I niên độ tài chính 2025 – 2026 và có dấu hiệu tăng trích trữ tồn kho.,1769916063,2026-02-01 10:21:03,1769916063,2026-02-01 10:21:03,https://www.tinnhanhchungkhoan.vn/loi-nhuan-hoa-sen-hsg-giam-623-trong-quy-i-nien-do-tai-chinh-2025-2026-post384666.html,/loi-nhuan-hoa-sen-hsg-giam-623-trong-quy-i-nien-do-tai-chinh-2025-2026-post384666.html,https://image.tinnhanhchungkhoan.vn/w200/Uploaded/2026/lcgjikao/2026_02_01/01-8398-4117.jpg,,,,4,Thông tin doanh nghiệp,/thong-tin-doanh-nghiep/,"BMI,C4G,DL1,FPT,GCF,GMD,HUT,IDC,ITD,MBB,MWG,PAC,PC1,PVD,PVS,SHB,SIP,STH,TIP,TV2,VGT"
PAC,384656,"Thép Nam Kim (NKG) lỗ 9,34 tỷ đồng trong quý IV/2025, đánh dấu lỗ trở lại sau 10 quý",,"(ĐTCK) CTCP Thép Nam Kim (mã NKG - sàn HOSE) ghi nhận lỗ 9,34 tỷ đồng trong quý IV, luỹ kế năm 2025 lãi 197,19 tỷ đồng, giảm 56,55% và không hoàn thành kế hoạch năm.",1769915573,2026-02-01 10:12:53,1769915573,2026-02-01 10:12:53,https://www.tinnhanhchungkhoan.vn/thep-nam-kim-nkg-lo-934-ty-dong-trong-quy-iv2025-danh-dau-lo-tro-lai-sau-10-quy-post384656.html,/thep-nam-kim-nkg-lo-934-ty-dong-trong-quy-iv2025-danh-dau-lo-tro-lai-sau-10-quy-post384656.html,https://image.tinnhanhchungkhoan.vn/w200/Uploaded/2026/lcgjikao/2026_02_01/01-3530-7692.jpg,,,,4,Thông tin doanh nghiệp,/thong-tin-doanh-nghiep/,"BMI,C4G,DL1,FPT,GCF,GMD,HUT,IDC,ITD,MBB,MWG,PAC,PC1,PVD,PVS,SHB,SIP,STH,TIP,TV2,VGT"
PAC,384655,L40 đấu giá thành công quyền khai thác 415.000 m3 cát tại Quảng Nam,,"(ĐTCK) CTCP Đầu tư và Xây dựng 40 (L40) đã đấu giá thành công quyền khai thác bãi cát tại dự án nạo vét khơi thông dòng sông Cổ Cò (phường Điện Bàn Đông, Thành phố Đà Nẵng) với giá trúng đấu giá gần 60 tỷ đồng. Dự kiến L40 sẽ gia tăng lợi nhuận mảng vật liệu xây dựng năm 2026.",1769909966,2026-02-01 08:39:26,1769909966,2026-02-01 08:39:26,https://www.tinnhanhchungkhoan.vn/l40-dau-gia-thanh-cong-quyen-khai-thac-415000-m3-cat-tai-quang-nam-post384655.html,/l40-dau-gia-thanh-cong-quyen-khai-thac-415000-m3-cat-tai-quang-nam-post384655.html,https://image.tinnhanhchungkhoan.vn/w200/Uploaded/2026/ipuokbf/2026_02_01/song-co-co-copy-8566-1916.jpg,,,,4,Thông tin doanh nghiệp,/thong-tin-doanh-nghiep/,"BMI,C4G,DL1,FPT,GCF,GMD,HUT,IDC,ITD,MBB,MWG,PAC,PC1,PVD,PVS,SHB,SIP,STH,TIP,TV2,VGT"
PAC,384654,"Gilimex (GIL) ghi nhận dòng tiền âm kỷ lục 677,5 tỷ đồng trong năm 2025",,"(ĐTCK) CTCP Sản xuất Kinh doanh Xuất nhập khẩu Bình Thạnh (Gilimex, mã GIL - sàn HOSE) ghi nhận lãi 138,19 tỷ đồng trong quý IV, luỹ kế cả năm 2025 lãi 35,64 tỷ đồng, tăng 29% so với cùng kỳ và chỉ đạt 23,8% kế hoạch năm.",1769909653,2026-02-01 08:34:13,1769909653,2026-02-01 08:34:13,https://www.tinnhanhchungkhoan.vn/gilimex-gil-ghi-nhan-dong-tien-am-ky-luc-6775-ty-dong-trong-nam-2025-post384654.html,/gilimex-gil-ghi-nhan-dong-tien-am-ky-luc-6775-ty-dong-trong-nam-2025-post384654.html,https://image.tinnhanhchungkhoan.vn/w200/Uploaded/2026/lcgjikao/2026_01_31/01-3473-8010.jpg,,,,4,Thông tin doanh nghiệp,/thong-tin-doanh-nghiep/,"BMI,C4G,DL1,FPT,GCF,GMD,HUT,IDC,ITD,MBB,MWG,PAC,PC1,PVD,PVS,SHB,SIP,STH,TIP,TV2,VGT"
PAC,384648,Văn Phú (VPI) vượt chỉ tiêu lợi nhuận năm 2025,,"(ĐTCK) Dòng tiền thu được từ các dự án gồm Vlasta - Thủy Nguyên (Hải Phòng), Yên Phong (Bắc Ninh), TT39-40 (Hà Nội) , Dự án Song Khê - Nội Hoàng - (Bắc Ninh) giúp Công ty cổ phần Phát triển bất động sản Văn Phú (mã chứng khoán: VPI) kết thúc quý IV/2025 với lợi nhuận sau thuế ở mức 132 tỷ đồng, qua đó, thực hiện 112% chỉ tiêu lợi nhuận năm 2025 đã được các cổ đông thông qua tại cuộc họp ĐHĐCĐ thường niên.",1769837990,2026-01-31 12:39:50,1769837990,2026-01-31 12:39:50,https://www.tinnhanhchungkhoan.vn/van-phu-vpi-vuot-chi-tieu-loi-nhuan-nam-2025-post384648.html,/van-phu-vpi-vuot-chi-tieu-loi-nhuan-nam-2025-post384648.html,https://image.tinnhanhchungkhoan.vn/w200/Uploaded/2026/ipuokbf/2026_01_31/vpi-vlasta-phu-thuan-2958-8443.jpg,Dự án Vlasta Premier – Phú Thuận,,,4,Thông tin doanh nghiệp,/thong-tin-doanh-nghiep/,"BMI,C4G,DL1,FPT,GCF,GMD,HUT,IDC,ITD,MBB,MWG,PAC,PC1,PVD,PVS,SHB,SIP,STH,TIP,TV2,VGT"
PAC,384635,"Vinasun (VNS): Lợi nhuận năm 2025 đạt hơn 38 tỷ đồng, giảm 54,5%",,"(ĐTCK) Công ty cổ phần Ánh Dương Việt Nam (Vinasun, mã VNS - sàn HOSE) ghi nhận lãi 4,94 tỷ đồng trong quý IV, luỹ kế năm 2025 lãi 38,29 tỷ đồng, giảm 54,5% so với cùng kỳ và chỉ hoàn thành 71,4% kế hoạch năm.",1769825682,2026-01-31 09:14:42,1769825682,2026-01-31 09:14:42,https://www.tinnhanhchungkhoan.vn/vinasun-vns-loi-nhuan-nam-2025-dat-hon-38-ty-dong-giam-545-post384635.html,/vinasun-vns-loi-nhuan-nam-2025-dat-hon-38-ty-dong-giam-545-post384635.html,https://image.tinnhanhchungkhoan.vn/w200/Uploaded/2026/lcgjikao/2026_01_31/01-5716-1382.jpg,,,,4,Thông tin doanh nghiệp,/thong-tin-doanh-nghiep/,"BMI,C4G,DL1,FPT,GCF,GMD,HUT,IDC,ITD,MBB,MWG,PAC,PC1,PVD,PVS,SHB,SIP,STH,TIP,TV2,VGT"
PAC,384631,DIC Corp (DIG): Lãi đột biến quý IV/2025 nhờ bán một phần dự án Đại Phước,,"(ĐTCK) Tổng CTCP Đầu tư Phát triển Xây dựng (DIC Corp, mã DIG - sàn HOSE) ghi nhận lãi 423,99 tỷ đồng trong quý IV, luỹ kế năm 2025 lãi 623,95 tỷ đồng, tăng 509,2% so với cùng kỳ.",1769817644,2026-01-31 07:00:44,1769789831,2026-01-30 23:17:11,https://www.tinnhanhchungkhoan.vn/dic-corp-dig-lai-dot-bien-quy-iv2025-nho-ban-mot-phan-du-an-dai-phuoc-post384631.html,/dic-corp-dig-lai-dot-bien-quy-iv2025-nho-ban-mot-phan-du-an-dai-phuoc-post384631.html,https://image.tinnhanhchungkhoan.vn/w200/Uploaded/2026/lcgjikao/2026_01_30/01-5560-947.jpg,,,,4,Thông tin doanh nghiệp,/thong-tin-doanh-nghiep/,"BMI,C4G,DL1,FPT,GCF,GMD,HUT,IDC,ITD,MBB,MWG,PAC,PC1,PVD,PVS,SHB,SIP,STH,TIP,TV2,VGT"
PAC,384633,"Năm 2025, YeaH1 (YEG) ghi nhận lợi nhuận sau thuế đạt 80,3 tỷ đồng",,"(ĐTCK) Trước nhiều biến động của thị trường chung năm 2025, YeaH1 ghi nhận doanh thu thuần đạt 1.653 tỷ đồng, tăng 61% so với cùng kỳ và vượt 27% so với kế hoạch năm.",1769816733,2026-01-31 06:45:33,1769789740,2026-01-30 23:15:40,https://www.tinnhanhchungkhoan.vn/nam-2025-yeah1-yeg-ghi-nhan-loi-nhuan-sau-thue-dat-803-ty-dong-post384633.html,/nam-2025-yeah1-yeg-ghi-nhan-loi-nhuan-sau-thue-dat-803-ty-dong-post384633.html,https://image.tinnhanhchungkhoan.vn/w200/Uploaded/2026/bpcpcwvo/2026_01_30/yeg-concert-5715-7796.png,,,,4,Thông tin doanh nghiệp,/thong-tin-doanh-nghiep/,"BMI,C4G,DL1,FPT,GCF,GMD,HUT,IDC,ITD,MBB,MWG,PAC,PC1,PVD,PVS,SHB,SIP,STH,TIP,TV2,VGT"
PAC,384629,Eximbank (EIB) báo lãi trước thuế hơn 1.500 tỷ đồng trong năm 2025,,"(ĐTCK) Tổng lợi nhuận trước thuế của Eximbank trong năm 2025 đạt 1.511,7 tỷ đồng, chỉ đạt 29,12% kế hoạch năm.",1769771854,2026-01-30 18:17:34,1769779108,2026-01-30 20:18:28,https://www.tinnhanhchungkhoan.vn/eximbank-eib-bao-lai-truoc-thue-hon-1500-ty-dong-trong-nam-2025-post384629.html,/eximbank-eib-bao-lai-truoc-thue-hon-1500-ty-dong-trong-nam-2025-post384629.html,https://image.tinnhanhchungkhoan.vn/w200/Uploaded/2026/bpcgdqvp/2026_01_30/eib-594-5150.jpg,,,,4,Thông tin doanh nghiệp,/thong-tin-doanh-nghiep/,"BMI,C4G,DL1,FPT,GCF,GMD,HUT,IDC,ITD,MBB,MWG,PAC,PC1,PVD,PVS,SHB,SIP,STH,TIP,TV2,VGT"
PAC,384628,"Giữa “tâm bão” ngành chăn nuôi, BAF nỗ lực giữ biên lợi nhuận",,"(ĐTCK) Giữa bối cảnh giá lợn hơi lao dốc, BAF Việt Nam nổi bật với chiến lược tối ưu chi phí sản xuất, giá vốn giảm 14,2% tương đương khoảng 700 tỷ đồng, giúp lợi nhuận gộp giữ đà tăng 14,7%. Song song, doanh nghiệp chủ động mở rộng quy mô, đẩy nhanh tiến độ dự án chăn nuôi công nghệ cao nhà cao tầng và tập trung nghiên cứu, lai tạo giống heo năng suất cao, tăng sức chống chịu dịch bệnh, tạo nền tảng bứt phá cho giai đoạn 2026 - 2030.",1769769063,2026-01-30 17:31:03,1769769063,2026-01-30 17:31:03,https://www.tinnhanhchungkhoan.vn/giua-tam-bao-nganh-chan-nuoi-baf-no-luc-giu-bien-loi-nhuan-post384628.html,/giua-tam-bao-nganh-chan-nuoi-baf-no-luc-giu-bien-loi-nhuan-post384628.html,https://image.tinnhanhchungkhoan.vn/w200/Uploaded/2026/bpikpjik/2026_01_30/baf-9294-5858.jpg,,,,4,Thông tin doanh nghiệp,/thong-tin-doanh-nghiep/,"BMI,C4G,DL1,FPT,GCF,GMD,HUT,IDC,ITD,MBB,MWG,PAC,PC1,PVD,PVS,SHB,SIP,STH,TIP,TV2,VGT"
PAC,384618,"Khang Điền (KDH): Lợi nhuận 2025 vượt 63% kế hoạch, đạt hơn 1.633 tỷ đồng, mở rộng tăng trưởng trong 2026",,"(ĐTCK) Công ty cổ phần Đầu tư và Kinh doanh Nhà Khang Điền (mã chứng khoán KDH) vừa công bố báo cáo tài chính năm 2025, ghi nhận doanh thu hợp nhất tăng trưởng 16% và lợi nhuận sau thuế tăng gấp đôi so với cùng kỳ năm, vượt xa kế hoạch đề ra.",1769768553,2026-01-30 17:22:33,1769768553,2026-01-30 17:22:33,https://www.tinnhanhchungkhoan.vn/khang-dien-kdh-loi-nhuan-2025-vuot-63-ke-hoach-dat-hon-1633-ty-dong-mo-rong-tang-truong-trong-2026-post384618.html,/khang-dien-kdh-loi-nhuan-2025-vuot-63-ke-hoach-dat-hon-1633-ty-dong-mo-rong-tang-truong-trong-2026-post384618.html,https://image.tinnhanhchungkhoan.vn/w200/Uploaded/2026/djshp/2026_01_25/2-992-368.jpg,"Mới đây, Khang Điền đã động thổ khu cao tầng Gladia by the Waters gồm hơn 600 căn hộ, dự kiến bàn giao quý IV/2027.",,,4,Thông tin doanh nghiệp,/thong-tin-doanh-nghiep/,"BMI,C4G,DL1,FPT,GCF,GMD,HUT,IDC,ITD,MBB,MWG,PAC,PC1,PVD,PVS,SHB,SIP,STH,TIP,TV2,VGT"
PAC,384620,"TTC Land (SCR) đạt lợi nhuận sau thuế 67,38 tỷ đồng trong năm 2025",,"(ĐTCK) CTCP Địa ốc Sài Gòn Thương Tín (TTC Land, mã SCR - sàn HOSE) ghi nhận lợi nhuận sau thuế 33,47 tỷ đồng trong quý IV, luỹ kế năm 2025 lãi 67,38 tỷ đồng, tăng hơn 14,85 lần so với cùng kỳ.",1769763442,2026-01-30 15:57:22,1769763442,2026-01-30 15:57:22,https://www.tinnhanhchungkhoan.vn/ttc-land-scr-dat-loi-nhuan-sau-thue-6738-ty-dong-trong-nam-2025-post384620.html,/ttc-land-scr-dat-loi-nhuan-sau-thue-6738-ty-dong-trong-nam-2025-post384620.html,https://image.tinnhanhchungkhoan.vn/w200/Uploaded/2026/lcgjikao/2026_01_30/01-8713-3228.jpeg,,,,4,Thông tin doanh nghiệp,/thong-tin-doanh-nghiep/,"BMI,C4G,DL1,FPT,GCF,GMD,HUT,IDC,ITD,MBB,MWG,PAC,PC1,PVD,PVS,SHB,SIP,STH,TIP,TV2,VGT"
PAC,384615,"Lợi nhuận trước thuế năm 2025 của OCB đạt 5.046 tỷ đồng, tăng gần 26%",,"(ĐTCK) Theo báo cáo tài chính quý IV vừa được Ngân hàng Phương Đông (mã CK: OCB) công bố, lợi nhuận trước thuế năm 2025 đạt mức 5.046 tỷ đồng, tăng 25,9% so với năm 2024.",1769762805,2026-01-30 15:46:45,1769768157,2026-01-30 17:15:57,https://www.tinnhanhchungkhoan.vn/loi-nhuan-truoc-thue-nam-2025-cua-ocb-dat-5046-ty-dong-tang-gan-26-post384615.html,/loi-nhuan-truoc-thue-nam-2025-cua-ocb-dat-5046-ty-dong-tang-gan-26-post384615.html,https://image.tinnhanhchungkhoan.vn/w200/Uploaded/2026/bpcgdqvp/2024_01_30/ocb-3903.jpg,,,,4,Thông tin doanh nghiệp,/thong-tin-doanh-nghiep/,"BMI,C4G,DL1,FPT,GCF,GMD,HUT,IDC,ITD,MBB,MWG,PAC,PC1,PVD,PVS,SHB,SIP,STH,TIP,TV2,VGT"
PAC,384614,Hạ tầng GELEX (GEL) phê duyệt khoản vay 200 triệu USD vốn quốc tế,,"(ĐTCK) CTCP Hạ tầng GELEX (mã GEL - sàn HOSE) vừa công bố nghị quyết hội đồng quản trị về việc phê duyệt khoản vay nước ngoài trị giá 200 triệu USD, trong đó HSBC đóng vai trò là ngân hàng thu xếp chính duy nhất kiêm điều phối sổ.",1769762776,2026-01-30 15:46:16,1769779705,2026-01-30 20:28:25,https://www.tinnhanhchungkhoan.vn/ha-tang-gelex-gel-phe-duyet-khoan-vay-200-trieu-usd-von-quoc-te-post384614.html,/ha-tang-gelex-gel-phe-duyet-khoan-vay-200-trieu-usd-von-quoc-te-post384614.html,https://image.tinnhanhchungkhoan.vn/w200/Uploaded/2026/lcgjikao/2026_01_30/02-4078-873.jpg,Hạ tầng GELEX đã làm việc với hơn 30 ngân hàng và tổ chức tài chính tại Singapore và Đài Loan.,,,4,Thông tin doanh nghiệp,/thong-tin-doanh-nghiep/,"BMI,C4G,DL1,FPT,GCF,GMD,HUT,IDC,ITD,MBB,MWG,PAC,PC1,PVD,PVS,SHB,SIP,STH,TIP,TV2,VGT"
PAC,384613,"PTM lên kế hoạch chia cổ tức 30% bằng tiền, Haxaco (HAX) có thể nhận về gần 50 tỷ đồng",,"(ĐTCK) CTCP Sản xuất, Thương mại và Dịch vụ ô tô PTM (mã chứng khoán PTM) vừa có dự thảo tài liệu họp Đại hội đồng cổ đông thường niên 2026, trong đó có tờ trình phương án phân phối lợi nhuận năm 2025, chia cổ tức 30% bằng tiền mặt.",1769762727,2026-01-30 15:45:27,1769762727,2026-01-30 15:45:27,https://www.tinnhanhchungkhoan.vn/ptm-len-ke-hoach-chia-co-tuc-30-bang-tien-haxaco-hax-co-the-nhan-ve-gan-50-ty-dong-post384613.html,/ptm-len-ke-hoach-chia-co-tuc-30-bang-tien-haxaco-hax-co-the-nhan-ve-gan-50-ty-dong-post384613.html,https://image.tinnhanhchungkhoan.vn/w200/Uploaded/2026/wpxlcdjwi/2022_06_01/dien-bien-thi-truong-bat-loi-haxaco-hoan-tang-von-8721.jpg,Haxaco (HAX) sắp nhận gần 50 tỷ đồng tiền cổ tức từ PTM,,,4,Thông tin doanh nghiệp,/thong-tin-doanh-nghiep/,"BMI,C4G,DL1,FPT,GCF,GMD,HUT,IDC,ITD,MBB,MWG,PAC,PC1,PVD,PVS,SHB,SIP,STH,TIP,TV2,VGT"
PAC,384611,"Năm 2025, MSB đạt lợi nhuận trước thuế hợp nhất 7.058 tỷ đồng",,"(ĐTCK) Tại ngày 31/12/2025, tổng tài sản hợp nhất của Ngân hàng TMCP Hàng Hải Việt Nam (MSB - sàn HOSE) đạt gần 408 nghìn tỷ đồng, tăng 27,3% so với thời điểm đầu năm. Động lực chính của sự tăng trưởng quy mô đến từ hoạt động tín dụng.",1769762700,2026-01-30 15:45:00,1769762700,2026-01-30 15:45:00,https://www.tinnhanhchungkhoan.vn/nam-2025-msb-dat-loi-nhuan-truoc-thue-hop-nhat-7058-ty-dong-post384611.html,/nam-2025-msb-dat-loi-nhuan-truoc-thue-hop-nhat-7058-ty-dong-post384611.html,https://image.tinnhanhchungkhoan.vn/w200/Uploaded/2026/pwvolcvo/2026_01_30/msb-6-7064-2022.jpg,,,,4,Thông tin doanh nghiệp,/thong-tin-doanh-nghiep/,"BMI,C4G,DL1,FPT,GCF,GMD,HUT,IDC,ITD,MBB,MWG,PAC,PC1,PVD,PVS,SHB,SIP,STH,TIP,TV2,VGT"
PC1,384814,Dịch vụ Phân phối Tổng hợp Dầu khí (PSD) vượt 40% mục tiêu lợi nhuận 2025,,"(ĐTCK) Năm 2025, CTCP Dịch vụ Phân phối Tổng hợp Dầu khí (Petrosetco Distribution, mã PSD) ghi nhận 143,1 tỷ đồng lợi nhuận sau thuế, tăng 73% so với năm trước và vượt 40% mục tiêu năm.",1770108462,2026-02-03 15:47:42,1770108462,2026-02-03 15:47:42,https://www.tinnhanhchungkhoan.vn/dich-vu-phan-phoi-tong-hop-dau-khi-psd-vuot-40-muc-tieu-loi-nhuan-2025-post384814.html,/dich-vu-phan-phoi-tong-hop-dau-khi-psd-vuot-40-muc-tieu-loi-nhuan-2025-post384814.html,https://image.tinnhanhchungkhoan.vn/w200/Uploaded/2026/xvrhgenatpx97/2026_02_03/492389603-1269083815221635-1856212450220482697-n-8553-4165.jpg,,,,4,Thông tin doanh nghiệp,/thong-tin-doanh-nghiep/,"BMI,C4G,DL1,FPT,GCF,GMD,HUT,IDC,ITD,MBB,MWG,PAC,PC1,PVD,PVS,SHB,SIP,STH,TIP,TV2,VGT"
PC1,384814,Dịch vụ Phân phối Tổng hợp Dầu khí (PSD) vượt 40% mục tiêu lợi nhuận 2025,,"(ĐTCK) Năm 2025, CTCP Dịch vụ Phân phối Tổng hợp Dầu khí (Petrosetco Distribution, mã PSD) ghi nhận 143,1 tỷ đồng lợi nhuận sau thuế, tăng 73% so với năm trước và vượt 40% mục tiêu năm.",1770108462,2026-02-03 15:47:42,1770108462,2026-02-03 15:47:42,https://www.tinnhanhchungkhoan.vn/dich-vu-phan-phoi-tong-hop-dau-khi-psd-vuot-40-muc-tieu-loi-nhuan-2025-post384814.html,/dich-vu-phan-phoi-tong-hop-dau-khi-psd-vuot-40-muc-tieu-loi-nhuan-2025-post384814.html,https://image.tinnhanhchungkhoan.vn/w200/Uploaded/2026/xvrhgenatpx97/2026_02_03/492389603-1269083815221635-1856212450220482697-n-8553-4165.jpg,,,,4,Thông tin doanh nghiệp,/thong-tin-doanh-nghiep/,"BMI,C4G,DL1,FPT,GCF,GMD,HUT,IDC,ITD,MBB,MWG,PAC,PC1,PVD,PVS,SHB,SIP,STH,TIP,TV2,VGT"
PC1,384815,"Becamex IDC (BCM) chia cổ tức 11% bằng tiền mặt, lợi nhuận 2025 vượt hơn 42% kế hoạch",,"(ĐTCK) Ngày 13/2 tới đây, Tập đoàn Đầu tư và Phát triển Công nghiệp Becamex - CTCP (Becamex IDC, mã BCM - sàn HOSE) vừa thông báo về việc chia cổ tức năm 2024.",1770108203,2026-02-03 15:43:23,1770108203,2026-02-03 15:43:23,https://www.tinnhanhchungkhoan.vn/becamex-idc-bcm-chia-co-tuc-11-bang-tien-mat-loi-nhuan-2025-vuot-hon-42-ke-hoach-post384815.html,/becamex-idc-bcm-chia-co-tuc-11-bang-tien-mat-loi-nhuan-2025-vuot-hon-42-ke-hoach-post384815.html,https://image.tinnhanhchungkhoan.vn/w200/Uploaded/2026/ipuokbf/2025_02_06/becamex-idc-bcm-2233-7213.jpg,,,,4,Thông tin doanh nghiệp,/thong-tin-doanh-nghiep/,"BMI,C4G,DL1,FPT,GCF,GMD,HUT,IDC,ITD,MBB,MWG,PAC,PC1,PVD,PVS,SHB,SIP,STH,TIP,TV2,VGT"
PC1,384815,"Becamex IDC (BCM) chia cổ tức 11% bằng tiền mặt, lợi nhuận 2025 vượt hơn 42% kế hoạch",,"(ĐTCK) Ngày 13/2 tới đây, Tập đoàn Đầu tư và Phát triển Công nghiệp Becamex - CTCP (Becamex IDC, mã BCM - sàn HOSE) vừa thông báo về việc chia cổ tức năm 2024.",1770108203,2026-02-03 15:43:23,1770108203,2026-02-03 15:43:23,https://www.tinnhanhchungkhoan.vn/becamex-idc-bcm-chia-co-tuc-11-bang-tien-mat-loi-nhuan-2025-vuot-hon-42-ke-hoach-post384815.html,/becamex-idc-bcm-chia-co-tuc-11-bang-tien-mat-loi-nhuan-2025-vuot-hon-42-ke-hoach-post384815.html,https://image.tinnhanhchungkhoan.vn/w200/Uploaded/2026/ipuokbf/2025_02_06/becamex-idc-bcm-2233-7213.jpg,,,,4,Thông tin doanh nghiệp,/thong-tin-doanh-nghiep/,"BMI,C4G,DL1,FPT,GCF,GMD,HUT,IDC,ITD,MBB,MWG,PAC,PC1,PVD,PVS,SHB,SIP,STH,TIP,TV2,VGT"
PC1,384807,"EVNGENCO3 (PGV): Lợi nhuận sau thuế vượt 3.700 tỷ đồng, định giá cổ phiếu về vùng hấp dẫn",,(ĐTCK) Lợi nhuận năm 2025 của EVNGENCO3 (PGV) xác lập kỷ lục mới. Dòng tiền cải thiện cùng tỷ lệ nợ vay liên tục giảm nhiều năm là nền tảng quan trọng cho EVNGENCO3 trong giai đoạn mở rộng đầu tư sắp tới.,1770104233,2026-02-03 14:37:13,1770104233,2026-02-03 14:37:13,https://www.tinnhanhchungkhoan.vn/evngenco3-pgv-loi-nhuan-sau-thue-vuot-3700-ty-dong-dinh-gia-co-phieu-ve-vung-hap-dan-post384807.html,/evngenco3-pgv-loi-nhuan-sau-thue-vuot-3700-ty-dong-dinh-gia-co-phieu-ve-vung-hap-dan-post384807.html,https://image.tinnhanhchungkhoan.vn/w200/Uploaded/2026/bpikpjik/2022_01_26/evngenco3-4286.jpg,,,,4,Thông tin doanh nghiệp,/thong-tin-doanh-nghiep/,"BMI,C4G,DL1,FPT,GCF,GMD,HUT,IDC,ITD,MBB,MWG,PAC,PC1,PVD,PVS,SHB,SIP,STH,TIP,TV2,VGT"
PC1,384807,"EVNGENCO3 (PGV): Lợi nhuận sau thuế vượt 3.700 tỷ đồng, định giá cổ phiếu về vùng hấp dẫn",,(ĐTCK) Lợi nhuận năm 2025 của EVNGENCO3 (PGV) xác lập kỷ lục mới. Dòng tiền cải thiện cùng tỷ lệ nợ vay liên tục giảm nhiều năm là nền tảng quan trọng cho EVNGENCO3 trong giai đoạn mở rộng đầu tư sắp tới.,1770104233,2026-02-03 14:37:13,1770104233,2026-02-03 14:37:13,https://www.tinnhanhchungkhoan.vn/evngenco3-pgv-loi-nhuan-sau-thue-vuot-3700-ty-dong-dinh-gia-co-phieu-ve-vung-hap-dan-post384807.html,/evngenco3-pgv-loi-nhuan-sau-thue-vuot-3700-ty-dong-dinh-gia-co-phieu-ve-vung-hap-dan-post384807.html,https://image.tinnhanhchungkhoan.vn/w200/Uploaded/2026/bpikpjik/2022_01_26/evngenco3-4286.jpg,,,,4,Thông tin doanh nghiệp,/thong-tin-doanh-nghiep/,"BMI,C4G,DL1,FPT,GCF,GMD,HUT,IDC,ITD,MBB,MWG,PAC,PC1,PVD,PVS,SHB,SIP,STH,TIP,TV2,VGT"
PC1,384804,Doanh thu Sao Ta (FMC) giảm 21% ngay tháng đầu năm 2026,,"(ĐTCK) CTCP Thực phẩm Sao Ta (FMC) công bố tình hình hoạt động hợp nhất tháng 01/2026 với doanh thu đạt 20,4 triệu USD, giảm 21% so với cùng kỳ năm trước.",1770102267,2026-02-03 14:04:27,1770102267,2026-02-03 14:04:27,https://www.tinnhanhchungkhoan.vn/doanh-thu-sao-ta-fmc-giam-21-ngay-thang-dau-nam-2026-post384804.html,/doanh-thu-sao-ta-fmc-giam-21-ngay-thang-dau-nam-2026-post384804.html,https://image.tinnhanhchungkhoan.vn/w200/Uploaded/2026/xvrhgenatpx97/2023_01_16/fmc-9473.jpg,,,,4,Thông tin doanh nghiệp,/thong-tin-doanh-nghiep/,"BMI,C4G,DL1,FPT,GCF,GMD,HUT,IDC,ITD,MBB,MWG,PAC,PC1,PVD,PVS,SHB,SIP,STH,TIP,TV2,VGT"
PC1,384804,Doanh thu Sao Ta (FMC) giảm 21% ngay tháng đầu năm 2026,,"(ĐTCK) CTCP Thực phẩm Sao Ta (FMC) công bố tình hình hoạt động hợp nhất tháng 01/2026 với doanh thu đạt 20,4 triệu USD, giảm 21% so với cùng kỳ năm trước.",1770102267,2026-02-03 14:04:27,1770102267,2026-02-03 14:04:27,https://www.tinnhanhchungkhoan.vn/doanh-thu-sao-ta-fmc-giam-21-ngay-thang-dau-nam-2026-post384804.html,/doanh-thu-sao-ta-fmc-giam-21-ngay-thang-dau-nam-2026-post384804.html,https://image.tinnhanhchungkhoan.vn/w200/Uploaded/2026/xvrhgenatpx97/2023_01_16/fmc-9473.jpg,,,,4,Thông tin doanh nghiệp,/thong-tin-doanh-nghiep/,"BMI,C4G,DL1,FPT,GCF,GMD,HUT,IDC,ITD,MBB,MWG,PAC,PC1,PVD,PVS,SHB,SIP,STH,TIP,TV2,VGT"
PC1,384802,"Quý IV/2025, lợi nhuận sau thuế của Đạt Phương (DPG) tăng 46%",,"(ĐTCK) Mới đây, CTCP Tập đoàn Đạt Phương (mã DPG) công bố báo cáo tài chính quý IV/2025 cho thấy sự cải thiện về quy mô doanh thu và lợi nhuận.",1770091215,2026-02-03 11:00:15,1770091215,2026-02-03 11:00:15,https://www.tinnhanhchungkhoan.vn/quy-iv2025-loi-nhuan-sau-thue-cua-dat-phuong-dpg-tang-46-post384802.html,/quy-iv2025-loi-nhuan-sau-thue-cua-dat-phuong-dpg-tang-46-post384802.html,https://image.tinnhanhchungkhoan.vn/w200/Uploaded/2026/gtnwae/2026_02_03/1-7741-8171.jpg,,,,4,Thông tin doanh nghiệp,/thong-tin-doanh-nghiep/,"BMI,C4G,DL1,FPT,GCF,GMD,HUT,IDC,ITD,MBB,MWG,PAC,PC1,PVD,PVS,SHB,SIP,STH,TIP,TV2,VGT"
PC1,384802,"Quý IV/2025, lợi nhuận sau thuế của Đạt Phương (DPG) tăng 46%",,"(ĐTCK) Mới đây, CTCP Tập đoàn Đạt Phương (mã DPG) công bố báo cáo tài chính quý IV/2025 cho thấy sự cải thiện về quy mô doanh thu và lợi nhuận.",1770091215,2026-02-03 11:00:15,1770091215,2026-02-03 11:00:15,https://www.tinnhanhchungkhoan.vn/quy-iv2025-loi-nhuan-sau-thue-cua-dat-phuong-dpg-tang-46-post384802.html,/quy-iv2025-loi-nhuan-sau-thue-cua-dat-phuong-dpg-tang-46-post384802.html,https://image.tinnhanhchungkhoan.vn/w200/Uploaded/2026/gtnwae/2026_02_03/1-7741-8171.jpg,,,,4,Thông tin doanh nghiệp,/thong-tin-doanh-nghiep/,"BMI,C4G,DL1,FPT,GCF,GMD,HUT,IDC,ITD,MBB,MWG,PAC,PC1,PVD,PVS,SHB,SIP,STH,TIP,TV2,VGT"
PC1,384799,Lợi nhuận Tổng công ty Tín Nghĩa (TID) giảm tới 99% trong quý IV/2025 khi phải hoàn trả cho Tỉnh uỷ Đồng Nai,,"(ĐTCK) Tổng công ty Tín Nghĩa (mã TID - UPCoM) ghi nhận lãi 1,8 tỷ đồng trong quý IV, luỹ kế cả năm 2025 ghi nhận lãi 762,13 tỷ đồng, hoàn thành 113,4% so với kế hoạch năm.",1770090820,2026-02-03 10:53:40,1770090820,2026-02-03 10:53:40,https://www.tinnhanhchungkhoan.vn/loi-nhuan-tong-cong-ty-tin-nghia-tid-giam-toi-99-trong-quy-iv2025-khi-phai-hoan-tra-cho-tinh-uy-dong-nai-post384799.html,/loi-nhuan-tong-cong-ty-tin-nghia-tid-giam-toi-99-trong-quy-iv2025-khi-phai-hoan-tra-cho-tinh-uy-dong-nai-post384799.html,https://image.tinnhanhchungkhoan.vn/w200/Uploaded/2026/lcgjikao/2026_02_03/01-906-8353.jpeg,,,,4,Thông tin doanh nghiệp,/thong-tin-doanh-nghiep/,"BMI,C4G,DL1,FPT,GCF,GMD,HUT,IDC,ITD,MBB,MWG,PAC,PC1,PVD,PVS,SHB,SIP,STH,TIP,TV2,VGT"
PC1,384799,Lợi nhuận Tổng công ty Tín Nghĩa (TID) giảm tới 99% trong quý IV/2025 khi phải hoàn trả cho Tỉnh uỷ Đồng Nai,,"(ĐTCK) Tổng công ty Tín Nghĩa (mã TID - UPCoM) ghi nhận lãi 1,8 tỷ đồng trong quý IV, luỹ kế cả năm 2025 ghi nhận lãi 762,13 tỷ đồng, hoàn thành 113,4% so với kế hoạch năm.",1770090820,2026-02-03 10:53:40,1770090820,2026-02-03 10:53:40,https://www.tinnhanhchungkhoan.vn/loi-nhuan-tong-cong-ty-tin-nghia-tid-giam-toi-99-trong-quy-iv2025-khi-phai-hoan-tra-cho-tinh-uy-dong-nai-post384799.html,/loi-nhuan-tong-cong-ty-tin-nghia-tid-giam-toi-99-trong-quy-iv2025-khi-phai-hoan-tra-cho-tinh-uy-dong-nai-post384799.html,https://image.tinnhanhchungkhoan.vn/w200/Uploaded/2026/lcgjikao/2026_02_03/01-906-8353.jpeg,,,,4,Thông tin doanh nghiệp,/thong-tin-doanh-nghiep/,"BMI,C4G,DL1,FPT,GCF,GMD,HUT,IDC,ITD,MBB,MWG,PAC,PC1,PVD,PVS,SHB,SIP,STH,TIP,TV2,VGT"
PC1,384779,"Gỗ An Cường (ACG) ghi nhận dòng tiền kinh doanh âm kỷ lục 408,56 tỷ đồng trong năm 2025",,"(ĐTCK) CTCP Gỗ An Cường (mã ACG - sàn HOSE) ghi nhận lãi 145,54 tỷ đồng trong quý IV, luỹ kế năm 2025 ghi nhận lãi 503,75 tỷ đồng, tăng 19,9% so với cùng kỳ năm trước.",1770077256,2026-02-03 07:07:36,1770077256,2026-02-03 07:07:36,https://www.tinnhanhchungkhoan.vn/go-an-cuong-acg-ghi-nhan-dong-tien-kinh-doanh-am-ky-luc-40856-ty-dong-trong-nam-2025-post384779.html,/go-an-cuong-acg-ghi-nhan-dong-tien-kinh-doanh-am-ky-luc-40856-ty-dong-trong-nam-2025-post384779.html,https://image.tinnhanhchungkhoan.vn/w200/Uploaded/2026/lcgjikao/2026_02_02/01-8702-1876.jpg,,,,4,Thông tin doanh nghiệp,/thong-tin-doanh-nghiep/,"BMI,C4G,DL1,FPT,GCF,GMD,HUT,IDC,ITD,MBB,MWG,PAC,PC1,PVD,PVS,SHB,SIP,STH,TIP,TV2,VGT"
PC1,384779,"Gỗ An Cường (ACG) ghi nhận dòng tiền kinh doanh âm kỷ lục 408,56 tỷ đồng trong năm 2025",,"(ĐTCK) CTCP Gỗ An Cường (mã ACG - sàn HOSE) ghi nhận lãi 145,54 tỷ đồng trong quý IV, luỹ kế năm 2025 ghi nhận lãi 503,75 tỷ đồng, tăng 19,9% so với cùng kỳ năm trước.",1770077256,2026-02-03 07:07:36,1770077256,2026-02-03 07:07:36,https://www.tinnhanhchungkhoan.vn/go-an-cuong-acg-ghi-nhan-dong-tien-kinh-doanh-am-ky-luc-40856-ty-dong-trong-nam-2025-post384779.html,/go-an-cuong-acg-ghi-nhan-dong-tien-kinh-doanh-am-ky-luc-40856-ty-dong-trong-nam-2025-post384779.html,https://image.tinnhanhchungkhoan.vn/w200/Uploaded/2026/lcgjikao/2026_02_02/01-8702-1876.jpg,,,,4,Thông tin doanh nghiệp,/thong-tin-doanh-nghiep/,"BMI,C4G,DL1,FPT,GCF,GMD,HUT,IDC,ITD,MBB,MWG,PAC,PC1,PVD,PVS,SHB,SIP,STH,TIP,TV2,VGT"
PC1,384776,Searefico (SRF) thoát lỗ quý IV/2025 nhờ thu nhập khác tăng đột biến,,"(ĐTCK) Công ty cổ phần Searefico (mã SRF - sàn HOSE) ghi nhận lãi 15,71 tỷ đồng trong quý IV, luỹ kế cả năm 2025 lãi 22,18 tỷ đồng và đạt 56,9% kế hoạch năm.",1770077020,2026-02-03 07:03:40,1770077020,2026-02-03 07:03:40,https://www.tinnhanhchungkhoan.vn/searefico-srf-thoat-lo-quy-iv2025-nho-thu-nhap-khac-tang-dot-bien-post384776.html,/searefico-srf-thoat-lo-quy-iv2025-nho-thu-nhap-khac-tang-dot-bien-post384776.html,https://image.tinnhanhchungkhoan.vn/w200/Uploaded/2026/lcgjikao/2026_02_02/01-2954-71.jpg,,,,4,Thông tin doanh nghiệp,/thong-tin-doanh-nghiep/,"BMI,C4G,DL1,FPT,GCF,GMD,HUT,IDC,ITD,MBB,MWG,PAC,PC1,PVD,PVS,SHB,SIP,STH,TIP,TV2,VGT"
PC1,384776,Searefico (SRF) thoát lỗ quý IV/2025 nhờ thu nhập khác tăng đột biến,,"(ĐTCK) Công ty cổ phần Searefico (mã SRF - sàn HOSE) ghi nhận lãi 15,71 tỷ đồng trong quý IV, luỹ kế cả năm 2025 lãi 22,18 tỷ đồng và đạt 56,9% kế hoạch năm.",1770077020,2026-02-03 07:03:40,1770077020,2026-02-03 07:03:40,https://www.tinnhanhchungkhoan.vn/searefico-srf-thoat-lo-quy-iv2025-nho-thu-nhap-khac-tang-dot-bien-post384776.html,/searefico-srf-thoat-lo-quy-iv2025-nho-thu-nhap-khac-tang-dot-bien-post384776.html,https://image.tinnhanhchungkhoan.vn/w200/Uploaded/2026/lcgjikao/2026_02_02/01-2954-71.jpg,,,,4,Thông tin doanh nghiệp,/thong-tin-doanh-nghiep/,"BMI,C4G,DL1,FPT,GCF,GMD,HUT,IDC,ITD,MBB,MWG,PAC,PC1,PVD,PVS,SHB,SIP,STH,TIP,TV2,VGT"
PC1,384774,"Thép Pomina (POM) lỗ thêm 838,2 tỷ đồng năm 2025, vốn chủ sở hữu âm hơn 623,6 tỷ đồng",,"(ĐTCK) CTCP Thép Pomina (mã POM) vừa công bố báo cáo tài chính năm 2025 với khoản lỗ sau thuế 838,2 tỷ đồng, đánh dấu năm thứ 4 liên tiếp doanh nghiệp thua lỗ, qua đó nâng lỗ lũy kế lên 3.485 tỷ đồng và khiến vốn chủ sở hữu tại thời điểm cuối năm âm hơn 623,6 tỷ đồng",1770076822,2026-02-03 07:00:22,1770076822,2026-02-03 07:00:22,https://www.tinnhanhchungkhoan.vn/thep-pomina-pom-lo-them-8382-ty-dong-nam-2025-von-chu-so-huu-am-hon-6236-ty-dong-post384774.html,/thep-pomina-pom-lo-them-8382-ty-dong-nam-2025-von-chu-so-huu-am-hon-6236-ty-dong-post384774.html,https://image.tinnhanhchungkhoan.vn/w200/Uploaded/2026/xvrhgenatpx97/2024_08_21/pom-5603.jpeg,,,,4,Thông tin doanh nghiệp,/thong-tin-doanh-nghiep/,"BMI,C4G,DL1,FPT,GCF,GMD,HUT,IDC,ITD,MBB,MWG,PAC,PC1,PVD,PVS,SHB,SIP,STH,TIP,TV2,VGT"
PC1,384774,"Thép Pomina (POM) lỗ thêm 838,2 tỷ đồng năm 2025, vốn chủ sở hữu âm hơn 623,6 tỷ đồng",,"(ĐTCK) CTCP Thép Pomina (mã POM) vừa công bố báo cáo tài chính năm 2025 với khoản lỗ sau thuế 838,2 tỷ đồng, đánh dấu năm thứ 4 liên tiếp doanh nghiệp thua lỗ, qua đó nâng lỗ lũy kế lên 3.485 tỷ đồng và khiến vốn chủ sở hữu tại thời điểm cuối năm âm hơn 623,6 tỷ đồng",1770076822,2026-02-03 07:00:22,1770076822,2026-02-03 07:00:22,https://www.tinnhanhchungkhoan.vn/thep-pomina-pom-lo-them-8382-ty-dong-nam-2025-von-chu-so-huu-am-hon-6236-ty-dong-post384774.html,/thep-pomina-pom-lo-them-8382-ty-dong-nam-2025-von-chu-so-huu-am-hon-6236-ty-dong-post384774.html,https://image.tinnhanhchungkhoan.vn/w200/Uploaded/2026/xvrhgenatpx97/2024_08_21/pom-5603.jpeg,,,,4,Thông tin doanh nghiệp,/thong-tin-doanh-nghiep/,"BMI,C4G,DL1,FPT,GCF,GMD,HUT,IDC,ITD,MBB,MWG,PAC,PC1,PVD,PVS,SHB,SIP,STH,TIP,TV2,VGT"
PC1,384773,PV Drilling (PVD) vượt 98% mục tiêu lợi nhuận năm 2025,,"(ĐTCK) Năm 2025, PV Drilling mang về 1.050,5 tỷ đồng lãi ròng, tăng 50,5% so với kết quả thực hiện năm 2024 và vượt 98% mục tiêu lợi nhuận cả năm.",1770076674,2026-02-03 06:57:54,1770076674,2026-02-03 06:57:54,https://www.tinnhanhchungkhoan.vn/pv-drilling-pvd-vuot-98-muc-tieu-loi-nhuan-nam-2025-post384773.html,/pv-drilling-pvd-vuot-98-muc-tieu-loi-nhuan-nam-2025-post384773.html,https://image.tinnhanhchungkhoan.vn/w200/Uploaded/2026/xvrhgenatpx97/2023_04_24/pvd-1871.jpeg,,,,4,Thông tin doanh nghiệp,/thong-tin-doanh-nghiep/,"BMI,C4G,DL1,FPT,GCF,GMD,HUT,IDC,ITD,MBB,MWG,PAC,PC1,PVD,PVS,SHB,SIP,STH,TIP,TV2,VGT"
PC1,384773,PV Drilling (PVD) vượt 98% mục tiêu lợi nhuận năm 2025,,"(ĐTCK) Năm 2025, PV Drilling mang về 1.050,5 tỷ đồng lãi ròng, tăng 50,5% so với kết quả thực hiện năm 2024 và vượt 98% mục tiêu lợi nhuận cả năm.",1770076674,2026-02-03 06:57:54,1770076674,2026-02-03 06:57:54,https://www.tinnhanhchungkhoan.vn/pv-drilling-pvd-vuot-98-muc-tieu-loi-nhuan-nam-2025-post384773.html,/pv-drilling-pvd-vuot-98-muc-tieu-loi-nhuan-nam-2025-post384773.html,https://image.tinnhanhchungkhoan.vn/w200/Uploaded/2026/xvrhgenatpx97/2023_04_24/pvd-1871.jpeg,,,,4,Thông tin doanh nghiệp,/thong-tin-doanh-nghiep/,"BMI,C4G,DL1,FPT,GCF,GMD,HUT,IDC,ITD,MBB,MWG,PAC,PC1,PVD,PVS,SHB,SIP,STH,TIP,TV2,VGT"
PC1,384775,MB (MBB) dự kiến cán mốc vốn hóa 10 tỷ USD vào năm 2027,,"(ĐTCK) So với giai đoạn đầu năm 2017, tổng vốn hoá của Ngân hàng TMCP Quân Đội (MB - mã chứng khoán MBB) đến nay đã ghi nhận tăng 9,9 lần (tương đương khoảng 8,5 tỷ USD). Ông Lưu Trung Thái, Chủ tịch HĐQT MB cho biết, với tốc độ tăng trưởng như hiện nay, dự kiến sang năm 2027, tổng giá trị vốn hoá của MB có thể cán đến mốc 10 tỷ USD.",1770076595,2026-02-03 06:56:35,1770076595,2026-02-03 06:56:35,https://www.tinnhanhchungkhoan.vn/mb-mbb-du-kien-can-moc-von-hoa-10-ty-usd-vao-nam-2027-post384775.html,/mb-mbb-du-kien-can-moc-von-hoa-10-ty-usd-vao-nam-2027-post384775.html,https://image.tinnhanhchungkhoan.vn/w200/Uploaded/2026/ngobgt/2026_02_02/img-3950-1125-6297.jpeg,"Ông Lưu Trung Thái, Chủ tịch HĐQT Ngân hàng TMCP Quân Đội (MB) chủ trì hội nghị Nhà đầu tư.",,,4,Thông tin doanh nghiệp,/thong-tin-doanh-nghiep/,"BMI,C4G,DL1,FPT,GCF,GMD,HUT,IDC,ITD,MBB,MWG,PAC,PC1,PVD,PVS,SHB,SIP,STH,TIP,TV2,VGT"
PC1,384775,MB (MBB) dự kiến cán mốc vốn hóa 10 tỷ USD vào năm 2027,,"(ĐTCK) So với giai đoạn đầu năm 2017, tổng vốn hoá của Ngân hàng TMCP Quân Đội (MB - mã chứng khoán MBB) đến nay đã ghi nhận tăng 9,9 lần (tương đương khoảng 8,5 tỷ USD). Ông Lưu Trung Thái, Chủ tịch HĐQT MB cho biết, với tốc độ tăng trưởng như hiện nay, dự kiến sang năm 2027, tổng giá trị vốn hoá của MB có thể cán đến mốc 10 tỷ USD.",1770076595,2026-02-03 06:56:35,1770076595,2026-02-03 06:56:35,https://www.tinnhanhchungkhoan.vn/mb-mbb-du-kien-can-moc-von-hoa-10-ty-usd-vao-nam-2027-post384775.html,/mb-mbb-du-kien-can-moc-von-hoa-10-ty-usd-vao-nam-2027-post384775.html,https://image.tinnhanhchungkhoan.vn/w200/Uploaded/2026/ngobgt/2026_02_02/img-3950-1125-6297.jpeg,"Ông Lưu Trung Thái, Chủ tịch HĐQT Ngân hàng TMCP Quân Đội (MB) chủ trì hội nghị Nhà đầu tư.",,,4,Thông tin doanh nghiệp,/thong-tin-doanh-nghiep/,"BMI,C4G,DL1,FPT,GCF,GMD,HUT,IDC,ITD,MBB,MWG,PAC,PC1,PVD,PVS,SHB,SIP,STH,TIP,TV2,VGT"
PC1,384768,Chiến lược Go Global đang từng bước đóng góp vào tăng trưởng dài hạn của Masan Consumer (MCH),,"(ĐTCK) Trong suốt năm 2025, doanh thu quốc tế của Masan Consumer (HOSE: MCH) duy trì đà tăng trưởng tích cực và tiếp tục cải thiện trong quý gần nhất. Theo báo cáo kết quả kinh doanh, riêng kênh kinh doanh quốc tế tăng trưởng gần 27% trong năm 2025. Diễn biến này cho thấy chiến lược Go Global đang bắt đầu tạo đóng góp thực tế, thay vì chỉ dừng ở định hướng dài hạn.",1770026991,2026-02-02 17:09:51,1770029550,2026-02-02 17:52:30,https://www.tinnhanhchungkhoan.vn/chien-luoc-go-global-dang-tung-buoc-dong-gop-vao-tang-truong-dai-han-cua-masan-consumer-mch-post384768.html,/chien-luoc-go-global-dang-tung-buoc-dong-gop-vao-tang-truong-dai-han-cua-masan-consumer-mch-post384768.html,https://image.tinnhanhchungkhoan.vn/w200/Uploaded/2026/bpikpjik/2026_02_02/thuc-pham-tuoi-ngon-phong-phu-tai-sieu-thi-winmart-4053-77.jpeg,,,,4,Thông tin doanh nghiệp,/thong-tin-doanh-nghiep/,"BMI,C4G,DL1,FPT,GCF,GMD,HUT,IDC,ITD,MBB,MWG,PAC,PC1,PVD,PVS,SHB,SIP,STH,TIP,TV2,VGT"
PC1,384768,Chiến lược Go Global đang từng bước đóng góp vào tăng trưởng dài hạn của Masan Consumer (MCH),,"(ĐTCK) Trong suốt năm 2025, doanh thu quốc tế của Masan Consumer (HOSE: MCH) duy trì đà tăng trưởng tích cực và tiếp tục cải thiện trong quý gần nhất. Theo báo cáo kết quả kinh doanh, riêng kênh kinh doanh quốc tế tăng trưởng gần 27% trong năm 2025. Diễn biến này cho thấy chiến lược Go Global đang bắt đầu tạo đóng góp thực tế, thay vì chỉ dừng ở định hướng dài hạn.",1770026991,2026-02-02 17:09:51,1770029550,2026-02-02 17:52:30,https://www.tinnhanhchungkhoan.vn/chien-luoc-go-global-dang-tung-buoc-dong-gop-vao-tang-truong-dai-han-cua-masan-consumer-mch-post384768.html,/chien-luoc-go-global-dang-tung-buoc-dong-gop-vao-tang-truong-dai-han-cua-masan-consumer-mch-post384768.html,https://image.tinnhanhchungkhoan.vn/w200/Uploaded/2026/bpikpjik/2026_02_02/thuc-pham-tuoi-ngon-phong-phu-tai-sieu-thi-winmart-4053-77.jpeg,,,,4,Thông tin doanh nghiệp,/thong-tin-doanh-nghiep/,"BMI,C4G,DL1,FPT,GCF,GMD,HUT,IDC,ITD,MBB,MWG,PAC,PC1,PVD,PVS,SHB,SIP,STH,TIP,TV2,VGT"
PC1,384769,OCH vượt kế hoạch doanh thu và lợi nhuận năm 2025,,"(ĐTCK) Công ty cổ phần One Capital Hospitality (HNX: OCH) ghi nhận doanh thu cả năm 2025 đạt 1.188 tỷ đồng, lợi nhuận trước thuế 135,6 tỷ đồng, vượt kế hoạch được Đại hội đồng cổ đông (ĐHĐCĐ) đề ra.",1770026945,2026-02-02 17:09:05,1770026945,2026-02-02 17:09:05,https://www.tinnhanhchungkhoan.vn/och-vuot-ke-hoach-doanh-thu-va-loi-nhuan-nam-2025-post384769.html,/och-vuot-ke-hoach-doanh-thu-va-loi-nhuan-nam-2025-post384769.html,https://image.tinnhanhchungkhoan.vn/w200/Uploaded/2026/cqjwqcqdh/2025_10_30/och-8280-9602.jpg,,,,4,Thông tin doanh nghiệp,/thong-tin-doanh-nghiep/,"BMI,C4G,DL1,FPT,GCF,GMD,HUT,IDC,ITD,MBB,MWG,PAC,PC1,PVD,PVS,SHB,SIP,STH,TIP,TV2,VGT"
PC1,384769,OCH vượt kế hoạch doanh thu và lợi nhuận năm 2025,,"(ĐTCK) Công ty cổ phần One Capital Hospitality (HNX: OCH) ghi nhận doanh thu cả năm 2025 đạt 1.188 tỷ đồng, lợi nhuận trước thuế 135,6 tỷ đồng, vượt kế hoạch được Đại hội đồng cổ đông (ĐHĐCĐ) đề ra.",1770026945,2026-02-02 17:09:05,1770026945,2026-02-02 17:09:05,https://www.tinnhanhchungkhoan.vn/och-vuot-ke-hoach-doanh-thu-va-loi-nhuan-nam-2025-post384769.html,/och-vuot-ke-hoach-doanh-thu-va-loi-nhuan-nam-2025-post384769.html,https://image.tinnhanhchungkhoan.vn/w200/Uploaded/2026/cqjwqcqdh/2025_10_30/och-8280-9602.jpg,,,,4,Thông tin doanh nghiệp,/thong-tin-doanh-nghiep/,"BMI,C4G,DL1,FPT,GCF,GMD,HUT,IDC,ITD,MBB,MWG,PAC,PC1,PVD,PVS,SHB,SIP,STH,TIP,TV2,VGT"
PC1,384765,"Cơ điện lạnh (REE) tạm ứng cổ tức 10% bằng tiền, lên lịch ĐHCĐ thường niên năm tài chính 2025",,"(ĐTCK) HĐQT CTCP Cơ điện lạnh (REE – sàn HOSE) vừa thông qua, ngày 27/2 tới đây sẽ thực hiện chốt danh sách cổ đông để tổ chức ĐHCĐ thường niên năm tài chính 2025 và tạm ứng cổ tức năm 2025.",1770026245,2026-02-02 16:57:25,1770026691,2026-02-02 17:04:51,https://www.tinnhanhchungkhoan.vn/co-dien-lanh-ree-tam-ung-co-tuc-10-bang-tien-len-lich-dhcd-thuong-nien-nam-tai-chinh-2025-post384765.html,/co-dien-lanh-ree-tam-ung-co-tuc-10-bang-tien-len-lich-dhcd-thuong-nien-nam-tai-chinh-2025-post384765.html,https://image.tinnhanhchungkhoan.vn/w200/Uploaded/2026/pigo/2020_09_30/cong-ty-co-phan-co-dien-lanh-bom-no-cham-trong-dau-tu-tai-chinh1590080990-3682.jpg,,,,4,Thông tin doanh nghiệp,/thong-tin-doanh-nghiep/,"BMI,C4G,DL1,FPT,GCF,GMD,HUT,IDC,ITD,MBB,MWG,PAC,PC1,PVD,PVS,SHB,SIP,STH,TIP,TV2,VGT"
PC1,384765,"Cơ điện lạnh (REE) tạm ứng cổ tức 10% bằng tiền, lên lịch ĐHCĐ thường niên năm tài chính 2025",,"(ĐTCK) HĐQT CTCP Cơ điện lạnh (REE – sàn HOSE) vừa thông qua, ngày 27/2 tới đây sẽ thực hiện chốt danh sách cổ đông để tổ chức ĐHCĐ thường niên năm tài chính 2025 và tạm ứng cổ tức năm 2025.",1770026245,2026-02-02 16:57:25,1770026691,2026-02-02 17:04:51,https://www.tinnhanhchungkhoan.vn/co-dien-lanh-ree-tam-ung-co-tuc-10-bang-tien-len-lich-dhcd-thuong-nien-nam-tai-chinh-2025-post384765.html,/co-dien-lanh-ree-tam-ung-co-tuc-10-bang-tien-len-lich-dhcd-thuong-nien-nam-tai-chinh-2025-post384765.html,https://image.tinnhanhchungkhoan.vn/w200/Uploaded/2026/pigo/2020_09_30/cong-ty-co-phan-co-dien-lanh-bom-no-cham-trong-dau-tu-tai-chinh1590080990-3682.jpg,,,,4,Thông tin doanh nghiệp,/thong-tin-doanh-nghiep/,"BMI,C4G,DL1,FPT,GCF,GMD,HUT,IDC,ITD,MBB,MWG,PAC,PC1,PVD,PVS,SHB,SIP,STH,TIP,TV2,VGT"
PC1,384761,Vietbank (VBB): Bổ nhiệm Quyền Tổng giám đốc và một Phó tổng giám đốc,,"(ĐTCK) Ngân hàng TMCP Việt Nam Thương Tín (Vietbank, mã chứng khoán: VBB) vừa công bố quyết định kiện toàn nhân sự lãnh đạo cấp cao.",1770023282,2026-02-02 16:08:02,1770023282,2026-02-02 16:08:02,https://www.tinnhanhchungkhoan.vn/vietbank-vbb-bo-nhiem-quyen-tong-giam-doc-va-mot-pho-tong-giam-doc-post384761.html,/vietbank-vbb-bo-nhiem-quyen-tong-giam-doc-va-mot-pho-tong-giam-doc-post384761.html,https://image.tinnhanhchungkhoan.vn/w200/Uploaded/2026/bpcgdqvp/2026_02_02/vb2-3335-3688.jpg,Hội đồng Quản trị trao quyết định bổ nhiệm cho ông Lê Thanh Quý Ngọc - Quyền Tổng giám đốc và bà Trần Thị Ngọc Lý - Phó tổng giám đốc Vietbank,,,4,Thông tin doanh nghiệp,/thong-tin-doanh-nghiep/,"BMI,C4G,DL1,FPT,GCF,GMD,HUT,IDC,ITD,MBB,MWG,PAC,PC1,PVD,PVS,SHB,SIP,STH,TIP,TV2,VGT"
PC1,384761,Vietbank (VBB): Bổ nhiệm Quyền Tổng giám đốc và một Phó tổng giám đốc,,"(ĐTCK) Ngân hàng TMCP Việt Nam Thương Tín (Vietbank, mã chứng khoán: VBB) vừa công bố quyết định kiện toàn nhân sự lãnh đạo cấp cao.",1770023282,2026-02-02 16:08:02,1770023282,2026-02-02 16:08:02,https://www.tinnhanhchungkhoan.vn/vietbank-vbb-bo-nhiem-quyen-tong-giam-doc-va-mot-pho-tong-giam-doc-post384761.html,/vietbank-vbb-bo-nhiem-quyen-tong-giam-doc-va-mot-pho-tong-giam-doc-post384761.html,https://image.tinnhanhchungkhoan.vn/w200/Uploaded/2026/bpcgdqvp/2026_02_02/vb2-3335-3688.jpg,Hội đồng Quản trị trao quyết định bổ nhiệm cho ông Lê Thanh Quý Ngọc - Quyền Tổng giám đốc và bà Trần Thị Ngọc Lý - Phó tổng giám đốc Vietbank,,,4,Thông tin doanh nghiệp,/thong-tin-doanh-nghiep/,"BMI,C4G,DL1,FPT,GCF,GMD,HUT,IDC,ITD,MBB,MWG,PAC,PC1,PVD,PVS,SHB,SIP,STH,TIP,TV2,VGT"
PC1,384752,"CDC Construction (CCC): Dòng tiền kinh doanh âm kỷ lục 335,17 tỷ đồng trong 9 tháng đầu niên độ 2025 - 2026",,"(ĐTCK) Công ty cổ phần Xây dựng CDC (CDC Construction, mã CCC - sàn HOSE) ghi nhận lãi 9,67 tỷ đồng trong quý III, luỹ kế 9 tháng trong niên độ 2025 - 2026 ghi nhận lãi 30,31 tỷ đồng, tăng 3,8% so với cùng kỳ và hoàn thành 64,1% kế hoạch năm.",1770022404,2026-02-02 15:53:24,1770022404,2026-02-02 15:53:24,https://www.tinnhanhchungkhoan.vn/cdc-construction-ccc-dong-tien-kinh-doanh-am-ky-luc-33517-ty-dong-trong-9-thang-dau-nien-do-2025-2026-post384752.html,/cdc-construction-ccc-dong-tien-kinh-doanh-am-ky-luc-33517-ty-dong-trong-9-thang-dau-nien-do-2025-2026-post384752.html,https://image.tinnhanhchungkhoan.vn/w200/Uploaded/2026/lcgjikao/2026_02_02/01-5399-2697.jpg,,,,4,Thông tin doanh nghiệp,/thong-tin-doanh-nghiep/,"BMI,C4G,DL1,FPT,GCF,GMD,HUT,IDC,ITD,MBB,MWG,PAC,PC1,PVD,PVS,SHB,SIP,STH,TIP,TV2,VGT"
PC1,384752,"CDC Construction (CCC): Dòng tiền kinh doanh âm kỷ lục 335,17 tỷ đồng trong 9 tháng đầu niên độ 2025 - 2026",,"(ĐTCK) Công ty cổ phần Xây dựng CDC (CDC Construction, mã CCC - sàn HOSE) ghi nhận lãi 9,67 tỷ đồng trong quý III, luỹ kế 9 tháng trong niên độ 2025 - 2026 ghi nhận lãi 30,31 tỷ đồng, tăng 3,8% so với cùng kỳ và hoàn thành 64,1% kế hoạch năm.",1770022404,2026-02-02 15:53:24,1770022404,2026-02-02 15:53:24,https://www.tinnhanhchungkhoan.vn/cdc-construction-ccc-dong-tien-kinh-doanh-am-ky-luc-33517-ty-dong-trong-9-thang-dau-nien-do-2025-2026-post384752.html,/cdc-construction-ccc-dong-tien-kinh-doanh-am-ky-luc-33517-ty-dong-trong-9-thang-dau-nien-do-2025-2026-post384752.html,https://image.tinnhanhchungkhoan.vn/w200/Uploaded/2026/lcgjikao/2026_02_02/01-5399-2697.jpg,,,,4,Thông tin doanh nghiệp,/thong-tin-doanh-nghiep/,"BMI,C4G,DL1,FPT,GCF,GMD,HUT,IDC,ITD,MBB,MWG,PAC,PC1,PVD,PVS,SHB,SIP,STH,TIP,TV2,VGT"
PC1,384712,"Doanh thu cả năm vượt 37.000 tỷ đồng, Tasco (HUT) báo lãi gấp 2 lần năm trước",,"(ĐTCK) Năm 2025, Công ty Cổ phần Tasco (HNX: HUT) ghi nhận doanh thu 37.000 tỷ đồng, lợi nhuận sau thuế hơn 623 tỷ đồng, gấp 2 lần năm trước và cao nhất trong lịch sử hoạt động.",1770019201,2026-02-02 15:00:01,1770000938,2026-02-02 09:55:38,https://www.tinnhanhchungkhoan.vn/doanh-thu-ca-nam-vuot-37000-ty-dong-tasco-hut-bao-lai-gap-2-lan-nam-truoc-post384712.html,/doanh-thu-ca-nam-vuot-37000-ty-dong-tasco-hut-bao-lai-gap-2-lan-nam-truoc-post384712.html,https://image.tinnhanhchungkhoan.vn/w200/Uploaded/2026/xpwvotiv/2026_02_02/tasco-5092-7931.jpg,,,,4,Thông tin doanh nghiệp,/thong-tin-doanh-nghiep/,"BMI,C4G,DL1,FPT,GCF,GMD,HUT,IDC,ITD,MBB,MWG,PAC,PC1,PVD,PVS,SHB,SIP,STH,TIP,TV2,VGT"
PC1,384712,"Doanh thu cả năm vượt 37.000 tỷ đồng, Tasco (HUT) báo lãi gấp 2 lần năm trước",,"(ĐTCK) Năm 2025, Công ty Cổ phần Tasco (HNX: HUT) ghi nhận doanh thu 37.000 tỷ đồng, lợi nhuận sau thuế hơn 623 tỷ đồng, gấp 2 lần năm trước và cao nhất trong lịch sử hoạt động.",1770019201,2026-02-02 15:00:01,1770000938,2026-02-02 09:55:38,https://www.tinnhanhchungkhoan.vn/doanh-thu-ca-nam-vuot-37000-ty-dong-tasco-hut-bao-lai-gap-2-lan-nam-truoc-post384712.html,/doanh-thu-ca-nam-vuot-37000-ty-dong-tasco-hut-bao-lai-gap-2-lan-nam-truoc-post384712.html,https://image.tinnhanhchungkhoan.vn/w200/Uploaded/2026/xpwvotiv/2026_02_02/tasco-5092-7931.jpg,,,,4,Thông tin doanh nghiệp,/thong-tin-doanh-nghiep/,"BMI,C4G,DL1,FPT,GCF,GMD,HUT,IDC,ITD,MBB,MWG,PAC,PC1,PVD,PVS,SHB,SIP,STH,TIP,TV2,VGT"
PC1,384740,Quốc Cường Gia Lai (QCG) lãi đột biến quý IV/2025 nhờ thanh lý các khoản đầu tư,,"(ĐTCK) CTCP Quốc Cường Gia Lai (mã QCG - sàn HOSE) ghi nhận lãi 137,22 tỷ đồng trong quý IV, lũy kế năm 2025 lãi 171,28 tỷ đồng, tăng 109% so với năm 2024 và không hoàn thành kế hoạch năm.",1770016785,2026-02-02 14:19:45,1770016785,2026-02-02 14:19:45,https://www.tinnhanhchungkhoan.vn/quoc-cuong-gia-lai-qcg-lai-dot-bien-quy-iv2025-nho-thanh-ly-cac-khoan-dau-tu-post384740.html,/quoc-cuong-gia-lai-qcg-lai-dot-bien-quy-iv2025-nho-thanh-ly-cac-khoan-dau-tu-post384740.html,https://image.tinnhanhchungkhoan.vn/w200/Uploaded/2026/lcgjikao/2026_02_02/01-5700-5016.jpg,,,,4,Thông tin doanh nghiệp,/thong-tin-doanh-nghiep/,"BMI,C4G,DL1,FPT,GCF,GMD,HUT,IDC,ITD,MBB,MWG,PAC,PC1,PVD,PVS,SHB,SIP,STH,TIP,TV2,VGT"
PC1,384740,Quốc Cường Gia Lai (QCG) lãi đột biến quý IV/2025 nhờ thanh lý các khoản đầu tư,,"(ĐTCK) CTCP Quốc Cường Gia Lai (mã QCG - sàn HOSE) ghi nhận lãi 137,22 tỷ đồng trong quý IV, lũy kế năm 2025 lãi 171,28 tỷ đồng, tăng 109% so với năm 2024 và không hoàn thành kế hoạch năm.",1770016785,2026-02-02 14:19:45,1770016785,2026-02-02 14:19:45,https://www.tinnhanhchungkhoan.vn/quoc-cuong-gia-lai-qcg-lai-dot-bien-quy-iv2025-nho-thanh-ly-cac-khoan-dau-tu-post384740.html,/quoc-cuong-gia-lai-qcg-lai-dot-bien-quy-iv2025-nho-thanh-ly-cac-khoan-dau-tu-post384740.html,https://image.tinnhanhchungkhoan.vn/w200/Uploaded/2026/lcgjikao/2026_02_02/01-5700-5016.jpg,,,,4,Thông tin doanh nghiệp,/thong-tin-doanh-nghiep/,"BMI,C4G,DL1,FPT,GCF,GMD,HUT,IDC,ITD,MBB,MWG,PAC,PC1,PVD,PVS,SHB,SIP,STH,TIP,TV2,VGT"
PC1,384739,"Thuỷ điện Vĩnh Sơn - Sông Hinh (VSH) chốt quyền nhận cổ tức 10%, dự kiến họp ĐHCĐ 2026 cuối tháng 3",,"(ĐTCK) CTCP Thuỷ điện Vĩnh Sơn - Sông Hinh (mã VSH) mới thông báo, ngày 23/02 tới đây sẽ chốt danh sách cổ đông nhận cổ tức đợt 3/2025 và tham dự đại hội cổ đông năm 2026.",1770016761,2026-02-02 14:19:21,1770016761,2026-02-02 14:19:21,https://www.tinnhanhchungkhoan.vn/thuy-dien-vinh-son-song-hinh-vsh-chot-quyen-nhan-co-tuc-10-du-kien-hop-dhcd-2026-cuoi-thang-3-post384739.html,/thuy-dien-vinh-son-song-hinh-vsh-chot-quyen-nhan-co-tuc-10-du-kien-hop-dhcd-2026-cuoi-thang-3-post384739.html,https://image.tinnhanhchungkhoan.vn/w200/Uploaded/2026/xvrhgenatpx97/2024_10_24/vsh-8946.jpeg,,,,4,Thông tin doanh nghiệp,/thong-tin-doanh-nghiep/,"BMI,C4G,DL1,FPT,GCF,GMD,HUT,IDC,ITD,MBB,MWG,PAC,PC1,PVD,PVS,SHB,SIP,STH,TIP,TV2,VGT"
PC1,384739,"Thuỷ điện Vĩnh Sơn - Sông Hinh (VSH) chốt quyền nhận cổ tức 10%, dự kiến họp ĐHCĐ 2026 cuối tháng 3",,"(ĐTCK) CTCP Thuỷ điện Vĩnh Sơn - Sông Hinh (mã VSH) mới thông báo, ngày 23/02 tới đây sẽ chốt danh sách cổ đông nhận cổ tức đợt 3/2025 và tham dự đại hội cổ đông năm 2026.",1770016761,2026-02-02 14:19:21,1770016761,2026-02-02 14:19:21,https://www.tinnhanhchungkhoan.vn/thuy-dien-vinh-son-song-hinh-vsh-chot-quyen-nhan-co-tuc-10-du-kien-hop-dhcd-2026-cuoi-thang-3-post384739.html,/thuy-dien-vinh-son-song-hinh-vsh-chot-quyen-nhan-co-tuc-10-du-kien-hop-dhcd-2026-cuoi-thang-3-post384739.html,https://image.tinnhanhchungkhoan.vn/w200/Uploaded/2026/xvrhgenatpx97/2024_10_24/vsh-8946.jpeg,,,,4,Thông tin doanh nghiệp,/thong-tin-doanh-nghiep/,"BMI,C4G,DL1,FPT,GCF,GMD,HUT,IDC,ITD,MBB,MWG,PAC,PC1,PVD,PVS,SHB,SIP,STH,TIP,TV2,VGT"
PC1,384741,VPS (VCK) được VASB vinh danh công ty chứng khoán đạt điểm thực hành ESG cao nhất,,"(ĐTCK) Công ty cổ phần Chứng khoán VPS (mã chứng khoán VCK) là một trong hai công ty chứng khoán được xếp hạng cao nhất trong chương trình chấm điểm thực hành ESG do Hiệp hội Chứng khoán Việt Nam (VASB) tổ chức, khẳng định cam kết mạnh mẽ của doanh nghiệp đối với phát triển bền vững theo chuẩn mực quốc tế.",1770016630,2026-02-02 14:17:10,1770343895,2026-02-06 09:11:35,https://www.tinnhanhchungkhoan.vn/vps-vck-duoc-vasb-vinh-danh-cong-ty-chung-khoan-dat-diem-thuc-hanh-esg-cao-nhat-post384741.html,/vps-vck-duoc-vasb-vinh-danh-cong-ty-chung-khoan-dat-diem-thuc-hanh-esg-cao-nhat-post384741.html,https://image.tinnhanhchungkhoan.vn/w200/Uploaded/2026/ipuokbf/2026_02_06/800x500-8825-6213.png,,,,4,Thông tin doanh nghiệp,/thong-tin-doanh-nghiep/,"BMI,C4G,DL1,FPT,GCF,GMD,HUT,IDC,ITD,MBB,MWG,PAC,PC1,PVD,PVS,SHB,SIP,STH,TIP,TV2,VGT"
PC1,384741,VPS (VCK) được VASB vinh danh công ty chứng khoán đạt điểm thực hành ESG cao nhất,,"(ĐTCK) Công ty cổ phần Chứng khoán VPS (mã chứng khoán VCK) là một trong hai công ty chứng khoán được xếp hạng cao nhất trong chương trình chấm điểm thực hành ESG do Hiệp hội Chứng khoán Việt Nam (VASB) tổ chức, khẳng định cam kết mạnh mẽ của doanh nghiệp đối với phát triển bền vững theo chuẩn mực quốc tế.",1770016630,2026-02-02 14:17:10,1770343895,2026-02-06 09:11:35,https://www.tinnhanhchungkhoan.vn/vps-vck-duoc-vasb-vinh-danh-cong-ty-chung-khoan-dat-diem-thuc-hanh-esg-cao-nhat-post384741.html,/vps-vck-duoc-vasb-vinh-danh-cong-ty-chung-khoan-dat-diem-thuc-hanh-esg-cao-nhat-post384741.html,https://image.tinnhanhchungkhoan.vn/w200/Uploaded/2026/ipuokbf/2026_02_06/800x500-8825-6213.png,,,,4,Thông tin doanh nghiệp,/thong-tin-doanh-nghiep/,"BMI,C4G,DL1,FPT,GCF,GMD,HUT,IDC,ITD,MBB,MWG,PAC,PC1,PVD,PVS,SHB,SIP,STH,TIP,TV2,VGT"
PC1,384738,"Doanh thu năm 2025 của Vinamilk (VNM) đạt 63.724 tỷ đồng, cao nhất lịch sử Công ty",,"(ĐTCK)Tổng doanh thu hợp nhất quý IV/2025 của Công ty cổ phần Sữa Việt Nam (Vinamilk - mã VNM) đạt 17.045 tỷ đồng, tiếp tục lập đỉnh mới, tăng 10,1% so với cùng kỳ.",1770016538,2026-02-02 14:15:38,1770016538,2026-02-02 14:15:38,https://www.tinnhanhchungkhoan.vn/doanh-thu-nam-2025-cua-vinamilk-vnm-dat-63724-ty-dong-cao-nhat-lich-su-cong-ty-post384738.html,/doanh-thu-nam-2025-cua-vinamilk-vnm-dat-63724-ty-dong-cao-nhat-lich-su-cong-ty-post384738.html,https://image.tinnhanhchungkhoan.vn/w200/Uploaded/2026/unvjshu/2026_02_02/vnm-1723-4621.jpg,Đẩy mạnh các hoạt động xúc tiến thương mại giúp Vinamilk nâng cao hình ảnh và vị thế thương hiệu trên thị trường quốc tế. Ảnh: Vi Nam,,,4,Thông tin doanh nghiệp,/thong-tin-doanh-nghiep/,"BMI,C4G,DL1,FPT,GCF,GMD,HUT,IDC,ITD,MBB,MWG,PAC,PC1,PVD,PVS,SHB,SIP,STH,TIP,TV2,VGT"
PC1,384738,"Doanh thu năm 2025 của Vinamilk (VNM) đạt 63.724 tỷ đồng, cao nhất lịch sử Công ty",,"(ĐTCK)Tổng doanh thu hợp nhất quý IV/2025 của Công ty cổ phần Sữa Việt Nam (Vinamilk - mã VNM) đạt 17.045 tỷ đồng, tiếp tục lập đỉnh mới, tăng 10,1% so với cùng kỳ.",1770016538,2026-02-02 14:15:38,1770016538,2026-02-02 14:15:38,https://www.tinnhanhchungkhoan.vn/doanh-thu-nam-2025-cua-vinamilk-vnm-dat-63724-ty-dong-cao-nhat-lich-su-cong-ty-post384738.html,/doanh-thu-nam-2025-cua-vinamilk-vnm-dat-63724-ty-dong-cao-nhat-lich-su-cong-ty-post384738.html,https://image.tinnhanhchungkhoan.vn/w200/Uploaded/2026/unvjshu/2026_02_02/vnm-1723-4621.jpg,Đẩy mạnh các hoạt động xúc tiến thương mại giúp Vinamilk nâng cao hình ảnh và vị thế thương hiệu trên thị trường quốc tế. Ảnh: Vi Nam,,,4,Thông tin doanh nghiệp,/thong-tin-doanh-nghiep/,"BMI,C4G,DL1,FPT,GCF,GMD,HUT,IDC,ITD,MBB,MWG,PAC,PC1,PVD,PVS,SHB,SIP,STH,TIP,TV2,VGT"
PC1,384726,"Địa ốc Hoàng Quân (HQC) thoát lỗ quý IV/2025 nhờ hoạt động tài chính, thu hồi công nợ và hoàn nhập dự phòng",,"(ĐTCK) CTCP Tư vấn Thương mại Dịch vụ Địa ốc Hoàng Quân (mã HQC - sàn HOSE) ghi nhận lãi 55,08 tỷ đồng trong quý IV, luỹ kế cả năm 2025 lãi 73,21 tỷ đồng, tăng trưởng 116,8% và hoàn thành 104,6% kế hoạch năm.",1770006229,2026-02-02 11:23:49,1770006229,2026-02-02 11:23:49,https://www.tinnhanhchungkhoan.vn/dia-oc-hoang-quan-hqc-thoat-lo-quy-iv2025-nho-hoat-dong-tai-chinh-thu-hoi-cong-no-va-hoan-nhap-du-phong-post384726.html,/dia-oc-hoang-quan-hqc-thoat-lo-quy-iv2025-nho-hoat-dong-tai-chinh-thu-hoi-cong-no-va-hoan-nhap-du-phong-post384726.html,https://image.tinnhanhchungkhoan.vn/w200/Uploaded/2026/lcgjikao/2026_02_02/01-2382-9002.jpg,,,,4,Thông tin doanh nghiệp,/thong-tin-doanh-nghiep/,"BMI,C4G,DL1,FPT,GCF,GMD,HUT,IDC,ITD,MBB,MWG,PAC,PC1,PVD,PVS,SHB,SIP,STH,TIP,TV2,VGT"
PC1,384726,"Địa ốc Hoàng Quân (HQC) thoát lỗ quý IV/2025 nhờ hoạt động tài chính, thu hồi công nợ và hoàn nhập dự phòng",,"(ĐTCK) CTCP Tư vấn Thương mại Dịch vụ Địa ốc Hoàng Quân (mã HQC - sàn HOSE) ghi nhận lãi 55,08 tỷ đồng trong quý IV, luỹ kế cả năm 2025 lãi 73,21 tỷ đồng, tăng trưởng 116,8% và hoàn thành 104,6% kế hoạch năm.",1770006229,2026-02-02 11:23:49,1770006229,2026-02-02 11:23:49,https://www.tinnhanhchungkhoan.vn/dia-oc-hoang-quan-hqc-thoat-lo-quy-iv2025-nho-hoat-dong-tai-chinh-thu-hoi-cong-no-va-hoan-nhap-du-phong-post384726.html,/dia-oc-hoang-quan-hqc-thoat-lo-quy-iv2025-nho-hoat-dong-tai-chinh-thu-hoi-cong-no-va-hoan-nhap-du-phong-post384726.html,https://image.tinnhanhchungkhoan.vn/w200/Uploaded/2026/lcgjikao/2026_02_02/01-2382-9002.jpg,,,,4,Thông tin doanh nghiệp,/thong-tin-doanh-nghiep/,"BMI,C4G,DL1,FPT,GCF,GMD,HUT,IDC,ITD,MBB,MWG,PAC,PC1,PVD,PVS,SHB,SIP,STH,TIP,TV2,VGT"
PC1,384713,"Vietbank (VBB) đạt 1.532 tỷ đồng lợi nhuận trước thuế năm 2025, chuẩn bị niêm yết sàn HOSE",,"(ĐTCK) Năm 2025, Ngân hàng TMCP Việt Nam Thương Tín (Vietbank, mã chứng khoán VBB) ghi nhận lợi nhuận trước thuế hợp nhất đạt 1.532 tỷ đồng, tăng 35% so với năm 2024.",1769997537,2026-02-02 08:58:57,1769997537,2026-02-02 08:58:57,https://www.tinnhanhchungkhoan.vn/vietbank-vbb-dat-1532-ty-dong-loi-nhuan-truoc-thue-nam-2025-chuan-bi-niem-yet-san-hose-post384713.html,/vietbank-vbb-dat-1532-ty-dong-loi-nhuan-truoc-thue-nam-2025-chuan-bi-niem-yet-san-hose-post384713.html,https://image.tinnhanhchungkhoan.vn/w200/Uploaded/2026/bpcgdqvp/2023_09_20/vietbank-527.jpg,,,,4,Thông tin doanh nghiệp,/thong-tin-doanh-nghiep/,"BMI,C4G,DL1,FPT,GCF,GMD,HUT,IDC,ITD,MBB,MWG,PAC,PC1,PVD,PVS,SHB,SIP,STH,TIP,TV2,VGT"
PC1,384713,"Vietbank (VBB) đạt 1.532 tỷ đồng lợi nhuận trước thuế năm 2025, chuẩn bị niêm yết sàn HOSE",,"(ĐTCK) Năm 2025, Ngân hàng TMCP Việt Nam Thương Tín (Vietbank, mã chứng khoán VBB) ghi nhận lợi nhuận trước thuế hợp nhất đạt 1.532 tỷ đồng, tăng 35% so với năm 2024.",1769997537,2026-02-02 08:58:57,1769997537,2026-02-02 08:58:57,https://www.tinnhanhchungkhoan.vn/vietbank-vbb-dat-1532-ty-dong-loi-nhuan-truoc-thue-nam-2025-chuan-bi-niem-yet-san-hose-post384713.html,/vietbank-vbb-dat-1532-ty-dong-loi-nhuan-truoc-thue-nam-2025-chuan-bi-niem-yet-san-hose-post384713.html,https://image.tinnhanhchungkhoan.vn/w200/Uploaded/2026/bpcgdqvp/2023_09_20/vietbank-527.jpg,,,,4,Thông tin doanh nghiệp,/thong-tin-doanh-nghiep/,"BMI,C4G,DL1,FPT,GCF,GMD,HUT,IDC,ITD,MBB,MWG,PAC,PC1,PVD,PVS,SHB,SIP,STH,TIP,TV2,VGT"
PC1,384684,Đầu tư Thương mại SMC (SMC) ghi nhận lãi đột biến trở lại trong quý IV/2025 nhờ thanh lý tài sản và hoàn nhập dự phòng,,"(ĐTCK) Công ty cổ phần Đầu tư Thương mại SMC (mã SMC - sàn HOSE) ghi nhận lãi 343,95 tỷ đồng trong quý IV, luỹ kế cả năm 2025 lãi 185,07 tỷ đồng và hoàn thành tới 616,9% kế hoạch năm.",1769990120,2026-02-02 06:55:20,1769961336,2026-02-01 22:55:36,https://www.tinnhanhchungkhoan.vn/dau-tu-thuong-mai-smc-smc-ghi-nhan-lai-dot-bien-tro-lai-trong-quy-iv2025-nho-thanh-ly-tai-san-va-hoan-nhap-du-phong-post384684.html,/dau-tu-thuong-mai-smc-smc-ghi-nhan-lai-dot-bien-tro-lai-trong-quy-iv2025-nho-thanh-ly-tai-san-va-hoan-nhap-du-phong-post384684.html,https://image.tinnhanhchungkhoan.vn/w200/Uploaded/2026/lcgjikao/2026_02_01/01-150-4789.jpg,,,,4,Thông tin doanh nghiệp,/thong-tin-doanh-nghiep/,"BMI,C4G,DL1,FPT,GCF,GMD,HUT,IDC,ITD,MBB,MWG,PAC,PC1,PVD,PVS,SHB,SIP,STH,TIP,TV2,VGT"
PC1,384684,Đầu tư Thương mại SMC (SMC) ghi nhận lãi đột biến trở lại trong quý IV/2025 nhờ thanh lý tài sản và hoàn nhập dự phòng,,"(ĐTCK) Công ty cổ phần Đầu tư Thương mại SMC (mã SMC - sàn HOSE) ghi nhận lãi 343,95 tỷ đồng trong quý IV, luỹ kế cả năm 2025 lãi 185,07 tỷ đồng và hoàn thành tới 616,9% kế hoạch năm.",1769990120,2026-02-02 06:55:20,1769961336,2026-02-01 22:55:36,https://www.tinnhanhchungkhoan.vn/dau-tu-thuong-mai-smc-smc-ghi-nhan-lai-dot-bien-tro-lai-trong-quy-iv2025-nho-thanh-ly-tai-san-va-hoan-nhap-du-phong-post384684.html,/dau-tu-thuong-mai-smc-smc-ghi-nhan-lai-dot-bien-tro-lai-trong-quy-iv2025-nho-thanh-ly-tai-san-va-hoan-nhap-du-phong-post384684.html,https://image.tinnhanhchungkhoan.vn/w200/Uploaded/2026/lcgjikao/2026_02_01/01-150-4789.jpg,,,,4,Thông tin doanh nghiệp,/thong-tin-doanh-nghiep/,"BMI,C4G,DL1,FPT,GCF,GMD,HUT,IDC,ITD,MBB,MWG,PAC,PC1,PVD,PVS,SHB,SIP,STH,TIP,TV2,VGT"
PC1,384666,"Lợi nhuận Hoa Sen (HSG) giảm 62,3% trong quý I niên độ tài chính 2025 - 2026",,(ĐTCK) Công ty cổ phần Tập đoàn Hoa Sen (mã HSG - sàn HOSE) ghi nhận doanh thu và lợi nhuận đi lùi trong quý I niên độ tài chính 2025 – 2026 và có dấu hiệu tăng trích trữ tồn kho.,1769916063,2026-02-01 10:21:03,1769916063,2026-02-01 10:21:03,https://www.tinnhanhchungkhoan.vn/loi-nhuan-hoa-sen-hsg-giam-623-trong-quy-i-nien-do-tai-chinh-2025-2026-post384666.html,/loi-nhuan-hoa-sen-hsg-giam-623-trong-quy-i-nien-do-tai-chinh-2025-2026-post384666.html,https://image.tinnhanhchungkhoan.vn/w200/Uploaded/2026/lcgjikao/2026_02_01/01-8398-4117.jpg,,,,4,Thông tin doanh nghiệp,/thong-tin-doanh-nghiep/,"BMI,C4G,DL1,FPT,GCF,GMD,HUT,IDC,ITD,MBB,MWG,PAC,PC1,PVD,PVS,SHB,SIP,STH,TIP,TV2,VGT"
PC1,384666,"Lợi nhuận Hoa Sen (HSG) giảm 62,3% trong quý I niên độ tài chính 2025 - 2026",,(ĐTCK) Công ty cổ phần Tập đoàn Hoa Sen (mã HSG - sàn HOSE) ghi nhận doanh thu và lợi nhuận đi lùi trong quý I niên độ tài chính 2025 – 2026 và có dấu hiệu tăng trích trữ tồn kho.,1769916063,2026-02-01 10:21:03,1769916063,2026-02-01 10:21:03,https://www.tinnhanhchungkhoan.vn/loi-nhuan-hoa-sen-hsg-giam-623-trong-quy-i-nien-do-tai-chinh-2025-2026-post384666.html,/loi-nhuan-hoa-sen-hsg-giam-623-trong-quy-i-nien-do-tai-chinh-2025-2026-post384666.html,https://image.tinnhanhchungkhoan.vn/w200/Uploaded/2026/lcgjikao/2026_02_01/01-8398-4117.jpg,,,,4,Thông tin doanh nghiệp,/thong-tin-doanh-nghiep/,"BMI,C4G,DL1,FPT,GCF,GMD,HUT,IDC,ITD,MBB,MWG,PAC,PC1,PVD,PVS,SHB,SIP,STH,TIP,TV2,VGT"
PC1,384656,"Thép Nam Kim (NKG) lỗ 9,34 tỷ đồng trong quý IV/2025, đánh dấu lỗ trở lại sau 10 quý",,"(ĐTCK) CTCP Thép Nam Kim (mã NKG - sàn HOSE) ghi nhận lỗ 9,34 tỷ đồng trong quý IV, luỹ kế năm 2025 lãi 197,19 tỷ đồng, giảm 56,55% và không hoàn thành kế hoạch năm.",1769915573,2026-02-01 10:12:53,1769915573,2026-02-01 10:12:53,https://www.tinnhanhchungkhoan.vn/thep-nam-kim-nkg-lo-934-ty-dong-trong-quy-iv2025-danh-dau-lo-tro-lai-sau-10-quy-post384656.html,/thep-nam-kim-nkg-lo-934-ty-dong-trong-quy-iv2025-danh-dau-lo-tro-lai-sau-10-quy-post384656.html,https://image.tinnhanhchungkhoan.vn/w200/Uploaded/2026/lcgjikao/2026_02_01/01-3530-7692.jpg,,,,4,Thông tin doanh nghiệp,/thong-tin-doanh-nghiep/,"BMI,C4G,DL1,FPT,GCF,GMD,HUT,IDC,ITD,MBB,MWG,PAC,PC1,PVD,PVS,SHB,SIP,STH,TIP,TV2,VGT"
PC1,384656,"Thép Nam Kim (NKG) lỗ 9,34 tỷ đồng trong quý IV/2025, đánh dấu lỗ trở lại sau 10 quý",,"(ĐTCK) CTCP Thép Nam Kim (mã NKG - sàn HOSE) ghi nhận lỗ 9,34 tỷ đồng trong quý IV, luỹ kế năm 2025 lãi 197,19 tỷ đồng, giảm 56,55% và không hoàn thành kế hoạch năm.",1769915573,2026-02-01 10:12:53,1769915573,2026-02-01 10:12:53,https://www.tinnhanhchungkhoan.vn/thep-nam-kim-nkg-lo-934-ty-dong-trong-quy-iv2025-danh-dau-lo-tro-lai-sau-10-quy-post384656.html,/thep-nam-kim-nkg-lo-934-ty-dong-trong-quy-iv2025-danh-dau-lo-tro-lai-sau-10-quy-post384656.html,https://image.tinnhanhchungkhoan.vn/w200/Uploaded/2026/lcgjikao/2026_02_01/01-3530-7692.jpg,,,,4,Thông tin doanh nghiệp,/thong-tin-doanh-nghiep/,"BMI,C4G,DL1,FPT,GCF,GMD,HUT,IDC,ITD,MBB,MWG,PAC,PC1,PVD,PVS,SHB,SIP,STH,TIP,TV2,VGT"
PC1,384655,L40 đấu giá thành công quyền khai thác 415.000 m3 cát tại Quảng Nam,,"(ĐTCK) CTCP Đầu tư và Xây dựng 40 (L40) đã đấu giá thành công quyền khai thác bãi cát tại dự án nạo vét khơi thông dòng sông Cổ Cò (phường Điện Bàn Đông, Thành phố Đà Nẵng) với giá trúng đấu giá gần 60 tỷ đồng. Dự kiến L40 sẽ gia tăng lợi nhuận mảng vật liệu xây dựng năm 2026.",1769909966,2026-02-01 08:39:26,1769909966,2026-02-01 08:39:26,https://www.tinnhanhchungkhoan.vn/l40-dau-gia-thanh-cong-quyen-khai-thac-415000-m3-cat-tai-quang-nam-post384655.html,/l40-dau-gia-thanh-cong-quyen-khai-thac-415000-m3-cat-tai-quang-nam-post384655.html,https://image.tinnhanhchungkhoan.vn/w200/Uploaded/2026/ipuokbf/2026_02_01/song-co-co-copy-8566-1916.jpg,,,,4,Thông tin doanh nghiệp,/thong-tin-doanh-nghiep/,"BMI,C4G,DL1,FPT,GCF,GMD,HUT,IDC,ITD,MBB,MWG,PAC,PC1,PVD,PVS,SHB,SIP,STH,TIP,TV2,VGT"
PC1,384655,L40 đấu giá thành công quyền khai thác 415.000 m3 cát tại Quảng Nam,,"(ĐTCK) CTCP Đầu tư và Xây dựng 40 (L40) đã đấu giá thành công quyền khai thác bãi cát tại dự án nạo vét khơi thông dòng sông Cổ Cò (phường Điện Bàn Đông, Thành phố Đà Nẵng) với giá trúng đấu giá gần 60 tỷ đồng. Dự kiến L40 sẽ gia tăng lợi nhuận mảng vật liệu xây dựng năm 2026.",1769909966,2026-02-01 08:39:26,1769909966,2026-02-01 08:39:26,https://www.tinnhanhchungkhoan.vn/l40-dau-gia-thanh-cong-quyen-khai-thac-415000-m3-cat-tai-quang-nam-post384655.html,/l40-dau-gia-thanh-cong-quyen-khai-thac-415000-m3-cat-tai-quang-nam-post384655.html,https://image.tinnhanhchungkhoan.vn/w200/Uploaded/2026/ipuokbf/2026_02_01/song-co-co-copy-8566-1916.jpg,,,,4,Thông tin doanh nghiệp,/thong-tin-doanh-nghiep/,"BMI,C4G,DL1,FPT,GCF,GMD,HUT,IDC,ITD,MBB,MWG,PAC,PC1,PVD,PVS,SHB,SIP,STH,TIP,TV2,VGT"
PC1,384654,"Gilimex (GIL) ghi nhận dòng tiền âm kỷ lục 677,5 tỷ đồng trong năm 2025",,"(ĐTCK) CTCP Sản xuất Kinh doanh Xuất nhập khẩu Bình Thạnh (Gilimex, mã GIL - sàn HOSE) ghi nhận lãi 138,19 tỷ đồng trong quý IV, luỹ kế cả năm 2025 lãi 35,64 tỷ đồng, tăng 29% so với cùng kỳ và chỉ đạt 23,8% kế hoạch năm.",1769909653,2026-02-01 08:34:13,1769909653,2026-02-01 08:34:13,https://www.tinnhanhchungkhoan.vn/gilimex-gil-ghi-nhan-dong-tien-am-ky-luc-6775-ty-dong-trong-nam-2025-post384654.html,/gilimex-gil-ghi-nhan-dong-tien-am-ky-luc-6775-ty-dong-trong-nam-2025-post384654.html,https://image.tinnhanhchungkhoan.vn/w200/Uploaded/2026/lcgjikao/2026_01_31/01-3473-8010.jpg,,,,4,Thông tin doanh nghiệp,/thong-tin-doanh-nghiep/,"BMI,C4G,DL1,FPT,GCF,GMD,HUT,IDC,ITD,MBB,MWG,PAC,PC1,PVD,PVS,SHB,SIP,STH,TIP,TV2,VGT"
PC1,384654,"Gilimex (GIL) ghi nhận dòng tiền âm kỷ lục 677,5 tỷ đồng trong năm 2025",,"(ĐTCK) CTCP Sản xuất Kinh doanh Xuất nhập khẩu Bình Thạnh (Gilimex, mã GIL - sàn HOSE) ghi nhận lãi 138,19 tỷ đồng trong quý IV, luỹ kế cả năm 2025 lãi 35,64 tỷ đồng, tăng 29% so với cùng kỳ và chỉ đạt 23,8% kế hoạch năm.",1769909653,2026-02-01 08:34:13,1769909653,2026-02-01 08:34:13,https://www.tinnhanhchungkhoan.vn/gilimex-gil-ghi-nhan-dong-tien-am-ky-luc-6775-ty-dong-trong-nam-2025-post384654.html,/gilimex-gil-ghi-nhan-dong-tien-am-ky-luc-6775-ty-dong-trong-nam-2025-post384654.html,https://image.tinnhanhchungkhoan.vn/w200/Uploaded/2026/lcgjikao/2026_01_31/01-3473-8010.jpg,,,,4,Thông tin doanh nghiệp,/thong-tin-doanh-nghiep/,"BMI,C4G,DL1,FPT,GCF,GMD,HUT,IDC,ITD,MBB,MWG,PAC,PC1,PVD,PVS,SHB,SIP,STH,TIP,TV2,VGT"
PC1,384648,Văn Phú (VPI) vượt chỉ tiêu lợi nhuận năm 2025,,"(ĐTCK) Dòng tiền thu được từ các dự án gồm Vlasta - Thủy Nguyên (Hải Phòng), Yên Phong (Bắc Ninh), TT39-40 (Hà Nội) , Dự án Song Khê - Nội Hoàng - (Bắc Ninh) giúp Công ty cổ phần Phát triển bất động sản Văn Phú (mã chứng khoán: VPI) kết thúc quý IV/2025 với lợi nhuận sau thuế ở mức 132 tỷ đồng, qua đó, thực hiện 112% chỉ tiêu lợi nhuận năm 2025 đã được các cổ đông thông qua tại cuộc họp ĐHĐCĐ thường niên.",1769837990,2026-01-31 12:39:50,1769837990,2026-01-31 12:39:50,https://www.tinnhanhchungkhoan.vn/van-phu-vpi-vuot-chi-tieu-loi-nhuan-nam-2025-post384648.html,/van-phu-vpi-vuot-chi-tieu-loi-nhuan-nam-2025-post384648.html,https://image.tinnhanhchungkhoan.vn/w200/Uploaded/2026/ipuokbf/2026_01_31/vpi-vlasta-phu-thuan-2958-8443.jpg,Dự án Vlasta Premier – Phú Thuận,,,4,Thông tin doanh nghiệp,/thong-tin-doanh-nghiep/,"BMI,C4G,DL1,FPT,GCF,GMD,HUT,IDC,ITD,MBB,MWG,PAC,PC1,PVD,PVS,SHB,SIP,STH,TIP,TV2,VGT"
PC1,384648,Văn Phú (VPI) vượt chỉ tiêu lợi nhuận năm 2025,,"(ĐTCK) Dòng tiền thu được từ các dự án gồm Vlasta - Thủy Nguyên (Hải Phòng), Yên Phong (Bắc Ninh), TT39-40 (Hà Nội) , Dự án Song Khê - Nội Hoàng - (Bắc Ninh) giúp Công ty cổ phần Phát triển bất động sản Văn Phú (mã chứng khoán: VPI) kết thúc quý IV/2025 với lợi nhuận sau thuế ở mức 132 tỷ đồng, qua đó, thực hiện 112% chỉ tiêu lợi nhuận năm 2025 đã được các cổ đông thông qua tại cuộc họp ĐHĐCĐ thường niên.",1769837990,2026-01-31 12:39:50,1769837990,2026-01-31 12:39:50,https://www.tinnhanhchungkhoan.vn/van-phu-vpi-vuot-chi-tieu-loi-nhuan-nam-2025-post384648.html,/van-phu-vpi-vuot-chi-tieu-loi-nhuan-nam-2025-post384648.html,https://image.tinnhanhchungkhoan.vn/w200/Uploaded/2026/ipuokbf/2026_01_31/vpi-vlasta-phu-thuan-2958-8443.jpg,Dự án Vlasta Premier – Phú Thuận,,,4,Thông tin doanh nghiệp,/thong-tin-doanh-nghiep/,"BMI,C4G,DL1,FPT,GCF,GMD,HUT,IDC,ITD,MBB,MWG,PAC,PC1,PVD,PVS,SHB,SIP,STH,TIP,TV2,VGT"
PC1,384635,"Vinasun (VNS): Lợi nhuận năm 2025 đạt hơn 38 tỷ đồng, giảm 54,5%",,"(ĐTCK) Công ty cổ phần Ánh Dương Việt Nam (Vinasun, mã VNS - sàn HOSE) ghi nhận lãi 4,94 tỷ đồng trong quý IV, luỹ kế năm 2025 lãi 38,29 tỷ đồng, giảm 54,5% so với cùng kỳ và chỉ hoàn thành 71,4% kế hoạch năm.",1769825682,2026-01-31 09:14:42,1769825682,2026-01-31 09:14:42,https://www.tinnhanhchungkhoan.vn/vinasun-vns-loi-nhuan-nam-2025-dat-hon-38-ty-dong-giam-545-post384635.html,/vinasun-vns-loi-nhuan-nam-2025-dat-hon-38-ty-dong-giam-545-post384635.html,https://image.tinnhanhchungkhoan.vn/w200/Uploaded/2026/lcgjikao/2026_01_31/01-5716-1382.jpg,,,,4,Thông tin doanh nghiệp,/thong-tin-doanh-nghiep/,"BMI,C4G,DL1,FPT,GCF,GMD,HUT,IDC,ITD,MBB,MWG,PAC,PC1,PVD,PVS,SHB,SIP,STH,TIP,TV2,VGT"
PC1,384635,"Vinasun (VNS): Lợi nhuận năm 2025 đạt hơn 38 tỷ đồng, giảm 54,5%",,"(ĐTCK) Công ty cổ phần Ánh Dương Việt Nam (Vinasun, mã VNS - sàn HOSE) ghi nhận lãi 4,94 tỷ đồng trong quý IV, luỹ kế năm 2025 lãi 38,29 tỷ đồng, giảm 54,5% so với cùng kỳ và chỉ hoàn thành 71,4% kế hoạch năm.",1769825682,2026-01-31 09:14:42,1769825682,2026-01-31 09:14:42,https://www.tinnhanhchungkhoan.vn/vinasun-vns-loi-nhuan-nam-2025-dat-hon-38-ty-dong-giam-545-post384635.html,/vinasun-vns-loi-nhuan-nam-2025-dat-hon-38-ty-dong-giam-545-post384635.html,https://image.tinnhanhchungkhoan.vn/w200/Uploaded/2026/lcgjikao/2026_01_31/01-5716-1382.jpg,,,,4,Thông tin doanh nghiệp,/thong-tin-doanh-nghiep/,"BMI,C4G,DL1,FPT,GCF,GMD,HUT,IDC,ITD,MBB,MWG,PAC,PC1,PVD,PVS,SHB,SIP,STH,TIP,TV2,VGT"
PC1,384631,DIC Corp (DIG): Lãi đột biến quý IV/2025 nhờ bán một phần dự án Đại Phước,,"(ĐTCK) Tổng CTCP Đầu tư Phát triển Xây dựng (DIC Corp, mã DIG - sàn HOSE) ghi nhận lãi 423,99 tỷ đồng trong quý IV, luỹ kế năm 2025 lãi 623,95 tỷ đồng, tăng 509,2% so với cùng kỳ.",1769817644,2026-01-31 07:00:44,1769789831,2026-01-30 23:17:11,https://www.tinnhanhchungkhoan.vn/dic-corp-dig-lai-dot-bien-quy-iv2025-nho-ban-mot-phan-du-an-dai-phuoc-post384631.html,/dic-corp-dig-lai-dot-bien-quy-iv2025-nho-ban-mot-phan-du-an-dai-phuoc-post384631.html,https://image.tinnhanhchungkhoan.vn/w200/Uploaded/2026/lcgjikao/2026_01_30/01-5560-947.jpg,,,,4,Thông tin doanh nghiệp,/thong-tin-doanh-nghiep/,"BMI,C4G,DL1,FPT,GCF,GMD,HUT,IDC,ITD,MBB,MWG,PAC,PC1,PVD,PVS,SHB,SIP,STH,TIP,TV2,VGT"
PC1,384631,DIC Corp (DIG): Lãi đột biến quý IV/2025 nhờ bán một phần dự án Đại Phước,,"(ĐTCK) Tổng CTCP Đầu tư Phát triển Xây dựng (DIC Corp, mã DIG - sàn HOSE) ghi nhận lãi 423,99 tỷ đồng trong quý IV, luỹ kế năm 2025 lãi 623,95 tỷ đồng, tăng 509,2% so với cùng kỳ.",1769817644,2026-01-31 07:00:44,1769789831,2026-01-30 23:17:11,https://www.tinnhanhchungkhoan.vn/dic-corp-dig-lai-dot-bien-quy-iv2025-nho-ban-mot-phan-du-an-dai-phuoc-post384631.html,/dic-corp-dig-lai-dot-bien-quy-iv2025-nho-ban-mot-phan-du-an-dai-phuoc-post384631.html,https://image.tinnhanhchungkhoan.vn/w200/Uploaded/2026/lcgjikao/2026_01_30/01-5560-947.jpg,,,,4,Thông tin doanh nghiệp,/thong-tin-doanh-nghiep/,"BMI,C4G,DL1,FPT,GCF,GMD,HUT,IDC,ITD,MBB,MWG,PAC,PC1,PVD,PVS,SHB,SIP,STH,TIP,TV2,VGT"
PC1,384633,"Năm 2025, YeaH1 (YEG) ghi nhận lợi nhuận sau thuế đạt 80,3 tỷ đồng",,"(ĐTCK) Trước nhiều biến động của thị trường chung năm 2025, YeaH1 ghi nhận doanh thu thuần đạt 1.653 tỷ đồng, tăng 61% so với cùng kỳ và vượt 27% so với kế hoạch năm.",1769816733,2026-01-31 06:45:33,1769789740,2026-01-30 23:15:40,https://www.tinnhanhchungkhoan.vn/nam-2025-yeah1-yeg-ghi-nhan-loi-nhuan-sau-thue-dat-803-ty-dong-post384633.html,/nam-2025-yeah1-yeg-ghi-nhan-loi-nhuan-sau-thue-dat-803-ty-dong-post384633.html,https://image.tinnhanhchungkhoan.vn/w200/Uploaded/2026/bpcpcwvo/2026_01_30/yeg-concert-5715-7796.png,,,,4,Thông tin doanh nghiệp,/thong-tin-doanh-nghiep/,"BMI,C4G,DL1,FPT,GCF,GMD,HUT,IDC,ITD,MBB,MWG,PAC,PC1,PVD,PVS,SHB,SIP,STH,TIP,TV2,VGT"
PC1,384633,"Năm 2025, YeaH1 (YEG) ghi nhận lợi nhuận sau thuế đạt 80,3 tỷ đồng",,"(ĐTCK) Trước nhiều biến động của thị trường chung năm 2025, YeaH1 ghi nhận doanh thu thuần đạt 1.653 tỷ đồng, tăng 61% so với cùng kỳ và vượt 27% so với kế hoạch năm.",1769816733,2026-01-31 06:45:33,1769789740,2026-01-30 23:15:40,https://www.tinnhanhchungkhoan.vn/nam-2025-yeah1-yeg-ghi-nhan-loi-nhuan-sau-thue-dat-803-ty-dong-post384633.html,/nam-2025-yeah1-yeg-ghi-nhan-loi-nhuan-sau-thue-dat-803-ty-dong-post384633.html,https://image.tinnhanhchungkhoan.vn/w200/Uploaded/2026/bpcpcwvo/2026_01_30/yeg-concert-5715-7796.png,,,,4,Thông tin doanh nghiệp,/thong-tin-doanh-nghiep/,"BMI,C4G,DL1,FPT,GCF,GMD,HUT,IDC,ITD,MBB,MWG,PAC,PC1,PVD,PVS,SHB,SIP,STH,TIP,TV2,VGT"
PC1,384629,Eximbank (EIB) báo lãi trước thuế hơn 1.500 tỷ đồng trong năm 2025,,"(ĐTCK) Tổng lợi nhuận trước thuế của Eximbank trong năm 2025 đạt 1.511,7 tỷ đồng, chỉ đạt 29,12% kế hoạch năm.",1769771854,2026-01-30 18:17:34,1769779108,2026-01-30 20:18:28,https://www.tinnhanhchungkhoan.vn/eximbank-eib-bao-lai-truoc-thue-hon-1500-ty-dong-trong-nam-2025-post384629.html,/eximbank-eib-bao-lai-truoc-thue-hon-1500-ty-dong-trong-nam-2025-post384629.html,https://image.tinnhanhchungkhoan.vn/w200/Uploaded/2026/bpcgdqvp/2026_01_30/eib-594-5150.jpg,,,,4,Thông tin doanh nghiệp,/thong-tin-doanh-nghiep/,"BMI,C4G,DL1,FPT,GCF,GMD,HUT,IDC,ITD,MBB,MWG,PAC,PC1,PVD,PVS,SHB,SIP,STH,TIP,TV2,VGT"
PC1,384629,Eximbank (EIB) báo lãi trước thuế hơn 1.500 tỷ đồng trong năm 2025,,"(ĐTCK) Tổng lợi nhuận trước thuế của Eximbank trong năm 2025 đạt 1.511,7 tỷ đồng, chỉ đạt 29,12% kế hoạch năm.",1769771854,2026-01-30 18:17:34,1769779108,2026-01-30 20:18:28,https://www.tinnhanhchungkhoan.vn/eximbank-eib-bao-lai-truoc-thue-hon-1500-ty-dong-trong-nam-2025-post384629.html,/eximbank-eib-bao-lai-truoc-thue-hon-1500-ty-dong-trong-nam-2025-post384629.html,https://image.tinnhanhchungkhoan.vn/w200/Uploaded/2026/bpcgdqvp/2026_01_30/eib-594-5150.jpg,,,,4,Thông tin doanh nghiệp,/thong-tin-doanh-nghiep/,"BMI,C4G,DL1,FPT,GCF,GMD,HUT,IDC,ITD,MBB,MWG,PAC,PC1,PVD,PVS,SHB,SIP,STH,TIP,TV2,VGT"
PC1,384628,"Giữa “tâm bão” ngành chăn nuôi, BAF nỗ lực giữ biên lợi nhuận",,"(ĐTCK) Giữa bối cảnh giá lợn hơi lao dốc, BAF Việt Nam nổi bật với chiến lược tối ưu chi phí sản xuất, giá vốn giảm 14,2% tương đương khoảng 700 tỷ đồng, giúp lợi nhuận gộp giữ đà tăng 14,7%. Song song, doanh nghiệp chủ động mở rộng quy mô, đẩy nhanh tiến độ dự án chăn nuôi công nghệ cao nhà cao tầng và tập trung nghiên cứu, lai tạo giống heo năng suất cao, tăng sức chống chịu dịch bệnh, tạo nền tảng bứt phá cho giai đoạn 2026 - 2030.",1769769063,2026-01-30 17:31:03,1769769063,2026-01-30 17:31:03,https://www.tinnhanhchungkhoan.vn/giua-tam-bao-nganh-chan-nuoi-baf-no-luc-giu-bien-loi-nhuan-post384628.html,/giua-tam-bao-nganh-chan-nuoi-baf-no-luc-giu-bien-loi-nhuan-post384628.html,https://image.tinnhanhchungkhoan.vn/w200/Uploaded/2026/bpikpjik/2026_01_30/baf-9294-5858.jpg,,,,4,Thông tin doanh nghiệp,/thong-tin-doanh-nghiep/,"BMI,C4G,DL1,FPT,GCF,GMD,HUT,IDC,ITD,MBB,MWG,PAC,PC1,PVD,PVS,SHB,SIP,STH,TIP,TV2,VGT"
PC1,384628,"Giữa “tâm bão” ngành chăn nuôi, BAF nỗ lực giữ biên lợi nhuận",,"(ĐTCK) Giữa bối cảnh giá lợn hơi lao dốc, BAF Việt Nam nổi bật với chiến lược tối ưu chi phí sản xuất, giá vốn giảm 14,2% tương đương khoảng 700 tỷ đồng, giúp lợi nhuận gộp giữ đà tăng 14,7%. Song song, doanh nghiệp chủ động mở rộng quy mô, đẩy nhanh tiến độ dự án chăn nuôi công nghệ cao nhà cao tầng và tập trung nghiên cứu, lai tạo giống heo năng suất cao, tăng sức chống chịu dịch bệnh, tạo nền tảng bứt phá cho giai đoạn 2026 - 2030.",1769769063,2026-01-30 17:31:03,1769769063,2026-01-30 17:31:03,https://www.tinnhanhchungkhoan.vn/giua-tam-bao-nganh-chan-nuoi-baf-no-luc-giu-bien-loi-nhuan-post384628.html,/giua-tam-bao-nganh-chan-nuoi-baf-no-luc-giu-bien-loi-nhuan-post384628.html,https://image.tinnhanhchungkhoan.vn/w200/Uploaded/2026/bpikpjik/2026_01_30/baf-9294-5858.jpg,,,,4,Thông tin doanh nghiệp,/thong-tin-doanh-nghiep/,"BMI,C4G,DL1,FPT,GCF,GMD,HUT,IDC,ITD,MBB,MWG,PAC,PC1,PVD,PVS,SHB,SIP,STH,TIP,TV2,VGT"
PC1,384618,"Khang Điền (KDH): Lợi nhuận 2025 vượt 63% kế hoạch, đạt hơn 1.633 tỷ đồng, mở rộng tăng trưởng trong 2026",,"(ĐTCK) Công ty cổ phần Đầu tư và Kinh doanh Nhà Khang Điền (mã chứng khoán KDH) vừa công bố báo cáo tài chính năm 2025, ghi nhận doanh thu hợp nhất tăng trưởng 16% và lợi nhuận sau thuế tăng gấp đôi so với cùng kỳ năm, vượt xa kế hoạch đề ra.",1769768553,2026-01-30 17:22:33,1769768553,2026-01-30 17:22:33,https://www.tinnhanhchungkhoan.vn/khang-dien-kdh-loi-nhuan-2025-vuot-63-ke-hoach-dat-hon-1633-ty-dong-mo-rong-tang-truong-trong-2026-post384618.html,/khang-dien-kdh-loi-nhuan-2025-vuot-63-ke-hoach-dat-hon-1633-ty-dong-mo-rong-tang-truong-trong-2026-post384618.html,https://image.tinnhanhchungkhoan.vn/w200/Uploaded/2026/djshp/2026_01_25/2-992-368.jpg,"Mới đây, Khang Điền đã động thổ khu cao tầng Gladia by the Waters gồm hơn 600 căn hộ, dự kiến bàn giao quý IV/2027.",,,4,Thông tin doanh nghiệp,/thong-tin-doanh-nghiep/,"BMI,C4G,DL1,FPT,GCF,GMD,HUT,IDC,ITD,MBB,MWG,PAC,PC1,PVD,PVS,SHB,SIP,STH,TIP,TV2,VGT"
PC1,384618,"Khang Điền (KDH): Lợi nhuận 2025 vượt 63% kế hoạch, đạt hơn 1.633 tỷ đồng, mở rộng tăng trưởng trong 2026",,"(ĐTCK) Công ty cổ phần Đầu tư và Kinh doanh Nhà Khang Điền (mã chứng khoán KDH) vừa công bố báo cáo tài chính năm 2025, ghi nhận doanh thu hợp nhất tăng trưởng 16% và lợi nhuận sau thuế tăng gấp đôi so với cùng kỳ năm, vượt xa kế hoạch đề ra.",1769768553,2026-01-30 17:22:33,1769768553,2026-01-30 17:22:33,https://www.tinnhanhchungkhoan.vn/khang-dien-kdh-loi-nhuan-2025-vuot-63-ke-hoach-dat-hon-1633-ty-dong-mo-rong-tang-truong-trong-2026-post384618.html,/khang-dien-kdh-loi-nhuan-2025-vuot-63-ke-hoach-dat-hon-1633-ty-dong-mo-rong-tang-truong-trong-2026-post384618.html,https://image.tinnhanhchungkhoan.vn/w200/Uploaded/2026/djshp/2026_01_25/2-992-368.jpg,"Mới đây, Khang Điền đã động thổ khu cao tầng Gladia by the Waters gồm hơn 600 căn hộ, dự kiến bàn giao quý IV/2027.",,,4,Thông tin doanh nghiệp,/thong-tin-doanh-nghiep/,"BMI,C4G,DL1,FPT,GCF,GMD,HUT,IDC,ITD,MBB,MWG,PAC,PC1,PVD,PVS,SHB,SIP,STH,TIP,TV2,VGT"
PC1,384620,"TTC Land (SCR) đạt lợi nhuận sau thuế 67,38 tỷ đồng trong năm 2025",,"(ĐTCK) CTCP Địa ốc Sài Gòn Thương Tín (TTC Land, mã SCR - sàn HOSE) ghi nhận lợi nhuận sau thuế 33,47 tỷ đồng trong quý IV, luỹ kế năm 2025 lãi 67,38 tỷ đồng, tăng hơn 14,85 lần so với cùng kỳ.",1769763442,2026-01-30 15:57:22,1769763442,2026-01-30 15:57:22,https://www.tinnhanhchungkhoan.vn/ttc-land-scr-dat-loi-nhuan-sau-thue-6738-ty-dong-trong-nam-2025-post384620.html,/ttc-land-scr-dat-loi-nhuan-sau-thue-6738-ty-dong-trong-nam-2025-post384620.html,https://image.tinnhanhchungkhoan.vn/w200/Uploaded/2026/lcgjikao/2026_01_30/01-8713-3228.jpeg,,,,4,Thông tin doanh nghiệp,/thong-tin-doanh-nghiep/,"BMI,C4G,DL1,FPT,GCF,GMD,HUT,IDC,ITD,MBB,MWG,PAC,PC1,PVD,PVS,SHB,SIP,STH,TIP,TV2,VGT"
PC1,384620,"TTC Land (SCR) đạt lợi nhuận sau thuế 67,38 tỷ đồng trong năm 2025",,"(ĐTCK) CTCP Địa ốc Sài Gòn Thương Tín (TTC Land, mã SCR - sàn HOSE) ghi nhận lợi nhuận sau thuế 33,47 tỷ đồng trong quý IV, luỹ kế năm 2025 lãi 67,38 tỷ đồng, tăng hơn 14,85 lần so với cùng kỳ.",1769763442,2026-01-30 15:57:22,1769763442,2026-01-30 15:57:22,https://www.tinnhanhchungkhoan.vn/ttc-land-scr-dat-loi-nhuan-sau-thue-6738-ty-dong-trong-nam-2025-post384620.html,/ttc-land-scr-dat-loi-nhuan-sau-thue-6738-ty-dong-trong-nam-2025-post384620.html,https://image.tinnhanhchungkhoan.vn/w200/Uploaded/2026/lcgjikao/2026_01_30/01-8713-3228.jpeg,,,,4,Thông tin doanh nghiệp,/thong-tin-doanh-nghiep/,"BMI,C4G,DL1,FPT,GCF,GMD,HUT,IDC,ITD,MBB,MWG,PAC,PC1,PVD,PVS,SHB,SIP,STH,TIP,TV2,VGT"
PC1,384615,"Lợi nhuận trước thuế năm 2025 của OCB đạt 5.046 tỷ đồng, tăng gần 26%",,"(ĐTCK) Theo báo cáo tài chính quý IV vừa được Ngân hàng Phương Đông (mã CK: OCB) công bố, lợi nhuận trước thuế năm 2025 đạt mức 5.046 tỷ đồng, tăng 25,9% so với năm 2024.",1769762805,2026-01-30 15:46:45,1769768157,2026-01-30 17:15:57,https://www.tinnhanhchungkhoan.vn/loi-nhuan-truoc-thue-nam-2025-cua-ocb-dat-5046-ty-dong-tang-gan-26-post384615.html,/loi-nhuan-truoc-thue-nam-2025-cua-ocb-dat-5046-ty-dong-tang-gan-26-post384615.html,https://image.tinnhanhchungkhoan.vn/w200/Uploaded/2026/bpcgdqvp/2024_01_30/ocb-3903.jpg,,,,4,Thông tin doanh nghiệp,/thong-tin-doanh-nghiep/,"BMI,C4G,DL1,FPT,GCF,GMD,HUT,IDC,ITD,MBB,MWG,PAC,PC1,PVD,PVS,SHB,SIP,STH,TIP,TV2,VGT"
PC1,384615,"Lợi nhuận trước thuế năm 2025 của OCB đạt 5.046 tỷ đồng, tăng gần 26%",,"(ĐTCK) Theo báo cáo tài chính quý IV vừa được Ngân hàng Phương Đông (mã CK: OCB) công bố, lợi nhuận trước thuế năm 2025 đạt mức 5.046 tỷ đồng, tăng 25,9% so với năm 2024.",1769762805,2026-01-30 15:46:45,1769768157,2026-01-30 17:15:57,https://www.tinnhanhchungkhoan.vn/loi-nhuan-truoc-thue-nam-2025-cua-ocb-dat-5046-ty-dong-tang-gan-26-post384615.html,/loi-nhuan-truoc-thue-nam-2025-cua-ocb-dat-5046-ty-dong-tang-gan-26-post384615.html,https://image.tinnhanhchungkhoan.vn/w200/Uploaded/2026/bpcgdqvp/2024_01_30/ocb-3903.jpg,,,,4,Thông tin doanh nghiệp,/thong-tin-doanh-nghiep/,"BMI,C4G,DL1,FPT,GCF,GMD,HUT,IDC,ITD,MBB,MWG,PAC,PC1,PVD,PVS,SHB,SIP,STH,TIP,TV2,VGT"
PC1,384614,Hạ tầng GELEX (GEL) phê duyệt khoản vay 200 triệu USD vốn quốc tế,,"(ĐTCK) CTCP Hạ tầng GELEX (mã GEL - sàn HOSE) vừa công bố nghị quyết hội đồng quản trị về việc phê duyệt khoản vay nước ngoài trị giá 200 triệu USD, trong đó HSBC đóng vai trò là ngân hàng thu xếp chính duy nhất kiêm điều phối sổ.",1769762776,2026-01-30 15:46:16,1769779705,2026-01-30 20:28:25,https://www.tinnhanhchungkhoan.vn/ha-tang-gelex-gel-phe-duyet-khoan-vay-200-trieu-usd-von-quoc-te-post384614.html,/ha-tang-gelex-gel-phe-duyet-khoan-vay-200-trieu-usd-von-quoc-te-post384614.html,https://image.tinnhanhchungkhoan.vn/w200/Uploaded/2026/lcgjikao/2026_01_30/02-4078-873.jpg,Hạ tầng GELEX đã làm việc với hơn 30 ngân hàng và tổ chức tài chính tại Singapore và Đài Loan.,,,4,Thông tin doanh nghiệp,/thong-tin-doanh-nghiep/,"BMI,C4G,DL1,FPT,GCF,GMD,HUT,IDC,ITD,MBB,MWG,PAC,PC1,PVD,PVS,SHB,SIP,STH,TIP,TV2,VGT"
PC1,384614,Hạ tầng GELEX (GEL) phê duyệt khoản vay 200 triệu USD vốn quốc tế,,"(ĐTCK) CTCP Hạ tầng GELEX (mã GEL - sàn HOSE) vừa công bố nghị quyết hội đồng quản trị về việc phê duyệt khoản vay nước ngoài trị giá 200 triệu USD, trong đó HSBC đóng vai trò là ngân hàng thu xếp chính duy nhất kiêm điều phối sổ.",1769762776,2026-01-30 15:46:16,1769779705,2026-01-30 20:28:25,https://www.tinnhanhchungkhoan.vn/ha-tang-gelex-gel-phe-duyet-khoan-vay-200-trieu-usd-von-quoc-te-post384614.html,/ha-tang-gelex-gel-phe-duyet-khoan-vay-200-trieu-usd-von-quoc-te-post384614.html,https://image.tinnhanhchungkhoan.vn/w200/Uploaded/2026/lcgjikao/2026_01_30/02-4078-873.jpg,Hạ tầng GELEX đã làm việc với hơn 30 ngân hàng và tổ chức tài chính tại Singapore và Đài Loan.,,,4,Thông tin doanh nghiệp,/thong-tin-doanh-nghiep/,"BMI,C4G,DL1,FPT,GCF,GMD,HUT,IDC,ITD,MBB,MWG,PAC,PC1,PVD,PVS,SHB,SIP,STH,TIP,TV2,VGT"
PC1,384613,"PTM lên kế hoạch chia cổ tức 30% bằng tiền, Haxaco (HAX) có thể nhận về gần 50 tỷ đồng",,"(ĐTCK) CTCP Sản xuất, Thương mại và Dịch vụ ô tô PTM (mã chứng khoán PTM) vừa có dự thảo tài liệu họp Đại hội đồng cổ đông thường niên 2026, trong đó có tờ trình phương án phân phối lợi nhuận năm 2025, chia cổ tức 30% bằng tiền mặt.",1769762727,2026-01-30 15:45:27,1769762727,2026-01-30 15:45:27,https://www.tinnhanhchungkhoan.vn/ptm-len-ke-hoach-chia-co-tuc-30-bang-tien-haxaco-hax-co-the-nhan-ve-gan-50-ty-dong-post384613.html,/ptm-len-ke-hoach-chia-co-tuc-30-bang-tien-haxaco-hax-co-the-nhan-ve-gan-50-ty-dong-post384613.html,https://image.tinnhanhchungkhoan.vn/w200/Uploaded/2026/wpxlcdjwi/2022_06_01/dien-bien-thi-truong-bat-loi-haxaco-hoan-tang-von-8721.jpg,Haxaco (HAX) sắp nhận gần 50 tỷ đồng tiền cổ tức từ PTM,,,4,Thông tin doanh nghiệp,/thong-tin-doanh-nghiep/,"BMI,C4G,DL1,FPT,GCF,GMD,HUT,IDC,ITD,MBB,MWG,PAC,PC1,PVD,PVS,SHB,SIP,STH,TIP,TV2,VGT"
PC1,384613,"PTM lên kế hoạch chia cổ tức 30% bằng tiền, Haxaco (HAX) có thể nhận về gần 50 tỷ đồng",,"(ĐTCK) CTCP Sản xuất, Thương mại và Dịch vụ ô tô PTM (mã chứng khoán PTM) vừa có dự thảo tài liệu họp Đại hội đồng cổ đông thường niên 2026, trong đó có tờ trình phương án phân phối lợi nhuận năm 2025, chia cổ tức 30% bằng tiền mặt.",1769762727,2026-01-30 15:45:27,1769762727,2026-01-30 15:45:27,https://www.tinnhanhchungkhoan.vn/ptm-len-ke-hoach-chia-co-tuc-30-bang-tien-haxaco-hax-co-the-nhan-ve-gan-50-ty-dong-post384613.html,/ptm-len-ke-hoach-chia-co-tuc-30-bang-tien-haxaco-hax-co-the-nhan-ve-gan-50-ty-dong-post384613.html,https://image.tinnhanhchungkhoan.vn/w200/Uploaded/2026/wpxlcdjwi/2022_06_01/dien-bien-thi-truong-bat-loi-haxaco-hoan-tang-von-8721.jpg,Haxaco (HAX) sắp nhận gần 50 tỷ đồng tiền cổ tức từ PTM,,,4,Thông tin doanh nghiệp,/thong-tin-doanh-nghiep/,"BMI,C4G,DL1,FPT,GCF,GMD,HUT,IDC,ITD,MBB,MWG,PAC,PC1,PVD,PVS,SHB,SIP,STH,TIP,TV2,VGT"
PC1,384611,"Năm 2025, MSB đạt lợi nhuận trước thuế hợp nhất 7.058 tỷ đồng",,"(ĐTCK) Tại ngày 31/12/2025, tổng tài sản hợp nhất của Ngân hàng TMCP Hàng Hải Việt Nam (MSB - sàn HOSE) đạt gần 408 nghìn tỷ đồng, tăng 27,3% so với thời điểm đầu năm. Động lực chính của sự tăng trưởng quy mô đến từ hoạt động tín dụng.",1769762700,2026-01-30 15:45:00,1769762700,2026-01-30 15:45:00,https://www.tinnhanhchungkhoan.vn/nam-2025-msb-dat-loi-nhuan-truoc-thue-hop-nhat-7058-ty-dong-post384611.html,/nam-2025-msb-dat-loi-nhuan-truoc-thue-hop-nhat-7058-ty-dong-post384611.html,https://image.tinnhanhchungkhoan.vn/w200/Uploaded/2026/pwvolcvo/2026_01_30/msb-6-7064-2022.jpg,,,,4,Thông tin doanh nghiệp,/thong-tin-doanh-nghiep/,"BMI,C4G,DL1,FPT,GCF,GMD,HUT,IDC,ITD,MBB,MWG,PAC,PC1,PVD,PVS,SHB,SIP,STH,TIP,TV2,VGT"
PC1,384611,"Năm 2025, MSB đạt lợi nhuận trước thuế hợp nhất 7.058 tỷ đồng",,"(ĐTCK) Tại ngày 31/12/2025, tổng tài sản hợp nhất của Ngân hàng TMCP Hàng Hải Việt Nam (MSB - sàn HOSE) đạt gần 408 nghìn tỷ đồng, tăng 27,3% so với thời điểm đầu năm. Động lực chính của sự tăng trưởng quy mô đến từ hoạt động tín dụng.",1769762700,2026-01-30 15:45:00,1769762700,2026-01-30 15:45:00,https://www.tinnhanhchungkhoan.vn/nam-2025-msb-dat-loi-nhuan-truoc-thue-hop-nhat-7058-ty-dong-post384611.html,/nam-2025-msb-dat-loi-nhuan-truoc-thue-hop-nhat-7058-ty-dong-post384611.html,https://image.tinnhanhchungkhoan.vn/w200/Uploaded/2026/pwvolcvo/2026_01_30/msb-6-7064-2022.jpg,,,,4,Thông tin doanh nghiệp,/thong-tin-doanh-nghiep/,"BMI,C4G,DL1,FPT,GCF,GMD,HUT,IDC,ITD,MBB,MWG,PAC,PC1,PVD,PVS,SHB,SIP,STH,TIP,TV2,VGT"
PVD,384814,Dịch vụ Phân phối Tổng hợp Dầu khí (PSD) vượt 40% mục tiêu lợi nhuận 2025,,"(ĐTCK) Năm 2025, CTCP Dịch vụ Phân phối Tổng hợp Dầu khí (Petrosetco Distribution, mã PSD) ghi nhận 143,1 tỷ đồng lợi nhuận sau thuế, tăng 73% so với năm trước và vượt 40% mục tiêu năm.",1770108462,2026-02-03 15:47:42,1770108462,2026-02-03 15:47:42,https://www.tinnhanhchungkhoan.vn/dich-vu-phan-phoi-tong-hop-dau-khi-psd-vuot-40-muc-tieu-loi-nhuan-2025-post384814.html,/dich-vu-phan-phoi-tong-hop-dau-khi-psd-vuot-40-muc-tieu-loi-nhuan-2025-post384814.html,https://image.tinnhanhchungkhoan.vn/w200/Uploaded/2026/xvrhgenatpx97/2026_02_03/492389603-1269083815221635-1856212450220482697-n-8553-4165.jpg,,,,4,Thông tin doanh nghiệp,/thong-tin-doanh-nghiep/,"BMI,C4G,DL1,FPT,GCF,GMD,HUT,IDC,ITD,MBB,MWG,PAC,PC1,PVD,PVS,SHB,SIP,STH,TIP,TV2,VGT"
PVD,384815,"Becamex IDC (BCM) chia cổ tức 11% bằng tiền mặt, lợi nhuận 2025 vượt hơn 42% kế hoạch",,"(ĐTCK) Ngày 13/2 tới đây, Tập đoàn Đầu tư và Phát triển Công nghiệp Becamex - CTCP (Becamex IDC, mã BCM - sàn HOSE) vừa thông báo về việc chia cổ tức năm 2024.",1770108203,2026-02-03 15:43:23,1770108203,2026-02-03 15:43:23,https://www.tinnhanhchungkhoan.vn/becamex-idc-bcm-chia-co-tuc-11-bang-tien-mat-loi-nhuan-2025-vuot-hon-42-ke-hoach-post384815.html,/becamex-idc-bcm-chia-co-tuc-11-bang-tien-mat-loi-nhuan-2025-vuot-hon-42-ke-hoach-post384815.html,https://image.tinnhanhchungkhoan.vn/w200/Uploaded/2026/ipuokbf/2025_02_06/becamex-idc-bcm-2233-7213.jpg,,,,4,Thông tin doanh nghiệp,/thong-tin-doanh-nghiep/,"BMI,C4G,DL1,FPT,GCF,GMD,HUT,IDC,ITD,MBB,MWG,PAC,PC1,PVD,PVS,SHB,SIP,STH,TIP,TV2,VGT"
PVD,384807,"EVNGENCO3 (PGV): Lợi nhuận sau thuế vượt 3.700 tỷ đồng, định giá cổ phiếu về vùng hấp dẫn",,(ĐTCK) Lợi nhuận năm 2025 của EVNGENCO3 (PGV) xác lập kỷ lục mới. Dòng tiền cải thiện cùng tỷ lệ nợ vay liên tục giảm nhiều năm là nền tảng quan trọng cho EVNGENCO3 trong giai đoạn mở rộng đầu tư sắp tới.,1770104233,2026-02-03 14:37:13,1770104233,2026-02-03 14:37:13,https://www.tinnhanhchungkhoan.vn/evngenco3-pgv-loi-nhuan-sau-thue-vuot-3700-ty-dong-dinh-gia-co-phieu-ve-vung-hap-dan-post384807.html,/evngenco3-pgv-loi-nhuan-sau-thue-vuot-3700-ty-dong-dinh-gia-co-phieu-ve-vung-hap-dan-post384807.html,https://image.tinnhanhchungkhoan.vn/w200/Uploaded/2026/bpikpjik/2022_01_26/evngenco3-4286.jpg,,,,4,Thông tin doanh nghiệp,/thong-tin-doanh-nghiep/,"BMI,C4G,DL1,FPT,GCF,GMD,HUT,IDC,ITD,MBB,MWG,PAC,PC1,PVD,PVS,SHB,SIP,STH,TIP,TV2,VGT"
PVD,384804,Doanh thu Sao Ta (FMC) giảm 21% ngay tháng đầu năm 2026,,"(ĐTCK) CTCP Thực phẩm Sao Ta (FMC) công bố tình hình hoạt động hợp nhất tháng 01/2026 với doanh thu đạt 20,4 triệu USD, giảm 21% so với cùng kỳ năm trước.",1770102267,2026-02-03 14:04:27,1770102267,2026-02-03 14:04:27,https://www.tinnhanhchungkhoan.vn/doanh-thu-sao-ta-fmc-giam-21-ngay-thang-dau-nam-2026-post384804.html,/doanh-thu-sao-ta-fmc-giam-21-ngay-thang-dau-nam-2026-post384804.html,https://image.tinnhanhchungkhoan.vn/w200/Uploaded/2026/xvrhgenatpx97/2023_01_16/fmc-9473.jpg,,,,4,Thông tin doanh nghiệp,/thong-tin-doanh-nghiep/,"BMI,C4G,DL1,FPT,GCF,GMD,HUT,IDC,ITD,MBB,MWG,PAC,PC1,PVD,PVS,SHB,SIP,STH,TIP,TV2,VGT"
PVD,384802,"Quý IV/2025, lợi nhuận sau thuế của Đạt Phương (DPG) tăng 46%",,"(ĐTCK) Mới đây, CTCP Tập đoàn Đạt Phương (mã DPG) công bố báo cáo tài chính quý IV/2025 cho thấy sự cải thiện về quy mô doanh thu và lợi nhuận.",1770091215,2026-02-03 11:00:15,1770091215,2026-02-03 11:00:15,https://www.tinnhanhchungkhoan.vn/quy-iv2025-loi-nhuan-sau-thue-cua-dat-phuong-dpg-tang-46-post384802.html,/quy-iv2025-loi-nhuan-sau-thue-cua-dat-phuong-dpg-tang-46-post384802.html,https://image.tinnhanhchungkhoan.vn/w200/Uploaded/2026/gtnwae/2026_02_03/1-7741-8171.jpg,,,,4,Thông tin doanh nghiệp,/thong-tin-doanh-nghiep/,"BMI,C4G,DL1,FPT,GCF,GMD,HUT,IDC,ITD,MBB,MWG,PAC,PC1,PVD,PVS,SHB,SIP,STH,TIP,TV2,VGT"
PVD,384799,Lợi nhuận Tổng công ty Tín Nghĩa (TID) giảm tới 99% trong quý IV/2025 khi phải hoàn trả cho Tỉnh uỷ Đồng Nai,,"(ĐTCK) Tổng công ty Tín Nghĩa (mã TID - UPCoM) ghi nhận lãi 1,8 tỷ đồng trong quý IV, luỹ kế cả năm 2025 ghi nhận lãi 762,13 tỷ đồng, hoàn thành 113,4% so với kế hoạch năm.",1770090820,2026-02-03 10:53:40,1770090820,2026-02-03 10:53:40,https://www.tinnhanhchungkhoan.vn/loi-nhuan-tong-cong-ty-tin-nghia-tid-giam-toi-99-trong-quy-iv2025-khi-phai-hoan-tra-cho-tinh-uy-dong-nai-post384799.html,/loi-nhuan-tong-cong-ty-tin-nghia-tid-giam-toi-99-trong-quy-iv2025-khi-phai-hoan-tra-cho-tinh-uy-dong-nai-post384799.html,https://image.tinnhanhchungkhoan.vn/w200/Uploaded/2026/lcgjikao/2026_02_03/01-906-8353.jpeg,,,,4,Thông tin doanh nghiệp,/thong-tin-doanh-nghiep/,"BMI,C4G,DL1,FPT,GCF,GMD,HUT,IDC,ITD,MBB,MWG,PAC,PC1,PVD,PVS,SHB,SIP,STH,TIP,TV2,VGT"
PVD,384779,"Gỗ An Cường (ACG) ghi nhận dòng tiền kinh doanh âm kỷ lục 408,56 tỷ đồng trong năm 2025",,"(ĐTCK) CTCP Gỗ An Cường (mã ACG - sàn HOSE) ghi nhận lãi 145,54 tỷ đồng trong quý IV, luỹ kế năm 2025 ghi nhận lãi 503,75 tỷ đồng, tăng 19,9% so với cùng kỳ năm trước.",1770077256,2026-02-03 07:07:36,1770077256,2026-02-03 07:07:36,https://www.tinnhanhchungkhoan.vn/go-an-cuong-acg-ghi-nhan-dong-tien-kinh-doanh-am-ky-luc-40856-ty-dong-trong-nam-2025-post384779.html,/go-an-cuong-acg-ghi-nhan-dong-tien-kinh-doanh-am-ky-luc-40856-ty-dong-trong-nam-2025-post384779.html,https://image.tinnhanhchungkhoan.vn/w200/Uploaded/2026/lcgjikao/2026_02_02/01-8702-1876.jpg,,,,4,Thông tin doanh nghiệp,/thong-tin-doanh-nghiep/,"BMI,C4G,DL1,FPT,GCF,GMD,HUT,IDC,ITD,MBB,MWG,PAC,PC1,PVD,PVS,SHB,SIP,STH,TIP,TV2,VGT"
PVD,384776,Searefico (SRF) thoát lỗ quý IV/2025 nhờ thu nhập khác tăng đột biến,,"(ĐTCK) Công ty cổ phần Searefico (mã SRF - sàn HOSE) ghi nhận lãi 15,71 tỷ đồng trong quý IV, luỹ kế cả năm 2025 lãi 22,18 tỷ đồng và đạt 56,9% kế hoạch năm.",1770077020,2026-02-03 07:03:40,1770077020,2026-02-03 07:03:40,https://www.tinnhanhchungkhoan.vn/searefico-srf-thoat-lo-quy-iv2025-nho-thu-nhap-khac-tang-dot-bien-post384776.html,/searefico-srf-thoat-lo-quy-iv2025-nho-thu-nhap-khac-tang-dot-bien-post384776.html,https://image.tinnhanhchungkhoan.vn/w200/Uploaded/2026/lcgjikao/2026_02_02/01-2954-71.jpg,,,,4,Thông tin doanh nghiệp,/thong-tin-doanh-nghiep/,"BMI,C4G,DL1,FPT,GCF,GMD,HUT,IDC,ITD,MBB,MWG,PAC,PC1,PVD,PVS,SHB,SIP,STH,TIP,TV2,VGT"
PVD,384774,"Thép Pomina (POM) lỗ thêm 838,2 tỷ đồng năm 2025, vốn chủ sở hữu âm hơn 623,6 tỷ đồng",,"(ĐTCK) CTCP Thép Pomina (mã POM) vừa công bố báo cáo tài chính năm 2025 với khoản lỗ sau thuế 838,2 tỷ đồng, đánh dấu năm thứ 4 liên tiếp doanh nghiệp thua lỗ, qua đó nâng lỗ lũy kế lên 3.485 tỷ đồng và khiến vốn chủ sở hữu tại thời điểm cuối năm âm hơn 623,6 tỷ đồng",1770076822,2026-02-03 07:00:22,1770076822,2026-02-03 07:00:22,https://www.tinnhanhchungkhoan.vn/thep-pomina-pom-lo-them-8382-ty-dong-nam-2025-von-chu-so-huu-am-hon-6236-ty-dong-post384774.html,/thep-pomina-pom-lo-them-8382-ty-dong-nam-2025-von-chu-so-huu-am-hon-6236-ty-dong-post384774.html,https://image.tinnhanhchungkhoan.vn/w200/Uploaded/2026/xvrhgenatpx97/2024_08_21/pom-5603.jpeg,,,,4,Thông tin doanh nghiệp,/thong-tin-doanh-nghiep/,"BMI,C4G,DL1,FPT,GCF,GMD,HUT,IDC,ITD,MBB,MWG,PAC,PC1,PVD,PVS,SHB,SIP,STH,TIP,TV2,VGT"
PVD,384773,PV Drilling (PVD) vượt 98% mục tiêu lợi nhuận năm 2025,,"(ĐTCK) Năm 2025, PV Drilling mang về 1.050,5 tỷ đồng lãi ròng, tăng 50,5% so với kết quả thực hiện năm 2024 và vượt 98% mục tiêu lợi nhuận cả năm.",1770076674,2026-02-03 06:57:54,1770076674,2026-02-03 06:57:54,https://www.tinnhanhchungkhoan.vn/pv-drilling-pvd-vuot-98-muc-tieu-loi-nhuan-nam-2025-post384773.html,/pv-drilling-pvd-vuot-98-muc-tieu-loi-nhuan-nam-2025-post384773.html,https://image.tinnhanhchungkhoan.vn/w200/Uploaded/2026/xvrhgenatpx97/2023_04_24/pvd-1871.jpeg,,,,4,Thông tin doanh nghiệp,/thong-tin-doanh-nghiep/,"BMI,C4G,DL1,FPT,GCF,GMD,HUT,IDC,ITD,MBB,MWG,PAC,PC1,PVD,PVS,SHB,SIP,STH,TIP,TV2,VGT"
PVD,384775,MB (MBB) dự kiến cán mốc vốn hóa 10 tỷ USD vào năm 2027,,"(ĐTCK) So với giai đoạn đầu năm 2017, tổng vốn hoá của Ngân hàng TMCP Quân Đội (MB - mã chứng khoán MBB) đến nay đã ghi nhận tăng 9,9 lần (tương đương khoảng 8,5 tỷ USD). Ông Lưu Trung Thái, Chủ tịch HĐQT MB cho biết, với tốc độ tăng trưởng như hiện nay, dự kiến sang năm 2027, tổng giá trị vốn hoá của MB có thể cán đến mốc 10 tỷ USD.",1770076595,2026-02-03 06:56:35,1770076595,2026-02-03 06:56:35,https://www.tinnhanhchungkhoan.vn/mb-mbb-du-kien-can-moc-von-hoa-10-ty-usd-vao-nam-2027-post384775.html,/mb-mbb-du-kien-can-moc-von-hoa-10-ty-usd-vao-nam-2027-post384775.html,https://image.tinnhanhchungkhoan.vn/w200/Uploaded/2026/ngobgt/2026_02_02/img-3950-1125-6297.jpeg,"Ông Lưu Trung Thái, Chủ tịch HĐQT Ngân hàng TMCP Quân Đội (MB) chủ trì hội nghị Nhà đầu tư.",,,4,Thông tin doanh nghiệp,/thong-tin-doanh-nghiep/,"BMI,C4G,DL1,FPT,GCF,GMD,HUT,IDC,ITD,MBB,MWG,PAC,PC1,PVD,PVS,SHB,SIP,STH,TIP,TV2,VGT"
PVD,384768,Chiến lược Go Global đang từng bước đóng góp vào tăng trưởng dài hạn của Masan Consumer (MCH),,"(ĐTCK) Trong suốt năm 2025, doanh thu quốc tế của Masan Consumer (HOSE: MCH) duy trì đà tăng trưởng tích cực và tiếp tục cải thiện trong quý gần nhất. Theo báo cáo kết quả kinh doanh, riêng kênh kinh doanh quốc tế tăng trưởng gần 27% trong năm 2025. Diễn biến này cho thấy chiến lược Go Global đang bắt đầu tạo đóng góp thực tế, thay vì chỉ dừng ở định hướng dài hạn.",1770026991,2026-02-02 17:09:51,1770029550,2026-02-02 17:52:30,https://www.tinnhanhchungkhoan.vn/chien-luoc-go-global-dang-tung-buoc-dong-gop-vao-tang-truong-dai-han-cua-masan-consumer-mch-post384768.html,/chien-luoc-go-global-dang-tung-buoc-dong-gop-vao-tang-truong-dai-han-cua-masan-consumer-mch-post384768.html,https://image.tinnhanhchungkhoan.vn/w200/Uploaded/2026/bpikpjik/2026_02_02/thuc-pham-tuoi-ngon-phong-phu-tai-sieu-thi-winmart-4053-77.jpeg,,,,4,Thông tin doanh nghiệp,/thong-tin-doanh-nghiep/,"BMI,C4G,DL1,FPT,GCF,GMD,HUT,IDC,ITD,MBB,MWG,PAC,PC1,PVD,PVS,SHB,SIP,STH,TIP,TV2,VGT"
PVD,384769,OCH vượt kế hoạch doanh thu và lợi nhuận năm 2025,,"(ĐTCK) Công ty cổ phần One Capital Hospitality (HNX: OCH) ghi nhận doanh thu cả năm 2025 đạt 1.188 tỷ đồng, lợi nhuận trước thuế 135,6 tỷ đồng, vượt kế hoạch được Đại hội đồng cổ đông (ĐHĐCĐ) đề ra.",1770026945,2026-02-02 17:09:05,1770026945,2026-02-02 17:09:05,https://www.tinnhanhchungkhoan.vn/och-vuot-ke-hoach-doanh-thu-va-loi-nhuan-nam-2025-post384769.html,/och-vuot-ke-hoach-doanh-thu-va-loi-nhuan-nam-2025-post384769.html,https://image.tinnhanhchungkhoan.vn/w200/Uploaded/2026/cqjwqcqdh/2025_10_30/och-8280-9602.jpg,,,,4,Thông tin doanh nghiệp,/thong-tin-doanh-nghiep/,"BMI,C4G,DL1,FPT,GCF,GMD,HUT,IDC,ITD,MBB,MWG,PAC,PC1,PVD,PVS,SHB,SIP,STH,TIP,TV2,VGT"
PVD,384765,"Cơ điện lạnh (REE) tạm ứng cổ tức 10% bằng tiền, lên lịch ĐHCĐ thường niên năm tài chính 2025",,"(ĐTCK) HĐQT CTCP Cơ điện lạnh (REE – sàn HOSE) vừa thông qua, ngày 27/2 tới đây sẽ thực hiện chốt danh sách cổ đông để tổ chức ĐHCĐ thường niên năm tài chính 2025 và tạm ứng cổ tức năm 2025.",1770026245,2026-02-02 16:57:25,1770026691,2026-02-02 17:04:51,https://www.tinnhanhchungkhoan.vn/co-dien-lanh-ree-tam-ung-co-tuc-10-bang-tien-len-lich-dhcd-thuong-nien-nam-tai-chinh-2025-post384765.html,/co-dien-lanh-ree-tam-ung-co-tuc-10-bang-tien-len-lich-dhcd-thuong-nien-nam-tai-chinh-2025-post384765.html,https://image.tinnhanhchungkhoan.vn/w200/Uploaded/2026/pigo/2020_09_30/cong-ty-co-phan-co-dien-lanh-bom-no-cham-trong-dau-tu-tai-chinh1590080990-3682.jpg,,,,4,Thông tin doanh nghiệp,/thong-tin-doanh-nghiep/,"BMI,C4G,DL1,FPT,GCF,GMD,HUT,IDC,ITD,MBB,MWG,PAC,PC1,PVD,PVS,SHB,SIP,STH,TIP,TV2,VGT"
PVD,384761,Vietbank (VBB): Bổ nhiệm Quyền Tổng giám đốc và một Phó tổng giám đốc,,"(ĐTCK) Ngân hàng TMCP Việt Nam Thương Tín (Vietbank, mã chứng khoán: VBB) vừa công bố quyết định kiện toàn nhân sự lãnh đạo cấp cao.",1770023282,2026-02-02 16:08:02,1770023282,2026-02-02 16:08:02,https://www.tinnhanhchungkhoan.vn/vietbank-vbb-bo-nhiem-quyen-tong-giam-doc-va-mot-pho-tong-giam-doc-post384761.html,/vietbank-vbb-bo-nhiem-quyen-tong-giam-doc-va-mot-pho-tong-giam-doc-post384761.html,https://image.tinnhanhchungkhoan.vn/w200/Uploaded/2026/bpcgdqvp/2026_02_02/vb2-3335-3688.jpg,Hội đồng Quản trị trao quyết định bổ nhiệm cho ông Lê Thanh Quý Ngọc - Quyền Tổng giám đốc và bà Trần Thị Ngọc Lý - Phó tổng giám đốc Vietbank,,,4,Thông tin doanh nghiệp,/thong-tin-doanh-nghiep/,"BMI,C4G,DL1,FPT,GCF,GMD,HUT,IDC,ITD,MBB,MWG,PAC,PC1,PVD,PVS,SHB,SIP,STH,TIP,TV2,VGT"
PVD,384752,"CDC Construction (CCC): Dòng tiền kinh doanh âm kỷ lục 335,17 tỷ đồng trong 9 tháng đầu niên độ 2025 - 2026",,"(ĐTCK) Công ty cổ phần Xây dựng CDC (CDC Construction, mã CCC - sàn HOSE) ghi nhận lãi 9,67 tỷ đồng trong quý III, luỹ kế 9 tháng trong niên độ 2025 - 2026 ghi nhận lãi 30,31 tỷ đồng, tăng 3,8% so với cùng kỳ và hoàn thành 64,1% kế hoạch năm.",1770022404,2026-02-02 15:53:24,1770022404,2026-02-02 15:53:24,https://www.tinnhanhchungkhoan.vn/cdc-construction-ccc-dong-tien-kinh-doanh-am-ky-luc-33517-ty-dong-trong-9-thang-dau-nien-do-2025-2026-post384752.html,/cdc-construction-ccc-dong-tien-kinh-doanh-am-ky-luc-33517-ty-dong-trong-9-thang-dau-nien-do-2025-2026-post384752.html,https://image.tinnhanhchungkhoan.vn/w200/Uploaded/2026/lcgjikao/2026_02_02/01-5399-2697.jpg,,,,4,Thông tin doanh nghiệp,/thong-tin-doanh-nghiep/,"BMI,C4G,DL1,FPT,GCF,GMD,HUT,IDC,ITD,MBB,MWG,PAC,PC1,PVD,PVS,SHB,SIP,STH,TIP,TV2,VGT"
PVD,384712,"Doanh thu cả năm vượt 37.000 tỷ đồng, Tasco (HUT) báo lãi gấp 2 lần năm trước",,"(ĐTCK) Năm 2025, Công ty Cổ phần Tasco (HNX: HUT) ghi nhận doanh thu 37.000 tỷ đồng, lợi nhuận sau thuế hơn 623 tỷ đồng, gấp 2 lần năm trước và cao nhất trong lịch sử hoạt động.",1770019201,2026-02-02 15:00:01,1770000938,2026-02-02 09:55:38,https://www.tinnhanhchungkhoan.vn/doanh-thu-ca-nam-vuot-37000-ty-dong-tasco-hut-bao-lai-gap-2-lan-nam-truoc-post384712.html,/doanh-thu-ca-nam-vuot-37000-ty-dong-tasco-hut-bao-lai-gap-2-lan-nam-truoc-post384712.html,https://image.tinnhanhchungkhoan.vn/w200/Uploaded/2026/xpwvotiv/2026_02_02/tasco-5092-7931.jpg,,,,4,Thông tin doanh nghiệp,/thong-tin-doanh-nghiep/,"BMI,C4G,DL1,FPT,GCF,GMD,HUT,IDC,ITD,MBB,MWG,PAC,PC1,PVD,PVS,SHB,SIP,STH,TIP,TV2,VGT"
PVD,384740,Quốc Cường Gia Lai (QCG) lãi đột biến quý IV/2025 nhờ thanh lý các khoản đầu tư,,"(ĐTCK) CTCP Quốc Cường Gia Lai (mã QCG - sàn HOSE) ghi nhận lãi 137,22 tỷ đồng trong quý IV, lũy kế năm 2025 lãi 171,28 tỷ đồng, tăng 109% so với năm 2024 và không hoàn thành kế hoạch năm.",1770016785,2026-02-02 14:19:45,1770016785,2026-02-02 14:19:45,https://www.tinnhanhchungkhoan.vn/quoc-cuong-gia-lai-qcg-lai-dot-bien-quy-iv2025-nho-thanh-ly-cac-khoan-dau-tu-post384740.html,/quoc-cuong-gia-lai-qcg-lai-dot-bien-quy-iv2025-nho-thanh-ly-cac-khoan-dau-tu-post384740.html,https://image.tinnhanhchungkhoan.vn/w200/Uploaded/2026/lcgjikao/2026_02_02/01-5700-5016.jpg,,,,4,Thông tin doanh nghiệp,/thong-tin-doanh-nghiep/,"BMI,C4G,DL1,FPT,GCF,GMD,HUT,IDC,ITD,MBB,MWG,PAC,PC1,PVD,PVS,SHB,SIP,STH,TIP,TV2,VGT"
PVD,384739,"Thuỷ điện Vĩnh Sơn - Sông Hinh (VSH) chốt quyền nhận cổ tức 10%, dự kiến họp ĐHCĐ 2026 cuối tháng 3",,"(ĐTCK) CTCP Thuỷ điện Vĩnh Sơn - Sông Hinh (mã VSH) mới thông báo, ngày 23/02 tới đây sẽ chốt danh sách cổ đông nhận cổ tức đợt 3/2025 và tham dự đại hội cổ đông năm 2026.",1770016761,2026-02-02 14:19:21,1770016761,2026-02-02 14:19:21,https://www.tinnhanhchungkhoan.vn/thuy-dien-vinh-son-song-hinh-vsh-chot-quyen-nhan-co-tuc-10-du-kien-hop-dhcd-2026-cuoi-thang-3-post384739.html,/thuy-dien-vinh-son-song-hinh-vsh-chot-quyen-nhan-co-tuc-10-du-kien-hop-dhcd-2026-cuoi-thang-3-post384739.html,https://image.tinnhanhchungkhoan.vn/w200/Uploaded/2026/xvrhgenatpx97/2024_10_24/vsh-8946.jpeg,,,,4,Thông tin doanh nghiệp,/thong-tin-doanh-nghiep/,"BMI,C4G,DL1,FPT,GCF,GMD,HUT,IDC,ITD,MBB,MWG,PAC,PC1,PVD,PVS,SHB,SIP,STH,TIP,TV2,VGT"
PVD,384741,VPS (VCK) được VASB vinh danh công ty chứng khoán đạt điểm thực hành ESG cao nhất,,"(ĐTCK) Công ty cổ phần Chứng khoán VPS (mã chứng khoán VCK) là một trong hai công ty chứng khoán được xếp hạng cao nhất trong chương trình chấm điểm thực hành ESG do Hiệp hội Chứng khoán Việt Nam (VASB) tổ chức, khẳng định cam kết mạnh mẽ của doanh nghiệp đối với phát triển bền vững theo chuẩn mực quốc tế.",1770016630,2026-02-02 14:17:10,1770343895,2026-02-06 09:11:35,https://www.tinnhanhchungkhoan.vn/vps-vck-duoc-vasb-vinh-danh-cong-ty-chung-khoan-dat-diem-thuc-hanh-esg-cao-nhat-post384741.html,/vps-vck-duoc-vasb-vinh-danh-cong-ty-chung-khoan-dat-diem-thuc-hanh-esg-cao-nhat-post384741.html,https://image.tinnhanhchungkhoan.vn/w200/Uploaded/2026/ipuokbf/2026_02_06/800x500-8825-6213.png,,,,4,Thông tin doanh nghiệp,/thong-tin-doanh-nghiep/,"BMI,C4G,DL1,FPT,GCF,GMD,HUT,IDC,ITD,MBB,MWG,PAC,PC1,PVD,PVS,SHB,SIP,STH,TIP,TV2,VGT"
PVD,384738,"Doanh thu năm 2025 của Vinamilk (VNM) đạt 63.724 tỷ đồng, cao nhất lịch sử Công ty",,"(ĐTCK)Tổng doanh thu hợp nhất quý IV/2025 của Công ty cổ phần Sữa Việt Nam (Vinamilk - mã VNM) đạt 17.045 tỷ đồng, tiếp tục lập đỉnh mới, tăng 10,1% so với cùng kỳ.",1770016538,2026-02-02 14:15:38,1770016538,2026-02-02 14:15:38,https://www.tinnhanhchungkhoan.vn/doanh-thu-nam-2025-cua-vinamilk-vnm-dat-63724-ty-dong-cao-nhat-lich-su-cong-ty-post384738.html,/doanh-thu-nam-2025-cua-vinamilk-vnm-dat-63724-ty-dong-cao-nhat-lich-su-cong-ty-post384738.html,https://image.tinnhanhchungkhoan.vn/w200/Uploaded/2026/unvjshu/2026_02_02/vnm-1723-4621.jpg,Đẩy mạnh các hoạt động xúc tiến thương mại giúp Vinamilk nâng cao hình ảnh và vị thế thương hiệu trên thị trường quốc tế. Ảnh: Vi Nam,,,4,Thông tin doanh nghiệp,/thong-tin-doanh-nghiep/,"BMI,C4G,DL1,FPT,GCF,GMD,HUT,IDC,ITD,MBB,MWG,PAC,PC1,PVD,PVS,SHB,SIP,STH,TIP,TV2,VGT"
PVD,384726,"Địa ốc Hoàng Quân (HQC) thoát lỗ quý IV/2025 nhờ hoạt động tài chính, thu hồi công nợ và hoàn nhập dự phòng",,"(ĐTCK) CTCP Tư vấn Thương mại Dịch vụ Địa ốc Hoàng Quân (mã HQC - sàn HOSE) ghi nhận lãi 55,08 tỷ đồng trong quý IV, luỹ kế cả năm 2025 lãi 73,21 tỷ đồng, tăng trưởng 116,8% và hoàn thành 104,6% kế hoạch năm.",1770006229,2026-02-02 11:23:49,1770006229,2026-02-02 11:23:49,https://www.tinnhanhchungkhoan.vn/dia-oc-hoang-quan-hqc-thoat-lo-quy-iv2025-nho-hoat-dong-tai-chinh-thu-hoi-cong-no-va-hoan-nhap-du-phong-post384726.html,/dia-oc-hoang-quan-hqc-thoat-lo-quy-iv2025-nho-hoat-dong-tai-chinh-thu-hoi-cong-no-va-hoan-nhap-du-phong-post384726.html,https://image.tinnhanhchungkhoan.vn/w200/Uploaded/2026/lcgjikao/2026_02_02/01-2382-9002.jpg,,,,4,Thông tin doanh nghiệp,/thong-tin-doanh-nghiep/,"BMI,C4G,DL1,FPT,GCF,GMD,HUT,IDC,ITD,MBB,MWG,PAC,PC1,PVD,PVS,SHB,SIP,STH,TIP,TV2,VGT"
PVD,384713,"Vietbank (VBB) đạt 1.532 tỷ đồng lợi nhuận trước thuế năm 2025, chuẩn bị niêm yết sàn HOSE",,"(ĐTCK) Năm 2025, Ngân hàng TMCP Việt Nam Thương Tín (Vietbank, mã chứng khoán VBB) ghi nhận lợi nhuận trước thuế hợp nhất đạt 1.532 tỷ đồng, tăng 35% so với năm 2024.",1769997537,2026-02-02 08:58:57,1769997537,2026-02-02 08:58:57,https://www.tinnhanhchungkhoan.vn/vietbank-vbb-dat-1532-ty-dong-loi-nhuan-truoc-thue-nam-2025-chuan-bi-niem-yet-san-hose-post384713.html,/vietbank-vbb-dat-1532-ty-dong-loi-nhuan-truoc-thue-nam-2025-chuan-bi-niem-yet-san-hose-post384713.html,https://image.tinnhanhchungkhoan.vn/w200/Uploaded/2026/bpcgdqvp/2023_09_20/vietbank-527.jpg,,,,4,Thông tin doanh nghiệp,/thong-tin-doanh-nghiep/,"BMI,C4G,DL1,FPT,GCF,GMD,HUT,IDC,ITD,MBB,MWG,PAC,PC1,PVD,PVS,SHB,SIP,STH,TIP,TV2,VGT"
PVD,384684,Đầu tư Thương mại SMC (SMC) ghi nhận lãi đột biến trở lại trong quý IV/2025 nhờ thanh lý tài sản và hoàn nhập dự phòng,,"(ĐTCK) Công ty cổ phần Đầu tư Thương mại SMC (mã SMC - sàn HOSE) ghi nhận lãi 343,95 tỷ đồng trong quý IV, luỹ kế cả năm 2025 lãi 185,07 tỷ đồng và hoàn thành tới 616,9% kế hoạch năm.",1769990120,2026-02-02 06:55:20,1769961336,2026-02-01 22:55:36,https://www.tinnhanhchungkhoan.vn/dau-tu-thuong-mai-smc-smc-ghi-nhan-lai-dot-bien-tro-lai-trong-quy-iv2025-nho-thanh-ly-tai-san-va-hoan-nhap-du-phong-post384684.html,/dau-tu-thuong-mai-smc-smc-ghi-nhan-lai-dot-bien-tro-lai-trong-quy-iv2025-nho-thanh-ly-tai-san-va-hoan-nhap-du-phong-post384684.html,https://image.tinnhanhchungkhoan.vn/w200/Uploaded/2026/lcgjikao/2026_02_01/01-150-4789.jpg,,,,4,Thông tin doanh nghiệp,/thong-tin-doanh-nghiep/,"BMI,C4G,DL1,FPT,GCF,GMD,HUT,IDC,ITD,MBB,MWG,PAC,PC1,PVD,PVS,SHB,SIP,STH,TIP,TV2,VGT"
PVD,384666,"Lợi nhuận Hoa Sen (HSG) giảm 62,3% trong quý I niên độ tài chính 2025 - 2026",,(ĐTCK) Công ty cổ phần Tập đoàn Hoa Sen (mã HSG - sàn HOSE) ghi nhận doanh thu và lợi nhuận đi lùi trong quý I niên độ tài chính 2025 – 2026 và có dấu hiệu tăng trích trữ tồn kho.,1769916063,2026-02-01 10:21:03,1769916063,2026-02-01 10:21:03,https://www.tinnhanhchungkhoan.vn/loi-nhuan-hoa-sen-hsg-giam-623-trong-quy-i-nien-do-tai-chinh-2025-2026-post384666.html,/loi-nhuan-hoa-sen-hsg-giam-623-trong-quy-i-nien-do-tai-chinh-2025-2026-post384666.html,https://image.tinnhanhchungkhoan.vn/w200/Uploaded/2026/lcgjikao/2026_02_01/01-8398-4117.jpg,,,,4,Thông tin doanh nghiệp,/thong-tin-doanh-nghiep/,"BMI,C4G,DL1,FPT,GCF,GMD,HUT,IDC,ITD,MBB,MWG,PAC,PC1,PVD,PVS,SHB,SIP,STH,TIP,TV2,VGT"
PVD,384656,"Thép Nam Kim (NKG) lỗ 9,34 tỷ đồng trong quý IV/2025, đánh dấu lỗ trở lại sau 10 quý",,"(ĐTCK) CTCP Thép Nam Kim (mã NKG - sàn HOSE) ghi nhận lỗ 9,34 tỷ đồng trong quý IV, luỹ kế năm 2025 lãi 197,19 tỷ đồng, giảm 56,55% và không hoàn thành kế hoạch năm.",1769915573,2026-02-01 10:12:53,1769915573,2026-02-01 10:12:53,https://www.tinnhanhchungkhoan.vn/thep-nam-kim-nkg-lo-934-ty-dong-trong-quy-iv2025-danh-dau-lo-tro-lai-sau-10-quy-post384656.html,/thep-nam-kim-nkg-lo-934-ty-dong-trong-quy-iv2025-danh-dau-lo-tro-lai-sau-10-quy-post384656.html,https://image.tinnhanhchungkhoan.vn/w200/Uploaded/2026/lcgjikao/2026_02_01/01-3530-7692.jpg,,,,4,Thông tin doanh nghiệp,/thong-tin-doanh-nghiep/,"BMI,C4G,DL1,FPT,GCF,GMD,HUT,IDC,ITD,MBB,MWG,PAC,PC1,PVD,PVS,SHB,SIP,STH,TIP,TV2,VGT"
PVD,384655,L40 đấu giá thành công quyền khai thác 415.000 m3 cát tại Quảng Nam,,"(ĐTCK) CTCP Đầu tư và Xây dựng 40 (L40) đã đấu giá thành công quyền khai thác bãi cát tại dự án nạo vét khơi thông dòng sông Cổ Cò (phường Điện Bàn Đông, Thành phố Đà Nẵng) với giá trúng đấu giá gần 60 tỷ đồng. Dự kiến L40 sẽ gia tăng lợi nhuận mảng vật liệu xây dựng năm 2026.",1769909966,2026-02-01 08:39:26,1769909966,2026-02-01 08:39:26,https://www.tinnhanhchungkhoan.vn/l40-dau-gia-thanh-cong-quyen-khai-thac-415000-m3-cat-tai-quang-nam-post384655.html,/l40-dau-gia-thanh-cong-quyen-khai-thac-415000-m3-cat-tai-quang-nam-post384655.html,https://image.tinnhanhchungkhoan.vn/w200/Uploaded/2026/ipuokbf/2026_02_01/song-co-co-copy-8566-1916.jpg,,,,4,Thông tin doanh nghiệp,/thong-tin-doanh-nghiep/,"BMI,C4G,DL1,FPT,GCF,GMD,HUT,IDC,ITD,MBB,MWG,PAC,PC1,PVD,PVS,SHB,SIP,STH,TIP,TV2,VGT"
PVD,384654,"Gilimex (GIL) ghi nhận dòng tiền âm kỷ lục 677,5 tỷ đồng trong năm 2025",,"(ĐTCK) CTCP Sản xuất Kinh doanh Xuất nhập khẩu Bình Thạnh (Gilimex, mã GIL - sàn HOSE) ghi nhận lãi 138,19 tỷ đồng trong quý IV, luỹ kế cả năm 2025 lãi 35,64 tỷ đồng, tăng 29% so với cùng kỳ và chỉ đạt 23,8% kế hoạch năm.",1769909653,2026-02-01 08:34:13,1769909653,2026-02-01 08:34:13,https://www.tinnhanhchungkhoan.vn/gilimex-gil-ghi-nhan-dong-tien-am-ky-luc-6775-ty-dong-trong-nam-2025-post384654.html,/gilimex-gil-ghi-nhan-dong-tien-am-ky-luc-6775-ty-dong-trong-nam-2025-post384654.html,https://image.tinnhanhchungkhoan.vn/w200/Uploaded/2026/lcgjikao/2026_01_31/01-3473-8010.jpg,,,,4,Thông tin doanh nghiệp,/thong-tin-doanh-nghiep/,"BMI,C4G,DL1,FPT,GCF,GMD,HUT,IDC,ITD,MBB,MWG,PAC,PC1,PVD,PVS,SHB,SIP,STH,TIP,TV2,VGT"
PVD,384648,Văn Phú (VPI) vượt chỉ tiêu lợi nhuận năm 2025,,"(ĐTCK) Dòng tiền thu được từ các dự án gồm Vlasta - Thủy Nguyên (Hải Phòng), Yên Phong (Bắc Ninh), TT39-40 (Hà Nội) , Dự án Song Khê - Nội Hoàng - (Bắc Ninh) giúp Công ty cổ phần Phát triển bất động sản Văn Phú (mã chứng khoán: VPI) kết thúc quý IV/2025 với lợi nhuận sau thuế ở mức 132 tỷ đồng, qua đó, thực hiện 112% chỉ tiêu lợi nhuận năm 2025 đã được các cổ đông thông qua tại cuộc họp ĐHĐCĐ thường niên.",1769837990,2026-01-31 12:39:50,1769837990,2026-01-31 12:39:50,https://www.tinnhanhchungkhoan.vn/van-phu-vpi-vuot-chi-tieu-loi-nhuan-nam-2025-post384648.html,/van-phu-vpi-vuot-chi-tieu-loi-nhuan-nam-2025-post384648.html,https://image.tinnhanhchungkhoan.vn/w200/Uploaded/2026/ipuokbf/2026_01_31/vpi-vlasta-phu-thuan-2958-8443.jpg,Dự án Vlasta Premier – Phú Thuận,,,4,Thông tin doanh nghiệp,/thong-tin-doanh-nghiep/,"BMI,C4G,DL1,FPT,GCF,GMD,HUT,IDC,ITD,MBB,MWG,PAC,PC1,PVD,PVS,SHB,SIP,STH,TIP,TV2,VGT"
PVD,384635,"Vinasun (VNS): Lợi nhuận năm 2025 đạt hơn 38 tỷ đồng, giảm 54,5%",,"(ĐTCK) Công ty cổ phần Ánh Dương Việt Nam (Vinasun, mã VNS - sàn HOSE) ghi nhận lãi 4,94 tỷ đồng trong quý IV, luỹ kế năm 2025 lãi 38,29 tỷ đồng, giảm 54,5% so với cùng kỳ và chỉ hoàn thành 71,4% kế hoạch năm.",1769825682,2026-01-31 09:14:42,1769825682,2026-01-31 09:14:42,https://www.tinnhanhchungkhoan.vn/vinasun-vns-loi-nhuan-nam-2025-dat-hon-38-ty-dong-giam-545-post384635.html,/vinasun-vns-loi-nhuan-nam-2025-dat-hon-38-ty-dong-giam-545-post384635.html,https://image.tinnhanhchungkhoan.vn/w200/Uploaded/2026/lcgjikao/2026_01_31/01-5716-1382.jpg,,,,4,Thông tin doanh nghiệp,/thong-tin-doanh-nghiep/,"BMI,C4G,DL1,FPT,GCF,GMD,HUT,IDC,ITD,MBB,MWG,PAC,PC1,PVD,PVS,SHB,SIP,STH,TIP,TV2,VGT"
PVD,384631,DIC Corp (DIG): Lãi đột biến quý IV/2025 nhờ bán một phần dự án Đại Phước,,"(ĐTCK) Tổng CTCP Đầu tư Phát triển Xây dựng (DIC Corp, mã DIG - sàn HOSE) ghi nhận lãi 423,99 tỷ đồng trong quý IV, luỹ kế năm 2025 lãi 623,95 tỷ đồng, tăng 509,2% so với cùng kỳ.",1769817644,2026-01-31 07:00:44,1769789831,2026-01-30 23:17:11,https://www.tinnhanhchungkhoan.vn/dic-corp-dig-lai-dot-bien-quy-iv2025-nho-ban-mot-phan-du-an-dai-phuoc-post384631.html,/dic-corp-dig-lai-dot-bien-quy-iv2025-nho-ban-mot-phan-du-an-dai-phuoc-post384631.html,https://image.tinnhanhchungkhoan.vn/w200/Uploaded/2026/lcgjikao/2026_01_30/01-5560-947.jpg,,,,4,Thông tin doanh nghiệp,/thong-tin-doanh-nghiep/,"BMI,C4G,DL1,FPT,GCF,GMD,HUT,IDC,ITD,MBB,MWG,PAC,PC1,PVD,PVS,SHB,SIP,STH,TIP,TV2,VGT"
PVD,384633,"Năm 2025, YeaH1 (YEG) ghi nhận lợi nhuận sau thuế đạt 80,3 tỷ đồng",,"(ĐTCK) Trước nhiều biến động của thị trường chung năm 2025, YeaH1 ghi nhận doanh thu thuần đạt 1.653 tỷ đồng, tăng 61% so với cùng kỳ và vượt 27% so với kế hoạch năm.",1769816733,2026-01-31 06:45:33,1769789740,2026-01-30 23:15:40,https://www.tinnhanhchungkhoan.vn/nam-2025-yeah1-yeg-ghi-nhan-loi-nhuan-sau-thue-dat-803-ty-dong-post384633.html,/nam-2025-yeah1-yeg-ghi-nhan-loi-nhuan-sau-thue-dat-803-ty-dong-post384633.html,https://image.tinnhanhchungkhoan.vn/w200/Uploaded/2026/bpcpcwvo/2026_01_30/yeg-concert-5715-7796.png,,,,4,Thông tin doanh nghiệp,/thong-tin-doanh-nghiep/,"BMI,C4G,DL1,FPT,GCF,GMD,HUT,IDC,ITD,MBB,MWG,PAC,PC1,PVD,PVS,SHB,SIP,STH,TIP,TV2,VGT"
PVD,384629,Eximbank (EIB) báo lãi trước thuế hơn 1.500 tỷ đồng trong năm 2025,,"(ĐTCK) Tổng lợi nhuận trước thuế của Eximbank trong năm 2025 đạt 1.511,7 tỷ đồng, chỉ đạt 29,12% kế hoạch năm.",1769771854,2026-01-30 18:17:34,1769779108,2026-01-30 20:18:28,https://www.tinnhanhchungkhoan.vn/eximbank-eib-bao-lai-truoc-thue-hon-1500-ty-dong-trong-nam-2025-post384629.html,/eximbank-eib-bao-lai-truoc-thue-hon-1500-ty-dong-trong-nam-2025-post384629.html,https://image.tinnhanhchungkhoan.vn/w200/Uploaded/2026/bpcgdqvp/2026_01_30/eib-594-5150.jpg,,,,4,Thông tin doanh nghiệp,/thong-tin-doanh-nghiep/,"BMI,C4G,DL1,FPT,GCF,GMD,HUT,IDC,ITD,MBB,MWG,PAC,PC1,PVD,PVS,SHB,SIP,STH,TIP,TV2,VGT"
PVD,384628,"Giữa “tâm bão” ngành chăn nuôi, BAF nỗ lực giữ biên lợi nhuận",,"(ĐTCK) Giữa bối cảnh giá lợn hơi lao dốc, BAF Việt Nam nổi bật với chiến lược tối ưu chi phí sản xuất, giá vốn giảm 14,2% tương đương khoảng 700 tỷ đồng, giúp lợi nhuận gộp giữ đà tăng 14,7%. Song song, doanh nghiệp chủ động mở rộng quy mô, đẩy nhanh tiến độ dự án chăn nuôi công nghệ cao nhà cao tầng và tập trung nghiên cứu, lai tạo giống heo năng suất cao, tăng sức chống chịu dịch bệnh, tạo nền tảng bứt phá cho giai đoạn 2026 - 2030.",1769769063,2026-01-30 17:31:03,1769769063,2026-01-30 17:31:03,https://www.tinnhanhchungkhoan.vn/giua-tam-bao-nganh-chan-nuoi-baf-no-luc-giu-bien-loi-nhuan-post384628.html,/giua-tam-bao-nganh-chan-nuoi-baf-no-luc-giu-bien-loi-nhuan-post384628.html,https://image.tinnhanhchungkhoan.vn/w200/Uploaded/2026/bpikpjik/2026_01_30/baf-9294-5858.jpg,,,,4,Thông tin doanh nghiệp,/thong-tin-doanh-nghiep/,"BMI,C4G,DL1,FPT,GCF,GMD,HUT,IDC,ITD,MBB,MWG,PAC,PC1,PVD,PVS,SHB,SIP,STH,TIP,TV2,VGT"
PVD,384618,"Khang Điền (KDH): Lợi nhuận 2025 vượt 63% kế hoạch, đạt hơn 1.633 tỷ đồng, mở rộng tăng trưởng trong 2026",,"(ĐTCK) Công ty cổ phần Đầu tư và Kinh doanh Nhà Khang Điền (mã chứng khoán KDH) vừa công bố báo cáo tài chính năm 2025, ghi nhận doanh thu hợp nhất tăng trưởng 16% và lợi nhuận sau thuế tăng gấp đôi so với cùng kỳ năm, vượt xa kế hoạch đề ra.",1769768553,2026-01-30 17:22:33,1769768553,2026-01-30 17:22:33,https://www.tinnhanhchungkhoan.vn/khang-dien-kdh-loi-nhuan-2025-vuot-63-ke-hoach-dat-hon-1633-ty-dong-mo-rong-tang-truong-trong-2026-post384618.html,/khang-dien-kdh-loi-nhuan-2025-vuot-63-ke-hoach-dat-hon-1633-ty-dong-mo-rong-tang-truong-trong-2026-post384618.html,https://image.tinnhanhchungkhoan.vn/w200/Uploaded/2026/djshp/2026_01_25/2-992-368.jpg,"Mới đây, Khang Điền đã động thổ khu cao tầng Gladia by the Waters gồm hơn 600 căn hộ, dự kiến bàn giao quý IV/2027.",,,4,Thông tin doanh nghiệp,/thong-tin-doanh-nghiep/,"BMI,C4G,DL1,FPT,GCF,GMD,HUT,IDC,ITD,MBB,MWG,PAC,PC1,PVD,PVS,SHB,SIP,STH,TIP,TV2,VGT"
PVD,384620,"TTC Land (SCR) đạt lợi nhuận sau thuế 67,38 tỷ đồng trong năm 2025",,"(ĐTCK) CTCP Địa ốc Sài Gòn Thương Tín (TTC Land, mã SCR - sàn HOSE) ghi nhận lợi nhuận sau thuế 33,47 tỷ đồng trong quý IV, luỹ kế năm 2025 lãi 67,38 tỷ đồng, tăng hơn 14,85 lần so với cùng kỳ.",1769763442,2026-01-30 15:57:22,1769763442,2026-01-30 15:57:22,https://www.tinnhanhchungkhoan.vn/ttc-land-scr-dat-loi-nhuan-sau-thue-6738-ty-dong-trong-nam-2025-post384620.html,/ttc-land-scr-dat-loi-nhuan-sau-thue-6738-ty-dong-trong-nam-2025-post384620.html,https://image.tinnhanhchungkhoan.vn/w200/Uploaded/2026/lcgjikao/2026_01_30/01-8713-3228.jpeg,,,,4,Thông tin doanh nghiệp,/thong-tin-doanh-nghiep/,"BMI,C4G,DL1,FPT,GCF,GMD,HUT,IDC,ITD,MBB,MWG,PAC,PC1,PVD,PVS,SHB,SIP,STH,TIP,TV2,VGT"
PVD,384615,"Lợi nhuận trước thuế năm 2025 của OCB đạt 5.046 tỷ đồng, tăng gần 26%",,"(ĐTCK) Theo báo cáo tài chính quý IV vừa được Ngân hàng Phương Đông (mã CK: OCB) công bố, lợi nhuận trước thuế năm 2025 đạt mức 5.046 tỷ đồng, tăng 25,9% so với năm 2024.",1769762805,2026-01-30 15:46:45,1769768157,2026-01-30 17:15:57,https://www.tinnhanhchungkhoan.vn/loi-nhuan-truoc-thue-nam-2025-cua-ocb-dat-5046-ty-dong-tang-gan-26-post384615.html,/loi-nhuan-truoc-thue-nam-2025-cua-ocb-dat-5046-ty-dong-tang-gan-26-post384615.html,https://image.tinnhanhchungkhoan.vn/w200/Uploaded/2026/bpcgdqvp/2024_01_30/ocb-3903.jpg,,,,4,Thông tin doanh nghiệp,/thong-tin-doanh-nghiep/,"BMI,C4G,DL1,FPT,GCF,GMD,HUT,IDC,ITD,MBB,MWG,PAC,PC1,PVD,PVS,SHB,SIP,STH,TIP,TV2,VGT"
PVD,384614,Hạ tầng GELEX (GEL) phê duyệt khoản vay 200 triệu USD vốn quốc tế,,"(ĐTCK) CTCP Hạ tầng GELEX (mã GEL - sàn HOSE) vừa công bố nghị quyết hội đồng quản trị về việc phê duyệt khoản vay nước ngoài trị giá 200 triệu USD, trong đó HSBC đóng vai trò là ngân hàng thu xếp chính duy nhất kiêm điều phối sổ.",1769762776,2026-01-30 15:46:16,1769779705,2026-01-30 20:28:25,https://www.tinnhanhchungkhoan.vn/ha-tang-gelex-gel-phe-duyet-khoan-vay-200-trieu-usd-von-quoc-te-post384614.html,/ha-tang-gelex-gel-phe-duyet-khoan-vay-200-trieu-usd-von-quoc-te-post384614.html,https://image.tinnhanhchungkhoan.vn/w200/Uploaded/2026/lcgjikao/2026_01_30/02-4078-873.jpg,Hạ tầng GELEX đã làm việc với hơn 30 ngân hàng và tổ chức tài chính tại Singapore và Đài Loan.,,,4,Thông tin doanh nghiệp,/thong-tin-doanh-nghiep/,"BMI,C4G,DL1,FPT,GCF,GMD,HUT,IDC,ITD,MBB,MWG,PAC,PC1,PVD,PVS,SHB,SIP,STH,TIP,TV2,VGT"
PVD,384613,"PTM lên kế hoạch chia cổ tức 30% bằng tiền, Haxaco (HAX) có thể nhận về gần 50 tỷ đồng",,"(ĐTCK) CTCP Sản xuất, Thương mại và Dịch vụ ô tô PTM (mã chứng khoán PTM) vừa có dự thảo tài liệu họp Đại hội đồng cổ đông thường niên 2026, trong đó có tờ trình phương án phân phối lợi nhuận năm 2025, chia cổ tức 30% bằng tiền mặt.",1769762727,2026-01-30 15:45:27,1769762727,2026-01-30 15:45:27,https://www.tinnhanhchungkhoan.vn/ptm-len-ke-hoach-chia-co-tuc-30-bang-tien-haxaco-hax-co-the-nhan-ve-gan-50-ty-dong-post384613.html,/ptm-len-ke-hoach-chia-co-tuc-30-bang-tien-haxaco-hax-co-the-nhan-ve-gan-50-ty-dong-post384613.html,https://image.tinnhanhchungkhoan.vn/w200/Uploaded/2026/wpxlcdjwi/2022_06_01/dien-bien-thi-truong-bat-loi-haxaco-hoan-tang-von-8721.jpg,Haxaco (HAX) sắp nhận gần 50 tỷ đồng tiền cổ tức từ PTM,,,4,Thông tin doanh nghiệp,/thong-tin-doanh-nghiep/,"BMI,C4G,DL1,FPT,GCF,GMD,HUT,IDC,ITD,MBB,MWG,PAC,PC1,PVD,PVS,SHB,SIP,STH,TIP,TV2,VGT"
PVD,384611,"Năm 2025, MSB đạt lợi nhuận trước thuế hợp nhất 7.058 tỷ đồng",,"(ĐTCK) Tại ngày 31/12/2025, tổng tài sản hợp nhất của Ngân hàng TMCP Hàng Hải Việt Nam (MSB - sàn HOSE) đạt gần 408 nghìn tỷ đồng, tăng 27,3% so với thời điểm đầu năm. Động lực chính của sự tăng trưởng quy mô đến từ hoạt động tín dụng.",1769762700,2026-01-30 15:45:00,1769762700,2026-01-30 15:45:00,https://www.tinnhanhchungkhoan.vn/nam-2025-msb-dat-loi-nhuan-truoc-thue-hop-nhat-7058-ty-dong-post384611.html,/nam-2025-msb-dat-loi-nhuan-truoc-thue-hop-nhat-7058-ty-dong-post384611.html,https://image.tinnhanhchungkhoan.vn/w200/Uploaded/2026/pwvolcvo/2026_01_30/msb-6-7064-2022.jpg,,,,4,Thông tin doanh nghiệp,/thong-tin-doanh-nghiep/,"BMI,C4G,DL1,FPT,GCF,GMD,HUT,IDC,ITD,MBB,MWG,PAC,PC1,PVD,PVS,SHB,SIP,STH,TIP,TV2,VGT"
PVS,384814,Dịch vụ Phân phối Tổng hợp Dầu khí (PSD) vượt 40% mục tiêu lợi nhuận 2025,,"(ĐTCK) Năm 2025, CTCP Dịch vụ Phân phối Tổng hợp Dầu khí (Petrosetco Distribution, mã PSD) ghi nhận 143,1 tỷ đồng lợi nhuận sau thuế, tăng 73% so với năm trước và vượt 40% mục tiêu năm.",1770108462,2026-02-03 15:47:42,1770108462,2026-02-03 15:47:42,https://www.tinnhanhchungkhoan.vn/dich-vu-phan-phoi-tong-hop-dau-khi-psd-vuot-40-muc-tieu-loi-nhuan-2025-post384814.html,/dich-vu-phan-phoi-tong-hop-dau-khi-psd-vuot-40-muc-tieu-loi-nhuan-2025-post384814.html,https://image.tinnhanhchungkhoan.vn/w200/Uploaded/2026/xvrhgenatpx97/2026_02_03/492389603-1269083815221635-1856212450220482697-n-8553-4165.jpg,,,,4,Thông tin doanh nghiệp,/thong-tin-doanh-nghiep/,"BMI,C4G,DL1,FPT,GCF,GMD,HUT,IDC,ITD,MBB,MWG,PAC,PC1,PVD,PVS,SHB,SIP,STH,TIP,TV2,VGT"
PVS,384815,"Becamex IDC (BCM) chia cổ tức 11% bằng tiền mặt, lợi nhuận 2025 vượt hơn 42% kế hoạch",,"(ĐTCK) Ngày 13/2 tới đây, Tập đoàn Đầu tư và Phát triển Công nghiệp Becamex - CTCP (Becamex IDC, mã BCM - sàn HOSE) vừa thông báo về việc chia cổ tức năm 2024.",1770108203,2026-02-03 15:43:23,1770108203,2026-02-03 15:43:23,https://www.tinnhanhchungkhoan.vn/becamex-idc-bcm-chia-co-tuc-11-bang-tien-mat-loi-nhuan-2025-vuot-hon-42-ke-hoach-post384815.html,/becamex-idc-bcm-chia-co-tuc-11-bang-tien-mat-loi-nhuan-2025-vuot-hon-42-ke-hoach-post384815.html,https://image.tinnhanhchungkhoan.vn/w200/Uploaded/2026/ipuokbf/2025_02_06/becamex-idc-bcm-2233-7213.jpg,,,,4,Thông tin doanh nghiệp,/thong-tin-doanh-nghiep/,"BMI,C4G,DL1,FPT,GCF,GMD,HUT,IDC,ITD,MBB,MWG,PAC,PC1,PVD,PVS,SHB,SIP,STH,TIP,TV2,VGT"
PVS,384807,"EVNGENCO3 (PGV): Lợi nhuận sau thuế vượt 3.700 tỷ đồng, định giá cổ phiếu về vùng hấp dẫn",,(ĐTCK) Lợi nhuận năm 2025 của EVNGENCO3 (PGV) xác lập kỷ lục mới. Dòng tiền cải thiện cùng tỷ lệ nợ vay liên tục giảm nhiều năm là nền tảng quan trọng cho EVNGENCO3 trong giai đoạn mở rộng đầu tư sắp tới.,1770104233,2026-02-03 14:37:13,1770104233,2026-02-03 14:37:13,https://www.tinnhanhchungkhoan.vn/evngenco3-pgv-loi-nhuan-sau-thue-vuot-3700-ty-dong-dinh-gia-co-phieu-ve-vung-hap-dan-post384807.html,/evngenco3-pgv-loi-nhuan-sau-thue-vuot-3700-ty-dong-dinh-gia-co-phieu-ve-vung-hap-dan-post384807.html,https://image.tinnhanhchungkhoan.vn/w200/Uploaded/2026/bpikpjik/2022_01_26/evngenco3-4286.jpg,,,,4,Thông tin doanh nghiệp,/thong-tin-doanh-nghiep/,"BMI,C4G,DL1,FPT,GCF,GMD,HUT,IDC,ITD,MBB,MWG,PAC,PC1,PVD,PVS,SHB,SIP,STH,TIP,TV2,VGT"
PVS,384804,Doanh thu Sao Ta (FMC) giảm 21% ngay tháng đầu năm 2026,,"(ĐTCK) CTCP Thực phẩm Sao Ta (FMC) công bố tình hình hoạt động hợp nhất tháng 01/2026 với doanh thu đạt 20,4 triệu USD, giảm 21% so với cùng kỳ năm trước.",1770102267,2026-02-03 14:04:27,1770102267,2026-02-03 14:04:27,https://www.tinnhanhchungkhoan.vn/doanh-thu-sao-ta-fmc-giam-21-ngay-thang-dau-nam-2026-post384804.html,/doanh-thu-sao-ta-fmc-giam-21-ngay-thang-dau-nam-2026-post384804.html,https://image.tinnhanhchungkhoan.vn/w200/Uploaded/2026/xvrhgenatpx97/2023_01_16/fmc-9473.jpg,,,,4,Thông tin doanh nghiệp,/thong-tin-doanh-nghiep/,"BMI,C4G,DL1,FPT,GCF,GMD,HUT,IDC,ITD,MBB,MWG,PAC,PC1,PVD,PVS,SHB,SIP,STH,TIP,TV2,VGT"
PVS,384802,"Quý IV/2025, lợi nhuận sau thuế của Đạt Phương (DPG) tăng 46%",,"(ĐTCK) Mới đây, CTCP Tập đoàn Đạt Phương (mã DPG) công bố báo cáo tài chính quý IV/2025 cho thấy sự cải thiện về quy mô doanh thu và lợi nhuận.",1770091215,2026-02-03 11:00:15,1770091215,2026-02-03 11:00:15,https://www.tinnhanhchungkhoan.vn/quy-iv2025-loi-nhuan-sau-thue-cua-dat-phuong-dpg-tang-46-post384802.html,/quy-iv2025-loi-nhuan-sau-thue-cua-dat-phuong-dpg-tang-46-post384802.html,https://image.tinnhanhchungkhoan.vn/w200/Uploaded/2026/gtnwae/2026_02_03/1-7741-8171.jpg,,,,4,Thông tin doanh nghiệp,/thong-tin-doanh-nghiep/,"BMI,C4G,DL1,FPT,GCF,GMD,HUT,IDC,ITD,MBB,MWG,PAC,PC1,PVD,PVS,SHB,SIP,STH,TIP,TV2,VGT"
PVS,384799,Lợi nhuận Tổng công ty Tín Nghĩa (TID) giảm tới 99% trong quý IV/2025 khi phải hoàn trả cho Tỉnh uỷ Đồng Nai,,"(ĐTCK) Tổng công ty Tín Nghĩa (mã TID - UPCoM) ghi nhận lãi 1,8 tỷ đồng trong quý IV, luỹ kế cả năm 2025 ghi nhận lãi 762,13 tỷ đồng, hoàn thành 113,4% so với kế hoạch năm.",1770090820,2026-02-03 10:53:40,1770090820,2026-02-03 10:53:40,https://www.tinnhanhchungkhoan.vn/loi-nhuan-tong-cong-ty-tin-nghia-tid-giam-toi-99-trong-quy-iv2025-khi-phai-hoan-tra-cho-tinh-uy-dong-nai-post384799.html,/loi-nhuan-tong-cong-ty-tin-nghia-tid-giam-toi-99-trong-quy-iv2025-khi-phai-hoan-tra-cho-tinh-uy-dong-nai-post384799.html,https://image.tinnhanhchungkhoan.vn/w200/Uploaded/2026/lcgjikao/2026_02_03/01-906-8353.jpeg,,,,4,Thông tin doanh nghiệp,/thong-tin-doanh-nghiep/,"BMI,C4G,DL1,FPT,GCF,GMD,HUT,IDC,ITD,MBB,MWG,PAC,PC1,PVD,PVS,SHB,SIP,STH,TIP,TV2,VGT"
PVS,384779,"Gỗ An Cường (ACG) ghi nhận dòng tiền kinh doanh âm kỷ lục 408,56 tỷ đồng trong năm 2025",,"(ĐTCK) CTCP Gỗ An Cường (mã ACG - sàn HOSE) ghi nhận lãi 145,54 tỷ đồng trong quý IV, luỹ kế năm 2025 ghi nhận lãi 503,75 tỷ đồng, tăng 19,9% so với cùng kỳ năm trước.",1770077256,2026-02-03 07:07:36,1770077256,2026-02-03 07:07:36,https://www.tinnhanhchungkhoan.vn/go-an-cuong-acg-ghi-nhan-dong-tien-kinh-doanh-am-ky-luc-40856-ty-dong-trong-nam-2025-post384779.html,/go-an-cuong-acg-ghi-nhan-dong-tien-kinh-doanh-am-ky-luc-40856-ty-dong-trong-nam-2025-post384779.html,https://image.tinnhanhchungkhoan.vn/w200/Uploaded/2026/lcgjikao/2026_02_02/01-8702-1876.jpg,,,,4,Thông tin doanh nghiệp,/thong-tin-doanh-nghiep/,"BMI,C4G,DL1,FPT,GCF,GMD,HUT,IDC,ITD,MBB,MWG,PAC,PC1,PVD,PVS,SHB,SIP,STH,TIP,TV2,VGT"
PVS,384776,Searefico (SRF) thoát lỗ quý IV/2025 nhờ thu nhập khác tăng đột biến,,"(ĐTCK) Công ty cổ phần Searefico (mã SRF - sàn HOSE) ghi nhận lãi 15,71 tỷ đồng trong quý IV, luỹ kế cả năm 2025 lãi 22,18 tỷ đồng và đạt 56,9% kế hoạch năm.",1770077020,2026-02-03 07:03:40,1770077020,2026-02-03 07:03:40,https://www.tinnhanhchungkhoan.vn/searefico-srf-thoat-lo-quy-iv2025-nho-thu-nhap-khac-tang-dot-bien-post384776.html,/searefico-srf-thoat-lo-quy-iv2025-nho-thu-nhap-khac-tang-dot-bien-post384776.html,https://image.tinnhanhchungkhoan.vn/w200/Uploaded/2026/lcgjikao/2026_02_02/01-2954-71.jpg,,,,4,Thông tin doanh nghiệp,/thong-tin-doanh-nghiep/,"BMI,C4G,DL1,FPT,GCF,GMD,HUT,IDC,ITD,MBB,MWG,PAC,PC1,PVD,PVS,SHB,SIP,STH,TIP,TV2,VGT"
PVS,384774,"Thép Pomina (POM) lỗ thêm 838,2 tỷ đồng năm 2025, vốn chủ sở hữu âm hơn 623,6 tỷ đồng",,"(ĐTCK) CTCP Thép Pomina (mã POM) vừa công bố báo cáo tài chính năm 2025 với khoản lỗ sau thuế 838,2 tỷ đồng, đánh dấu năm thứ 4 liên tiếp doanh nghiệp thua lỗ, qua đó nâng lỗ lũy kế lên 3.485 tỷ đồng và khiến vốn chủ sở hữu tại thời điểm cuối năm âm hơn 623,6 tỷ đồng",1770076822,2026-02-03 07:00:22,1770076822,2026-02-03 07:00:22,https://www.tinnhanhchungkhoan.vn/thep-pomina-pom-lo-them-8382-ty-dong-nam-2025-von-chu-so-huu-am-hon-6236-ty-dong-post384774.html,/thep-pomina-pom-lo-them-8382-ty-dong-nam-2025-von-chu-so-huu-am-hon-6236-ty-dong-post384774.html,https://image.tinnhanhchungkhoan.vn/w200/Uploaded/2026/xvrhgenatpx97/2024_08_21/pom-5603.jpeg,,,,4,Thông tin doanh nghiệp,/thong-tin-doanh-nghiep/,"BMI,C4G,DL1,FPT,GCF,GMD,HUT,IDC,ITD,MBB,MWG,PAC,PC1,PVD,PVS,SHB,SIP,STH,TIP,TV2,VGT"
PVS,384773,PV Drilling (PVD) vượt 98% mục tiêu lợi nhuận năm 2025,,"(ĐTCK) Năm 2025, PV Drilling mang về 1.050,5 tỷ đồng lãi ròng, tăng 50,5% so với kết quả thực hiện năm 2024 và vượt 98% mục tiêu lợi nhuận cả năm.",1770076674,2026-02-03 06:57:54,1770076674,2026-02-03 06:57:54,https://www.tinnhanhchungkhoan.vn/pv-drilling-pvd-vuot-98-muc-tieu-loi-nhuan-nam-2025-post384773.html,/pv-drilling-pvd-vuot-98-muc-tieu-loi-nhuan-nam-2025-post384773.html,https://image.tinnhanhchungkhoan.vn/w200/Uploaded/2026/xvrhgenatpx97/2023_04_24/pvd-1871.jpeg,,,,4,Thông tin doanh nghiệp,/thong-tin-doanh-nghiep/,"BMI,C4G,DL1,FPT,GCF,GMD,HUT,IDC,ITD,MBB,MWG,PAC,PC1,PVD,PVS,SHB,SIP,STH,TIP,TV2,VGT"
PVS,384775,MB (MBB) dự kiến cán mốc vốn hóa 10 tỷ USD vào năm 2027,,"(ĐTCK) So với giai đoạn đầu năm 2017, tổng vốn hoá của Ngân hàng TMCP Quân Đội (MB - mã chứng khoán MBB) đến nay đã ghi nhận tăng 9,9 lần (tương đương khoảng 8,5 tỷ USD). Ông Lưu Trung Thái, Chủ tịch HĐQT MB cho biết, với tốc độ tăng trưởng như hiện nay, dự kiến sang năm 2027, tổng giá trị vốn hoá của MB có thể cán đến mốc 10 tỷ USD.",1770076595,2026-02-03 06:56:35,1770076595,2026-02-03 06:56:35,https://www.tinnhanhchungkhoan.vn/mb-mbb-du-kien-can-moc-von-hoa-10-ty-usd-vao-nam-2027-post384775.html,/mb-mbb-du-kien-can-moc-von-hoa-10-ty-usd-vao-nam-2027-post384775.html,https://image.tinnhanhchungkhoan.vn/w200/Uploaded/2026/ngobgt/2026_02_02/img-3950-1125-6297.jpeg,"Ông Lưu Trung Thái, Chủ tịch HĐQT Ngân hàng TMCP Quân Đội (MB) chủ trì hội nghị Nhà đầu tư.",,,4,Thông tin doanh nghiệp,/thong-tin-doanh-nghiep/,"BMI,C4G,DL1,FPT,GCF,GMD,HUT,IDC,ITD,MBB,MWG,PAC,PC1,PVD,PVS,SHB,SIP,STH,TIP,TV2,VGT"
PVS,384768,Chiến lược Go Global đang từng bước đóng góp vào tăng trưởng dài hạn của Masan Consumer (MCH),,"(ĐTCK) Trong suốt năm 2025, doanh thu quốc tế của Masan Consumer (HOSE: MCH) duy trì đà tăng trưởng tích cực và tiếp tục cải thiện trong quý gần nhất. Theo báo cáo kết quả kinh doanh, riêng kênh kinh doanh quốc tế tăng trưởng gần 27% trong năm 2025. Diễn biến này cho thấy chiến lược Go Global đang bắt đầu tạo đóng góp thực tế, thay vì chỉ dừng ở định hướng dài hạn.",1770026991,2026-02-02 17:09:51,1770029550,2026-02-02 17:52:30,https://www.tinnhanhchungkhoan.vn/chien-luoc-go-global-dang-tung-buoc-dong-gop-vao-tang-truong-dai-han-cua-masan-consumer-mch-post384768.html,/chien-luoc-go-global-dang-tung-buoc-dong-gop-vao-tang-truong-dai-han-cua-masan-consumer-mch-post384768.html,https://image.tinnhanhchungkhoan.vn/w200/Uploaded/2026/bpikpjik/2026_02_02/thuc-pham-tuoi-ngon-phong-phu-tai-sieu-thi-winmart-4053-77.jpeg,,,,4,Thông tin doanh nghiệp,/thong-tin-doanh-nghiep/,"BMI,C4G,DL1,FPT,GCF,GMD,HUT,IDC,ITD,MBB,MWG,PAC,PC1,PVD,PVS,SHB,SIP,STH,TIP,TV2,VGT"
PVS,384769,OCH vượt kế hoạch doanh thu và lợi nhuận năm 2025,,"(ĐTCK) Công ty cổ phần One Capital Hospitality (HNX: OCH) ghi nhận doanh thu cả năm 2025 đạt 1.188 tỷ đồng, lợi nhuận trước thuế 135,6 tỷ đồng, vượt kế hoạch được Đại hội đồng cổ đông (ĐHĐCĐ) đề ra.",1770026945,2026-02-02 17:09:05,1770026945,2026-02-02 17:09:05,https://www.tinnhanhchungkhoan.vn/och-vuot-ke-hoach-doanh-thu-va-loi-nhuan-nam-2025-post384769.html,/och-vuot-ke-hoach-doanh-thu-va-loi-nhuan-nam-2025-post384769.html,https://image.tinnhanhchungkhoan.vn/w200/Uploaded/2026/cqjwqcqdh/2025_10_30/och-8280-9602.jpg,,,,4,Thông tin doanh nghiệp,/thong-tin-doanh-nghiep/,"BMI,C4G,DL1,FPT,GCF,GMD,HUT,IDC,ITD,MBB,MWG,PAC,PC1,PVD,PVS,SHB,SIP,STH,TIP,TV2,VGT"
PVS,384765,"Cơ điện lạnh (REE) tạm ứng cổ tức 10% bằng tiền, lên lịch ĐHCĐ thường niên năm tài chính 2025",,"(ĐTCK) HĐQT CTCP Cơ điện lạnh (REE – sàn HOSE) vừa thông qua, ngày 27/2 tới đây sẽ thực hiện chốt danh sách cổ đông để tổ chức ĐHCĐ thường niên năm tài chính 2025 và tạm ứng cổ tức năm 2025.",1770026245,2026-02-02 16:57:25,1770026691,2026-02-02 17:04:51,https://www.tinnhanhchungkhoan.vn/co-dien-lanh-ree-tam-ung-co-tuc-10-bang-tien-len-lich-dhcd-thuong-nien-nam-tai-chinh-2025-post384765.html,/co-dien-lanh-ree-tam-ung-co-tuc-10-bang-tien-len-lich-dhcd-thuong-nien-nam-tai-chinh-2025-post384765.html,https://image.tinnhanhchungkhoan.vn/w200/Uploaded/2026/pigo/2020_09_30/cong-ty-co-phan-co-dien-lanh-bom-no-cham-trong-dau-tu-tai-chinh1590080990-3682.jpg,,,,4,Thông tin doanh nghiệp,/thong-tin-doanh-nghiep/,"BMI,C4G,DL1,FPT,GCF,GMD,HUT,IDC,ITD,MBB,MWG,PAC,PC1,PVD,PVS,SHB,SIP,STH,TIP,TV2,VGT"
PVS,384761,Vietbank (VBB): Bổ nhiệm Quyền Tổng giám đốc và một Phó tổng giám đốc,,"(ĐTCK) Ngân hàng TMCP Việt Nam Thương Tín (Vietbank, mã chứng khoán: VBB) vừa công bố quyết định kiện toàn nhân sự lãnh đạo cấp cao.",1770023282,2026-02-02 16:08:02,1770023282,2026-02-02 16:08:02,https://www.tinnhanhchungkhoan.vn/vietbank-vbb-bo-nhiem-quyen-tong-giam-doc-va-mot-pho-tong-giam-doc-post384761.html,/vietbank-vbb-bo-nhiem-quyen-tong-giam-doc-va-mot-pho-tong-giam-doc-post384761.html,https://image.tinnhanhchungkhoan.vn/w200/Uploaded/2026/bpcgdqvp/2026_02_02/vb2-3335-3688.jpg,Hội đồng Quản trị trao quyết định bổ nhiệm cho ông Lê Thanh Quý Ngọc - Quyền Tổng giám đốc và bà Trần Thị Ngọc Lý - Phó tổng giám đốc Vietbank,,,4,Thông tin doanh nghiệp,/thong-tin-doanh-nghiep/,"BMI,C4G,DL1,FPT,GCF,GMD,HUT,IDC,ITD,MBB,MWG,PAC,PC1,PVD,PVS,SHB,SIP,STH,TIP,TV2,VGT"
PVS,384752,"CDC Construction (CCC): Dòng tiền kinh doanh âm kỷ lục 335,17 tỷ đồng trong 9 tháng đầu niên độ 2025 - 2026",,"(ĐTCK) Công ty cổ phần Xây dựng CDC (CDC Construction, mã CCC - sàn HOSE) ghi nhận lãi 9,67 tỷ đồng trong quý III, luỹ kế 9 tháng trong niên độ 2025 - 2026 ghi nhận lãi 30,31 tỷ đồng, tăng 3,8% so với cùng kỳ và hoàn thành 64,1% kế hoạch năm.",1770022404,2026-02-02 15:53:24,1770022404,2026-02-02 15:53:24,https://www.tinnhanhchungkhoan.vn/cdc-construction-ccc-dong-tien-kinh-doanh-am-ky-luc-33517-ty-dong-trong-9-thang-dau-nien-do-2025-2026-post384752.html,/cdc-construction-ccc-dong-tien-kinh-doanh-am-ky-luc-33517-ty-dong-trong-9-thang-dau-nien-do-2025-2026-post384752.html,https://image.tinnhanhchungkhoan.vn/w200/Uploaded/2026/lcgjikao/2026_02_02/01-5399-2697.jpg,,,,4,Thông tin doanh nghiệp,/thong-tin-doanh-nghiep/,"BMI,C4G,DL1,FPT,GCF,GMD,HUT,IDC,ITD,MBB,MWG,PAC,PC1,PVD,PVS,SHB,SIP,STH,TIP,TV2,VGT"
PVS,384712,"Doanh thu cả năm vượt 37.000 tỷ đồng, Tasco (HUT) báo lãi gấp 2 lần năm trước",,"(ĐTCK) Năm 2025, Công ty Cổ phần Tasco (HNX: HUT) ghi nhận doanh thu 37.000 tỷ đồng, lợi nhuận sau thuế hơn 623 tỷ đồng, gấp 2 lần năm trước và cao nhất trong lịch sử hoạt động.",1770019201,2026-02-02 15:00:01,1770000938,2026-02-02 09:55:38,https://www.tinnhanhchungkhoan.vn/doanh-thu-ca-nam-vuot-37000-ty-dong-tasco-hut-bao-lai-gap-2-lan-nam-truoc-post384712.html,/doanh-thu-ca-nam-vuot-37000-ty-dong-tasco-hut-bao-lai-gap-2-lan-nam-truoc-post384712.html,https://image.tinnhanhchungkhoan.vn/w200/Uploaded/2026/xpwvotiv/2026_02_02/tasco-5092-7931.jpg,,,,4,Thông tin doanh nghiệp,/thong-tin-doanh-nghiep/,"BMI,C4G,DL1,FPT,GCF,GMD,HUT,IDC,ITD,MBB,MWG,PAC,PC1,PVD,PVS,SHB,SIP,STH,TIP,TV2,VGT"
PVS,384740,Quốc Cường Gia Lai (QCG) lãi đột biến quý IV/2025 nhờ thanh lý các khoản đầu tư,,"(ĐTCK) CTCP Quốc Cường Gia Lai (mã QCG - sàn HOSE) ghi nhận lãi 137,22 tỷ đồng trong quý IV, lũy kế năm 2025 lãi 171,28 tỷ đồng, tăng 109% so với năm 2024 và không hoàn thành kế hoạch năm.",1770016785,2026-02-02 14:19:45,1770016785,2026-02-02 14:19:45,https://www.tinnhanhchungkhoan.vn/quoc-cuong-gia-lai-qcg-lai-dot-bien-quy-iv2025-nho-thanh-ly-cac-khoan-dau-tu-post384740.html,/quoc-cuong-gia-lai-qcg-lai-dot-bien-quy-iv2025-nho-thanh-ly-cac-khoan-dau-tu-post384740.html,https://image.tinnhanhchungkhoan.vn/w200/Uploaded/2026/lcgjikao/2026_02_02/01-5700-5016.jpg,,,,4,Thông tin doanh nghiệp,/thong-tin-doanh-nghiep/,"BMI,C4G,DL1,FPT,GCF,GMD,HUT,IDC,ITD,MBB,MWG,PAC,PC1,PVD,PVS,SHB,SIP,STH,TIP,TV2,VGT"
PVS,384739,"Thuỷ điện Vĩnh Sơn - Sông Hinh (VSH) chốt quyền nhận cổ tức 10%, dự kiến họp ĐHCĐ 2026 cuối tháng 3",,"(ĐTCK) CTCP Thuỷ điện Vĩnh Sơn - Sông Hinh (mã VSH) mới thông báo, ngày 23/02 tới đây sẽ chốt danh sách cổ đông nhận cổ tức đợt 3/2025 và tham dự đại hội cổ đông năm 2026.",1770016761,2026-02-02 14:19:21,1770016761,2026-02-02 14:19:21,https://www.tinnhanhchungkhoan.vn/thuy-dien-vinh-son-song-hinh-vsh-chot-quyen-nhan-co-tuc-10-du-kien-hop-dhcd-2026-cuoi-thang-3-post384739.html,/thuy-dien-vinh-son-song-hinh-vsh-chot-quyen-nhan-co-tuc-10-du-kien-hop-dhcd-2026-cuoi-thang-3-post384739.html,https://image.tinnhanhchungkhoan.vn/w200/Uploaded/2026/xvrhgenatpx97/2024_10_24/vsh-8946.jpeg,,,,4,Thông tin doanh nghiệp,/thong-tin-doanh-nghiep/,"BMI,C4G,DL1,FPT,GCF,GMD,HUT,IDC,ITD,MBB,MWG,PAC,PC1,PVD,PVS,SHB,SIP,STH,TIP,TV2,VGT"
PVS,384741,VPS (VCK) được VASB vinh danh công ty chứng khoán đạt điểm thực hành ESG cao nhất,,"(ĐTCK) Công ty cổ phần Chứng khoán VPS (mã chứng khoán VCK) là một trong hai công ty chứng khoán được xếp hạng cao nhất trong chương trình chấm điểm thực hành ESG do Hiệp hội Chứng khoán Việt Nam (VASB) tổ chức, khẳng định cam kết mạnh mẽ của doanh nghiệp đối với phát triển bền vững theo chuẩn mực quốc tế.",1770016630,2026-02-02 14:17:10,1770343895,2026-02-06 09:11:35,https://www.tinnhanhchungkhoan.vn/vps-vck-duoc-vasb-vinh-danh-cong-ty-chung-khoan-dat-diem-thuc-hanh-esg-cao-nhat-post384741.html,/vps-vck-duoc-vasb-vinh-danh-cong-ty-chung-khoan-dat-diem-thuc-hanh-esg-cao-nhat-post384741.html,https://image.tinnhanhchungkhoan.vn/w200/Uploaded/2026/ipuokbf/2026_02_06/800x500-8825-6213.png,,,,4,Thông tin doanh nghiệp,/thong-tin-doanh-nghiep/,"BMI,C4G,DL1,FPT,GCF,GMD,HUT,IDC,ITD,MBB,MWG,PAC,PC1,PVD,PVS,SHB,SIP,STH,TIP,TV2,VGT"
PVS,384738,"Doanh thu năm 2025 của Vinamilk (VNM) đạt 63.724 tỷ đồng, cao nhất lịch sử Công ty",,"(ĐTCK)Tổng doanh thu hợp nhất quý IV/2025 của Công ty cổ phần Sữa Việt Nam (Vinamilk - mã VNM) đạt 17.045 tỷ đồng, tiếp tục lập đỉnh mới, tăng 10,1% so với cùng kỳ.",1770016538,2026-02-02 14:15:38,1770016538,2026-02-02 14:15:38,https://www.tinnhanhchungkhoan.vn/doanh-thu-nam-2025-cua-vinamilk-vnm-dat-63724-ty-dong-cao-nhat-lich-su-cong-ty-post384738.html,/doanh-thu-nam-2025-cua-vinamilk-vnm-dat-63724-ty-dong-cao-nhat-lich-su-cong-ty-post384738.html,https://image.tinnhanhchungkhoan.vn/w200/Uploaded/2026/unvjshu/2026_02_02/vnm-1723-4621.jpg,Đẩy mạnh các hoạt động xúc tiến thương mại giúp Vinamilk nâng cao hình ảnh và vị thế thương hiệu trên thị trường quốc tế. Ảnh: Vi Nam,,,4,Thông tin doanh nghiệp,/thong-tin-doanh-nghiep/,"BMI,C4G,DL1,FPT,GCF,GMD,HUT,IDC,ITD,MBB,MWG,PAC,PC1,PVD,PVS,SHB,SIP,STH,TIP,TV2,VGT"
PVS,384726,"Địa ốc Hoàng Quân (HQC) thoát lỗ quý IV/2025 nhờ hoạt động tài chính, thu hồi công nợ và hoàn nhập dự phòng",,"(ĐTCK) CTCP Tư vấn Thương mại Dịch vụ Địa ốc Hoàng Quân (mã HQC - sàn HOSE) ghi nhận lãi 55,08 tỷ đồng trong quý IV, luỹ kế cả năm 2025 lãi 73,21 tỷ đồng, tăng trưởng 116,8% và hoàn thành 104,6% kế hoạch năm.",1770006229,2026-02-02 11:23:49,1770006229,2026-02-02 11:23:49,https://www.tinnhanhchungkhoan.vn/dia-oc-hoang-quan-hqc-thoat-lo-quy-iv2025-nho-hoat-dong-tai-chinh-thu-hoi-cong-no-va-hoan-nhap-du-phong-post384726.html,/dia-oc-hoang-quan-hqc-thoat-lo-quy-iv2025-nho-hoat-dong-tai-chinh-thu-hoi-cong-no-va-hoan-nhap-du-phong-post384726.html,https://image.tinnhanhchungkhoan.vn/w200/Uploaded/2026/lcgjikao/2026_02_02/01-2382-9002.jpg,,,,4,Thông tin doanh nghiệp,/thong-tin-doanh-nghiep/,"BMI,C4G,DL1,FPT,GCF,GMD,HUT,IDC,ITD,MBB,MWG,PAC,PC1,PVD,PVS,SHB,SIP,STH,TIP,TV2,VGT"
PVS,384713,"Vietbank (VBB) đạt 1.532 tỷ đồng lợi nhuận trước thuế năm 2025, chuẩn bị niêm yết sàn HOSE",,"(ĐTCK) Năm 2025, Ngân hàng TMCP Việt Nam Thương Tín (Vietbank, mã chứng khoán VBB) ghi nhận lợi nhuận trước thuế hợp nhất đạt 1.532 tỷ đồng, tăng 35% so với năm 2024.",1769997537,2026-02-02 08:58:57,1769997537,2026-02-02 08:58:57,https://www.tinnhanhchungkhoan.vn/vietbank-vbb-dat-1532-ty-dong-loi-nhuan-truoc-thue-nam-2025-chuan-bi-niem-yet-san-hose-post384713.html,/vietbank-vbb-dat-1532-ty-dong-loi-nhuan-truoc-thue-nam-2025-chuan-bi-niem-yet-san-hose-post384713.html,https://image.tinnhanhchungkhoan.vn/w200/Uploaded/2026/bpcgdqvp/2023_09_20/vietbank-527.jpg,,,,4,Thông tin doanh nghiệp,/thong-tin-doanh-nghiep/,"BMI,C4G,DL1,FPT,GCF,GMD,HUT,IDC,ITD,MBB,MWG,PAC,PC1,PVD,PVS,SHB,SIP,STH,TIP,TV2,VGT"
PVS,384684,Đầu tư Thương mại SMC (SMC) ghi nhận lãi đột biến trở lại trong quý IV/2025 nhờ thanh lý tài sản và hoàn nhập dự phòng,,"(ĐTCK) Công ty cổ phần Đầu tư Thương mại SMC (mã SMC - sàn HOSE) ghi nhận lãi 343,95 tỷ đồng trong quý IV, luỹ kế cả năm 2025 lãi 185,07 tỷ đồng và hoàn thành tới 616,9% kế hoạch năm.",1769990120,2026-02-02 06:55:20,1769961336,2026-02-01 22:55:36,https://www.tinnhanhchungkhoan.vn/dau-tu-thuong-mai-smc-smc-ghi-nhan-lai-dot-bien-tro-lai-trong-quy-iv2025-nho-thanh-ly-tai-san-va-hoan-nhap-du-phong-post384684.html,/dau-tu-thuong-mai-smc-smc-ghi-nhan-lai-dot-bien-tro-lai-trong-quy-iv2025-nho-thanh-ly-tai-san-va-hoan-nhap-du-phong-post384684.html,https://image.tinnhanhchungkhoan.vn/w200/Uploaded/2026/lcgjikao/2026_02_01/01-150-4789.jpg,,,,4,Thông tin doanh nghiệp,/thong-tin-doanh-nghiep/,"BMI,C4G,DL1,FPT,GCF,GMD,HUT,IDC,ITD,MBB,MWG,PAC,PC1,PVD,PVS,SHB,SIP,STH,TIP,TV2,VGT"
PVS,384666,"Lợi nhuận Hoa Sen (HSG) giảm 62,3% trong quý I niên độ tài chính 2025 - 2026",,(ĐTCK) Công ty cổ phần Tập đoàn Hoa Sen (mã HSG - sàn HOSE) ghi nhận doanh thu và lợi nhuận đi lùi trong quý I niên độ tài chính 2025 – 2026 và có dấu hiệu tăng trích trữ tồn kho.,1769916063,2026-02-01 10:21:03,1769916063,2026-02-01 10:21:03,https://www.tinnhanhchungkhoan.vn/loi-nhuan-hoa-sen-hsg-giam-623-trong-quy-i-nien-do-tai-chinh-2025-2026-post384666.html,/loi-nhuan-hoa-sen-hsg-giam-623-trong-quy-i-nien-do-tai-chinh-2025-2026-post384666.html,https://image.tinnhanhchungkhoan.vn/w200/Uploaded/2026/lcgjikao/2026_02_01/01-8398-4117.jpg,,,,4,Thông tin doanh nghiệp,/thong-tin-doanh-nghiep/,"BMI,C4G,DL1,FPT,GCF,GMD,HUT,IDC,ITD,MBB,MWG,PAC,PC1,PVD,PVS,SHB,SIP,STH,TIP,TV2,VGT"
PVS,384656,"Thép Nam Kim (NKG) lỗ 9,34 tỷ đồng trong quý IV/2025, đánh dấu lỗ trở lại sau 10 quý",,"(ĐTCK) CTCP Thép Nam Kim (mã NKG - sàn HOSE) ghi nhận lỗ 9,34 tỷ đồng trong quý IV, luỹ kế năm 2025 lãi 197,19 tỷ đồng, giảm 56,55% và không hoàn thành kế hoạch năm.",1769915573,2026-02-01 10:12:53,1769915573,2026-02-01 10:12:53,https://www.tinnhanhchungkhoan.vn/thep-nam-kim-nkg-lo-934-ty-dong-trong-quy-iv2025-danh-dau-lo-tro-lai-sau-10-quy-post384656.html,/thep-nam-kim-nkg-lo-934-ty-dong-trong-quy-iv2025-danh-dau-lo-tro-lai-sau-10-quy-post384656.html,https://image.tinnhanhchungkhoan.vn/w200/Uploaded/2026/lcgjikao/2026_02_01/01-3530-7692.jpg,,,,4,Thông tin doanh nghiệp,/thong-tin-doanh-nghiep/,"BMI,C4G,DL1,FPT,GCF,GMD,HUT,IDC,ITD,MBB,MWG,PAC,PC1,PVD,PVS,SHB,SIP,STH,TIP,TV2,VGT"
PVS,384655,L40 đấu giá thành công quyền khai thác 415.000 m3 cát tại Quảng Nam,,"(ĐTCK) CTCP Đầu tư và Xây dựng 40 (L40) đã đấu giá thành công quyền khai thác bãi cát tại dự án nạo vét khơi thông dòng sông Cổ Cò (phường Điện Bàn Đông, Thành phố Đà Nẵng) với giá trúng đấu giá gần 60 tỷ đồng. Dự kiến L40 sẽ gia tăng lợi nhuận mảng vật liệu xây dựng năm 2026.",1769909966,2026-02-01 08:39:26,1769909966,2026-02-01 08:39:26,https://www.tinnhanhchungkhoan.vn/l40-dau-gia-thanh-cong-quyen-khai-thac-415000-m3-cat-tai-quang-nam-post384655.html,/l40-dau-gia-thanh-cong-quyen-khai-thac-415000-m3-cat-tai-quang-nam-post384655.html,https://image.tinnhanhchungkhoan.vn/w200/Uploaded/2026/ipuokbf/2026_02_01/song-co-co-copy-8566-1916.jpg,,,,4,Thông tin doanh nghiệp,/thong-tin-doanh-nghiep/,"BMI,C4G,DL1,FPT,GCF,GMD,HUT,IDC,ITD,MBB,MWG,PAC,PC1,PVD,PVS,SHB,SIP,STH,TIP,TV2,VGT"
PVS,384654,"Gilimex (GIL) ghi nhận dòng tiền âm kỷ lục 677,5 tỷ đồng trong năm 2025",,"(ĐTCK) CTCP Sản xuất Kinh doanh Xuất nhập khẩu Bình Thạnh (Gilimex, mã GIL - sàn HOSE) ghi nhận lãi 138,19 tỷ đồng trong quý IV, luỹ kế cả năm 2025 lãi 35,64 tỷ đồng, tăng 29% so với cùng kỳ và chỉ đạt 23,8% kế hoạch năm.",1769909653,2026-02-01 08:34:13,1769909653,2026-02-01 08:34:13,https://www.tinnhanhchungkhoan.vn/gilimex-gil-ghi-nhan-dong-tien-am-ky-luc-6775-ty-dong-trong-nam-2025-post384654.html,/gilimex-gil-ghi-nhan-dong-tien-am-ky-luc-6775-ty-dong-trong-nam-2025-post384654.html,https://image.tinnhanhchungkhoan.vn/w200/Uploaded/2026/lcgjikao/2026_01_31/01-3473-8010.jpg,,,,4,Thông tin doanh nghiệp,/thong-tin-doanh-nghiep/,"BMI,C4G,DL1,FPT,GCF,GMD,HUT,IDC,ITD,MBB,MWG,PAC,PC1,PVD,PVS,SHB,SIP,STH,TIP,TV2,VGT"
PVS,384648,Văn Phú (VPI) vượt chỉ tiêu lợi nhuận năm 2025,,"(ĐTCK) Dòng tiền thu được từ các dự án gồm Vlasta - Thủy Nguyên (Hải Phòng), Yên Phong (Bắc Ninh), TT39-40 (Hà Nội) , Dự án Song Khê - Nội Hoàng - (Bắc Ninh) giúp Công ty cổ phần Phát triển bất động sản Văn Phú (mã chứng khoán: VPI) kết thúc quý IV/2025 với lợi nhuận sau thuế ở mức 132 tỷ đồng, qua đó, thực hiện 112% chỉ tiêu lợi nhuận năm 2025 đã được các cổ đông thông qua tại cuộc họp ĐHĐCĐ thường niên.",1769837990,2026-01-31 12:39:50,1769837990,2026-01-31 12:39:50,https://www.tinnhanhchungkhoan.vn/van-phu-vpi-vuot-chi-tieu-loi-nhuan-nam-2025-post384648.html,/van-phu-vpi-vuot-chi-tieu-loi-nhuan-nam-2025-post384648.html,https://image.tinnhanhchungkhoan.vn/w200/Uploaded/2026/ipuokbf/2026_01_31/vpi-vlasta-phu-thuan-2958-8443.jpg,Dự án Vlasta Premier – Phú Thuận,,,4,Thông tin doanh nghiệp,/thong-tin-doanh-nghiep/,"BMI,C4G,DL1,FPT,GCF,GMD,HUT,IDC,ITD,MBB,MWG,PAC,PC1,PVD,PVS,SHB,SIP,STH,TIP,TV2,VGT"
PVS,384635,"Vinasun (VNS): Lợi nhuận năm 2025 đạt hơn 38 tỷ đồng, giảm 54,5%",,"(ĐTCK) Công ty cổ phần Ánh Dương Việt Nam (Vinasun, mã VNS - sàn HOSE) ghi nhận lãi 4,94 tỷ đồng trong quý IV, luỹ kế năm 2025 lãi 38,29 tỷ đồng, giảm 54,5% so với cùng kỳ và chỉ hoàn thành 71,4% kế hoạch năm.",1769825682,2026-01-31 09:14:42,1769825682,2026-01-31 09:14:42,https://www.tinnhanhchungkhoan.vn/vinasun-vns-loi-nhuan-nam-2025-dat-hon-38-ty-dong-giam-545-post384635.html,/vinasun-vns-loi-nhuan-nam-2025-dat-hon-38-ty-dong-giam-545-post384635.html,https://image.tinnhanhchungkhoan.vn/w200/Uploaded/2026/lcgjikao/2026_01_31/01-5716-1382.jpg,,,,4,Thông tin doanh nghiệp,/thong-tin-doanh-nghiep/,"BMI,C4G,DL1,FPT,GCF,GMD,HUT,IDC,ITD,MBB,MWG,PAC,PC1,PVD,PVS,SHB,SIP,STH,TIP,TV2,VGT"
PVS,384631,DIC Corp (DIG): Lãi đột biến quý IV/2025 nhờ bán một phần dự án Đại Phước,,"(ĐTCK) Tổng CTCP Đầu tư Phát triển Xây dựng (DIC Corp, mã DIG - sàn HOSE) ghi nhận lãi 423,99 tỷ đồng trong quý IV, luỹ kế năm 2025 lãi 623,95 tỷ đồng, tăng 509,2% so với cùng kỳ.",1769817644,2026-01-31 07:00:44,1769789831,2026-01-30 23:17:11,https://www.tinnhanhchungkhoan.vn/dic-corp-dig-lai-dot-bien-quy-iv2025-nho-ban-mot-phan-du-an-dai-phuoc-post384631.html,/dic-corp-dig-lai-dot-bien-quy-iv2025-nho-ban-mot-phan-du-an-dai-phuoc-post384631.html,https://image.tinnhanhchungkhoan.vn/w200/Uploaded/2026/lcgjikao/2026_01_30/01-5560-947.jpg,,,,4,Thông tin doanh nghiệp,/thong-tin-doanh-nghiep/,"BMI,C4G,DL1,FPT,GCF,GMD,HUT,IDC,ITD,MBB,MWG,PAC,PC1,PVD,PVS,SHB,SIP,STH,TIP,TV2,VGT"
PVS,384633,"Năm 2025, YeaH1 (YEG) ghi nhận lợi nhuận sau thuế đạt 80,3 tỷ đồng",,"(ĐTCK) Trước nhiều biến động của thị trường chung năm 2025, YeaH1 ghi nhận doanh thu thuần đạt 1.653 tỷ đồng, tăng 61% so với cùng kỳ và vượt 27% so với kế hoạch năm.",1769816733,2026-01-31 06:45:33,1769789740,2026-01-30 23:15:40,https://www.tinnhanhchungkhoan.vn/nam-2025-yeah1-yeg-ghi-nhan-loi-nhuan-sau-thue-dat-803-ty-dong-post384633.html,/nam-2025-yeah1-yeg-ghi-nhan-loi-nhuan-sau-thue-dat-803-ty-dong-post384633.html,https://image.tinnhanhchungkhoan.vn/w200/Uploaded/2026/bpcpcwvo/2026_01_30/yeg-concert-5715-7796.png,,,,4,Thông tin doanh nghiệp,/thong-tin-doanh-nghiep/,"BMI,C4G,DL1,FPT,GCF,GMD,HUT,IDC,ITD,MBB,MWG,PAC,PC1,PVD,PVS,SHB,SIP,STH,TIP,TV2,VGT"
PVS,384629,Eximbank (EIB) báo lãi trước thuế hơn 1.500 tỷ đồng trong năm 2025,,"(ĐTCK) Tổng lợi nhuận trước thuế của Eximbank trong năm 2025 đạt 1.511,7 tỷ đồng, chỉ đạt 29,12% kế hoạch năm.",1769771854,2026-01-30 18:17:34,1769779108,2026-01-30 20:18:28,https://www.tinnhanhchungkhoan.vn/eximbank-eib-bao-lai-truoc-thue-hon-1500-ty-dong-trong-nam-2025-post384629.html,/eximbank-eib-bao-lai-truoc-thue-hon-1500-ty-dong-trong-nam-2025-post384629.html,https://image.tinnhanhchungkhoan.vn/w200/Uploaded/2026/bpcgdqvp/2026_01_30/eib-594-5150.jpg,,,,4,Thông tin doanh nghiệp,/thong-tin-doanh-nghiep/,"BMI,C4G,DL1,FPT,GCF,GMD,HUT,IDC,ITD,MBB,MWG,PAC,PC1,PVD,PVS,SHB,SIP,STH,TIP,TV2,VGT"
PVS,384628,"Giữa “tâm bão” ngành chăn nuôi, BAF nỗ lực giữ biên lợi nhuận",,"(ĐTCK) Giữa bối cảnh giá lợn hơi lao dốc, BAF Việt Nam nổi bật với chiến lược tối ưu chi phí sản xuất, giá vốn giảm 14,2% tương đương khoảng 700 tỷ đồng, giúp lợi nhuận gộp giữ đà tăng 14,7%. Song song, doanh nghiệp chủ động mở rộng quy mô, đẩy nhanh tiến độ dự án chăn nuôi công nghệ cao nhà cao tầng và tập trung nghiên cứu, lai tạo giống heo năng suất cao, tăng sức chống chịu dịch bệnh, tạo nền tảng bứt phá cho giai đoạn 2026 - 2030.",1769769063,2026-01-30 17:31:03,1769769063,2026-01-30 17:31:03,https://www.tinnhanhchungkhoan.vn/giua-tam-bao-nganh-chan-nuoi-baf-no-luc-giu-bien-loi-nhuan-post384628.html,/giua-tam-bao-nganh-chan-nuoi-baf-no-luc-giu-bien-loi-nhuan-post384628.html,https://image.tinnhanhchungkhoan.vn/w200/Uploaded/2026/bpikpjik/2026_01_30/baf-9294-5858.jpg,,,,4,Thông tin doanh nghiệp,/thong-tin-doanh-nghiep/,"BMI,C4G,DL1,FPT,GCF,GMD,HUT,IDC,ITD,MBB,MWG,PAC,PC1,PVD,PVS,SHB,SIP,STH,TIP,TV2,VGT"
PVS,384618,"Khang Điền (KDH): Lợi nhuận 2025 vượt 63% kế hoạch, đạt hơn 1.633 tỷ đồng, mở rộng tăng trưởng trong 2026",,"(ĐTCK) Công ty cổ phần Đầu tư và Kinh doanh Nhà Khang Điền (mã chứng khoán KDH) vừa công bố báo cáo tài chính năm 2025, ghi nhận doanh thu hợp nhất tăng trưởng 16% và lợi nhuận sau thuế tăng gấp đôi so với cùng kỳ năm, vượt xa kế hoạch đề ra.",1769768553,2026-01-30 17:22:33,1769768553,2026-01-30 17:22:33,https://www.tinnhanhchungkhoan.vn/khang-dien-kdh-loi-nhuan-2025-vuot-63-ke-hoach-dat-hon-1633-ty-dong-mo-rong-tang-truong-trong-2026-post384618.html,/khang-dien-kdh-loi-nhuan-2025-vuot-63-ke-hoach-dat-hon-1633-ty-dong-mo-rong-tang-truong-trong-2026-post384618.html,https://image.tinnhanhchungkhoan.vn/w200/Uploaded/2026/djshp/2026_01_25/2-992-368.jpg,"Mới đây, Khang Điền đã động thổ khu cao tầng Gladia by the Waters gồm hơn 600 căn hộ, dự kiến bàn giao quý IV/2027.",,,4,Thông tin doanh nghiệp,/thong-tin-doanh-nghiep/,"BMI,C4G,DL1,FPT,GCF,GMD,HUT,IDC,ITD,MBB,MWG,PAC,PC1,PVD,PVS,SHB,SIP,STH,TIP,TV2,VGT"
PVS,384620,"TTC Land (SCR) đạt lợi nhuận sau thuế 67,38 tỷ đồng trong năm 2025",,"(ĐTCK) CTCP Địa ốc Sài Gòn Thương Tín (TTC Land, mã SCR - sàn HOSE) ghi nhận lợi nhuận sau thuế 33,47 tỷ đồng trong quý IV, luỹ kế năm 2025 lãi 67,38 tỷ đồng, tăng hơn 14,85 lần so với cùng kỳ.",1769763442,2026-01-30 15:57:22,1769763442,2026-01-30 15:57:22,https://www.tinnhanhchungkhoan.vn/ttc-land-scr-dat-loi-nhuan-sau-thue-6738-ty-dong-trong-nam-2025-post384620.html,/ttc-land-scr-dat-loi-nhuan-sau-thue-6738-ty-dong-trong-nam-2025-post384620.html,https://image.tinnhanhchungkhoan.vn/w200/Uploaded/2026/lcgjikao/2026_01_30/01-8713-3228.jpeg,,,,4,Thông tin doanh nghiệp,/thong-tin-doanh-nghiep/,"BMI,C4G,DL1,FPT,GCF,GMD,HUT,IDC,ITD,MBB,MWG,PAC,PC1,PVD,PVS,SHB,SIP,STH,TIP,TV2,VGT"
PVS,384615,"Lợi nhuận trước thuế năm 2025 của OCB đạt 5.046 tỷ đồng, tăng gần 26%",,"(ĐTCK) Theo báo cáo tài chính quý IV vừa được Ngân hàng Phương Đông (mã CK: OCB) công bố, lợi nhuận trước thuế năm 2025 đạt mức 5.046 tỷ đồng, tăng 25,9% so với năm 2024.",1769762805,2026-01-30 15:46:45,1769768157,2026-01-30 17:15:57,https://www.tinnhanhchungkhoan.vn/loi-nhuan-truoc-thue-nam-2025-cua-ocb-dat-5046-ty-dong-tang-gan-26-post384615.html,/loi-nhuan-truoc-thue-nam-2025-cua-ocb-dat-5046-ty-dong-tang-gan-26-post384615.html,https://image.tinnhanhchungkhoan.vn/w200/Uploaded/2026/bpcgdqvp/2024_01_30/ocb-3903.jpg,,,,4,Thông tin doanh nghiệp,/thong-tin-doanh-nghiep/,"BMI,C4G,DL1,FPT,GCF,GMD,HUT,IDC,ITD,MBB,MWG,PAC,PC1,PVD,PVS,SHB,SIP,STH,TIP,TV2,VGT"
PVS,384614,Hạ tầng GELEX (GEL) phê duyệt khoản vay 200 triệu USD vốn quốc tế,,"(ĐTCK) CTCP Hạ tầng GELEX (mã GEL - sàn HOSE) vừa công bố nghị quyết hội đồng quản trị về việc phê duyệt khoản vay nước ngoài trị giá 200 triệu USD, trong đó HSBC đóng vai trò là ngân hàng thu xếp chính duy nhất kiêm điều phối sổ.",1769762776,2026-01-30 15:46:16,1769779705,2026-01-30 20:28:25,https://www.tinnhanhchungkhoan.vn/ha-tang-gelex-gel-phe-duyet-khoan-vay-200-trieu-usd-von-quoc-te-post384614.html,/ha-tang-gelex-gel-phe-duyet-khoan-vay-200-trieu-usd-von-quoc-te-post384614.html,https://image.tinnhanhchungkhoan.vn/w200/Uploaded/2026/lcgjikao/2026_01_30/02-4078-873.jpg,Hạ tầng GELEX đã làm việc với hơn 30 ngân hàng và tổ chức tài chính tại Singapore và Đài Loan.,,,4,Thông tin doanh nghiệp,/thong-tin-doanh-nghiep/,"BMI,C4G,DL1,FPT,GCF,GMD,HUT,IDC,ITD,MBB,MWG,PAC,PC1,PVD,PVS,SHB,SIP,STH,TIP,TV2,VGT"
PVS,384613,"PTM lên kế hoạch chia cổ tức 30% bằng tiền, Haxaco (HAX) có thể nhận về gần 50 tỷ đồng",,"(ĐTCK) CTCP Sản xuất, Thương mại và Dịch vụ ô tô PTM (mã chứng khoán PTM) vừa có dự thảo tài liệu họp Đại hội đồng cổ đông thường niên 2026, trong đó có tờ trình phương án phân phối lợi nhuận năm 2025, chia cổ tức 30% bằng tiền mặt.",1769762727,2026-01-30 15:45:27,1769762727,2026-01-30 15:45:27,https://www.tinnhanhchungkhoan.vn/ptm-len-ke-hoach-chia-co-tuc-30-bang-tien-haxaco-hax-co-the-nhan-ve-gan-50-ty-dong-post384613.html,/ptm-len-ke-hoach-chia-co-tuc-30-bang-tien-haxaco-hax-co-the-nhan-ve-gan-50-ty-dong-post384613.html,https://image.tinnhanhchungkhoan.vn/w200/Uploaded/2026/wpxlcdjwi/2022_06_01/dien-bien-thi-truong-bat-loi-haxaco-hoan-tang-von-8721.jpg,Haxaco (HAX) sắp nhận gần 50 tỷ đồng tiền cổ tức từ PTM,,,4,Thông tin doanh nghiệp,/thong-tin-doanh-nghiep/,"BMI,C4G,DL1,FPT,GCF,GMD,HUT,IDC,ITD,MBB,MWG,PAC,PC1,PVD,PVS,SHB,SIP,STH,TIP,TV2,VGT"
PVS,384611,"Năm 2025, MSB đạt lợi nhuận trước thuế hợp nhất 7.058 tỷ đồng",,"(ĐTCK) Tại ngày 31/12/2025, tổng tài sản hợp nhất của Ngân hàng TMCP Hàng Hải Việt Nam (MSB - sàn HOSE) đạt gần 408 nghìn tỷ đồng, tăng 27,3% so với thời điểm đầu năm. Động lực chính của sự tăng trưởng quy mô đến từ hoạt động tín dụng.",1769762700,2026-01-30 15:45:00,1769762700,2026-01-30 15:45:00,https://www.tinnhanhchungkhoan.vn/nam-2025-msb-dat-loi-nhuan-truoc-thue-hop-nhat-7058-ty-dong-post384611.html,/nam-2025-msb-dat-loi-nhuan-truoc-thue-hop-nhat-7058-ty-dong-post384611.html,https://image.tinnhanhchungkhoan.vn/w200/Uploaded/2026/pwvolcvo/2026_01_30/msb-6-7064-2022.jpg,,,,4,Thông tin doanh nghiệp,/thong-tin-doanh-nghiep/,"BMI,C4G,DL1,FPT,GCF,GMD,HUT,IDC,ITD,MBB,MWG,PAC,PC1,PVD,PVS,SHB,SIP,STH,TIP,TV2,VGT"
SHB,384814,Dịch vụ Phân phối Tổng hợp Dầu khí (PSD) vượt 40% mục tiêu lợi nhuận 2025,,"(ĐTCK) Năm 2025, CTCP Dịch vụ Phân phối Tổng hợp Dầu khí (Petrosetco Distribution, mã PSD) ghi nhận 143,1 tỷ đồng lợi nhuận sau thuế, tăng 73% so với năm trước và vượt 40% mục tiêu năm.",1770108462,2026-02-03 15:47:42,1770108462,2026-02-03 15:47:42,https://www.tinnhanhchungkhoan.vn/dich-vu-phan-phoi-tong-hop-dau-khi-psd-vuot-40-muc-tieu-loi-nhuan-2025-post384814.html,/dich-vu-phan-phoi-tong-hop-dau-khi-psd-vuot-40-muc-tieu-loi-nhuan-2025-post384814.html,https://image.tinnhanhchungkhoan.vn/w200/Uploaded/2026/xvrhgenatpx97/2026_02_03/492389603-1269083815221635-1856212450220482697-n-8553-4165.jpg,,,,4,Thông tin doanh nghiệp,/thong-tin-doanh-nghiep/,"BMI,C4G,DL1,FPT,GCF,GMD,HUT,IDC,ITD,MBB,MWG,PAC,PC1,PVD,PVS,SHB,SIP,STH,TIP,TV2,VGT"
SHB,384815,"Becamex IDC (BCM) chia cổ tức 11% bằng tiền mặt, lợi nhuận 2025 vượt hơn 42% kế hoạch",,"(ĐTCK) Ngày 13/2 tới đây, Tập đoàn Đầu tư và Phát triển Công nghiệp Becamex - CTCP (Becamex IDC, mã BCM - sàn HOSE) vừa thông báo về việc chia cổ tức năm 2024.",1770108203,2026-02-03 15:43:23,1770108203,2026-02-03 15:43:23,https://www.tinnhanhchungkhoan.vn/becamex-idc-bcm-chia-co-tuc-11-bang-tien-mat-loi-nhuan-2025-vuot-hon-42-ke-hoach-post384815.html,/becamex-idc-bcm-chia-co-tuc-11-bang-tien-mat-loi-nhuan-2025-vuot-hon-42-ke-hoach-post384815.html,https://image.tinnhanhchungkhoan.vn/w200/Uploaded/2026/ipuokbf/2025_02_06/becamex-idc-bcm-2233-7213.jpg,,,,4,Thông tin doanh nghiệp,/thong-tin-doanh-nghiep/,"BMI,C4G,DL1,FPT,GCF,GMD,HUT,IDC,ITD,MBB,MWG,PAC,PC1,PVD,PVS,SHB,SIP,STH,TIP,TV2,VGT"
SHB,384807,"EVNGENCO3 (PGV): Lợi nhuận sau thuế vượt 3.700 tỷ đồng, định giá cổ phiếu về vùng hấp dẫn",,(ĐTCK) Lợi nhuận năm 2025 của EVNGENCO3 (PGV) xác lập kỷ lục mới. Dòng tiền cải thiện cùng tỷ lệ nợ vay liên tục giảm nhiều năm là nền tảng quan trọng cho EVNGENCO3 trong giai đoạn mở rộng đầu tư sắp tới.,1770104233,2026-02-03 14:37:13,1770104233,2026-02-03 14:37:13,https://www.tinnhanhchungkhoan.vn/evngenco3-pgv-loi-nhuan-sau-thue-vuot-3700-ty-dong-dinh-gia-co-phieu-ve-vung-hap-dan-post384807.html,/evngenco3-pgv-loi-nhuan-sau-thue-vuot-3700-ty-dong-dinh-gia-co-phieu-ve-vung-hap-dan-post384807.html,https://image.tinnhanhchungkhoan.vn/w200/Uploaded/2026/bpikpjik/2022_01_26/evngenco3-4286.jpg,,,,4,Thông tin doanh nghiệp,/thong-tin-doanh-nghiep/,"BMI,C4G,DL1,FPT,GCF,GMD,HUT,IDC,ITD,MBB,MWG,PAC,PC1,PVD,PVS,SHB,SIP,STH,TIP,TV2,VGT"
SHB,384804,Doanh thu Sao Ta (FMC) giảm 21% ngay tháng đầu năm 2026,,"(ĐTCK) CTCP Thực phẩm Sao Ta (FMC) công bố tình hình hoạt động hợp nhất tháng 01/2026 với doanh thu đạt 20,4 triệu USD, giảm 21% so với cùng kỳ năm trước.",1770102267,2026-02-03 14:04:27,1770102267,2026-02-03 14:04:27,https://www.tinnhanhchungkhoan.vn/doanh-thu-sao-ta-fmc-giam-21-ngay-thang-dau-nam-2026-post384804.html,/doanh-thu-sao-ta-fmc-giam-21-ngay-thang-dau-nam-2026-post384804.html,https://image.tinnhanhchungkhoan.vn/w200/Uploaded/2026/xvrhgenatpx97/2023_01_16/fmc-9473.jpg,,,,4,Thông tin doanh nghiệp,/thong-tin-doanh-nghiep/,"BMI,C4G,DL1,FPT,GCF,GMD,HUT,IDC,ITD,MBB,MWG,PAC,PC1,PVD,PVS,SHB,SIP,STH,TIP,TV2,VGT"
SHB,384802,"Quý IV/2025, lợi nhuận sau thuế của Đạt Phương (DPG) tăng 46%",,"(ĐTCK) Mới đây, CTCP Tập đoàn Đạt Phương (mã DPG) công bố báo cáo tài chính quý IV/2025 cho thấy sự cải thiện về quy mô doanh thu và lợi nhuận.",1770091215,2026-02-03 11:00:15,1770091215,2026-02-03 11:00:15,https://www.tinnhanhchungkhoan.vn/quy-iv2025-loi-nhuan-sau-thue-cua-dat-phuong-dpg-tang-46-post384802.html,/quy-iv2025-loi-nhuan-sau-thue-cua-dat-phuong-dpg-tang-46-post384802.html,https://image.tinnhanhchungkhoan.vn/w200/Uploaded/2026/gtnwae/2026_02_03/1-7741-8171.jpg,,,,4,Thông tin doanh nghiệp,/thong-tin-doanh-nghiep/,"BMI,C4G,DL1,FPT,GCF,GMD,HUT,IDC,ITD,MBB,MWG,PAC,PC1,PVD,PVS,SHB,SIP,STH,TIP,TV2,VGT"
SHB,384799,Lợi nhuận Tổng công ty Tín Nghĩa (TID) giảm tới 99% trong quý IV/2025 khi phải hoàn trả cho Tỉnh uỷ Đồng Nai,,"(ĐTCK) Tổng công ty Tín Nghĩa (mã TID - UPCoM) ghi nhận lãi 1,8 tỷ đồng trong quý IV, luỹ kế cả năm 2025 ghi nhận lãi 762,13 tỷ đồng, hoàn thành 113,4% so với kế hoạch năm.",1770090820,2026-02-03 10:53:40,1770090820,2026-02-03 10:53:40,https://www.tinnhanhchungkhoan.vn/loi-nhuan-tong-cong-ty-tin-nghia-tid-giam-toi-99-trong-quy-iv2025-khi-phai-hoan-tra-cho-tinh-uy-dong-nai-post384799.html,/loi-nhuan-tong-cong-ty-tin-nghia-tid-giam-toi-99-trong-quy-iv2025-khi-phai-hoan-tra-cho-tinh-uy-dong-nai-post384799.html,https://image.tinnhanhchungkhoan.vn/w200/Uploaded/2026/lcgjikao/2026_02_03/01-906-8353.jpeg,,,,4,Thông tin doanh nghiệp,/thong-tin-doanh-nghiep/,"BMI,C4G,DL1,FPT,GCF,GMD,HUT,IDC,ITD,MBB,MWG,PAC,PC1,PVD,PVS,SHB,SIP,STH,TIP,TV2,VGT"
SHB,384779,"Gỗ An Cường (ACG) ghi nhận dòng tiền kinh doanh âm kỷ lục 408,56 tỷ đồng trong năm 2025",,"(ĐTCK) CTCP Gỗ An Cường (mã ACG - sàn HOSE) ghi nhận lãi 145,54 tỷ đồng trong quý IV, luỹ kế năm 2025 ghi nhận lãi 503,75 tỷ đồng, tăng 19,9% so với cùng kỳ năm trước.",1770077256,2026-02-03 07:07:36,1770077256,2026-02-03 07:07:36,https://www.tinnhanhchungkhoan.vn/go-an-cuong-acg-ghi-nhan-dong-tien-kinh-doanh-am-ky-luc-40856-ty-dong-trong-nam-2025-post384779.html,/go-an-cuong-acg-ghi-nhan-dong-tien-kinh-doanh-am-ky-luc-40856-ty-dong-trong-nam-2025-post384779.html,https://image.tinnhanhchungkhoan.vn/w200/Uploaded/2026/lcgjikao/2026_02_02/01-8702-1876.jpg,,,,4,Thông tin doanh nghiệp,/thong-tin-doanh-nghiep/,"BMI,C4G,DL1,FPT,GCF,GMD,HUT,IDC,ITD,MBB,MWG,PAC,PC1,PVD,PVS,SHB,SIP,STH,TIP,TV2,VGT"
SHB,384776,Searefico (SRF) thoát lỗ quý IV/2025 nhờ thu nhập khác tăng đột biến,,"(ĐTCK) Công ty cổ phần Searefico (mã SRF - sàn HOSE) ghi nhận lãi 15,71 tỷ đồng trong quý IV, luỹ kế cả năm 2025 lãi 22,18 tỷ đồng và đạt 56,9% kế hoạch năm.",1770077020,2026-02-03 07:03:40,1770077020,2026-02-03 07:03:40,https://www.tinnhanhchungkhoan.vn/searefico-srf-thoat-lo-quy-iv2025-nho-thu-nhap-khac-tang-dot-bien-post384776.html,/searefico-srf-thoat-lo-quy-iv2025-nho-thu-nhap-khac-tang-dot-bien-post384776.html,https://image.tinnhanhchungkhoan.vn/w200/Uploaded/2026/lcgjikao/2026_02_02/01-2954-71.jpg,,,,4,Thông tin doanh nghiệp,/thong-tin-doanh-nghiep/,"BMI,C4G,DL1,FPT,GCF,GMD,HUT,IDC,ITD,MBB,MWG,PAC,PC1,PVD,PVS,SHB,SIP,STH,TIP,TV2,VGT"
SHB,384774,"Thép Pomina (POM) lỗ thêm 838,2 tỷ đồng năm 2025, vốn chủ sở hữu âm hơn 623,6 tỷ đồng",,"(ĐTCK) CTCP Thép Pomina (mã POM) vừa công bố báo cáo tài chính năm 2025 với khoản lỗ sau thuế 838,2 tỷ đồng, đánh dấu năm thứ 4 liên tiếp doanh nghiệp thua lỗ, qua đó nâng lỗ lũy kế lên 3.485 tỷ đồng và khiến vốn chủ sở hữu tại thời điểm cuối năm âm hơn 623,6 tỷ đồng",1770076822,2026-02-03 07:00:22,1770076822,2026-02-03 07:00:22,https://www.tinnhanhchungkhoan.vn/thep-pomina-pom-lo-them-8382-ty-dong-nam-2025-von-chu-so-huu-am-hon-6236-ty-dong-post384774.html,/thep-pomina-pom-lo-them-8382-ty-dong-nam-2025-von-chu-so-huu-am-hon-6236-ty-dong-post384774.html,https://image.tinnhanhchungkhoan.vn/w200/Uploaded/2026/xvrhgenatpx97/2024_08_21/pom-5603.jpeg,,,,4,Thông tin doanh nghiệp,/thong-tin-doanh-nghiep/,"BMI,C4G,DL1,FPT,GCF,GMD,HUT,IDC,ITD,MBB,MWG,PAC,PC1,PVD,PVS,SHB,SIP,STH,TIP,TV2,VGT"
SHB,384773,PV Drilling (PVD) vượt 98% mục tiêu lợi nhuận năm 2025,,"(ĐTCK) Năm 2025, PV Drilling mang về 1.050,5 tỷ đồng lãi ròng, tăng 50,5% so với kết quả thực hiện năm 2024 và vượt 98% mục tiêu lợi nhuận cả năm.",1770076674,2026-02-03 06:57:54,1770076674,2026-02-03 06:57:54,https://www.tinnhanhchungkhoan.vn/pv-drilling-pvd-vuot-98-muc-tieu-loi-nhuan-nam-2025-post384773.html,/pv-drilling-pvd-vuot-98-muc-tieu-loi-nhuan-nam-2025-post384773.html,https://image.tinnhanhchungkhoan.vn/w200/Uploaded/2026/xvrhgenatpx97/2023_04_24/pvd-1871.jpeg,,,,4,Thông tin doanh nghiệp,/thong-tin-doanh-nghiep/,"BMI,C4G,DL1,FPT,GCF,GMD,HUT,IDC,ITD,MBB,MWG,PAC,PC1,PVD,PVS,SHB,SIP,STH,TIP,TV2,VGT"
SHB,384775,MB (MBB) dự kiến cán mốc vốn hóa 10 tỷ USD vào năm 2027,,"(ĐTCK) So với giai đoạn đầu năm 2017, tổng vốn hoá của Ngân hàng TMCP Quân Đội (MB - mã chứng khoán MBB) đến nay đã ghi nhận tăng 9,9 lần (tương đương khoảng 8,5 tỷ USD). Ông Lưu Trung Thái, Chủ tịch HĐQT MB cho biết, với tốc độ tăng trưởng như hiện nay, dự kiến sang năm 2027, tổng giá trị vốn hoá của MB có thể cán đến mốc 10 tỷ USD.",1770076595,2026-02-03 06:56:35,1770076595,2026-02-03 06:56:35,https://www.tinnhanhchungkhoan.vn/mb-mbb-du-kien-can-moc-von-hoa-10-ty-usd-vao-nam-2027-post384775.html,/mb-mbb-du-kien-can-moc-von-hoa-10-ty-usd-vao-nam-2027-post384775.html,https://image.tinnhanhchungkhoan.vn/w200/Uploaded/2026/ngobgt/2026_02_02/img-3950-1125-6297.jpeg,"Ông Lưu Trung Thái, Chủ tịch HĐQT Ngân hàng TMCP Quân Đội (MB) chủ trì hội nghị Nhà đầu tư.",,,4,Thông tin doanh nghiệp,/thong-tin-doanh-nghiep/,"BMI,C4G,DL1,FPT,GCF,GMD,HUT,IDC,ITD,MBB,MWG,PAC,PC1,PVD,PVS,SHB,SIP,STH,TIP,TV2,VGT"
SHB,384768,Chiến lược Go Global đang từng bước đóng góp vào tăng trưởng dài hạn của Masan Consumer (MCH),,"(ĐTCK) Trong suốt năm 2025, doanh thu quốc tế của Masan Consumer (HOSE: MCH) duy trì đà tăng trưởng tích cực và tiếp tục cải thiện trong quý gần nhất. Theo báo cáo kết quả kinh doanh, riêng kênh kinh doanh quốc tế tăng trưởng gần 27% trong năm 2025. Diễn biến này cho thấy chiến lược Go Global đang bắt đầu tạo đóng góp thực tế, thay vì chỉ dừng ở định hướng dài hạn.",1770026991,2026-02-02 17:09:51,1770029550,2026-02-02 17:52:30,https://www.tinnhanhchungkhoan.vn/chien-luoc-go-global-dang-tung-buoc-dong-gop-vao-tang-truong-dai-han-cua-masan-consumer-mch-post384768.html,/chien-luoc-go-global-dang-tung-buoc-dong-gop-vao-tang-truong-dai-han-cua-masan-consumer-mch-post384768.html,https://image.tinnhanhchungkhoan.vn/w200/Uploaded/2026/bpikpjik/2026_02_02/thuc-pham-tuoi-ngon-phong-phu-tai-sieu-thi-winmart-4053-77.jpeg,,,,4,Thông tin doanh nghiệp,/thong-tin-doanh-nghiep/,"BMI,C4G,DL1,FPT,GCF,GMD,HUT,IDC,ITD,MBB,MWG,PAC,PC1,PVD,PVS,SHB,SIP,STH,TIP,TV2,VGT"
SHB,384769,OCH vượt kế hoạch doanh thu và lợi nhuận năm 2025,,"(ĐTCK) Công ty cổ phần One Capital Hospitality (HNX: OCH) ghi nhận doanh thu cả năm 2025 đạt 1.188 tỷ đồng, lợi nhuận trước thuế 135,6 tỷ đồng, vượt kế hoạch được Đại hội đồng cổ đông (ĐHĐCĐ) đề ra.",1770026945,2026-02-02 17:09:05,1770026945,2026-02-02 17:09:05,https://www.tinnhanhchungkhoan.vn/och-vuot-ke-hoach-doanh-thu-va-loi-nhuan-nam-2025-post384769.html,/och-vuot-ke-hoach-doanh-thu-va-loi-nhuan-nam-2025-post384769.html,https://image.tinnhanhchungkhoan.vn/w200/Uploaded/2026/cqjwqcqdh/2025_10_30/och-8280-9602.jpg,,,,4,Thông tin doanh nghiệp,/thong-tin-doanh-nghiep/,"BMI,C4G,DL1,FPT,GCF,GMD,HUT,IDC,ITD,MBB,MWG,PAC,PC1,PVD,PVS,SHB,SIP,STH,TIP,TV2,VGT"
SHB,384765,"Cơ điện lạnh (REE) tạm ứng cổ tức 10% bằng tiền, lên lịch ĐHCĐ thường niên năm tài chính 2025",,"(ĐTCK) HĐQT CTCP Cơ điện lạnh (REE – sàn HOSE) vừa thông qua, ngày 27/2 tới đây sẽ thực hiện chốt danh sách cổ đông để tổ chức ĐHCĐ thường niên năm tài chính 2025 và tạm ứng cổ tức năm 2025.",1770026245,2026-02-02 16:57:25,1770026691,2026-02-02 17:04:51,https://www.tinnhanhchungkhoan.vn/co-dien-lanh-ree-tam-ung-co-tuc-10-bang-tien-len-lich-dhcd-thuong-nien-nam-tai-chinh-2025-post384765.html,/co-dien-lanh-ree-tam-ung-co-tuc-10-bang-tien-len-lich-dhcd-thuong-nien-nam-tai-chinh-2025-post384765.html,https://image.tinnhanhchungkhoan.vn/w200/Uploaded/2026/pigo/2020_09_30/cong-ty-co-phan-co-dien-lanh-bom-no-cham-trong-dau-tu-tai-chinh1590080990-3682.jpg,,,,4,Thông tin doanh nghiệp,/thong-tin-doanh-nghiep/,"BMI,C4G,DL1,FPT,GCF,GMD,HUT,IDC,ITD,MBB,MWG,PAC,PC1,PVD,PVS,SHB,SIP,STH,TIP,TV2,VGT"
SHB,384761,Vietbank (VBB): Bổ nhiệm Quyền Tổng giám đốc và một Phó tổng giám đốc,,"(ĐTCK) Ngân hàng TMCP Việt Nam Thương Tín (Vietbank, mã chứng khoán: VBB) vừa công bố quyết định kiện toàn nhân sự lãnh đạo cấp cao.",1770023282,2026-02-02 16:08:02,1770023282,2026-02-02 16:08:02,https://www.tinnhanhchungkhoan.vn/vietbank-vbb-bo-nhiem-quyen-tong-giam-doc-va-mot-pho-tong-giam-doc-post384761.html,/vietbank-vbb-bo-nhiem-quyen-tong-giam-doc-va-mot-pho-tong-giam-doc-post384761.html,https://image.tinnhanhchungkhoan.vn/w200/Uploaded/2026/bpcgdqvp/2026_02_02/vb2-3335-3688.jpg,Hội đồng Quản trị trao quyết định bổ nhiệm cho ông Lê Thanh Quý Ngọc - Quyền Tổng giám đốc và bà Trần Thị Ngọc Lý - Phó tổng giám đốc Vietbank,,,4,Thông tin doanh nghiệp,/thong-tin-doanh-nghiep/,"BMI,C4G,DL1,FPT,GCF,GMD,HUT,IDC,ITD,MBB,MWG,PAC,PC1,PVD,PVS,SHB,SIP,STH,TIP,TV2,VGT"
SHB,384752,"CDC Construction (CCC): Dòng tiền kinh doanh âm kỷ lục 335,17 tỷ đồng trong 9 tháng đầu niên độ 2025 - 2026",,"(ĐTCK) Công ty cổ phần Xây dựng CDC (CDC Construction, mã CCC - sàn HOSE) ghi nhận lãi 9,67 tỷ đồng trong quý III, luỹ kế 9 tháng trong niên độ 2025 - 2026 ghi nhận lãi 30,31 tỷ đồng, tăng 3,8% so với cùng kỳ và hoàn thành 64,1% kế hoạch năm.",1770022404,2026-02-02 15:53:24,1770022404,2026-02-02 15:53:24,https://www.tinnhanhchungkhoan.vn/cdc-construction-ccc-dong-tien-kinh-doanh-am-ky-luc-33517-ty-dong-trong-9-thang-dau-nien-do-2025-2026-post384752.html,/cdc-construction-ccc-dong-tien-kinh-doanh-am-ky-luc-33517-ty-dong-trong-9-thang-dau-nien-do-2025-2026-post384752.html,https://image.tinnhanhchungkhoan.vn/w200/Uploaded/2026/lcgjikao/2026_02_02/01-5399-2697.jpg,,,,4,Thông tin doanh nghiệp,/thong-tin-doanh-nghiep/,"BMI,C4G,DL1,FPT,GCF,GMD,HUT,IDC,ITD,MBB,MWG,PAC,PC1,PVD,PVS,SHB,SIP,STH,TIP,TV2,VGT"
SHB,384712,"Doanh thu cả năm vượt 37.000 tỷ đồng, Tasco (HUT) báo lãi gấp 2 lần năm trước",,"(ĐTCK) Năm 2025, Công ty Cổ phần Tasco (HNX: HUT) ghi nhận doanh thu 37.000 tỷ đồng, lợi nhuận sau thuế hơn 623 tỷ đồng, gấp 2 lần năm trước và cao nhất trong lịch sử hoạt động.",1770019201,2026-02-02 15:00:01,1770000938,2026-02-02 09:55:38,https://www.tinnhanhchungkhoan.vn/doanh-thu-ca-nam-vuot-37000-ty-dong-tasco-hut-bao-lai-gap-2-lan-nam-truoc-post384712.html,/doanh-thu-ca-nam-vuot-37000-ty-dong-tasco-hut-bao-lai-gap-2-lan-nam-truoc-post384712.html,https://image.tinnhanhchungkhoan.vn/w200/Uploaded/2026/xpwvotiv/2026_02_02/tasco-5092-7931.jpg,,,,4,Thông tin doanh nghiệp,/thong-tin-doanh-nghiep/,"BMI,C4G,DL1,FPT,GCF,GMD,HUT,IDC,ITD,MBB,MWG,PAC,PC1,PVD,PVS,SHB,SIP,STH,TIP,TV2,VGT"
SHB,384740,Quốc Cường Gia Lai (QCG) lãi đột biến quý IV/2025 nhờ thanh lý các khoản đầu tư,,"(ĐTCK) CTCP Quốc Cường Gia Lai (mã QCG - sàn HOSE) ghi nhận lãi 137,22 tỷ đồng trong quý IV, lũy kế năm 2025 lãi 171,28 tỷ đồng, tăng 109% so với năm 2024 và không hoàn thành kế hoạch năm.",1770016785,2026-02-02 14:19:45,1770016785,2026-02-02 14:19:45,https://www.tinnhanhchungkhoan.vn/quoc-cuong-gia-lai-qcg-lai-dot-bien-quy-iv2025-nho-thanh-ly-cac-khoan-dau-tu-post384740.html,/quoc-cuong-gia-lai-qcg-lai-dot-bien-quy-iv2025-nho-thanh-ly-cac-khoan-dau-tu-post384740.html,https://image.tinnhanhchungkhoan.vn/w200/Uploaded/2026/lcgjikao/2026_02_02/01-5700-5016.jpg,,,,4,Thông tin doanh nghiệp,/thong-tin-doanh-nghiep/,"BMI,C4G,DL1,FPT,GCF,GMD,HUT,IDC,ITD,MBB,MWG,PAC,PC1,PVD,PVS,SHB,SIP,STH,TIP,TV2,VGT"
SHB,384739,"Thuỷ điện Vĩnh Sơn - Sông Hinh (VSH) chốt quyền nhận cổ tức 10%, dự kiến họp ĐHCĐ 2026 cuối tháng 3",,"(ĐTCK) CTCP Thuỷ điện Vĩnh Sơn - Sông Hinh (mã VSH) mới thông báo, ngày 23/02 tới đây sẽ chốt danh sách cổ đông nhận cổ tức đợt 3/2025 và tham dự đại hội cổ đông năm 2026.",1770016761,2026-02-02 14:19:21,1770016761,2026-02-02 14:19:21,https://www.tinnhanhchungkhoan.vn/thuy-dien-vinh-son-song-hinh-vsh-chot-quyen-nhan-co-tuc-10-du-kien-hop-dhcd-2026-cuoi-thang-3-post384739.html,/thuy-dien-vinh-son-song-hinh-vsh-chot-quyen-nhan-co-tuc-10-du-kien-hop-dhcd-2026-cuoi-thang-3-post384739.html,https://image.tinnhanhchungkhoan.vn/w200/Uploaded/2026/xvrhgenatpx97/2024_10_24/vsh-8946.jpeg,,,,4,Thông tin doanh nghiệp,/thong-tin-doanh-nghiep/,"BMI,C4G,DL1,FPT,GCF,GMD,HUT,IDC,ITD,MBB,MWG,PAC,PC1,PVD,PVS,SHB,SIP,STH,TIP,TV2,VGT"
SHB,384741,VPS (VCK) được VASB vinh danh công ty chứng khoán đạt điểm thực hành ESG cao nhất,,"(ĐTCK) Công ty cổ phần Chứng khoán VPS (mã chứng khoán VCK) là một trong hai công ty chứng khoán được xếp hạng cao nhất trong chương trình chấm điểm thực hành ESG do Hiệp hội Chứng khoán Việt Nam (VASB) tổ chức, khẳng định cam kết mạnh mẽ của doanh nghiệp đối với phát triển bền vững theo chuẩn mực quốc tế.",1770016630,2026-02-02 14:17:10,1770343895,2026-02-06 09:11:35,https://www.tinnhanhchungkhoan.vn/vps-vck-duoc-vasb-vinh-danh-cong-ty-chung-khoan-dat-diem-thuc-hanh-esg-cao-nhat-post384741.html,/vps-vck-duoc-vasb-vinh-danh-cong-ty-chung-khoan-dat-diem-thuc-hanh-esg-cao-nhat-post384741.html,https://image.tinnhanhchungkhoan.vn/w200/Uploaded/2026/ipuokbf/2026_02_06/800x500-8825-6213.png,,,,4,Thông tin doanh nghiệp,/thong-tin-doanh-nghiep/,"BMI,C4G,DL1,FPT,GCF,GMD,HUT,IDC,ITD,MBB,MWG,PAC,PC1,PVD,PVS,SHB,SIP,STH,TIP,TV2,VGT"
SHB,384738,"Doanh thu năm 2025 của Vinamilk (VNM) đạt 63.724 tỷ đồng, cao nhất lịch sử Công ty",,"(ĐTCK)Tổng doanh thu hợp nhất quý IV/2025 của Công ty cổ phần Sữa Việt Nam (Vinamilk - mã VNM) đạt 17.045 tỷ đồng, tiếp tục lập đỉnh mới, tăng 10,1% so với cùng kỳ.",1770016538,2026-02-02 14:15:38,1770016538,2026-02-02 14:15:38,https://www.tinnhanhchungkhoan.vn/doanh-thu-nam-2025-cua-vinamilk-vnm-dat-63724-ty-dong-cao-nhat-lich-su-cong-ty-post384738.html,/doanh-thu-nam-2025-cua-vinamilk-vnm-dat-63724-ty-dong-cao-nhat-lich-su-cong-ty-post384738.html,https://image.tinnhanhchungkhoan.vn/w200/Uploaded/2026/unvjshu/2026_02_02/vnm-1723-4621.jpg,Đẩy mạnh các hoạt động xúc tiến thương mại giúp Vinamilk nâng cao hình ảnh và vị thế thương hiệu trên thị trường quốc tế. Ảnh: Vi Nam,,,4,Thông tin doanh nghiệp,/thong-tin-doanh-nghiep/,"BMI,C4G,DL1,FPT,GCF,GMD,HUT,IDC,ITD,MBB,MWG,PAC,PC1,PVD,PVS,SHB,SIP,STH,TIP,TV2,VGT"
SHB,384726,"Địa ốc Hoàng Quân (HQC) thoát lỗ quý IV/2025 nhờ hoạt động tài chính, thu hồi công nợ và hoàn nhập dự phòng",,"(ĐTCK) CTCP Tư vấn Thương mại Dịch vụ Địa ốc Hoàng Quân (mã HQC - sàn HOSE) ghi nhận lãi 55,08 tỷ đồng trong quý IV, luỹ kế cả năm 2025 lãi 73,21 tỷ đồng, tăng trưởng 116,8% và hoàn thành 104,6% kế hoạch năm.",1770006229,2026-02-02 11:23:49,1770006229,2026-02-02 11:23:49,https://www.tinnhanhchungkhoan.vn/dia-oc-hoang-quan-hqc-thoat-lo-quy-iv2025-nho-hoat-dong-tai-chinh-thu-hoi-cong-no-va-hoan-nhap-du-phong-post384726.html,/dia-oc-hoang-quan-hqc-thoat-lo-quy-iv2025-nho-hoat-dong-tai-chinh-thu-hoi-cong-no-va-hoan-nhap-du-phong-post384726.html,https://image.tinnhanhchungkhoan.vn/w200/Uploaded/2026/lcgjikao/2026_02_02/01-2382-9002.jpg,,,,4,Thông tin doanh nghiệp,/thong-tin-doanh-nghiep/,"BMI,C4G,DL1,FPT,GCF,GMD,HUT,IDC,ITD,MBB,MWG,PAC,PC1,PVD,PVS,SHB,SIP,STH,TIP,TV2,VGT"
SHB,384713,"Vietbank (VBB) đạt 1.532 tỷ đồng lợi nhuận trước thuế năm 2025, chuẩn bị niêm yết sàn HOSE",,"(ĐTCK) Năm 2025, Ngân hàng TMCP Việt Nam Thương Tín (Vietbank, mã chứng khoán VBB) ghi nhận lợi nhuận trước thuế hợp nhất đạt 1.532 tỷ đồng, tăng 35% so với năm 2024.",1769997537,2026-02-02 08:58:57,1769997537,2026-02-02 08:58:57,https://www.tinnhanhchungkhoan.vn/vietbank-vbb-dat-1532-ty-dong-loi-nhuan-truoc-thue-nam-2025-chuan-bi-niem-yet-san-hose-post384713.html,/vietbank-vbb-dat-1532-ty-dong-loi-nhuan-truoc-thue-nam-2025-chuan-bi-niem-yet-san-hose-post384713.html,https://image.tinnhanhchungkhoan.vn/w200/Uploaded/2026/bpcgdqvp/2023_09_20/vietbank-527.jpg,,,,4,Thông tin doanh nghiệp,/thong-tin-doanh-nghiep/,"BMI,C4G,DL1,FPT,GCF,GMD,HUT,IDC,ITD,MBB,MWG,PAC,PC1,PVD,PVS,SHB,SIP,STH,TIP,TV2,VGT"
SHB,384684,Đầu tư Thương mại SMC (SMC) ghi nhận lãi đột biến trở lại trong quý IV/2025 nhờ thanh lý tài sản và hoàn nhập dự phòng,,"(ĐTCK) Công ty cổ phần Đầu tư Thương mại SMC (mã SMC - sàn HOSE) ghi nhận lãi 343,95 tỷ đồng trong quý IV, luỹ kế cả năm 2025 lãi 185,07 tỷ đồng và hoàn thành tới 616,9% kế hoạch năm.",1769990120,2026-02-02 06:55:20,1769961336,2026-02-01 22:55:36,https://www.tinnhanhchungkhoan.vn/dau-tu-thuong-mai-smc-smc-ghi-nhan-lai-dot-bien-tro-lai-trong-quy-iv2025-nho-thanh-ly-tai-san-va-hoan-nhap-du-phong-post384684.html,/dau-tu-thuong-mai-smc-smc-ghi-nhan-lai-dot-bien-tro-lai-trong-quy-iv2025-nho-thanh-ly-tai-san-va-hoan-nhap-du-phong-post384684.html,https://image.tinnhanhchungkhoan.vn/w200/Uploaded/2026/lcgjikao/2026_02_01/01-150-4789.jpg,,,,4,Thông tin doanh nghiệp,/thong-tin-doanh-nghiep/,"BMI,C4G,DL1,FPT,GCF,GMD,HUT,IDC,ITD,MBB,MWG,PAC,PC1,PVD,PVS,SHB,SIP,STH,TIP,TV2,VGT"
SHB,384666,"Lợi nhuận Hoa Sen (HSG) giảm 62,3% trong quý I niên độ tài chính 2025 - 2026",,(ĐTCK) Công ty cổ phần Tập đoàn Hoa Sen (mã HSG - sàn HOSE) ghi nhận doanh thu và lợi nhuận đi lùi trong quý I niên độ tài chính 2025 – 2026 và có dấu hiệu tăng trích trữ tồn kho.,1769916063,2026-02-01 10:21:03,1769916063,2026-02-01 10:21:03,https://www.tinnhanhchungkhoan.vn/loi-nhuan-hoa-sen-hsg-giam-623-trong-quy-i-nien-do-tai-chinh-2025-2026-post384666.html,/loi-nhuan-hoa-sen-hsg-giam-623-trong-quy-i-nien-do-tai-chinh-2025-2026-post384666.html,https://image.tinnhanhchungkhoan.vn/w200/Uploaded/2026/lcgjikao/2026_02_01/01-8398-4117.jpg,,,,4,Thông tin doanh nghiệp,/thong-tin-doanh-nghiep/,"BMI,C4G,DL1,FPT,GCF,GMD,HUT,IDC,ITD,MBB,MWG,PAC,PC1,PVD,PVS,SHB,SIP,STH,TIP,TV2,VGT"
SHB,384656,"Thép Nam Kim (NKG) lỗ 9,34 tỷ đồng trong quý IV/2025, đánh dấu lỗ trở lại sau 10 quý",,"(ĐTCK) CTCP Thép Nam Kim (mã NKG - sàn HOSE) ghi nhận lỗ 9,34 tỷ đồng trong quý IV, luỹ kế năm 2025 lãi 197,19 tỷ đồng, giảm 56,55% và không hoàn thành kế hoạch năm.",1769915573,2026-02-01 10:12:53,1769915573,2026-02-01 10:12:53,https://www.tinnhanhchungkhoan.vn/thep-nam-kim-nkg-lo-934-ty-dong-trong-quy-iv2025-danh-dau-lo-tro-lai-sau-10-quy-post384656.html,/thep-nam-kim-nkg-lo-934-ty-dong-trong-quy-iv2025-danh-dau-lo-tro-lai-sau-10-quy-post384656.html,https://image.tinnhanhchungkhoan.vn/w200/Uploaded/2026/lcgjikao/2026_02_01/01-3530-7692.jpg,,,,4,Thông tin doanh nghiệp,/thong-tin-doanh-nghiep/,"BMI,C4G,DL1,FPT,GCF,GMD,HUT,IDC,ITD,MBB,MWG,PAC,PC1,PVD,PVS,SHB,SIP,STH,TIP,TV2,VGT"
SHB,384655,L40 đấu giá thành công quyền khai thác 415.000 m3 cát tại Quảng Nam,,"(ĐTCK) CTCP Đầu tư và Xây dựng 40 (L40) đã đấu giá thành công quyền khai thác bãi cát tại dự án nạo vét khơi thông dòng sông Cổ Cò (phường Điện Bàn Đông, Thành phố Đà Nẵng) với giá trúng đấu giá gần 60 tỷ đồng. Dự kiến L40 sẽ gia tăng lợi nhuận mảng vật liệu xây dựng năm 2026.",1769909966,2026-02-01 08:39:26,1769909966,2026-02-01 08:39:26,https://www.tinnhanhchungkhoan.vn/l40-dau-gia-thanh-cong-quyen-khai-thac-415000-m3-cat-tai-quang-nam-post384655.html,/l40-dau-gia-thanh-cong-quyen-khai-thac-415000-m3-cat-tai-quang-nam-post384655.html,https://image.tinnhanhchungkhoan.vn/w200/Uploaded/2026/ipuokbf/2026_02_01/song-co-co-copy-8566-1916.jpg,,,,4,Thông tin doanh nghiệp,/thong-tin-doanh-nghiep/,"BMI,C4G,DL1,FPT,GCF,GMD,HUT,IDC,ITD,MBB,MWG,PAC,PC1,PVD,PVS,SHB,SIP,STH,TIP,TV2,VGT"
SHB,384654,"Gilimex (GIL) ghi nhận dòng tiền âm kỷ lục 677,5 tỷ đồng trong năm 2025",,"(ĐTCK) CTCP Sản xuất Kinh doanh Xuất nhập khẩu Bình Thạnh (Gilimex, mã GIL - sàn HOSE) ghi nhận lãi 138,19 tỷ đồng trong quý IV, luỹ kế cả năm 2025 lãi 35,64 tỷ đồng, tăng 29% so với cùng kỳ và chỉ đạt 23,8% kế hoạch năm.",1769909653,2026-02-01 08:34:13,1769909653,2026-02-01 08:34:13,https://www.tinnhanhchungkhoan.vn/gilimex-gil-ghi-nhan-dong-tien-am-ky-luc-6775-ty-dong-trong-nam-2025-post384654.html,/gilimex-gil-ghi-nhan-dong-tien-am-ky-luc-6775-ty-dong-trong-nam-2025-post384654.html,https://image.tinnhanhchungkhoan.vn/w200/Uploaded/2026/lcgjikao/2026_01_31/01-3473-8010.jpg,,,,4,Thông tin doanh nghiệp,/thong-tin-doanh-nghiep/,"BMI,C4G,DL1,FPT,GCF,GMD,HUT,IDC,ITD,MBB,MWG,PAC,PC1,PVD,PVS,SHB,SIP,STH,TIP,TV2,VGT"
SHB,384648,Văn Phú (VPI) vượt chỉ tiêu lợi nhuận năm 2025,,"(ĐTCK) Dòng tiền thu được từ các dự án gồm Vlasta - Thủy Nguyên (Hải Phòng), Yên Phong (Bắc Ninh), TT39-40 (Hà Nội) , Dự án Song Khê - Nội Hoàng - (Bắc Ninh) giúp Công ty cổ phần Phát triển bất động sản Văn Phú (mã chứng khoán: VPI) kết thúc quý IV/2025 với lợi nhuận sau thuế ở mức 132 tỷ đồng, qua đó, thực hiện 112% chỉ tiêu lợi nhuận năm 2025 đã được các cổ đông thông qua tại cuộc họp ĐHĐCĐ thường niên.",1769837990,2026-01-31 12:39:50,1769837990,2026-01-31 12:39:50,https://www.tinnhanhchungkhoan.vn/van-phu-vpi-vuot-chi-tieu-loi-nhuan-nam-2025-post384648.html,/van-phu-vpi-vuot-chi-tieu-loi-nhuan-nam-2025-post384648.html,https://image.tinnhanhchungkhoan.vn/w200/Uploaded/2026/ipuokbf/2026_01_31/vpi-vlasta-phu-thuan-2958-8443.jpg,Dự án Vlasta Premier – Phú Thuận,,,4,Thông tin doanh nghiệp,/thong-tin-doanh-nghiep/,"BMI,C4G,DL1,FPT,GCF,GMD,HUT,IDC,ITD,MBB,MWG,PAC,PC1,PVD,PVS,SHB,SIP,STH,TIP,TV2,VGT"
SHB,384635,"Vinasun (VNS): Lợi nhuận năm 2025 đạt hơn 38 tỷ đồng, giảm 54,5%",,"(ĐTCK) Công ty cổ phần Ánh Dương Việt Nam (Vinasun, mã VNS - sàn HOSE) ghi nhận lãi 4,94 tỷ đồng trong quý IV, luỹ kế năm 2025 lãi 38,29 tỷ đồng, giảm 54,5% so với cùng kỳ và chỉ hoàn thành 71,4% kế hoạch năm.",1769825682,2026-01-31 09:14:42,1769825682,2026-01-31 09:14:42,https://www.tinnhanhchungkhoan.vn/vinasun-vns-loi-nhuan-nam-2025-dat-hon-38-ty-dong-giam-545-post384635.html,/vinasun-vns-loi-nhuan-nam-2025-dat-hon-38-ty-dong-giam-545-post384635.html,https://image.tinnhanhchungkhoan.vn/w200/Uploaded/2026/lcgjikao/2026_01_31/01-5716-1382.jpg,,,,4,Thông tin doanh nghiệp,/thong-tin-doanh-nghiep/,"BMI,C4G,DL1,FPT,GCF,GMD,HUT,IDC,ITD,MBB,MWG,PAC,PC1,PVD,PVS,SHB,SIP,STH,TIP,TV2,VGT"
SHB,384631,DIC Corp (DIG): Lãi đột biến quý IV/2025 nhờ bán một phần dự án Đại Phước,,"(ĐTCK) Tổng CTCP Đầu tư Phát triển Xây dựng (DIC Corp, mã DIG - sàn HOSE) ghi nhận lãi 423,99 tỷ đồng trong quý IV, luỹ kế năm 2025 lãi 623,95 tỷ đồng, tăng 509,2% so với cùng kỳ.",1769817644,2026-01-31 07:00:44,1769789831,2026-01-30 23:17:11,https://www.tinnhanhchungkhoan.vn/dic-corp-dig-lai-dot-bien-quy-iv2025-nho-ban-mot-phan-du-an-dai-phuoc-post384631.html,/dic-corp-dig-lai-dot-bien-quy-iv2025-nho-ban-mot-phan-du-an-dai-phuoc-post384631.html,https://image.tinnhanhchungkhoan.vn/w200/Uploaded/2026/lcgjikao/2026_01_30/01-5560-947.jpg,,,,4,Thông tin doanh nghiệp,/thong-tin-doanh-nghiep/,"BMI,C4G,DL1,FPT,GCF,GMD,HUT,IDC,ITD,MBB,MWG,PAC,PC1,PVD,PVS,SHB,SIP,STH,TIP,TV2,VGT"
SHB,384633,"Năm 2025, YeaH1 (YEG) ghi nhận lợi nhuận sau thuế đạt 80,3 tỷ đồng",,"(ĐTCK) Trước nhiều biến động của thị trường chung năm 2025, YeaH1 ghi nhận doanh thu thuần đạt 1.653 tỷ đồng, tăng 61% so với cùng kỳ và vượt 27% so với kế hoạch năm.",1769816733,2026-01-31 06:45:33,1769789740,2026-01-30 23:15:40,https://www.tinnhanhchungkhoan.vn/nam-2025-yeah1-yeg-ghi-nhan-loi-nhuan-sau-thue-dat-803-ty-dong-post384633.html,/nam-2025-yeah1-yeg-ghi-nhan-loi-nhuan-sau-thue-dat-803-ty-dong-post384633.html,https://image.tinnhanhchungkhoan.vn/w200/Uploaded/2026/bpcpcwvo/2026_01_30/yeg-concert-5715-7796.png,,,,4,Thông tin doanh nghiệp,/thong-tin-doanh-nghiep/,"BMI,C4G,DL1,FPT,GCF,GMD,HUT,IDC,ITD,MBB,MWG,PAC,PC1,PVD,PVS,SHB,SIP,STH,TIP,TV2,VGT"
SHB,384629,Eximbank (EIB) báo lãi trước thuế hơn 1.500 tỷ đồng trong năm 2025,,"(ĐTCK) Tổng lợi nhuận trước thuế của Eximbank trong năm 2025 đạt 1.511,7 tỷ đồng, chỉ đạt 29,12% kế hoạch năm.",1769771854,2026-01-30 18:17:34,1769779108,2026-01-30 20:18:28,https://www.tinnhanhchungkhoan.vn/eximbank-eib-bao-lai-truoc-thue-hon-1500-ty-dong-trong-nam-2025-post384629.html,/eximbank-eib-bao-lai-truoc-thue-hon-1500-ty-dong-trong-nam-2025-post384629.html,https://image.tinnhanhchungkhoan.vn/w200/Uploaded/2026/bpcgdqvp/2026_01_30/eib-594-5150.jpg,,,,4,Thông tin doanh nghiệp,/thong-tin-doanh-nghiep/,"BMI,C4G,DL1,FPT,GCF,GMD,HUT,IDC,ITD,MBB,MWG,PAC,PC1,PVD,PVS,SHB,SIP,STH,TIP,TV2,VGT"
SHB,384628,"Giữa “tâm bão” ngành chăn nuôi, BAF nỗ lực giữ biên lợi nhuận",,"(ĐTCK) Giữa bối cảnh giá lợn hơi lao dốc, BAF Việt Nam nổi bật với chiến lược tối ưu chi phí sản xuất, giá vốn giảm 14,2% tương đương khoảng 700 tỷ đồng, giúp lợi nhuận gộp giữ đà tăng 14,7%. Song song, doanh nghiệp chủ động mở rộng quy mô, đẩy nhanh tiến độ dự án chăn nuôi công nghệ cao nhà cao tầng và tập trung nghiên cứu, lai tạo giống heo năng suất cao, tăng sức chống chịu dịch bệnh, tạo nền tảng bứt phá cho giai đoạn 2026 - 2030.",1769769063,2026-01-30 17:31:03,1769769063,2026-01-30 17:31:03,https://www.tinnhanhchungkhoan.vn/giua-tam-bao-nganh-chan-nuoi-baf-no-luc-giu-bien-loi-nhuan-post384628.html,/giua-tam-bao-nganh-chan-nuoi-baf-no-luc-giu-bien-loi-nhuan-post384628.html,https://image.tinnhanhchungkhoan.vn/w200/Uploaded/2026/bpikpjik/2026_01_30/baf-9294-5858.jpg,,,,4,Thông tin doanh nghiệp,/thong-tin-doanh-nghiep/,"BMI,C4G,DL1,FPT,GCF,GMD,HUT,IDC,ITD,MBB,MWG,PAC,PC1,PVD,PVS,SHB,SIP,STH,TIP,TV2,VGT"
SHB,384618,"Khang Điền (KDH): Lợi nhuận 2025 vượt 63% kế hoạch, đạt hơn 1.633 tỷ đồng, mở rộng tăng trưởng trong 2026",,"(ĐTCK) Công ty cổ phần Đầu tư và Kinh doanh Nhà Khang Điền (mã chứng khoán KDH) vừa công bố báo cáo tài chính năm 2025, ghi nhận doanh thu hợp nhất tăng trưởng 16% và lợi nhuận sau thuế tăng gấp đôi so với cùng kỳ năm, vượt xa kế hoạch đề ra.",1769768553,2026-01-30 17:22:33,1769768553,2026-01-30 17:22:33,https://www.tinnhanhchungkhoan.vn/khang-dien-kdh-loi-nhuan-2025-vuot-63-ke-hoach-dat-hon-1633-ty-dong-mo-rong-tang-truong-trong-2026-post384618.html,/khang-dien-kdh-loi-nhuan-2025-vuot-63-ke-hoach-dat-hon-1633-ty-dong-mo-rong-tang-truong-trong-2026-post384618.html,https://image.tinnhanhchungkhoan.vn/w200/Uploaded/2026/djshp/2026_01_25/2-992-368.jpg,"Mới đây, Khang Điền đã động thổ khu cao tầng Gladia by the Waters gồm hơn 600 căn hộ, dự kiến bàn giao quý IV/2027.",,,4,Thông tin doanh nghiệp,/thong-tin-doanh-nghiep/,"BMI,C4G,DL1,FPT,GCF,GMD,HUT,IDC,ITD,MBB,MWG,PAC,PC1,PVD,PVS,SHB,SIP,STH,TIP,TV2,VGT"
SHB,384620,"TTC Land (SCR) đạt lợi nhuận sau thuế 67,38 tỷ đồng trong năm 2025",,"(ĐTCK) CTCP Địa ốc Sài Gòn Thương Tín (TTC Land, mã SCR - sàn HOSE) ghi nhận lợi nhuận sau thuế 33,47 tỷ đồng trong quý IV, luỹ kế năm 2025 lãi 67,38 tỷ đồng, tăng hơn 14,85 lần so với cùng kỳ.",1769763442,2026-01-30 15:57:22,1769763442,2026-01-30 15:57:22,https://www.tinnhanhchungkhoan.vn/ttc-land-scr-dat-loi-nhuan-sau-thue-6738-ty-dong-trong-nam-2025-post384620.html,/ttc-land-scr-dat-loi-nhuan-sau-thue-6738-ty-dong-trong-nam-2025-post384620.html,https://image.tinnhanhchungkhoan.vn/w200/Uploaded/2026/lcgjikao/2026_01_30/01-8713-3228.jpeg,,,,4,Thông tin doanh nghiệp,/thong-tin-doanh-nghiep/,"BMI,C4G,DL1,FPT,GCF,GMD,HUT,IDC,ITD,MBB,MWG,PAC,PC1,PVD,PVS,SHB,SIP,STH,TIP,TV2,VGT"
SHB,384615,"Lợi nhuận trước thuế năm 2025 của OCB đạt 5.046 tỷ đồng, tăng gần 26%",,"(ĐTCK) Theo báo cáo tài chính quý IV vừa được Ngân hàng Phương Đông (mã CK: OCB) công bố, lợi nhuận trước thuế năm 2025 đạt mức 5.046 tỷ đồng, tăng 25,9% so với năm 2024.",1769762805,2026-01-30 15:46:45,1769768157,2026-01-30 17:15:57,https://www.tinnhanhchungkhoan.vn/loi-nhuan-truoc-thue-nam-2025-cua-ocb-dat-5046-ty-dong-tang-gan-26-post384615.html,/loi-nhuan-truoc-thue-nam-2025-cua-ocb-dat-5046-ty-dong-tang-gan-26-post384615.html,https://image.tinnhanhchungkhoan.vn/w200/Uploaded/2026/bpcgdqvp/2024_01_30/ocb-3903.jpg,,,,4,Thông tin doanh nghiệp,/thong-tin-doanh-nghiep/,"BMI,C4G,DL1,FPT,GCF,GMD,HUT,IDC,ITD,MBB,MWG,PAC,PC1,PVD,PVS,SHB,SIP,STH,TIP,TV2,VGT"
SHB,384614,Hạ tầng GELEX (GEL) phê duyệt khoản vay 200 triệu USD vốn quốc tế,,"(ĐTCK) CTCP Hạ tầng GELEX (mã GEL - sàn HOSE) vừa công bố nghị quyết hội đồng quản trị về việc phê duyệt khoản vay nước ngoài trị giá 200 triệu USD, trong đó HSBC đóng vai trò là ngân hàng thu xếp chính duy nhất kiêm điều phối sổ.",1769762776,2026-01-30 15:46:16,1769779705,2026-01-30 20:28:25,https://www.tinnhanhchungkhoan.vn/ha-tang-gelex-gel-phe-duyet-khoan-vay-200-trieu-usd-von-quoc-te-post384614.html,/ha-tang-gelex-gel-phe-duyet-khoan-vay-200-trieu-usd-von-quoc-te-post384614.html,https://image.tinnhanhchungkhoan.vn/w200/Uploaded/2026/lcgjikao/2026_01_30/02-4078-873.jpg,Hạ tầng GELEX đã làm việc với hơn 30 ngân hàng và tổ chức tài chính tại Singapore và Đài Loan.,,,4,Thông tin doanh nghiệp,/thong-tin-doanh-nghiep/,"BMI,C4G,DL1,FPT,GCF,GMD,HUT,IDC,ITD,MBB,MWG,PAC,PC1,PVD,PVS,SHB,SIP,STH,TIP,TV2,VGT"
SHB,384613,"PTM lên kế hoạch chia cổ tức 30% bằng tiền, Haxaco (HAX) có thể nhận về gần 50 tỷ đồng",,"(ĐTCK) CTCP Sản xuất, Thương mại và Dịch vụ ô tô PTM (mã chứng khoán PTM) vừa có dự thảo tài liệu họp Đại hội đồng cổ đông thường niên 2026, trong đó có tờ trình phương án phân phối lợi nhuận năm 2025, chia cổ tức 30% bằng tiền mặt.",1769762727,2026-01-30 15:45:27,1769762727,2026-01-30 15:45:27,https://www.tinnhanhchungkhoan.vn/ptm-len-ke-hoach-chia-co-tuc-30-bang-tien-haxaco-hax-co-the-nhan-ve-gan-50-ty-dong-post384613.html,/ptm-len-ke-hoach-chia-co-tuc-30-bang-tien-haxaco-hax-co-the-nhan-ve-gan-50-ty-dong-post384613.html,https://image.tinnhanhchungkhoan.vn/w200/Uploaded/2026/wpxlcdjwi/2022_06_01/dien-bien-thi-truong-bat-loi-haxaco-hoan-tang-von-8721.jpg,Haxaco (HAX) sắp nhận gần 50 tỷ đồng tiền cổ tức từ PTM,,,4,Thông tin doanh nghiệp,/thong-tin-doanh-nghiep/,"BMI,C4G,DL1,FPT,GCF,GMD,HUT,IDC,ITD,MBB,MWG,PAC,PC1,PVD,PVS,SHB,SIP,STH,TIP,TV2,VGT"
SHB,384611,"Năm 2025, MSB đạt lợi nhuận trước thuế hợp nhất 7.058 tỷ đồng",,"(ĐTCK) Tại ngày 31/12/2025, tổng tài sản hợp nhất của Ngân hàng TMCP Hàng Hải Việt Nam (MSB - sàn HOSE) đạt gần 408 nghìn tỷ đồng, tăng 27,3% so với thời điểm đầu năm. Động lực chính của sự tăng trưởng quy mô đến từ hoạt động tín dụng.",1769762700,2026-01-30 15:45:00,1769762700,2026-01-30 15:45:00,https://www.tinnhanhchungkhoan.vn/nam-2025-msb-dat-loi-nhuan-truoc-thue-hop-nhat-7058-ty-dong-post384611.html,/nam-2025-msb-dat-loi-nhuan-truoc-thue-hop-nhat-7058-ty-dong-post384611.html,https://image.tinnhanhchungkhoan.vn/w200/Uploaded/2026/pwvolcvo/2026_01_30/msb-6-7064-2022.jpg,,,,4,Thông tin doanh nghiệp,/thong-tin-doanh-nghiep/,"BMI,C4G,DL1,FPT,GCF,GMD,HUT,IDC,ITD,MBB,MWG,PAC,PC1,PVD,PVS,SHB,SIP,STH,TIP,TV2,VGT"
SIP,384814,Dịch vụ Phân phối Tổng hợp Dầu khí (PSD) vượt 40% mục tiêu lợi nhuận 2025,,"(ĐTCK) Năm 2025, CTCP Dịch vụ Phân phối Tổng hợp Dầu khí (Petrosetco Distribution, mã PSD) ghi nhận 143,1 tỷ đồng lợi nhuận sau thuế, tăng 73% so với năm trước và vượt 40% mục tiêu năm.",1770108462,2026-02-03 15:47:42,1770108462,2026-02-03 15:47:42,https://www.tinnhanhchungkhoan.vn/dich-vu-phan-phoi-tong-hop-dau-khi-psd-vuot-40-muc-tieu-loi-nhuan-2025-post384814.html,/dich-vu-phan-phoi-tong-hop-dau-khi-psd-vuot-40-muc-tieu-loi-nhuan-2025-post384814.html,https://image.tinnhanhchungkhoan.vn/w200/Uploaded/2026/xvrhgenatpx97/2026_02_03/492389603-1269083815221635-1856212450220482697-n-8553-4165.jpg,,,,4,Thông tin doanh nghiệp,/thong-tin-doanh-nghiep/,"BMI,C4G,DL1,FPT,GCF,GMD,HUT,IDC,ITD,MBB,MWG,PAC,PC1,PVD,PVS,SHB,SIP,STH,TIP,TV2,VGT"
SIP,384815,"Becamex IDC (BCM) chia cổ tức 11% bằng tiền mặt, lợi nhuận 2025 vượt hơn 42% kế hoạch",,"(ĐTCK) Ngày 13/2 tới đây, Tập đoàn Đầu tư và Phát triển Công nghiệp Becamex - CTCP (Becamex IDC, mã BCM - sàn HOSE) vừa thông báo về việc chia cổ tức năm 2024.",1770108203,2026-02-03 15:43:23,1770108203,2026-02-03 15:43:23,https://www.tinnhanhchungkhoan.vn/becamex-idc-bcm-chia-co-tuc-11-bang-tien-mat-loi-nhuan-2025-vuot-hon-42-ke-hoach-post384815.html,/becamex-idc-bcm-chia-co-tuc-11-bang-tien-mat-loi-nhuan-2025-vuot-hon-42-ke-hoach-post384815.html,https://image.tinnhanhchungkhoan.vn/w200/Uploaded/2026/ipuokbf/2025_02_06/becamex-idc-bcm-2233-7213.jpg,,,,4,Thông tin doanh nghiệp,/thong-tin-doanh-nghiep/,"BMI,C4G,DL1,FPT,GCF,GMD,HUT,IDC,ITD,MBB,MWG,PAC,PC1,PVD,PVS,SHB,SIP,STH,TIP,TV2,VGT"
SIP,384807,"EVNGENCO3 (PGV): Lợi nhuận sau thuế vượt 3.700 tỷ đồng, định giá cổ phiếu về vùng hấp dẫn",,(ĐTCK) Lợi nhuận năm 2025 của EVNGENCO3 (PGV) xác lập kỷ lục mới. Dòng tiền cải thiện cùng tỷ lệ nợ vay liên tục giảm nhiều năm là nền tảng quan trọng cho EVNGENCO3 trong giai đoạn mở rộng đầu tư sắp tới.,1770104233,2026-02-03 14:37:13,1770104233,2026-02-03 14:37:13,https://www.tinnhanhchungkhoan.vn/evngenco3-pgv-loi-nhuan-sau-thue-vuot-3700-ty-dong-dinh-gia-co-phieu-ve-vung-hap-dan-post384807.html,/evngenco3-pgv-loi-nhuan-sau-thue-vuot-3700-ty-dong-dinh-gia-co-phieu-ve-vung-hap-dan-post384807.html,https://image.tinnhanhchungkhoan.vn/w200/Uploaded/2026/bpikpjik/2022_01_26/evngenco3-4286.jpg,,,,4,Thông tin doanh nghiệp,/thong-tin-doanh-nghiep/,"BMI,C4G,DL1,FPT,GCF,GMD,HUT,IDC,ITD,MBB,MWG,PAC,PC1,PVD,PVS,SHB,SIP,STH,TIP,TV2,VGT"
SIP,384804,Doanh thu Sao Ta (FMC) giảm 21% ngay tháng đầu năm 2026,,"(ĐTCK) CTCP Thực phẩm Sao Ta (FMC) công bố tình hình hoạt động hợp nhất tháng 01/2026 với doanh thu đạt 20,4 triệu USD, giảm 21% so với cùng kỳ năm trước.",1770102267,2026-02-03 14:04:27,1770102267,2026-02-03 14:04:27,https://www.tinnhanhchungkhoan.vn/doanh-thu-sao-ta-fmc-giam-21-ngay-thang-dau-nam-2026-post384804.html,/doanh-thu-sao-ta-fmc-giam-21-ngay-thang-dau-nam-2026-post384804.html,https://image.tinnhanhchungkhoan.vn/w200/Uploaded/2026/xvrhgenatpx97/2023_01_16/fmc-9473.jpg,,,,4,Thông tin doanh nghiệp,/thong-tin-doanh-nghiep/,"BMI,C4G,DL1,FPT,GCF,GMD,HUT,IDC,ITD,MBB,MWG,PAC,PC1,PVD,PVS,SHB,SIP,STH,TIP,TV2,VGT"
SIP,384802,"Quý IV/2025, lợi nhuận sau thuế của Đạt Phương (DPG) tăng 46%",,"(ĐTCK) Mới đây, CTCP Tập đoàn Đạt Phương (mã DPG) công bố báo cáo tài chính quý IV/2025 cho thấy sự cải thiện về quy mô doanh thu và lợi nhuận.",1770091215,2026-02-03 11:00:15,1770091215,2026-02-03 11:00:15,https://www.tinnhanhchungkhoan.vn/quy-iv2025-loi-nhuan-sau-thue-cua-dat-phuong-dpg-tang-46-post384802.html,/quy-iv2025-loi-nhuan-sau-thue-cua-dat-phuong-dpg-tang-46-post384802.html,https://image.tinnhanhchungkhoan.vn/w200/Uploaded/2026/gtnwae/2026_02_03/1-7741-8171.jpg,,,,4,Thông tin doanh nghiệp,/thong-tin-doanh-nghiep/,"BMI,C4G,DL1,FPT,GCF,GMD,HUT,IDC,ITD,MBB,MWG,PAC,PC1,PVD,PVS,SHB,SIP,STH,TIP,TV2,VGT"
SIP,384799,Lợi nhuận Tổng công ty Tín Nghĩa (TID) giảm tới 99% trong quý IV/2025 khi phải hoàn trả cho Tỉnh uỷ Đồng Nai,,"(ĐTCK) Tổng công ty Tín Nghĩa (mã TID - UPCoM) ghi nhận lãi 1,8 tỷ đồng trong quý IV, luỹ kế cả năm 2025 ghi nhận lãi 762,13 tỷ đồng, hoàn thành 113,4% so với kế hoạch năm.",1770090820,2026-02-03 10:53:40,1770090820,2026-02-03 10:53:40,https://www.tinnhanhchungkhoan.vn/loi-nhuan-tong-cong-ty-tin-nghia-tid-giam-toi-99-trong-quy-iv2025-khi-phai-hoan-tra-cho-tinh-uy-dong-nai-post384799.html,/loi-nhuan-tong-cong-ty-tin-nghia-tid-giam-toi-99-trong-quy-iv2025-khi-phai-hoan-tra-cho-tinh-uy-dong-nai-post384799.html,https://image.tinnhanhchungkhoan.vn/w200/Uploaded/2026/lcgjikao/2026_02_03/01-906-8353.jpeg,,,,4,Thông tin doanh nghiệp,/thong-tin-doanh-nghiep/,"BMI,C4G,DL1,FPT,GCF,GMD,HUT,IDC,ITD,MBB,MWG,PAC,PC1,PVD,PVS,SHB,SIP,STH,TIP,TV2,VGT"
SIP,384779,"Gỗ An Cường (ACG) ghi nhận dòng tiền kinh doanh âm kỷ lục 408,56 tỷ đồng trong năm 2025",,"(ĐTCK) CTCP Gỗ An Cường (mã ACG - sàn HOSE) ghi nhận lãi 145,54 tỷ đồng trong quý IV, luỹ kế năm 2025 ghi nhận lãi 503,75 tỷ đồng, tăng 19,9% so với cùng kỳ năm trước.",1770077256,2026-02-03 07:07:36,1770077256,2026-02-03 07:07:36,https://www.tinnhanhchungkhoan.vn/go-an-cuong-acg-ghi-nhan-dong-tien-kinh-doanh-am-ky-luc-40856-ty-dong-trong-nam-2025-post384779.html,/go-an-cuong-acg-ghi-nhan-dong-tien-kinh-doanh-am-ky-luc-40856-ty-dong-trong-nam-2025-post384779.html,https://image.tinnhanhchungkhoan.vn/w200/Uploaded/2026/lcgjikao/2026_02_02/01-8702-1876.jpg,,,,4,Thông tin doanh nghiệp,/thong-tin-doanh-nghiep/,"BMI,C4G,DL1,FPT,GCF,GMD,HUT,IDC,ITD,MBB,MWG,PAC,PC1,PVD,PVS,SHB,SIP,STH,TIP,TV2,VGT"
SIP,384776,Searefico (SRF) thoát lỗ quý IV/2025 nhờ thu nhập khác tăng đột biến,,"(ĐTCK) Công ty cổ phần Searefico (mã SRF - sàn HOSE) ghi nhận lãi 15,71 tỷ đồng trong quý IV, luỹ kế cả năm 2025 lãi 22,18 tỷ đồng và đạt 56,9% kế hoạch năm.",1770077020,2026-02-03 07:03:40,1770077020,2026-02-03 07:03:40,https://www.tinnhanhchungkhoan.vn/searefico-srf-thoat-lo-quy-iv2025-nho-thu-nhap-khac-tang-dot-bien-post384776.html,/searefico-srf-thoat-lo-quy-iv2025-nho-thu-nhap-khac-tang-dot-bien-post384776.html,https://image.tinnhanhchungkhoan.vn/w200/Uploaded/2026/lcgjikao/2026_02_02/01-2954-71.jpg,,,,4,Thông tin doanh nghiệp,/thong-tin-doanh-nghiep/,"BMI,C4G,DL1,FPT,GCF,GMD,HUT,IDC,ITD,MBB,MWG,PAC,PC1,PVD,PVS,SHB,SIP,STH,TIP,TV2,VGT"
SIP,384774,"Thép Pomina (POM) lỗ thêm 838,2 tỷ đồng năm 2025, vốn chủ sở hữu âm hơn 623,6 tỷ đồng",,"(ĐTCK) CTCP Thép Pomina (mã POM) vừa công bố báo cáo tài chính năm 2025 với khoản lỗ sau thuế 838,2 tỷ đồng, đánh dấu năm thứ 4 liên tiếp doanh nghiệp thua lỗ, qua đó nâng lỗ lũy kế lên 3.485 tỷ đồng và khiến vốn chủ sở hữu tại thời điểm cuối năm âm hơn 623,6 tỷ đồng",1770076822,2026-02-03 07:00:22,1770076822,2026-02-03 07:00:22,https://www.tinnhanhchungkhoan.vn/thep-pomina-pom-lo-them-8382-ty-dong-nam-2025-von-chu-so-huu-am-hon-6236-ty-dong-post384774.html,/thep-pomina-pom-lo-them-8382-ty-dong-nam-2025-von-chu-so-huu-am-hon-6236-ty-dong-post384774.html,https://image.tinnhanhchungkhoan.vn/w200/Uploaded/2026/xvrhgenatpx97/2024_08_21/pom-5603.jpeg,,,,4,Thông tin doanh nghiệp,/thong-tin-doanh-nghiep/,"BMI,C4G,DL1,FPT,GCF,GMD,HUT,IDC,ITD,MBB,MWG,PAC,PC1,PVD,PVS,SHB,SIP,STH,TIP,TV2,VGT"
SIP,384773,PV Drilling (PVD) vượt 98% mục tiêu lợi nhuận năm 2025,,"(ĐTCK) Năm 2025, PV Drilling mang về 1.050,5 tỷ đồng lãi ròng, tăng 50,5% so với kết quả thực hiện năm 2024 và vượt 98% mục tiêu lợi nhuận cả năm.",1770076674,2026-02-03 06:57:54,1770076674,2026-02-03 06:57:54,https://www.tinnhanhchungkhoan.vn/pv-drilling-pvd-vuot-98-muc-tieu-loi-nhuan-nam-2025-post384773.html,/pv-drilling-pvd-vuot-98-muc-tieu-loi-nhuan-nam-2025-post384773.html,https://image.tinnhanhchungkhoan.vn/w200/Uploaded/2026/xvrhgenatpx97/2023_04_24/pvd-1871.jpeg,,,,4,Thông tin doanh nghiệp,/thong-tin-doanh-nghiep/,"BMI,C4G,DL1,FPT,GCF,GMD,HUT,IDC,ITD,MBB,MWG,PAC,PC1,PVD,PVS,SHB,SIP,STH,TIP,TV2,VGT"
SIP,384775,MB (MBB) dự kiến cán mốc vốn hóa 10 tỷ USD vào năm 2027,,"(ĐTCK) So với giai đoạn đầu năm 2017, tổng vốn hoá của Ngân hàng TMCP Quân Đội (MB - mã chứng khoán MBB) đến nay đã ghi nhận tăng 9,9 lần (tương đương khoảng 8,5 tỷ USD). Ông Lưu Trung Thái, Chủ tịch HĐQT MB cho biết, với tốc độ tăng trưởng như hiện nay, dự kiến sang năm 2027, tổng giá trị vốn hoá của MB có thể cán đến mốc 10 tỷ USD.",1770076595,2026-02-03 06:56:35,1770076595,2026-02-03 06:56:35,https://www.tinnhanhchungkhoan.vn/mb-mbb-du-kien-can-moc-von-hoa-10-ty-usd-vao-nam-2027-post384775.html,/mb-mbb-du-kien-can-moc-von-hoa-10-ty-usd-vao-nam-2027-post384775.html,https://image.tinnhanhchungkhoan.vn/w200/Uploaded/2026/ngobgt/2026_02_02/img-3950-1125-6297.jpeg,"Ông Lưu Trung Thái, Chủ tịch HĐQT Ngân hàng TMCP Quân Đội (MB) chủ trì hội nghị Nhà đầu tư.",,,4,Thông tin doanh nghiệp,/thong-tin-doanh-nghiep/,"BMI,C4G,DL1,FPT,GCF,GMD,HUT,IDC,ITD,MBB,MWG,PAC,PC1,PVD,PVS,SHB,SIP,STH,TIP,TV2,VGT"
SIP,384768,Chiến lược Go Global đang từng bước đóng góp vào tăng trưởng dài hạn của Masan Consumer (MCH),,"(ĐTCK) Trong suốt năm 2025, doanh thu quốc tế của Masan Consumer (HOSE: MCH) duy trì đà tăng trưởng tích cực và tiếp tục cải thiện trong quý gần nhất. Theo báo cáo kết quả kinh doanh, riêng kênh kinh doanh quốc tế tăng trưởng gần 27% trong năm 2025. Diễn biến này cho thấy chiến lược Go Global đang bắt đầu tạo đóng góp thực tế, thay vì chỉ dừng ở định hướng dài hạn.",1770026991,2026-02-02 17:09:51,1770029550,2026-02-02 17:52:30,https://www.tinnhanhchungkhoan.vn/chien-luoc-go-global-dang-tung-buoc-dong-gop-vao-tang-truong-dai-han-cua-masan-consumer-mch-post384768.html,/chien-luoc-go-global-dang-tung-buoc-dong-gop-vao-tang-truong-dai-han-cua-masan-consumer-mch-post384768.html,https://image.tinnhanhchungkhoan.vn/w200/Uploaded/2026/bpikpjik/2026_02_02/thuc-pham-tuoi-ngon-phong-phu-tai-sieu-thi-winmart-4053-77.jpeg,,,,4,Thông tin doanh nghiệp,/thong-tin-doanh-nghiep/,"BMI,C4G,DL1,FPT,GCF,GMD,HUT,IDC,ITD,MBB,MWG,PAC,PC1,PVD,PVS,SHB,SIP,STH,TIP,TV2,VGT"
SIP,384769,OCH vượt kế hoạch doanh thu và lợi nhuận năm 2025,,"(ĐTCK) Công ty cổ phần One Capital Hospitality (HNX: OCH) ghi nhận doanh thu cả năm 2025 đạt 1.188 tỷ đồng, lợi nhuận trước thuế 135,6 tỷ đồng, vượt kế hoạch được Đại hội đồng cổ đông (ĐHĐCĐ) đề ra.",1770026945,2026-02-02 17:09:05,1770026945,2026-02-02 17:09:05,https://www.tinnhanhchungkhoan.vn/och-vuot-ke-hoach-doanh-thu-va-loi-nhuan-nam-2025-post384769.html,/och-vuot-ke-hoach-doanh-thu-va-loi-nhuan-nam-2025-post384769.html,https://image.tinnhanhchungkhoan.vn/w200/Uploaded/2026/cqjwqcqdh/2025_10_30/och-8280-9602.jpg,,,,4,Thông tin doanh nghiệp,/thong-tin-doanh-nghiep/,"BMI,C4G,DL1,FPT,GCF,GMD,HUT,IDC,ITD,MBB,MWG,PAC,PC1,PVD,PVS,SHB,SIP,STH,TIP,TV2,VGT"
SIP,384765,"Cơ điện lạnh (REE) tạm ứng cổ tức 10% bằng tiền, lên lịch ĐHCĐ thường niên năm tài chính 2025",,"(ĐTCK) HĐQT CTCP Cơ điện lạnh (REE – sàn HOSE) vừa thông qua, ngày 27/2 tới đây sẽ thực hiện chốt danh sách cổ đông để tổ chức ĐHCĐ thường niên năm tài chính 2025 và tạm ứng cổ tức năm 2025.",1770026245,2026-02-02 16:57:25,1770026691,2026-02-02 17:04:51,https://www.tinnhanhchungkhoan.vn/co-dien-lanh-ree-tam-ung-co-tuc-10-bang-tien-len-lich-dhcd-thuong-nien-nam-tai-chinh-2025-post384765.html,/co-dien-lanh-ree-tam-ung-co-tuc-10-bang-tien-len-lich-dhcd-thuong-nien-nam-tai-chinh-2025-post384765.html,https://image.tinnhanhchungkhoan.vn/w200/Uploaded/2026/pigo/2020_09_30/cong-ty-co-phan-co-dien-lanh-bom-no-cham-trong-dau-tu-tai-chinh1590080990-3682.jpg,,,,4,Thông tin doanh nghiệp,/thong-tin-doanh-nghiep/,"BMI,C4G,DL1,FPT,GCF,GMD,HUT,IDC,ITD,MBB,MWG,PAC,PC1,PVD,PVS,SHB,SIP,STH,TIP,TV2,VGT"
SIP,384761,Vietbank (VBB): Bổ nhiệm Quyền Tổng giám đốc và một Phó tổng giám đốc,,"(ĐTCK) Ngân hàng TMCP Việt Nam Thương Tín (Vietbank, mã chứng khoán: VBB) vừa công bố quyết định kiện toàn nhân sự lãnh đạo cấp cao.",1770023282,2026-02-02 16:08:02,1770023282,2026-02-02 16:08:02,https://www.tinnhanhchungkhoan.vn/vietbank-vbb-bo-nhiem-quyen-tong-giam-doc-va-mot-pho-tong-giam-doc-post384761.html,/vietbank-vbb-bo-nhiem-quyen-tong-giam-doc-va-mot-pho-tong-giam-doc-post384761.html,https://image.tinnhanhchungkhoan.vn/w200/Uploaded/2026/bpcgdqvp/2026_02_02/vb2-3335-3688.jpg,Hội đồng Quản trị trao quyết định bổ nhiệm cho ông Lê Thanh Quý Ngọc - Quyền Tổng giám đốc và bà Trần Thị Ngọc Lý - Phó tổng giám đốc Vietbank,,,4,Thông tin doanh nghiệp,/thong-tin-doanh-nghiep/,"BMI,C4G,DL1,FPT,GCF,GMD,HUT,IDC,ITD,MBB,MWG,PAC,PC1,PVD,PVS,SHB,SIP,STH,TIP,TV2,VGT"
SIP,384752,"CDC Construction (CCC): Dòng tiền kinh doanh âm kỷ lục 335,17 tỷ đồng trong 9 tháng đầu niên độ 2025 - 2026",,"(ĐTCK) Công ty cổ phần Xây dựng CDC (CDC Construction, mã CCC - sàn HOSE) ghi nhận lãi 9,67 tỷ đồng trong quý III, luỹ kế 9 tháng trong niên độ 2025 - 2026 ghi nhận lãi 30,31 tỷ đồng, tăng 3,8% so với cùng kỳ và hoàn thành 64,1% kế hoạch năm.",1770022404,2026-02-02 15:53:24,1770022404,2026-02-02 15:53:24,https://www.tinnhanhchungkhoan.vn/cdc-construction-ccc-dong-tien-kinh-doanh-am-ky-luc-33517-ty-dong-trong-9-thang-dau-nien-do-2025-2026-post384752.html,/cdc-construction-ccc-dong-tien-kinh-doanh-am-ky-luc-33517-ty-dong-trong-9-thang-dau-nien-do-2025-2026-post384752.html,https://image.tinnhanhchungkhoan.vn/w200/Uploaded/2026/lcgjikao/2026_02_02/01-5399-2697.jpg,,,,4,Thông tin doanh nghiệp,/thong-tin-doanh-nghiep/,"BMI,C4G,DL1,FPT,GCF,GMD,HUT,IDC,ITD,MBB,MWG,PAC,PC1,PVD,PVS,SHB,SIP,STH,TIP,TV2,VGT"
SIP,384712,"Doanh thu cả năm vượt 37.000 tỷ đồng, Tasco (HUT) báo lãi gấp 2 lần năm trước",,"(ĐTCK) Năm 2025, Công ty Cổ phần Tasco (HNX: HUT) ghi nhận doanh thu 37.000 tỷ đồng, lợi nhuận sau thuế hơn 623 tỷ đồng, gấp 2 lần năm trước và cao nhất trong lịch sử hoạt động.",1770019201,2026-02-02 15:00:01,1770000938,2026-02-02 09:55:38,https://www.tinnhanhchungkhoan.vn/doanh-thu-ca-nam-vuot-37000-ty-dong-tasco-hut-bao-lai-gap-2-lan-nam-truoc-post384712.html,/doanh-thu-ca-nam-vuot-37000-ty-dong-tasco-hut-bao-lai-gap-2-lan-nam-truoc-post384712.html,https://image.tinnhanhchungkhoan.vn/w200/Uploaded/2026/xpwvotiv/2026_02_02/tasco-5092-7931.jpg,,,,4,Thông tin doanh nghiệp,/thong-tin-doanh-nghiep/,"BMI,C4G,DL1,FPT,GCF,GMD,HUT,IDC,ITD,MBB,MWG,PAC,PC1,PVD,PVS,SHB,SIP,STH,TIP,TV2,VGT"
SIP,384740,Quốc Cường Gia Lai (QCG) lãi đột biến quý IV/2025 nhờ thanh lý các khoản đầu tư,,"(ĐTCK) CTCP Quốc Cường Gia Lai (mã QCG - sàn HOSE) ghi nhận lãi 137,22 tỷ đồng trong quý IV, lũy kế năm 2025 lãi 171,28 tỷ đồng, tăng 109% so với năm 2024 và không hoàn thành kế hoạch năm.",1770016785,2026-02-02 14:19:45,1770016785,2026-02-02 14:19:45,https://www.tinnhanhchungkhoan.vn/quoc-cuong-gia-lai-qcg-lai-dot-bien-quy-iv2025-nho-thanh-ly-cac-khoan-dau-tu-post384740.html,/quoc-cuong-gia-lai-qcg-lai-dot-bien-quy-iv2025-nho-thanh-ly-cac-khoan-dau-tu-post384740.html,https://image.tinnhanhchungkhoan.vn/w200/Uploaded/2026/lcgjikao/2026_02_02/01-5700-5016.jpg,,,,4,Thông tin doanh nghiệp,/thong-tin-doanh-nghiep/,"BMI,C4G,DL1,FPT,GCF,GMD,HUT,IDC,ITD,MBB,MWG,PAC,PC1,PVD,PVS,SHB,SIP,STH,TIP,TV2,VGT"
SIP,384739,"Thuỷ điện Vĩnh Sơn - Sông Hinh (VSH) chốt quyền nhận cổ tức 10%, dự kiến họp ĐHCĐ 2026 cuối tháng 3",,"(ĐTCK) CTCP Thuỷ điện Vĩnh Sơn - Sông Hinh (mã VSH) mới thông báo, ngày 23/02 tới đây sẽ chốt danh sách cổ đông nhận cổ tức đợt 3/2025 và tham dự đại hội cổ đông năm 2026.",1770016761,2026-02-02 14:19:21,1770016761,2026-02-02 14:19:21,https://www.tinnhanhchungkhoan.vn/thuy-dien-vinh-son-song-hinh-vsh-chot-quyen-nhan-co-tuc-10-du-kien-hop-dhcd-2026-cuoi-thang-3-post384739.html,/thuy-dien-vinh-son-song-hinh-vsh-chot-quyen-nhan-co-tuc-10-du-kien-hop-dhcd-2026-cuoi-thang-3-post384739.html,https://image.tinnhanhchungkhoan.vn/w200/Uploaded/2026/xvrhgenatpx97/2024_10_24/vsh-8946.jpeg,,,,4,Thông tin doanh nghiệp,/thong-tin-doanh-nghiep/,"BMI,C4G,DL1,FPT,GCF,GMD,HUT,IDC,ITD,MBB,MWG,PAC,PC1,PVD,PVS,SHB,SIP,STH,TIP,TV2,VGT"
SIP,384741,VPS (VCK) được VASB vinh danh công ty chứng khoán đạt điểm thực hành ESG cao nhất,,"(ĐTCK) Công ty cổ phần Chứng khoán VPS (mã chứng khoán VCK) là một trong hai công ty chứng khoán được xếp hạng cao nhất trong chương trình chấm điểm thực hành ESG do Hiệp hội Chứng khoán Việt Nam (VASB) tổ chức, khẳng định cam kết mạnh mẽ của doanh nghiệp đối với phát triển bền vững theo chuẩn mực quốc tế.",1770016630,2026-02-02 14:17:10,1770343895,2026-02-06 09:11:35,https://www.tinnhanhchungkhoan.vn/vps-vck-duoc-vasb-vinh-danh-cong-ty-chung-khoan-dat-diem-thuc-hanh-esg-cao-nhat-post384741.html,/vps-vck-duoc-vasb-vinh-danh-cong-ty-chung-khoan-dat-diem-thuc-hanh-esg-cao-nhat-post384741.html,https://image.tinnhanhchungkhoan.vn/w200/Uploaded/2026/ipuokbf/2026_02_06/800x500-8825-6213.png,,,,4,Thông tin doanh nghiệp,/thong-tin-doanh-nghiep/,"BMI,C4G,DL1,FPT,GCF,GMD,HUT,IDC,ITD,MBB,MWG,PAC,PC1,PVD,PVS,SHB,SIP,STH,TIP,TV2,VGT"
SIP,384738,"Doanh thu năm 2025 của Vinamilk (VNM) đạt 63.724 tỷ đồng, cao nhất lịch sử Công ty",,"(ĐTCK)Tổng doanh thu hợp nhất quý IV/2025 của Công ty cổ phần Sữa Việt Nam (Vinamilk - mã VNM) đạt 17.045 tỷ đồng, tiếp tục lập đỉnh mới, tăng 10,1% so với cùng kỳ.",1770016538,2026-02-02 14:15:38,1770016538,2026-02-02 14:15:38,https://www.tinnhanhchungkhoan.vn/doanh-thu-nam-2025-cua-vinamilk-vnm-dat-63724-ty-dong-cao-nhat-lich-su-cong-ty-post384738.html,/doanh-thu-nam-2025-cua-vinamilk-vnm-dat-63724-ty-dong-cao-nhat-lich-su-cong-ty-post384738.html,https://image.tinnhanhchungkhoan.vn/w200/Uploaded/2026/unvjshu/2026_02_02/vnm-1723-4621.jpg,Đẩy mạnh các hoạt động xúc tiến thương mại giúp Vinamilk nâng cao hình ảnh và vị thế thương hiệu trên thị trường quốc tế. Ảnh: Vi Nam,,,4,Thông tin doanh nghiệp,/thong-tin-doanh-nghiep/,"BMI,C4G,DL1,FPT,GCF,GMD,HUT,IDC,ITD,MBB,MWG,PAC,PC1,PVD,PVS,SHB,SIP,STH,TIP,TV2,VGT"
SIP,384726,"Địa ốc Hoàng Quân (HQC) thoát lỗ quý IV/2025 nhờ hoạt động tài chính, thu hồi công nợ và hoàn nhập dự phòng",,"(ĐTCK) CTCP Tư vấn Thương mại Dịch vụ Địa ốc Hoàng Quân (mã HQC - sàn HOSE) ghi nhận lãi 55,08 tỷ đồng trong quý IV, luỹ kế cả năm 2025 lãi 73,21 tỷ đồng, tăng trưởng 116,8% và hoàn thành 104,6% kế hoạch năm.",1770006229,2026-02-02 11:23:49,1770006229,2026-02-02 11:23:49,https://www.tinnhanhchungkhoan.vn/dia-oc-hoang-quan-hqc-thoat-lo-quy-iv2025-nho-hoat-dong-tai-chinh-thu-hoi-cong-no-va-hoan-nhap-du-phong-post384726.html,/dia-oc-hoang-quan-hqc-thoat-lo-quy-iv2025-nho-hoat-dong-tai-chinh-thu-hoi-cong-no-va-hoan-nhap-du-phong-post384726.html,https://image.tinnhanhchungkhoan.vn/w200/Uploaded/2026/lcgjikao/2026_02_02/01-2382-9002.jpg,,,,4,Thông tin doanh nghiệp,/thong-tin-doanh-nghiep/,"BMI,C4G,DL1,FPT,GCF,GMD,HUT,IDC,ITD,MBB,MWG,PAC,PC1,PVD,PVS,SHB,SIP,STH,TIP,TV2,VGT"
SIP,384713,"Vietbank (VBB) đạt 1.532 tỷ đồng lợi nhuận trước thuế năm 2025, chuẩn bị niêm yết sàn HOSE",,"(ĐTCK) Năm 2025, Ngân hàng TMCP Việt Nam Thương Tín (Vietbank, mã chứng khoán VBB) ghi nhận lợi nhuận trước thuế hợp nhất đạt 1.532 tỷ đồng, tăng 35% so với năm 2024.",1769997537,2026-02-02 08:58:57,1769997537,2026-02-02 08:58:57,https://www.tinnhanhchungkhoan.vn/vietbank-vbb-dat-1532-ty-dong-loi-nhuan-truoc-thue-nam-2025-chuan-bi-niem-yet-san-hose-post384713.html,/vietbank-vbb-dat-1532-ty-dong-loi-nhuan-truoc-thue-nam-2025-chuan-bi-niem-yet-san-hose-post384713.html,https://image.tinnhanhchungkhoan.vn/w200/Uploaded/2026/bpcgdqvp/2023_09_20/vietbank-527.jpg,,,,4,Thông tin doanh nghiệp,/thong-tin-doanh-nghiep/,"BMI,C4G,DL1,FPT,GCF,GMD,HUT,IDC,ITD,MBB,MWG,PAC,PC1,PVD,PVS,SHB,SIP,STH,TIP,TV2,VGT"
SIP,384684,Đầu tư Thương mại SMC (SMC) ghi nhận lãi đột biến trở lại trong quý IV/2025 nhờ thanh lý tài sản và hoàn nhập dự phòng,,"(ĐTCK) Công ty cổ phần Đầu tư Thương mại SMC (mã SMC - sàn HOSE) ghi nhận lãi 343,95 tỷ đồng trong quý IV, luỹ kế cả năm 2025 lãi 185,07 tỷ đồng và hoàn thành tới 616,9% kế hoạch năm.",1769990120,2026-02-02 06:55:20,1769961336,2026-02-01 22:55:36,https://www.tinnhanhchungkhoan.vn/dau-tu-thuong-mai-smc-smc-ghi-nhan-lai-dot-bien-tro-lai-trong-quy-iv2025-nho-thanh-ly-tai-san-va-hoan-nhap-du-phong-post384684.html,/dau-tu-thuong-mai-smc-smc-ghi-nhan-lai-dot-bien-tro-lai-trong-quy-iv2025-nho-thanh-ly-tai-san-va-hoan-nhap-du-phong-post384684.html,https://image.tinnhanhchungkhoan.vn/w200/Uploaded/2026/lcgjikao/2026_02_01/01-150-4789.jpg,,,,4,Thông tin doanh nghiệp,/thong-tin-doanh-nghiep/,"BMI,C4G,DL1,FPT,GCF,GMD,HUT,IDC,ITD,MBB,MWG,PAC,PC1,PVD,PVS,SHB,SIP,STH,TIP,TV2,VGT"
SIP,384666,"Lợi nhuận Hoa Sen (HSG) giảm 62,3% trong quý I niên độ tài chính 2025 - 2026",,(ĐTCK) Công ty cổ phần Tập đoàn Hoa Sen (mã HSG - sàn HOSE) ghi nhận doanh thu và lợi nhuận đi lùi trong quý I niên độ tài chính 2025 – 2026 và có dấu hiệu tăng trích trữ tồn kho.,1769916063,2026-02-01 10:21:03,1769916063,2026-02-01 10:21:03,https://www.tinnhanhchungkhoan.vn/loi-nhuan-hoa-sen-hsg-giam-623-trong-quy-i-nien-do-tai-chinh-2025-2026-post384666.html,/loi-nhuan-hoa-sen-hsg-giam-623-trong-quy-i-nien-do-tai-chinh-2025-2026-post384666.html,https://image.tinnhanhchungkhoan.vn/w200/Uploaded/2026/lcgjikao/2026_02_01/01-8398-4117.jpg,,,,4,Thông tin doanh nghiệp,/thong-tin-doanh-nghiep/,"BMI,C4G,DL1,FPT,GCF,GMD,HUT,IDC,ITD,MBB,MWG,PAC,PC1,PVD,PVS,SHB,SIP,STH,TIP,TV2,VGT"
SIP,384656,"Thép Nam Kim (NKG) lỗ 9,34 tỷ đồng trong quý IV/2025, đánh dấu lỗ trở lại sau 10 quý",,"(ĐTCK) CTCP Thép Nam Kim (mã NKG - sàn HOSE) ghi nhận lỗ 9,34 tỷ đồng trong quý IV, luỹ kế năm 2025 lãi 197,19 tỷ đồng, giảm 56,55% và không hoàn thành kế hoạch năm.",1769915573,2026-02-01 10:12:53,1769915573,2026-02-01 10:12:53,https://www.tinnhanhchungkhoan.vn/thep-nam-kim-nkg-lo-934-ty-dong-trong-quy-iv2025-danh-dau-lo-tro-lai-sau-10-quy-post384656.html,/thep-nam-kim-nkg-lo-934-ty-dong-trong-quy-iv2025-danh-dau-lo-tro-lai-sau-10-quy-post384656.html,https://image.tinnhanhchungkhoan.vn/w200/Uploaded/2026/lcgjikao/2026_02_01/01-3530-7692.jpg,,,,4,Thông tin doanh nghiệp,/thong-tin-doanh-nghiep/,"BMI,C4G,DL1,FPT,GCF,GMD,HUT,IDC,ITD,MBB,MWG,PAC,PC1,PVD,PVS,SHB,SIP,STH,TIP,TV2,VGT"
SIP,384655,L40 đấu giá thành công quyền khai thác 415.000 m3 cát tại Quảng Nam,,"(ĐTCK) CTCP Đầu tư và Xây dựng 40 (L40) đã đấu giá thành công quyền khai thác bãi cát tại dự án nạo vét khơi thông dòng sông Cổ Cò (phường Điện Bàn Đông, Thành phố Đà Nẵng) với giá trúng đấu giá gần 60 tỷ đồng. Dự kiến L40 sẽ gia tăng lợi nhuận mảng vật liệu xây dựng năm 2026.",1769909966,2026-02-01 08:39:26,1769909966,2026-02-01 08:39:26,https://www.tinnhanhchungkhoan.vn/l40-dau-gia-thanh-cong-quyen-khai-thac-415000-m3-cat-tai-quang-nam-post384655.html,/l40-dau-gia-thanh-cong-quyen-khai-thac-415000-m3-cat-tai-quang-nam-post384655.html,https://image.tinnhanhchungkhoan.vn/w200/Uploaded/2026/ipuokbf/2026_02_01/song-co-co-copy-8566-1916.jpg,,,,4,Thông tin doanh nghiệp,/thong-tin-doanh-nghiep/,"BMI,C4G,DL1,FPT,GCF,GMD,HUT,IDC,ITD,MBB,MWG,PAC,PC1,PVD,PVS,SHB,SIP,STH,TIP,TV2,VGT"
SIP,384654,"Gilimex (GIL) ghi nhận dòng tiền âm kỷ lục 677,5 tỷ đồng trong năm 2025",,"(ĐTCK) CTCP Sản xuất Kinh doanh Xuất nhập khẩu Bình Thạnh (Gilimex, mã GIL - sàn HOSE) ghi nhận lãi 138,19 tỷ đồng trong quý IV, luỹ kế cả năm 2025 lãi 35,64 tỷ đồng, tăng 29% so với cùng kỳ và chỉ đạt 23,8% kế hoạch năm.",1769909653,2026-02-01 08:34:13,1769909653,2026-02-01 08:34:13,https://www.tinnhanhchungkhoan.vn/gilimex-gil-ghi-nhan-dong-tien-am-ky-luc-6775-ty-dong-trong-nam-2025-post384654.html,/gilimex-gil-ghi-nhan-dong-tien-am-ky-luc-6775-ty-dong-trong-nam-2025-post384654.html,https://image.tinnhanhchungkhoan.vn/w200/Uploaded/2026/lcgjikao/2026_01_31/01-3473-8010.jpg,,,,4,Thông tin doanh nghiệp,/thong-tin-doanh-nghiep/,"BMI,C4G,DL1,FPT,GCF,GMD,HUT,IDC,ITD,MBB,MWG,PAC,PC1,PVD,PVS,SHB,SIP,STH,TIP,TV2,VGT"
SIP,384648,Văn Phú (VPI) vượt chỉ tiêu lợi nhuận năm 2025,,"(ĐTCK) Dòng tiền thu được từ các dự án gồm Vlasta - Thủy Nguyên (Hải Phòng), Yên Phong (Bắc Ninh), TT39-40 (Hà Nội) , Dự án Song Khê - Nội Hoàng - (Bắc Ninh) giúp Công ty cổ phần Phát triển bất động sản Văn Phú (mã chứng khoán: VPI) kết thúc quý IV/2025 với lợi nhuận sau thuế ở mức 132 tỷ đồng, qua đó, thực hiện 112% chỉ tiêu lợi nhuận năm 2025 đã được các cổ đông thông qua tại cuộc họp ĐHĐCĐ thường niên.",1769837990,2026-01-31 12:39:50,1769837990,2026-01-31 12:39:50,https://www.tinnhanhchungkhoan.vn/van-phu-vpi-vuot-chi-tieu-loi-nhuan-nam-2025-post384648.html,/van-phu-vpi-vuot-chi-tieu-loi-nhuan-nam-2025-post384648.html,https://image.tinnhanhchungkhoan.vn/w200/Uploaded/2026/ipuokbf/2026_01_31/vpi-vlasta-phu-thuan-2958-8443.jpg,Dự án Vlasta Premier – Phú Thuận,,,4,Thông tin doanh nghiệp,/thong-tin-doanh-nghiep/,"BMI,C4G,DL1,FPT,GCF,GMD,HUT,IDC,ITD,MBB,MWG,PAC,PC1,PVD,PVS,SHB,SIP,STH,TIP,TV2,VGT"
SIP,384635,"Vinasun (VNS): Lợi nhuận năm 2025 đạt hơn 38 tỷ đồng, giảm 54,5%",,"(ĐTCK) Công ty cổ phần Ánh Dương Việt Nam (Vinasun, mã VNS - sàn HOSE) ghi nhận lãi 4,94 tỷ đồng trong quý IV, luỹ kế năm 2025 lãi 38,29 tỷ đồng, giảm 54,5% so với cùng kỳ và chỉ hoàn thành 71,4% kế hoạch năm.",1769825682,2026-01-31 09:14:42,1769825682,2026-01-31 09:14:42,https://www.tinnhanhchungkhoan.vn/vinasun-vns-loi-nhuan-nam-2025-dat-hon-38-ty-dong-giam-545-post384635.html,/vinasun-vns-loi-nhuan-nam-2025-dat-hon-38-ty-dong-giam-545-post384635.html,https://image.tinnhanhchungkhoan.vn/w200/Uploaded/2026/lcgjikao/2026_01_31/01-5716-1382.jpg,,,,4,Thông tin doanh nghiệp,/thong-tin-doanh-nghiep/,"BMI,C4G,DL1,FPT,GCF,GMD,HUT,IDC,ITD,MBB,MWG,PAC,PC1,PVD,PVS,SHB,SIP,STH,TIP,TV2,VGT"
SIP,384631,DIC Corp (DIG): Lãi đột biến quý IV/2025 nhờ bán một phần dự án Đại Phước,,"(ĐTCK) Tổng CTCP Đầu tư Phát triển Xây dựng (DIC Corp, mã DIG - sàn HOSE) ghi nhận lãi 423,99 tỷ đồng trong quý IV, luỹ kế năm 2025 lãi 623,95 tỷ đồng, tăng 509,2% so với cùng kỳ.",1769817644,2026-01-31 07:00:44,1769789831,2026-01-30 23:17:11,https://www.tinnhanhchungkhoan.vn/dic-corp-dig-lai-dot-bien-quy-iv2025-nho-ban-mot-phan-du-an-dai-phuoc-post384631.html,/dic-corp-dig-lai-dot-bien-quy-iv2025-nho-ban-mot-phan-du-an-dai-phuoc-post384631.html,https://image.tinnhanhchungkhoan.vn/w200/Uploaded/2026/lcgjikao/2026_01_30/01-5560-947.jpg,,,,4,Thông tin doanh nghiệp,/thong-tin-doanh-nghiep/,"BMI,C4G,DL1,FPT,GCF,GMD,HUT,IDC,ITD,MBB,MWG,PAC,PC1,PVD,PVS,SHB,SIP,STH,TIP,TV2,VGT"
SIP,384633,"Năm 2025, YeaH1 (YEG) ghi nhận lợi nhuận sau thuế đạt 80,3 tỷ đồng",,"(ĐTCK) Trước nhiều biến động của thị trường chung năm 2025, YeaH1 ghi nhận doanh thu thuần đạt 1.653 tỷ đồng, tăng 61% so với cùng kỳ và vượt 27% so với kế hoạch năm.",1769816733,2026-01-31 06:45:33,1769789740,2026-01-30 23:15:40,https://www.tinnhanhchungkhoan.vn/nam-2025-yeah1-yeg-ghi-nhan-loi-nhuan-sau-thue-dat-803-ty-dong-post384633.html,/nam-2025-yeah1-yeg-ghi-nhan-loi-nhuan-sau-thue-dat-803-ty-dong-post384633.html,https://image.tinnhanhchungkhoan.vn/w200/Uploaded/2026/bpcpcwvo/2026_01_30/yeg-concert-5715-7796.png,,,,4,Thông tin doanh nghiệp,/thong-tin-doanh-nghiep/,"BMI,C4G,DL1,FPT,GCF,GMD,HUT,IDC,ITD,MBB,MWG,PAC,PC1,PVD,PVS,SHB,SIP,STH,TIP,TV2,VGT"
SIP,384629,Eximbank (EIB) báo lãi trước thuế hơn 1.500 tỷ đồng trong năm 2025,,"(ĐTCK) Tổng lợi nhuận trước thuế của Eximbank trong năm 2025 đạt 1.511,7 tỷ đồng, chỉ đạt 29,12% kế hoạch năm.",1769771854,2026-01-30 18:17:34,1769779108,2026-01-30 20:18:28,https://www.tinnhanhchungkhoan.vn/eximbank-eib-bao-lai-truoc-thue-hon-1500-ty-dong-trong-nam-2025-post384629.html,/eximbank-eib-bao-lai-truoc-thue-hon-1500-ty-dong-trong-nam-2025-post384629.html,https://image.tinnhanhchungkhoan.vn/w200/Uploaded/2026/bpcgdqvp/2026_01_30/eib-594-5150.jpg,,,,4,Thông tin doanh nghiệp,/thong-tin-doanh-nghiep/,"BMI,C4G,DL1,FPT,GCF,GMD,HUT,IDC,ITD,MBB,MWG,PAC,PC1,PVD,PVS,SHB,SIP,STH,TIP,TV2,VGT"
SIP,384628,"Giữa “tâm bão” ngành chăn nuôi, BAF nỗ lực giữ biên lợi nhuận",,"(ĐTCK) Giữa bối cảnh giá lợn hơi lao dốc, BAF Việt Nam nổi bật với chiến lược tối ưu chi phí sản xuất, giá vốn giảm 14,2% tương đương khoảng 700 tỷ đồng, giúp lợi nhuận gộp giữ đà tăng 14,7%. Song song, doanh nghiệp chủ động mở rộng quy mô, đẩy nhanh tiến độ dự án chăn nuôi công nghệ cao nhà cao tầng và tập trung nghiên cứu, lai tạo giống heo năng suất cao, tăng sức chống chịu dịch bệnh, tạo nền tảng bứt phá cho giai đoạn 2026 - 2030.",1769769063,2026-01-30 17:31:03,1769769063,2026-01-30 17:31:03,https://www.tinnhanhchungkhoan.vn/giua-tam-bao-nganh-chan-nuoi-baf-no-luc-giu-bien-loi-nhuan-post384628.html,/giua-tam-bao-nganh-chan-nuoi-baf-no-luc-giu-bien-loi-nhuan-post384628.html,https://image.tinnhanhchungkhoan.vn/w200/Uploaded/2026/bpikpjik/2026_01_30/baf-9294-5858.jpg,,,,4,Thông tin doanh nghiệp,/thong-tin-doanh-nghiep/,"BMI,C4G,DL1,FPT,GCF,GMD,HUT,IDC,ITD,MBB,MWG,PAC,PC1,PVD,PVS,SHB,SIP,STH,TIP,TV2,VGT"
SIP,384618,"Khang Điền (KDH): Lợi nhuận 2025 vượt 63% kế hoạch, đạt hơn 1.633 tỷ đồng, mở rộng tăng trưởng trong 2026",,"(ĐTCK) Công ty cổ phần Đầu tư và Kinh doanh Nhà Khang Điền (mã chứng khoán KDH) vừa công bố báo cáo tài chính năm 2025, ghi nhận doanh thu hợp nhất tăng trưởng 16% và lợi nhuận sau thuế tăng gấp đôi so với cùng kỳ năm, vượt xa kế hoạch đề ra.",1769768553,2026-01-30 17:22:33,1769768553,2026-01-30 17:22:33,https://www.tinnhanhchungkhoan.vn/khang-dien-kdh-loi-nhuan-2025-vuot-63-ke-hoach-dat-hon-1633-ty-dong-mo-rong-tang-truong-trong-2026-post384618.html,/khang-dien-kdh-loi-nhuan-2025-vuot-63-ke-hoach-dat-hon-1633-ty-dong-mo-rong-tang-truong-trong-2026-post384618.html,https://image.tinnhanhchungkhoan.vn/w200/Uploaded/2026/djshp/2026_01_25/2-992-368.jpg,"Mới đây, Khang Điền đã động thổ khu cao tầng Gladia by the Waters gồm hơn 600 căn hộ, dự kiến bàn giao quý IV/2027.",,,4,Thông tin doanh nghiệp,/thong-tin-doanh-nghiep/,"BMI,C4G,DL1,FPT,GCF,GMD,HUT,IDC,ITD,MBB,MWG,PAC,PC1,PVD,PVS,SHB,SIP,STH,TIP,TV2,VGT"
SIP,384620,"TTC Land (SCR) đạt lợi nhuận sau thuế 67,38 tỷ đồng trong năm 2025",,"(ĐTCK) CTCP Địa ốc Sài Gòn Thương Tín (TTC Land, mã SCR - sàn HOSE) ghi nhận lợi nhuận sau thuế 33,47 tỷ đồng trong quý IV, luỹ kế năm 2025 lãi 67,38 tỷ đồng, tăng hơn 14,85 lần so với cùng kỳ.",1769763442,2026-01-30 15:57:22,1769763442,2026-01-30 15:57:22,https://www.tinnhanhchungkhoan.vn/ttc-land-scr-dat-loi-nhuan-sau-thue-6738-ty-dong-trong-nam-2025-post384620.html,/ttc-land-scr-dat-loi-nhuan-sau-thue-6738-ty-dong-trong-nam-2025-post384620.html,https://image.tinnhanhchungkhoan.vn/w200/Uploaded/2026/lcgjikao/2026_01_30/01-8713-3228.jpeg,,,,4,Thông tin doanh nghiệp,/thong-tin-doanh-nghiep/,"BMI,C4G,DL1,FPT,GCF,GMD,HUT,IDC,ITD,MBB,MWG,PAC,PC1,PVD,PVS,SHB,SIP,STH,TIP,TV2,VGT"
SIP,384615,"Lợi nhuận trước thuế năm 2025 của OCB đạt 5.046 tỷ đồng, tăng gần 26%",,"(ĐTCK) Theo báo cáo tài chính quý IV vừa được Ngân hàng Phương Đông (mã CK: OCB) công bố, lợi nhuận trước thuế năm 2025 đạt mức 5.046 tỷ đồng, tăng 25,9% so với năm 2024.",1769762805,2026-01-30 15:46:45,1769768157,2026-01-30 17:15:57,https://www.tinnhanhchungkhoan.vn/loi-nhuan-truoc-thue-nam-2025-cua-ocb-dat-5046-ty-dong-tang-gan-26-post384615.html,/loi-nhuan-truoc-thue-nam-2025-cua-ocb-dat-5046-ty-dong-tang-gan-26-post384615.html,https://image.tinnhanhchungkhoan.vn/w200/Uploaded/2026/bpcgdqvp/2024_01_30/ocb-3903.jpg,,,,4,Thông tin doanh nghiệp,/thong-tin-doanh-nghiep/,"BMI,C4G,DL1,FPT,GCF,GMD,HUT,IDC,ITD,MBB,MWG,PAC,PC1,PVD,PVS,SHB,SIP,STH,TIP,TV2,VGT"
SIP,384614,Hạ tầng GELEX (GEL) phê duyệt khoản vay 200 triệu USD vốn quốc tế,,"(ĐTCK) CTCP Hạ tầng GELEX (mã GEL - sàn HOSE) vừa công bố nghị quyết hội đồng quản trị về việc phê duyệt khoản vay nước ngoài trị giá 200 triệu USD, trong đó HSBC đóng vai trò là ngân hàng thu xếp chính duy nhất kiêm điều phối sổ.",1769762776,2026-01-30 15:46:16,1769779705,2026-01-30 20:28:25,https://www.tinnhanhchungkhoan.vn/ha-tang-gelex-gel-phe-duyet-khoan-vay-200-trieu-usd-von-quoc-te-post384614.html,/ha-tang-gelex-gel-phe-duyet-khoan-vay-200-trieu-usd-von-quoc-te-post384614.html,https://image.tinnhanhchungkhoan.vn/w200/Uploaded/2026/lcgjikao/2026_01_30/02-4078-873.jpg,Hạ tầng GELEX đã làm việc với hơn 30 ngân hàng và tổ chức tài chính tại Singapore và Đài Loan.,,,4,Thông tin doanh nghiệp,/thong-tin-doanh-nghiep/,"BMI,C4G,DL1,FPT,GCF,GMD,HUT,IDC,ITD,MBB,MWG,PAC,PC1,PVD,PVS,SHB,SIP,STH,TIP,TV2,VGT"
SIP,384613,"PTM lên kế hoạch chia cổ tức 30% bằng tiền, Haxaco (HAX) có thể nhận về gần 50 tỷ đồng",,"(ĐTCK) CTCP Sản xuất, Thương mại và Dịch vụ ô tô PTM (mã chứng khoán PTM) vừa có dự thảo tài liệu họp Đại hội đồng cổ đông thường niên 2026, trong đó có tờ trình phương án phân phối lợi nhuận năm 2025, chia cổ tức 30% bằng tiền mặt.",1769762727,2026-01-30 15:45:27,1769762727,2026-01-30 15:45:27,https://www.tinnhanhchungkhoan.vn/ptm-len-ke-hoach-chia-co-tuc-30-bang-tien-haxaco-hax-co-the-nhan-ve-gan-50-ty-dong-post384613.html,/ptm-len-ke-hoach-chia-co-tuc-30-bang-tien-haxaco-hax-co-the-nhan-ve-gan-50-ty-dong-post384613.html,https://image.tinnhanhchungkhoan.vn/w200/Uploaded/2026/wpxlcdjwi/2022_06_01/dien-bien-thi-truong-bat-loi-haxaco-hoan-tang-von-8721.jpg,Haxaco (HAX) sắp nhận gần 50 tỷ đồng tiền cổ tức từ PTM,,,4,Thông tin doanh nghiệp,/thong-tin-doanh-nghiep/,"BMI,C4G,DL1,FPT,GCF,GMD,HUT,IDC,ITD,MBB,MWG,PAC,PC1,PVD,PVS,SHB,SIP,STH,TIP,TV2,VGT"
SIP,384611,"Năm 2025, MSB đạt lợi nhuận trước thuế hợp nhất 7.058 tỷ đồng",,"(ĐTCK) Tại ngày 31/12/2025, tổng tài sản hợp nhất của Ngân hàng TMCP Hàng Hải Việt Nam (MSB - sàn HOSE) đạt gần 408 nghìn tỷ đồng, tăng 27,3% so với thời điểm đầu năm. Động lực chính của sự tăng trưởng quy mô đến từ hoạt động tín dụng.",1769762700,2026-01-30 15:45:00,1769762700,2026-01-30 15:45:00,https://www.tinnhanhchungkhoan.vn/nam-2025-msb-dat-loi-nhuan-truoc-thue-hop-nhat-7058-ty-dong-post384611.html,/nam-2025-msb-dat-loi-nhuan-truoc-thue-hop-nhat-7058-ty-dong-post384611.html,https://image.tinnhanhchungkhoan.vn/w200/Uploaded/2026/pwvolcvo/2026_01_30/msb-6-7064-2022.jpg,,,,4,Thông tin doanh nghiệp,/thong-tin-doanh-nghiep/,"BMI,C4G,DL1,FPT,GCF,GMD,HUT,IDC,ITD,MBB,MWG,PAC,PC1,PVD,PVS,SHB,SIP,STH,TIP,TV2,VGT"
STH,384814,Dịch vụ Phân phối Tổng hợp Dầu khí (PSD) vượt 40% mục tiêu lợi nhuận 2025,,"(ĐTCK) Năm 2025, CTCP Dịch vụ Phân phối Tổng hợp Dầu khí (Petrosetco Distribution, mã PSD) ghi nhận 143,1 tỷ đồng lợi nhuận sau thuế, tăng 73% so với năm trước và vượt 40% mục tiêu năm.",1770108462,2026-02-03 15:47:42,1770108462,2026-02-03 15:47:42,https://www.tinnhanhchungkhoan.vn/dich-vu-phan-phoi-tong-hop-dau-khi-psd-vuot-40-muc-tieu-loi-nhuan-2025-post384814.html,/dich-vu-phan-phoi-tong-hop-dau-khi-psd-vuot-40-muc-tieu-loi-nhuan-2025-post384814.html,https://image.tinnhanhchungkhoan.vn/w200/Uploaded/2026/xvrhgenatpx97/2026_02_03/492389603-1269083815221635-1856212450220482697-n-8553-4165.jpg,,,,4,Thông tin doanh nghiệp,/thong-tin-doanh-nghiep/,"BMI,C4G,DL1,FPT,GCF,GMD,HUT,IDC,ITD,MBB,MWG,PAC,PC1,PVD,PVS,SHB,SIP,STH,TIP,TV2,VGT"
STH,384815,"Becamex IDC (BCM) chia cổ tức 11% bằng tiền mặt, lợi nhuận 2025 vượt hơn 42% kế hoạch",,"(ĐTCK) Ngày 13/2 tới đây, Tập đoàn Đầu tư và Phát triển Công nghiệp Becamex - CTCP (Becamex IDC, mã BCM - sàn HOSE) vừa thông báo về việc chia cổ tức năm 2024.",1770108203,2026-02-03 15:43:23,1770108203,2026-02-03 15:43:23,https://www.tinnhanhchungkhoan.vn/becamex-idc-bcm-chia-co-tuc-11-bang-tien-mat-loi-nhuan-2025-vuot-hon-42-ke-hoach-post384815.html,/becamex-idc-bcm-chia-co-tuc-11-bang-tien-mat-loi-nhuan-2025-vuot-hon-42-ke-hoach-post384815.html,https://image.tinnhanhchungkhoan.vn/w200/Uploaded/2026/ipuokbf/2025_02_06/becamex-idc-bcm-2233-7213.jpg,,,,4,Thông tin doanh nghiệp,/thong-tin-doanh-nghiep/,"BMI,C4G,DL1,FPT,GCF,GMD,HUT,IDC,ITD,MBB,MWG,PAC,PC1,PVD,PVS,SHB,SIP,STH,TIP,TV2,VGT"
STH,384807,"EVNGENCO3 (PGV): Lợi nhuận sau thuế vượt 3.700 tỷ đồng, định giá cổ phiếu về vùng hấp dẫn",,(ĐTCK) Lợi nhuận năm 2025 của EVNGENCO3 (PGV) xác lập kỷ lục mới. Dòng tiền cải thiện cùng tỷ lệ nợ vay liên tục giảm nhiều năm là nền tảng quan trọng cho EVNGENCO3 trong giai đoạn mở rộng đầu tư sắp tới.,1770104233,2026-02-03 14:37:13,1770104233,2026-02-03 14:37:13,https://www.tinnhanhchungkhoan.vn/evngenco3-pgv-loi-nhuan-sau-thue-vuot-3700-ty-dong-dinh-gia-co-phieu-ve-vung-hap-dan-post384807.html,/evngenco3-pgv-loi-nhuan-sau-thue-vuot-3700-ty-dong-dinh-gia-co-phieu-ve-vung-hap-dan-post384807.html,https://image.tinnhanhchungkhoan.vn/w200/Uploaded/2026/bpikpjik/2022_01_26/evngenco3-4286.jpg,,,,4,Thông tin doanh nghiệp,/thong-tin-doanh-nghiep/,"BMI,C4G,DL1,FPT,GCF,GMD,HUT,IDC,ITD,MBB,MWG,PAC,PC1,PVD,PVS,SHB,SIP,STH,TIP,TV2,VGT"
STH,384804,Doanh thu Sao Ta (FMC) giảm 21% ngay tháng đầu năm 2026,,"(ĐTCK) CTCP Thực phẩm Sao Ta (FMC) công bố tình hình hoạt động hợp nhất tháng 01/2026 với doanh thu đạt 20,4 triệu USD, giảm 21% so với cùng kỳ năm trước.",1770102267,2026-02-03 14:04:27,1770102267,2026-02-03 14:04:27,https://www.tinnhanhchungkhoan.vn/doanh-thu-sao-ta-fmc-giam-21-ngay-thang-dau-nam-2026-post384804.html,/doanh-thu-sao-ta-fmc-giam-21-ngay-thang-dau-nam-2026-post384804.html,https://image.tinnhanhchungkhoan.vn/w200/Uploaded/2026/xvrhgenatpx97/2023_01_16/fmc-9473.jpg,,,,4,Thông tin doanh nghiệp,/thong-tin-doanh-nghiep/,"BMI,C4G,DL1,FPT,GCF,GMD,HUT,IDC,ITD,MBB,MWG,PAC,PC1,PVD,PVS,SHB,SIP,STH,TIP,TV2,VGT"
STH,384802,"Quý IV/2025, lợi nhuận sau thuế của Đạt Phương (DPG) tăng 46%",,"(ĐTCK) Mới đây, CTCP Tập đoàn Đạt Phương (mã DPG) công bố báo cáo tài chính quý IV/2025 cho thấy sự cải thiện về quy mô doanh thu và lợi nhuận.",1770091215,2026-02-03 11:00:15,1770091215,2026-02-03 11:00:15,https://www.tinnhanhchungkhoan.vn/quy-iv2025-loi-nhuan-sau-thue-cua-dat-phuong-dpg-tang-46-post384802.html,/quy-iv2025-loi-nhuan-sau-thue-cua-dat-phuong-dpg-tang-46-post384802.html,https://image.tinnhanhchungkhoan.vn/w200/Uploaded/2026/gtnwae/2026_02_03/1-7741-8171.jpg,,,,4,Thông tin doanh nghiệp,/thong-tin-doanh-nghiep/,"BMI,C4G,DL1,FPT,GCF,GMD,HUT,IDC,ITD,MBB,MWG,PAC,PC1,PVD,PVS,SHB,SIP,STH,TIP,TV2,VGT"
STH,384799,Lợi nhuận Tổng công ty Tín Nghĩa (TID) giảm tới 99% trong quý IV/2025 khi phải hoàn trả cho Tỉnh uỷ Đồng Nai,,"(ĐTCK) Tổng công ty Tín Nghĩa (mã TID - UPCoM) ghi nhận lãi 1,8 tỷ đồng trong quý IV, luỹ kế cả năm 2025 ghi nhận lãi 762,13 tỷ đồng, hoàn thành 113,4% so với kế hoạch năm.",1770090820,2026-02-03 10:53:40,1770090820,2026-02-03 10:53:40,https://www.tinnhanhchungkhoan.vn/loi-nhuan-tong-cong-ty-tin-nghia-tid-giam-toi-99-trong-quy-iv2025-khi-phai-hoan-tra-cho-tinh-uy-dong-nai-post384799.html,/loi-nhuan-tong-cong-ty-tin-nghia-tid-giam-toi-99-trong-quy-iv2025-khi-phai-hoan-tra-cho-tinh-uy-dong-nai-post384799.html,https://image.tinnhanhchungkhoan.vn/w200/Uploaded/2026/lcgjikao/2026_02_03/01-906-8353.jpeg,,,,4,Thông tin doanh nghiệp,/thong-tin-doanh-nghiep/,"BMI,C4G,DL1,FPT,GCF,GMD,HUT,IDC,ITD,MBB,MWG,PAC,PC1,PVD,PVS,SHB,SIP,STH,TIP,TV2,VGT"
STH,384779,"Gỗ An Cường (ACG) ghi nhận dòng tiền kinh doanh âm kỷ lục 408,56 tỷ đồng trong năm 2025",,"(ĐTCK) CTCP Gỗ An Cường (mã ACG - sàn HOSE) ghi nhận lãi 145,54 tỷ đồng trong quý IV, luỹ kế năm 2025 ghi nhận lãi 503,75 tỷ đồng, tăng 19,9% so với cùng kỳ năm trước.",1770077256,2026-02-03 07:07:36,1770077256,2026-02-03 07:07:36,https://www.tinnhanhchungkhoan.vn/go-an-cuong-acg-ghi-nhan-dong-tien-kinh-doanh-am-ky-luc-40856-ty-dong-trong-nam-2025-post384779.html,/go-an-cuong-acg-ghi-nhan-dong-tien-kinh-doanh-am-ky-luc-40856-ty-dong-trong-nam-2025-post384779.html,https://image.tinnhanhchungkhoan.vn/w200/Uploaded/2026/lcgjikao/2026_02_02/01-8702-1876.jpg,,,,4,Thông tin doanh nghiệp,/thong-tin-doanh-nghiep/,"BMI,C4G,DL1,FPT,GCF,GMD,HUT,IDC,ITD,MBB,MWG,PAC,PC1,PVD,PVS,SHB,SIP,STH,TIP,TV2,VGT"
STH,384776,Searefico (SRF) thoát lỗ quý IV/2025 nhờ thu nhập khác tăng đột biến,,"(ĐTCK) Công ty cổ phần Searefico (mã SRF - sàn HOSE) ghi nhận lãi 15,71 tỷ đồng trong quý IV, luỹ kế cả năm 2025 lãi 22,18 tỷ đồng và đạt 56,9% kế hoạch năm.",1770077020,2026-02-03 07:03:40,1770077020,2026-02-03 07:03:40,https://www.tinnhanhchungkhoan.vn/searefico-srf-thoat-lo-quy-iv2025-nho-thu-nhap-khac-tang-dot-bien-post384776.html,/searefico-srf-thoat-lo-quy-iv2025-nho-thu-nhap-khac-tang-dot-bien-post384776.html,https://image.tinnhanhchungkhoan.vn/w200/Uploaded/2026/lcgjikao/2026_02_02/01-2954-71.jpg,,,,4,Thông tin doanh nghiệp,/thong-tin-doanh-nghiep/,"BMI,C4G,DL1,FPT,GCF,GMD,HUT,IDC,ITD,MBB,MWG,PAC,PC1,PVD,PVS,SHB,SIP,STH,TIP,TV2,VGT"
STH,384774,"Thép Pomina (POM) lỗ thêm 838,2 tỷ đồng năm 2025, vốn chủ sở hữu âm hơn 623,6 tỷ đồng",,"(ĐTCK) CTCP Thép Pomina (mã POM) vừa công bố báo cáo tài chính năm 2025 với khoản lỗ sau thuế 838,2 tỷ đồng, đánh dấu năm thứ 4 liên tiếp doanh nghiệp thua lỗ, qua đó nâng lỗ lũy kế lên 3.485 tỷ đồng và khiến vốn chủ sở hữu tại thời điểm cuối năm âm hơn 623,6 tỷ đồng",1770076822,2026-02-03 07:00:22,1770076822,2026-02-03 07:00:22,https://www.tinnhanhchungkhoan.vn/thep-pomina-pom-lo-them-8382-ty-dong-nam-2025-von-chu-so-huu-am-hon-6236-ty-dong-post384774.html,/thep-pomina-pom-lo-them-8382-ty-dong-nam-2025-von-chu-so-huu-am-hon-6236-ty-dong-post384774.html,https://image.tinnhanhchungkhoan.vn/w200/Uploaded/2026/xvrhgenatpx97/2024_08_21/pom-5603.jpeg,,,,4,Thông tin doanh nghiệp,/thong-tin-doanh-nghiep/,"BMI,C4G,DL1,FPT,GCF,GMD,HUT,IDC,ITD,MBB,MWG,PAC,PC1,PVD,PVS,SHB,SIP,STH,TIP,TV2,VGT"
STH,384773,PV Drilling (PVD) vượt 98% mục tiêu lợi nhuận năm 2025,,"(ĐTCK) Năm 2025, PV Drilling mang về 1.050,5 tỷ đồng lãi ròng, tăng 50,5% so với kết quả thực hiện năm 2024 và vượt 98% mục tiêu lợi nhuận cả năm.",1770076674,2026-02-03 06:57:54,1770076674,2026-02-03 06:57:54,https://www.tinnhanhchungkhoan.vn/pv-drilling-pvd-vuot-98-muc-tieu-loi-nhuan-nam-2025-post384773.html,/pv-drilling-pvd-vuot-98-muc-tieu-loi-nhuan-nam-2025-post384773.html,https://image.tinnhanhchungkhoan.vn/w200/Uploaded/2026/xvrhgenatpx97/2023_04_24/pvd-1871.jpeg,,,,4,Thông tin doanh nghiệp,/thong-tin-doanh-nghiep/,"BMI,C4G,DL1,FPT,GCF,GMD,HUT,IDC,ITD,MBB,MWG,PAC,PC1,PVD,PVS,SHB,SIP,STH,TIP,TV2,VGT"
STH,384775,MB (MBB) dự kiến cán mốc vốn hóa 10 tỷ USD vào năm 2027,,"(ĐTCK) So với giai đoạn đầu năm 2017, tổng vốn hoá của Ngân hàng TMCP Quân Đội (MB - mã chứng khoán MBB) đến nay đã ghi nhận tăng 9,9 lần (tương đương khoảng 8,5 tỷ USD). Ông Lưu Trung Thái, Chủ tịch HĐQT MB cho biết, với tốc độ tăng trưởng như hiện nay, dự kiến sang năm 2027, tổng giá trị vốn hoá của MB có thể cán đến mốc 10 tỷ USD.",1770076595,2026-02-03 06:56:35,1770076595,2026-02-03 06:56:35,https://www.tinnhanhchungkhoan.vn/mb-mbb-du-kien-can-moc-von-hoa-10-ty-usd-vao-nam-2027-post384775.html,/mb-mbb-du-kien-can-moc-von-hoa-10-ty-usd-vao-nam-2027-post384775.html,https://image.tinnhanhchungkhoan.vn/w200/Uploaded/2026/ngobgt/2026_02_02/img-3950-1125-6297.jpeg,"Ông Lưu Trung Thái, Chủ tịch HĐQT Ngân hàng TMCP Quân Đội (MB) chủ trì hội nghị Nhà đầu tư.",,,4,Thông tin doanh nghiệp,/thong-tin-doanh-nghiep/,"BMI,C4G,DL1,FPT,GCF,GMD,HUT,IDC,ITD,MBB,MWG,PAC,PC1,PVD,PVS,SHB,SIP,STH,TIP,TV2,VGT"
STH,384768,Chiến lược Go Global đang từng bước đóng góp vào tăng trưởng dài hạn của Masan Consumer (MCH),,"(ĐTCK) Trong suốt năm 2025, doanh thu quốc tế của Masan Consumer (HOSE: MCH) duy trì đà tăng trưởng tích cực và tiếp tục cải thiện trong quý gần nhất. Theo báo cáo kết quả kinh doanh, riêng kênh kinh doanh quốc tế tăng trưởng gần 27% trong năm 2025. Diễn biến này cho thấy chiến lược Go Global đang bắt đầu tạo đóng góp thực tế, thay vì chỉ dừng ở định hướng dài hạn.",1770026991,2026-02-02 17:09:51,1770029550,2026-02-02 17:52:30,https://www.tinnhanhchungkhoan.vn/chien-luoc-go-global-dang-tung-buoc-dong-gop-vao-tang-truong-dai-han-cua-masan-consumer-mch-post384768.html,/chien-luoc-go-global-dang-tung-buoc-dong-gop-vao-tang-truong-dai-han-cua-masan-consumer-mch-post384768.html,https://image.tinnhanhchungkhoan.vn/w200/Uploaded/2026/bpikpjik/2026_02_02/thuc-pham-tuoi-ngon-phong-phu-tai-sieu-thi-winmart-4053-77.jpeg,,,,4,Thông tin doanh nghiệp,/thong-tin-doanh-nghiep/,"BMI,C4G,DL1,FPT,GCF,GMD,HUT,IDC,ITD,MBB,MWG,PAC,PC1,PVD,PVS,SHB,SIP,STH,TIP,TV2,VGT"
STH,384769,OCH vượt kế hoạch doanh thu và lợi nhuận năm 2025,,"(ĐTCK) Công ty cổ phần One Capital Hospitality (HNX: OCH) ghi nhận doanh thu cả năm 2025 đạt 1.188 tỷ đồng, lợi nhuận trước thuế 135,6 tỷ đồng, vượt kế hoạch được Đại hội đồng cổ đông (ĐHĐCĐ) đề ra.",1770026945,2026-02-02 17:09:05,1770026945,2026-02-02 17:09:05,https://www.tinnhanhchungkhoan.vn/och-vuot-ke-hoach-doanh-thu-va-loi-nhuan-nam-2025-post384769.html,/och-vuot-ke-hoach-doanh-thu-va-loi-nhuan-nam-2025-post384769.html,https://image.tinnhanhchungkhoan.vn/w200/Uploaded/2026/cqjwqcqdh/2025_10_30/och-8280-9602.jpg,,,,4,Thông tin doanh nghiệp,/thong-tin-doanh-nghiep/,"BMI,C4G,DL1,FPT,GCF,GMD,HUT,IDC,ITD,MBB,MWG,PAC,PC1,PVD,PVS,SHB,SIP,STH,TIP,TV2,VGT"
STH,384765,"Cơ điện lạnh (REE) tạm ứng cổ tức 10% bằng tiền, lên lịch ĐHCĐ thường niên năm tài chính 2025",,"(ĐTCK) HĐQT CTCP Cơ điện lạnh (REE – sàn HOSE) vừa thông qua, ngày 27/2 tới đây sẽ thực hiện chốt danh sách cổ đông để tổ chức ĐHCĐ thường niên năm tài chính 2025 và tạm ứng cổ tức năm 2025.",1770026245,2026-02-02 16:57:25,1770026691,2026-02-02 17:04:51,https://www.tinnhanhchungkhoan.vn/co-dien-lanh-ree-tam-ung-co-tuc-10-bang-tien-len-lich-dhcd-thuong-nien-nam-tai-chinh-2025-post384765.html,/co-dien-lanh-ree-tam-ung-co-tuc-10-bang-tien-len-lich-dhcd-thuong-nien-nam-tai-chinh-2025-post384765.html,https://image.tinnhanhchungkhoan.vn/w200/Uploaded/2026/pigo/2020_09_30/cong-ty-co-phan-co-dien-lanh-bom-no-cham-trong-dau-tu-tai-chinh1590080990-3682.jpg,,,,4,Thông tin doanh nghiệp,/thong-tin-doanh-nghiep/,"BMI,C4G,DL1,FPT,GCF,GMD,HUT,IDC,ITD,MBB,MWG,PAC,PC1,PVD,PVS,SHB,SIP,STH,TIP,TV2,VGT"
STH,384761,Vietbank (VBB): Bổ nhiệm Quyền Tổng giám đốc và một Phó tổng giám đốc,,"(ĐTCK) Ngân hàng TMCP Việt Nam Thương Tín (Vietbank, mã chứng khoán: VBB) vừa công bố quyết định kiện toàn nhân sự lãnh đạo cấp cao.",1770023282,2026-02-02 16:08:02,1770023282,2026-02-02 16:08:02,https://www.tinnhanhchungkhoan.vn/vietbank-vbb-bo-nhiem-quyen-tong-giam-doc-va-mot-pho-tong-giam-doc-post384761.html,/vietbank-vbb-bo-nhiem-quyen-tong-giam-doc-va-mot-pho-tong-giam-doc-post384761.html,https://image.tinnhanhchungkhoan.vn/w200/Uploaded/2026/bpcgdqvp/2026_02_02/vb2-3335-3688.jpg,Hội đồng Quản trị trao quyết định bổ nhiệm cho ông Lê Thanh Quý Ngọc - Quyền Tổng giám đốc và bà Trần Thị Ngọc Lý - Phó tổng giám đốc Vietbank,,,4,Thông tin doanh nghiệp,/thong-tin-doanh-nghiep/,"BMI,C4G,DL1,FPT,GCF,GMD,HUT,IDC,ITD,MBB,MWG,PAC,PC1,PVD,PVS,SHB,SIP,STH,TIP,TV2,VGT"
STH,384752,"CDC Construction (CCC): Dòng tiền kinh doanh âm kỷ lục 335,17 tỷ đồng trong 9 tháng đầu niên độ 2025 - 2026",,"(ĐTCK) Công ty cổ phần Xây dựng CDC (CDC Construction, mã CCC - sàn HOSE) ghi nhận lãi 9,67 tỷ đồng trong quý III, luỹ kế 9 tháng trong niên độ 2025 - 2026 ghi nhận lãi 30,31 tỷ đồng, tăng 3,8% so với cùng kỳ và hoàn thành 64,1% kế hoạch năm.",1770022404,2026-02-02 15:53:24,1770022404,2026-02-02 15:53:24,https://www.tinnhanhchungkhoan.vn/cdc-construction-ccc-dong-tien-kinh-doanh-am-ky-luc-33517-ty-dong-trong-9-thang-dau-nien-do-2025-2026-post384752.html,/cdc-construction-ccc-dong-tien-kinh-doanh-am-ky-luc-33517-ty-dong-trong-9-thang-dau-nien-do-2025-2026-post384752.html,https://image.tinnhanhchungkhoan.vn/w200/Uploaded/2026/lcgjikao/2026_02_02/01-5399-2697.jpg,,,,4,Thông tin doanh nghiệp,/thong-tin-doanh-nghiep/,"BMI,C4G,DL1,FPT,GCF,GMD,HUT,IDC,ITD,MBB,MWG,PAC,PC1,PVD,PVS,SHB,SIP,STH,TIP,TV2,VGT"
STH,384712,"Doanh thu cả năm vượt 37.000 tỷ đồng, Tasco (HUT) báo lãi gấp 2 lần năm trước",,"(ĐTCK) Năm 2025, Công ty Cổ phần Tasco (HNX: HUT) ghi nhận doanh thu 37.000 tỷ đồng, lợi nhuận sau thuế hơn 623 tỷ đồng, gấp 2 lần năm trước và cao nhất trong lịch sử hoạt động.",1770019201,2026-02-02 15:00:01,1770000938,2026-02-02 09:55:38,https://www.tinnhanhchungkhoan.vn/doanh-thu-ca-nam-vuot-37000-ty-dong-tasco-hut-bao-lai-gap-2-lan-nam-truoc-post384712.html,/doanh-thu-ca-nam-vuot-37000-ty-dong-tasco-hut-bao-lai-gap-2-lan-nam-truoc-post384712.html,https://image.tinnhanhchungkhoan.vn/w200/Uploaded/2026/xpwvotiv/2026_02_02/tasco-5092-7931.jpg,,,,4,Thông tin doanh nghiệp,/thong-tin-doanh-nghiep/,"BMI,C4G,DL1,FPT,GCF,GMD,HUT,IDC,ITD,MBB,MWG,PAC,PC1,PVD,PVS,SHB,SIP,STH,TIP,TV2,VGT"
STH,384740,Quốc Cường Gia Lai (QCG) lãi đột biến quý IV/2025 nhờ thanh lý các khoản đầu tư,,"(ĐTCK) CTCP Quốc Cường Gia Lai (mã QCG - sàn HOSE) ghi nhận lãi 137,22 tỷ đồng trong quý IV, lũy kế năm 2025 lãi 171,28 tỷ đồng, tăng 109% so với năm 2024 và không hoàn thành kế hoạch năm.",1770016785,2026-02-02 14:19:45,1770016785,2026-02-02 14:19:45,https://www.tinnhanhchungkhoan.vn/quoc-cuong-gia-lai-qcg-lai-dot-bien-quy-iv2025-nho-thanh-ly-cac-khoan-dau-tu-post384740.html,/quoc-cuong-gia-lai-qcg-lai-dot-bien-quy-iv2025-nho-thanh-ly-cac-khoan-dau-tu-post384740.html,https://image.tinnhanhchungkhoan.vn/w200/Uploaded/2026/lcgjikao/2026_02_02/01-5700-5016.jpg,,,,4,Thông tin doanh nghiệp,/thong-tin-doanh-nghiep/,"BMI,C4G,DL1,FPT,GCF,GMD,HUT,IDC,ITD,MBB,MWG,PAC,PC1,PVD,PVS,SHB,SIP,STH,TIP,TV2,VGT"
STH,384739,"Thuỷ điện Vĩnh Sơn - Sông Hinh (VSH) chốt quyền nhận cổ tức 10%, dự kiến họp ĐHCĐ 2026 cuối tháng 3",,"(ĐTCK) CTCP Thuỷ điện Vĩnh Sơn - Sông Hinh (mã VSH) mới thông báo, ngày 23/02 tới đây sẽ chốt danh sách cổ đông nhận cổ tức đợt 3/2025 và tham dự đại hội cổ đông năm 2026.",1770016761,2026-02-02 14:19:21,1770016761,2026-02-02 14:19:21,https://www.tinnhanhchungkhoan.vn/thuy-dien-vinh-son-song-hinh-vsh-chot-quyen-nhan-co-tuc-10-du-kien-hop-dhcd-2026-cuoi-thang-3-post384739.html,/thuy-dien-vinh-son-song-hinh-vsh-chot-quyen-nhan-co-tuc-10-du-kien-hop-dhcd-2026-cuoi-thang-3-post384739.html,https://image.tinnhanhchungkhoan.vn/w200/Uploaded/2026/xvrhgenatpx97/2024_10_24/vsh-8946.jpeg,,,,4,Thông tin doanh nghiệp,/thong-tin-doanh-nghiep/,"BMI,C4G,DL1,FPT,GCF,GMD,HUT,IDC,ITD,MBB,MWG,PAC,PC1,PVD,PVS,SHB,SIP,STH,TIP,TV2,VGT"
STH,384741,VPS (VCK) được VASB vinh danh công ty chứng khoán đạt điểm thực hành ESG cao nhất,,"(ĐTCK) Công ty cổ phần Chứng khoán VPS (mã chứng khoán VCK) là một trong hai công ty chứng khoán được xếp hạng cao nhất trong chương trình chấm điểm thực hành ESG do Hiệp hội Chứng khoán Việt Nam (VASB) tổ chức, khẳng định cam kết mạnh mẽ của doanh nghiệp đối với phát triển bền vững theo chuẩn mực quốc tế.",1770016630,2026-02-02 14:17:10,1770343895,2026-02-06 09:11:35,https://www.tinnhanhchungkhoan.vn/vps-vck-duoc-vasb-vinh-danh-cong-ty-chung-khoan-dat-diem-thuc-hanh-esg-cao-nhat-post384741.html,/vps-vck-duoc-vasb-vinh-danh-cong-ty-chung-khoan-dat-diem-thuc-hanh-esg-cao-nhat-post384741.html,https://image.tinnhanhchungkhoan.vn/w200/Uploaded/2026/ipuokbf/2026_02_06/800x500-8825-6213.png,,,,4,Thông tin doanh nghiệp,/thong-tin-doanh-nghiep/,"BMI,C4G,DL1,FPT,GCF,GMD,HUT,IDC,ITD,MBB,MWG,PAC,PC1,PVD,PVS,SHB,SIP,STH,TIP,TV2,VGT"
STH,384738,"Doanh thu năm 2025 của Vinamilk (VNM) đạt 63.724 tỷ đồng, cao nhất lịch sử Công ty",,"(ĐTCK)Tổng doanh thu hợp nhất quý IV/2025 của Công ty cổ phần Sữa Việt Nam (Vinamilk - mã VNM) đạt 17.045 tỷ đồng, tiếp tục lập đỉnh mới, tăng 10,1% so với cùng kỳ.",1770016538,2026-02-02 14:15:38,1770016538,2026-02-02 14:15:38,https://www.tinnhanhchungkhoan.vn/doanh-thu-nam-2025-cua-vinamilk-vnm-dat-63724-ty-dong-cao-nhat-lich-su-cong-ty-post384738.html,/doanh-thu-nam-2025-cua-vinamilk-vnm-dat-63724-ty-dong-cao-nhat-lich-su-cong-ty-post384738.html,https://image.tinnhanhchungkhoan.vn/w200/Uploaded/2026/unvjshu/2026_02_02/vnm-1723-4621.jpg,Đẩy mạnh các hoạt động xúc tiến thương mại giúp Vinamilk nâng cao hình ảnh và vị thế thương hiệu trên thị trường quốc tế. Ảnh: Vi Nam,,,4,Thông tin doanh nghiệp,/thong-tin-doanh-nghiep/,"BMI,C4G,DL1,FPT,GCF,GMD,HUT,IDC,ITD,MBB,MWG,PAC,PC1,PVD,PVS,SHB,SIP,STH,TIP,TV2,VGT"
STH,384726,"Địa ốc Hoàng Quân (HQC) thoát lỗ quý IV/2025 nhờ hoạt động tài chính, thu hồi công nợ và hoàn nhập dự phòng",,"(ĐTCK) CTCP Tư vấn Thương mại Dịch vụ Địa ốc Hoàng Quân (mã HQC - sàn HOSE) ghi nhận lãi 55,08 tỷ đồng trong quý IV, luỹ kế cả năm 2025 lãi 73,21 tỷ đồng, tăng trưởng 116,8% và hoàn thành 104,6% kế hoạch năm.",1770006229,2026-02-02 11:23:49,1770006229,2026-02-02 11:23:49,https://www.tinnhanhchungkhoan.vn/dia-oc-hoang-quan-hqc-thoat-lo-quy-iv2025-nho-hoat-dong-tai-chinh-thu-hoi-cong-no-va-hoan-nhap-du-phong-post384726.html,/dia-oc-hoang-quan-hqc-thoat-lo-quy-iv2025-nho-hoat-dong-tai-chinh-thu-hoi-cong-no-va-hoan-nhap-du-phong-post384726.html,https://image.tinnhanhchungkhoan.vn/w200/Uploaded/2026/lcgjikao/2026_02_02/01-2382-9002.jpg,,,,4,Thông tin doanh nghiệp,/thong-tin-doanh-nghiep/,"BMI,C4G,DL1,FPT,GCF,GMD,HUT,IDC,ITD,MBB,MWG,PAC,PC1,PVD,PVS,SHB,SIP,STH,TIP,TV2,VGT"
STH,384713,"Vietbank (VBB) đạt 1.532 tỷ đồng lợi nhuận trước thuế năm 2025, chuẩn bị niêm yết sàn HOSE",,"(ĐTCK) Năm 2025, Ngân hàng TMCP Việt Nam Thương Tín (Vietbank, mã chứng khoán VBB) ghi nhận lợi nhuận trước thuế hợp nhất đạt 1.532 tỷ đồng, tăng 35% so với năm 2024.",1769997537,2026-02-02 08:58:57,1769997537,2026-02-02 08:58:57,https://www.tinnhanhchungkhoan.vn/vietbank-vbb-dat-1532-ty-dong-loi-nhuan-truoc-thue-nam-2025-chuan-bi-niem-yet-san-hose-post384713.html,/vietbank-vbb-dat-1532-ty-dong-loi-nhuan-truoc-thue-nam-2025-chuan-bi-niem-yet-san-hose-post384713.html,https://image.tinnhanhchungkhoan.vn/w200/Uploaded/2026/bpcgdqvp/2023_09_20/vietbank-527.jpg,,,,4,Thông tin doanh nghiệp,/thong-tin-doanh-nghiep/,"BMI,C4G,DL1,FPT,GCF,GMD,HUT,IDC,ITD,MBB,MWG,PAC,PC1,PVD,PVS,SHB,SIP,STH,TIP,TV2,VGT"
STH,384684,Đầu tư Thương mại SMC (SMC) ghi nhận lãi đột biến trở lại trong quý IV/2025 nhờ thanh lý tài sản và hoàn nhập dự phòng,,"(ĐTCK) Công ty cổ phần Đầu tư Thương mại SMC (mã SMC - sàn HOSE) ghi nhận lãi 343,95 tỷ đồng trong quý IV, luỹ kế cả năm 2025 lãi 185,07 tỷ đồng và hoàn thành tới 616,9% kế hoạch năm.",1769990120,2026-02-02 06:55:20,1769961336,2026-02-01 22:55:36,https://www.tinnhanhchungkhoan.vn/dau-tu-thuong-mai-smc-smc-ghi-nhan-lai-dot-bien-tro-lai-trong-quy-iv2025-nho-thanh-ly-tai-san-va-hoan-nhap-du-phong-post384684.html,/dau-tu-thuong-mai-smc-smc-ghi-nhan-lai-dot-bien-tro-lai-trong-quy-iv2025-nho-thanh-ly-tai-san-va-hoan-nhap-du-phong-post384684.html,https://image.tinnhanhchungkhoan.vn/w200/Uploaded/2026/lcgjikao/2026_02_01/01-150-4789.jpg,,,,4,Thông tin doanh nghiệp,/thong-tin-doanh-nghiep/,"BMI,C4G,DL1,FPT,GCF,GMD,HUT,IDC,ITD,MBB,MWG,PAC,PC1,PVD,PVS,SHB,SIP,STH,TIP,TV2,VGT"
STH,384666,"Lợi nhuận Hoa Sen (HSG) giảm 62,3% trong quý I niên độ tài chính 2025 - 2026",,(ĐTCK) Công ty cổ phần Tập đoàn Hoa Sen (mã HSG - sàn HOSE) ghi nhận doanh thu và lợi nhuận đi lùi trong quý I niên độ tài chính 2025 – 2026 và có dấu hiệu tăng trích trữ tồn kho.,1769916063,2026-02-01 10:21:03,1769916063,2026-02-01 10:21:03,https://www.tinnhanhchungkhoan.vn/loi-nhuan-hoa-sen-hsg-giam-623-trong-quy-i-nien-do-tai-chinh-2025-2026-post384666.html,/loi-nhuan-hoa-sen-hsg-giam-623-trong-quy-i-nien-do-tai-chinh-2025-2026-post384666.html,https://image.tinnhanhchungkhoan.vn/w200/Uploaded/2026/lcgjikao/2026_02_01/01-8398-4117.jpg,,,,4,Thông tin doanh nghiệp,/thong-tin-doanh-nghiep/,"BMI,C4G,DL1,FPT,GCF,GMD,HUT,IDC,ITD,MBB,MWG,PAC,PC1,PVD,PVS,SHB,SIP,STH,TIP,TV2,VGT"
STH,384656,"Thép Nam Kim (NKG) lỗ 9,34 tỷ đồng trong quý IV/2025, đánh dấu lỗ trở lại sau 10 quý",,"(ĐTCK) CTCP Thép Nam Kim (mã NKG - sàn HOSE) ghi nhận lỗ 9,34 tỷ đồng trong quý IV, luỹ kế năm 2025 lãi 197,19 tỷ đồng, giảm 56,55% và không hoàn thành kế hoạch năm.",1769915573,2026-02-01 10:12:53,1769915573,2026-02-01 10:12:53,https://www.tinnhanhchungkhoan.vn/thep-nam-kim-nkg-lo-934-ty-dong-trong-quy-iv2025-danh-dau-lo-tro-lai-sau-10-quy-post384656.html,/thep-nam-kim-nkg-lo-934-ty-dong-trong-quy-iv2025-danh-dau-lo-tro-lai-sau-10-quy-post384656.html,https://image.tinnhanhchungkhoan.vn/w200/Uploaded/2026/lcgjikao/2026_02_01/01-3530-7692.jpg,,,,4,Thông tin doanh nghiệp,/thong-tin-doanh-nghiep/,"BMI,C4G,DL1,FPT,GCF,GMD,HUT,IDC,ITD,MBB,MWG,PAC,PC1,PVD,PVS,SHB,SIP,STH,TIP,TV2,VGT"
STH,384655,L40 đấu giá thành công quyền khai thác 415.000 m3 cát tại Quảng Nam,,"(ĐTCK) CTCP Đầu tư và Xây dựng 40 (L40) đã đấu giá thành công quyền khai thác bãi cát tại dự án nạo vét khơi thông dòng sông Cổ Cò (phường Điện Bàn Đông, Thành phố Đà Nẵng) với giá trúng đấu giá gần 60 tỷ đồng. Dự kiến L40 sẽ gia tăng lợi nhuận mảng vật liệu xây dựng năm 2026.",1769909966,2026-02-01 08:39:26,1769909966,2026-02-01 08:39:26,https://www.tinnhanhchungkhoan.vn/l40-dau-gia-thanh-cong-quyen-khai-thac-415000-m3-cat-tai-quang-nam-post384655.html,/l40-dau-gia-thanh-cong-quyen-khai-thac-415000-m3-cat-tai-quang-nam-post384655.html,https://image.tinnhanhchungkhoan.vn/w200/Uploaded/2026/ipuokbf/2026_02_01/song-co-co-copy-8566-1916.jpg,,,,4,Thông tin doanh nghiệp,/thong-tin-doanh-nghiep/,"BMI,C4G,DL1,FPT,GCF,GMD,HUT,IDC,ITD,MBB,MWG,PAC,PC1,PVD,PVS,SHB,SIP,STH,TIP,TV2,VGT"
STH,384654,"Gilimex (GIL) ghi nhận dòng tiền âm kỷ lục 677,5 tỷ đồng trong năm 2025",,"(ĐTCK) CTCP Sản xuất Kinh doanh Xuất nhập khẩu Bình Thạnh (Gilimex, mã GIL - sàn HOSE) ghi nhận lãi 138,19 tỷ đồng trong quý IV, luỹ kế cả năm 2025 lãi 35,64 tỷ đồng, tăng 29% so với cùng kỳ và chỉ đạt 23,8% kế hoạch năm.",1769909653,2026-02-01 08:34:13,1769909653,2026-02-01 08:34:13,https://www.tinnhanhchungkhoan.vn/gilimex-gil-ghi-nhan-dong-tien-am-ky-luc-6775-ty-dong-trong-nam-2025-post384654.html,/gilimex-gil-ghi-nhan-dong-tien-am-ky-luc-6775-ty-dong-trong-nam-2025-post384654.html,https://image.tinnhanhchungkhoan.vn/w200/Uploaded/2026/lcgjikao/2026_01_31/01-3473-8010.jpg,,,,4,Thông tin doanh nghiệp,/thong-tin-doanh-nghiep/,"BMI,C4G,DL1,FPT,GCF,GMD,HUT,IDC,ITD,MBB,MWG,PAC,PC1,PVD,PVS,SHB,SIP,STH,TIP,TV2,VGT"
STH,384648,Văn Phú (VPI) vượt chỉ tiêu lợi nhuận năm 2025,,"(ĐTCK) Dòng tiền thu được từ các dự án gồm Vlasta - Thủy Nguyên (Hải Phòng), Yên Phong (Bắc Ninh), TT39-40 (Hà Nội) , Dự án Song Khê - Nội Hoàng - (Bắc Ninh) giúp Công ty cổ phần Phát triển bất động sản Văn Phú (mã chứng khoán: VPI) kết thúc quý IV/2025 với lợi nhuận sau thuế ở mức 132 tỷ đồng, qua đó, thực hiện 112% chỉ tiêu lợi nhuận năm 2025 đã được các cổ đông thông qua tại cuộc họp ĐHĐCĐ thường niên.",1769837990,2026-01-31 12:39:50,1769837990,2026-01-31 12:39:50,https://www.tinnhanhchungkhoan.vn/van-phu-vpi-vuot-chi-tieu-loi-nhuan-nam-2025-post384648.html,/van-phu-vpi-vuot-chi-tieu-loi-nhuan-nam-2025-post384648.html,https://image.tinnhanhchungkhoan.vn/w200/Uploaded/2026/ipuokbf/2026_01_31/vpi-vlasta-phu-thuan-2958-8443.jpg,Dự án Vlasta Premier – Phú Thuận,,,4,Thông tin doanh nghiệp,/thong-tin-doanh-nghiep/,"BMI,C4G,DL1,FPT,GCF,GMD,HUT,IDC,ITD,MBB,MWG,PAC,PC1,PVD,PVS,SHB,SIP,STH,TIP,TV2,VGT"
STH,384635,"Vinasun (VNS): Lợi nhuận năm 2025 đạt hơn 38 tỷ đồng, giảm 54,5%",,"(ĐTCK) Công ty cổ phần Ánh Dương Việt Nam (Vinasun, mã VNS - sàn HOSE) ghi nhận lãi 4,94 tỷ đồng trong quý IV, luỹ kế năm 2025 lãi 38,29 tỷ đồng, giảm 54,5% so với cùng kỳ và chỉ hoàn thành 71,4% kế hoạch năm.",1769825682,2026-01-31 09:14:42,1769825682,2026-01-31 09:14:42,https://www.tinnhanhchungkhoan.vn/vinasun-vns-loi-nhuan-nam-2025-dat-hon-38-ty-dong-giam-545-post384635.html,/vinasun-vns-loi-nhuan-nam-2025-dat-hon-38-ty-dong-giam-545-post384635.html,https://image.tinnhanhchungkhoan.vn/w200/Uploaded/2026/lcgjikao/2026_01_31/01-5716-1382.jpg,,,,4,Thông tin doanh nghiệp,/thong-tin-doanh-nghiep/,"BMI,C4G,DL1,FPT,GCF,GMD,HUT,IDC,ITD,MBB,MWG,PAC,PC1,PVD,PVS,SHB,SIP,STH,TIP,TV2,VGT"
STH,384631,DIC Corp (DIG): Lãi đột biến quý IV/2025 nhờ bán một phần dự án Đại Phước,,"(ĐTCK) Tổng CTCP Đầu tư Phát triển Xây dựng (DIC Corp, mã DIG - sàn HOSE) ghi nhận lãi 423,99 tỷ đồng trong quý IV, luỹ kế năm 2025 lãi 623,95 tỷ đồng, tăng 509,2% so với cùng kỳ.",1769817644,2026-01-31 07:00:44,1769789831,2026-01-30 23:17:11,https://www.tinnhanhchungkhoan.vn/dic-corp-dig-lai-dot-bien-quy-iv2025-nho-ban-mot-phan-du-an-dai-phuoc-post384631.html,/dic-corp-dig-lai-dot-bien-quy-iv2025-nho-ban-mot-phan-du-an-dai-phuoc-post384631.html,https://image.tinnhanhchungkhoan.vn/w200/Uploaded/2026/lcgjikao/2026_01_30/01-5560-947.jpg,,,,4,Thông tin doanh nghiệp,/thong-tin-doanh-nghiep/,"BMI,C4G,DL1,FPT,GCF,GMD,HUT,IDC,ITD,MBB,MWG,PAC,PC1,PVD,PVS,SHB,SIP,STH,TIP,TV2,VGT"
STH,384633,"Năm 2025, YeaH1 (YEG) ghi nhận lợi nhuận sau thuế đạt 80,3 tỷ đồng",,"(ĐTCK) Trước nhiều biến động của thị trường chung năm 2025, YeaH1 ghi nhận doanh thu thuần đạt 1.653 tỷ đồng, tăng 61% so với cùng kỳ và vượt 27% so với kế hoạch năm.",1769816733,2026-01-31 06:45:33,1769789740,2026-01-30 23:15:40,https://www.tinnhanhchungkhoan.vn/nam-2025-yeah1-yeg-ghi-nhan-loi-nhuan-sau-thue-dat-803-ty-dong-post384633.html,/nam-2025-yeah1-yeg-ghi-nhan-loi-nhuan-sau-thue-dat-803-ty-dong-post384633.html,https://image.tinnhanhchungkhoan.vn/w200/Uploaded/2026/bpcpcwvo/2026_01_30/yeg-concert-5715-7796.png,,,,4,Thông tin doanh nghiệp,/thong-tin-doanh-nghiep/,"BMI,C4G,DL1,FPT,GCF,GMD,HUT,IDC,ITD,MBB,MWG,PAC,PC1,PVD,PVS,SHB,SIP,STH,TIP,TV2,VGT"
STH,384629,Eximbank (EIB) báo lãi trước thuế hơn 1.500 tỷ đồng trong năm 2025,,"(ĐTCK) Tổng lợi nhuận trước thuế của Eximbank trong năm 2025 đạt 1.511,7 tỷ đồng, chỉ đạt 29,12% kế hoạch năm.",1769771854,2026-01-30 18:17:34,1769779108,2026-01-30 20:18:28,https://www.tinnhanhchungkhoan.vn/eximbank-eib-bao-lai-truoc-thue-hon-1500-ty-dong-trong-nam-2025-post384629.html,/eximbank-eib-bao-lai-truoc-thue-hon-1500-ty-dong-trong-nam-2025-post384629.html,https://image.tinnhanhchungkhoan.vn/w200/Uploaded/2026/bpcgdqvp/2026_01_30/eib-594-5150.jpg,,,,4,Thông tin doanh nghiệp,/thong-tin-doanh-nghiep/,"BMI,C4G,DL1,FPT,GCF,GMD,HUT,IDC,ITD,MBB,MWG,PAC,PC1,PVD,PVS,SHB,SIP,STH,TIP,TV2,VGT"
STH,384628,"Giữa “tâm bão” ngành chăn nuôi, BAF nỗ lực giữ biên lợi nhuận",,"(ĐTCK) Giữa bối cảnh giá lợn hơi lao dốc, BAF Việt Nam nổi bật với chiến lược tối ưu chi phí sản xuất, giá vốn giảm 14,2% tương đương khoảng 700 tỷ đồng, giúp lợi nhuận gộp giữ đà tăng 14,7%. Song song, doanh nghiệp chủ động mở rộng quy mô, đẩy nhanh tiến độ dự án chăn nuôi công nghệ cao nhà cao tầng và tập trung nghiên cứu, lai tạo giống heo năng suất cao, tăng sức chống chịu dịch bệnh, tạo nền tảng bứt phá cho giai đoạn 2026 - 2030.",1769769063,2026-01-30 17:31:03,1769769063,2026-01-30 17:31:03,https://www.tinnhanhchungkhoan.vn/giua-tam-bao-nganh-chan-nuoi-baf-no-luc-giu-bien-loi-nhuan-post384628.html,/giua-tam-bao-nganh-chan-nuoi-baf-no-luc-giu-bien-loi-nhuan-post384628.html,https://image.tinnhanhchungkhoan.vn/w200/Uploaded/2026/bpikpjik/2026_01_30/baf-9294-5858.jpg,,,,4,Thông tin doanh nghiệp,/thong-tin-doanh-nghiep/,"BMI,C4G,DL1,FPT,GCF,GMD,HUT,IDC,ITD,MBB,MWG,PAC,PC1,PVD,PVS,SHB,SIP,STH,TIP,TV2,VGT"
STH,384618,"Khang Điền (KDH): Lợi nhuận 2025 vượt 63% kế hoạch, đạt hơn 1.633 tỷ đồng, mở rộng tăng trưởng trong 2026",,"(ĐTCK) Công ty cổ phần Đầu tư và Kinh doanh Nhà Khang Điền (mã chứng khoán KDH) vừa công bố báo cáo tài chính năm 2025, ghi nhận doanh thu hợp nhất tăng trưởng 16% và lợi nhuận sau thuế tăng gấp đôi so với cùng kỳ năm, vượt xa kế hoạch đề ra.",1769768553,2026-01-30 17:22:33,1769768553,2026-01-30 17:22:33,https://www.tinnhanhchungkhoan.vn/khang-dien-kdh-loi-nhuan-2025-vuot-63-ke-hoach-dat-hon-1633-ty-dong-mo-rong-tang-truong-trong-2026-post384618.html,/khang-dien-kdh-loi-nhuan-2025-vuot-63-ke-hoach-dat-hon-1633-ty-dong-mo-rong-tang-truong-trong-2026-post384618.html,https://image.tinnhanhchungkhoan.vn/w200/Uploaded/2026/djshp/2026_01_25/2-992-368.jpg,"Mới đây, Khang Điền đã động thổ khu cao tầng Gladia by the Waters gồm hơn 600 căn hộ, dự kiến bàn giao quý IV/2027.",,,4,Thông tin doanh nghiệp,/thong-tin-doanh-nghiep/,"BMI,C4G,DL1,FPT,GCF,GMD,HUT,IDC,ITD,MBB,MWG,PAC,PC1,PVD,PVS,SHB,SIP,STH,TIP,TV2,VGT"
STH,384620,"TTC Land (SCR) đạt lợi nhuận sau thuế 67,38 tỷ đồng trong năm 2025",,"(ĐTCK) CTCP Địa ốc Sài Gòn Thương Tín (TTC Land, mã SCR - sàn HOSE) ghi nhận lợi nhuận sau thuế 33,47 tỷ đồng trong quý IV, luỹ kế năm 2025 lãi 67,38 tỷ đồng, tăng hơn 14,85 lần so với cùng kỳ.",1769763442,2026-01-30 15:57:22,1769763442,2026-01-30 15:57:22,https://www.tinnhanhchungkhoan.vn/ttc-land-scr-dat-loi-nhuan-sau-thue-6738-ty-dong-trong-nam-2025-post384620.html,/ttc-land-scr-dat-loi-nhuan-sau-thue-6738-ty-dong-trong-nam-2025-post384620.html,https://image.tinnhanhchungkhoan.vn/w200/Uploaded/2026/lcgjikao/2026_01_30/01-8713-3228.jpeg,,,,4,Thông tin doanh nghiệp,/thong-tin-doanh-nghiep/,"BMI,C4G,DL1,FPT,GCF,GMD,HUT,IDC,ITD,MBB,MWG,PAC,PC1,PVD,PVS,SHB,SIP,STH,TIP,TV2,VGT"
STH,384615,"Lợi nhuận trước thuế năm 2025 của OCB đạt 5.046 tỷ đồng, tăng gần 26%",,"(ĐTCK) Theo báo cáo tài chính quý IV vừa được Ngân hàng Phương Đông (mã CK: OCB) công bố, lợi nhuận trước thuế năm 2025 đạt mức 5.046 tỷ đồng, tăng 25,9% so với năm 2024.",1769762805,2026-01-30 15:46:45,1769768157,2026-01-30 17:15:57,https://www.tinnhanhchungkhoan.vn/loi-nhuan-truoc-thue-nam-2025-cua-ocb-dat-5046-ty-dong-tang-gan-26-post384615.html,/loi-nhuan-truoc-thue-nam-2025-cua-ocb-dat-5046-ty-dong-tang-gan-26-post384615.html,https://image.tinnhanhchungkhoan.vn/w200/Uploaded/2026/bpcgdqvp/2024_01_30/ocb-3903.jpg,,,,4,Thông tin doanh nghiệp,/thong-tin-doanh-nghiep/,"BMI,C4G,DL1,FPT,GCF,GMD,HUT,IDC,ITD,MBB,MWG,PAC,PC1,PVD,PVS,SHB,SIP,STH,TIP,TV2,VGT"
STH,384614,Hạ tầng GELEX (GEL) phê duyệt khoản vay 200 triệu USD vốn quốc tế,,"(ĐTCK) CTCP Hạ tầng GELEX (mã GEL - sàn HOSE) vừa công bố nghị quyết hội đồng quản trị về việc phê duyệt khoản vay nước ngoài trị giá 200 triệu USD, trong đó HSBC đóng vai trò là ngân hàng thu xếp chính duy nhất kiêm điều phối sổ.",1769762776,2026-01-30 15:46:16,1769779705,2026-01-30 20:28:25,https://www.tinnhanhchungkhoan.vn/ha-tang-gelex-gel-phe-duyet-khoan-vay-200-trieu-usd-von-quoc-te-post384614.html,/ha-tang-gelex-gel-phe-duyet-khoan-vay-200-trieu-usd-von-quoc-te-post384614.html,https://image.tinnhanhchungkhoan.vn/w200/Uploaded/2026/lcgjikao/2026_01_30/02-4078-873.jpg,Hạ tầng GELEX đã làm việc với hơn 30 ngân hàng và tổ chức tài chính tại Singapore và Đài Loan.,,,4,Thông tin doanh nghiệp,/thong-tin-doanh-nghiep/,"BMI,C4G,DL1,FPT,GCF,GMD,HUT,IDC,ITD,MBB,MWG,PAC,PC1,PVD,PVS,SHB,SIP,STH,TIP,TV2,VGT"
STH,384613,"PTM lên kế hoạch chia cổ tức 30% bằng tiền, Haxaco (HAX) có thể nhận về gần 50 tỷ đồng",,"(ĐTCK) CTCP Sản xuất, Thương mại và Dịch vụ ô tô PTM (mã chứng khoán PTM) vừa có dự thảo tài liệu họp Đại hội đồng cổ đông thường niên 2026, trong đó có tờ trình phương án phân phối lợi nhuận năm 2025, chia cổ tức 30% bằng tiền mặt.",1769762727,2026-01-30 15:45:27,1769762727,2026-01-30 15:45:27,https://www.tinnhanhchungkhoan.vn/ptm-len-ke-hoach-chia-co-tuc-30-bang-tien-haxaco-hax-co-the-nhan-ve-gan-50-ty-dong-post384613.html,/ptm-len-ke-hoach-chia-co-tuc-30-bang-tien-haxaco-hax-co-the-nhan-ve-gan-50-ty-dong-post384613.html,https://image.tinnhanhchungkhoan.vn/w200/Uploaded/2026/wpxlcdjwi/2022_06_01/dien-bien-thi-truong-bat-loi-haxaco-hoan-tang-von-8721.jpg,Haxaco (HAX) sắp nhận gần 50 tỷ đồng tiền cổ tức từ PTM,,,4,Thông tin doanh nghiệp,/thong-tin-doanh-nghiep/,"BMI,C4G,DL1,FPT,GCF,GMD,HUT,IDC,ITD,MBB,MWG,PAC,PC1,PVD,PVS,SHB,SIP,STH,TIP,TV2,VGT"
STH,384611,"Năm 2025, MSB đạt lợi nhuận trước thuế hợp nhất 7.058 tỷ đồng",,"(ĐTCK) Tại ngày 31/12/2025, tổng tài sản hợp nhất của Ngân hàng TMCP Hàng Hải Việt Nam (MSB - sàn HOSE) đạt gần 408 nghìn tỷ đồng, tăng 27,3% so với thời điểm đầu năm. Động lực chính của sự tăng trưởng quy mô đến từ hoạt động tín dụng.",1769762700,2026-01-30 15:45:00,1769762700,2026-01-30 15:45:00,https://www.tinnhanhchungkhoan.vn/nam-2025-msb-dat-loi-nhuan-truoc-thue-hop-nhat-7058-ty-dong-post384611.html,/nam-2025-msb-dat-loi-nhuan-truoc-thue-hop-nhat-7058-ty-dong-post384611.html,https://image.tinnhanhchungkhoan.vn/w200/Uploaded/2026/pwvolcvo/2026_01_30/msb-6-7064-2022.jpg,,,,4,Thông tin doanh nghiệp,/thong-tin-doanh-nghiep/,"BMI,C4G,DL1,FPT,GCF,GMD,HUT,IDC,ITD,MBB,MWG,PAC,PC1,PVD,PVS,SHB,SIP,STH,TIP,TV2,VGT"
TIP,384814,Dịch vụ Phân phối Tổng hợp Dầu khí (PSD) vượt 40% mục tiêu lợi nhuận 2025,,"(ĐTCK) Năm 2025, CTCP Dịch vụ Phân phối Tổng hợp Dầu khí (Petrosetco Distribution, mã PSD) ghi nhận 143,1 tỷ đồng lợi nhuận sau thuế, tăng 73% so với năm trước và vượt 40% mục tiêu năm.",1770108462,2026-02-03 15:47:42,1770108462,2026-02-03 15:47:42,https://www.tinnhanhchungkhoan.vn/dich-vu-phan-phoi-tong-hop-dau-khi-psd-vuot-40-muc-tieu-loi-nhuan-2025-post384814.html,/dich-vu-phan-phoi-tong-hop-dau-khi-psd-vuot-40-muc-tieu-loi-nhuan-2025-post384814.html,https://image.tinnhanhchungkhoan.vn/w200/Uploaded/2026/xvrhgenatpx97/2026_02_03/492389603-1269083815221635-1856212450220482697-n-8553-4165.jpg,,,,4,Thông tin doanh nghiệp,/thong-tin-doanh-nghiep/,"BMI,C4G,DL1,FPT,GCF,GMD,HUT,IDC,ITD,MBB,MWG,PAC,PC1,PVD,PVS,SHB,SIP,STH,TIP,TV2,VGT"
TIP,384815,"Becamex IDC (BCM) chia cổ tức 11% bằng tiền mặt, lợi nhuận 2025 vượt hơn 42% kế hoạch",,"(ĐTCK) Ngày 13/2 tới đây, Tập đoàn Đầu tư và Phát triển Công nghiệp Becamex - CTCP (Becamex IDC, mã BCM - sàn HOSE) vừa thông báo về việc chia cổ tức năm 2024.",1770108203,2026-02-03 15:43:23,1770108203,2026-02-03 15:43:23,https://www.tinnhanhchungkhoan.vn/becamex-idc-bcm-chia-co-tuc-11-bang-tien-mat-loi-nhuan-2025-vuot-hon-42-ke-hoach-post384815.html,/becamex-idc-bcm-chia-co-tuc-11-bang-tien-mat-loi-nhuan-2025-vuot-hon-42-ke-hoach-post384815.html,https://image.tinnhanhchungkhoan.vn/w200/Uploaded/2026/ipuokbf/2025_02_06/becamex-idc-bcm-2233-7213.jpg,,,,4,Thông tin doanh nghiệp,/thong-tin-doanh-nghiep/,"BMI,C4G,DL1,FPT,GCF,GMD,HUT,IDC,ITD,MBB,MWG,PAC,PC1,PVD,PVS,SHB,SIP,STH,TIP,TV2,VGT"
TIP,384807,"EVNGENCO3 (PGV): Lợi nhuận sau thuế vượt 3.700 tỷ đồng, định giá cổ phiếu về vùng hấp dẫn",,(ĐTCK) Lợi nhuận năm 2025 của EVNGENCO3 (PGV) xác lập kỷ lục mới. Dòng tiền cải thiện cùng tỷ lệ nợ vay liên tục giảm nhiều năm là nền tảng quan trọng cho EVNGENCO3 trong giai đoạn mở rộng đầu tư sắp tới.,1770104233,2026-02-03 14:37:13,1770104233,2026-02-03 14:37:13,https://www.tinnhanhchungkhoan.vn/evngenco3-pgv-loi-nhuan-sau-thue-vuot-3700-ty-dong-dinh-gia-co-phieu-ve-vung-hap-dan-post384807.html,/evngenco3-pgv-loi-nhuan-sau-thue-vuot-3700-ty-dong-dinh-gia-co-phieu-ve-vung-hap-dan-post384807.html,https://image.tinnhanhchungkhoan.vn/w200/Uploaded/2026/bpikpjik/2022_01_26/evngenco3-4286.jpg,,,,4,Thông tin doanh nghiệp,/thong-tin-doanh-nghiep/,"BMI,C4G,DL1,FPT,GCF,GMD,HUT,IDC,ITD,MBB,MWG,PAC,PC1,PVD,PVS,SHB,SIP,STH,TIP,TV2,VGT"
TIP,384804,Doanh thu Sao Ta (FMC) giảm 21% ngay tháng đầu năm 2026,,"(ĐTCK) CTCP Thực phẩm Sao Ta (FMC) công bố tình hình hoạt động hợp nhất tháng 01/2026 với doanh thu đạt 20,4 triệu USD, giảm 21% so với cùng kỳ năm trước.",1770102267,2026-02-03 14:04:27,1770102267,2026-02-03 14:04:27,https://www.tinnhanhchungkhoan.vn/doanh-thu-sao-ta-fmc-giam-21-ngay-thang-dau-nam-2026-post384804.html,/doanh-thu-sao-ta-fmc-giam-21-ngay-thang-dau-nam-2026-post384804.html,https://image.tinnhanhchungkhoan.vn/w200/Uploaded/2026/xvrhgenatpx97/2023_01_16/fmc-9473.jpg,,,,4,Thông tin doanh nghiệp,/thong-tin-doanh-nghiep/,"BMI,C4G,DL1,FPT,GCF,GMD,HUT,IDC,ITD,MBB,MWG,PAC,PC1,PVD,PVS,SHB,SIP,STH,TIP,TV2,VGT"
TIP,384802,"Quý IV/2025, lợi nhuận sau thuế của Đạt Phương (DPG) tăng 46%",,"(ĐTCK) Mới đây, CTCP Tập đoàn Đạt Phương (mã DPG) công bố báo cáo tài chính quý IV/2025 cho thấy sự cải thiện về quy mô doanh thu và lợi nhuận.",1770091215,2026-02-03 11:00:15,1770091215,2026-02-03 11:00:15,https://www.tinnhanhchungkhoan.vn/quy-iv2025-loi-nhuan-sau-thue-cua-dat-phuong-dpg-tang-46-post384802.html,/quy-iv2025-loi-nhuan-sau-thue-cua-dat-phuong-dpg-tang-46-post384802.html,https://image.tinnhanhchungkhoan.vn/w200/Uploaded/2026/gtnwae/2026_02_03/1-7741-8171.jpg,,,,4,Thông tin doanh nghiệp,/thong-tin-doanh-nghiep/,"BMI,C4G,DL1,FPT,GCF,GMD,HUT,IDC,ITD,MBB,MWG,PAC,PC1,PVD,PVS,SHB,SIP,STH,TIP,TV2,VGT"
TIP,384799,Lợi nhuận Tổng công ty Tín Nghĩa (TID) giảm tới 99% trong quý IV/2025 khi phải hoàn trả cho Tỉnh uỷ Đồng Nai,,"(ĐTCK) Tổng công ty Tín Nghĩa (mã TID - UPCoM) ghi nhận lãi 1,8 tỷ đồng trong quý IV, luỹ kế cả năm 2025 ghi nhận lãi 762,13 tỷ đồng, hoàn thành 113,4% so với kế hoạch năm.",1770090820,2026-02-03 10:53:40,1770090820,2026-02-03 10:53:40,https://www.tinnhanhchungkhoan.vn/loi-nhuan-tong-cong-ty-tin-nghia-tid-giam-toi-99-trong-quy-iv2025-khi-phai-hoan-tra-cho-tinh-uy-dong-nai-post384799.html,/loi-nhuan-tong-cong-ty-tin-nghia-tid-giam-toi-99-trong-quy-iv2025-khi-phai-hoan-tra-cho-tinh-uy-dong-nai-post384799.html,https://image.tinnhanhchungkhoan.vn/w200/Uploaded/2026/lcgjikao/2026_02_03/01-906-8353.jpeg,,,,4,Thông tin doanh nghiệp,/thong-tin-doanh-nghiep/,"BMI,C4G,DL1,FPT,GCF,GMD,HUT,IDC,ITD,MBB,MWG,PAC,PC1,PVD,PVS,SHB,SIP,STH,TIP,TV2,VGT"
TIP,384779,"Gỗ An Cường (ACG) ghi nhận dòng tiền kinh doanh âm kỷ lục 408,56 tỷ đồng trong năm 2025",,"(ĐTCK) CTCP Gỗ An Cường (mã ACG - sàn HOSE) ghi nhận lãi 145,54 tỷ đồng trong quý IV, luỹ kế năm 2025 ghi nhận lãi 503,75 tỷ đồng, tăng 19,9% so với cùng kỳ năm trước.",1770077256,2026-02-03 07:07:36,1770077256,2026-02-03 07:07:36,https://www.tinnhanhchungkhoan.vn/go-an-cuong-acg-ghi-nhan-dong-tien-kinh-doanh-am-ky-luc-40856-ty-dong-trong-nam-2025-post384779.html,/go-an-cuong-acg-ghi-nhan-dong-tien-kinh-doanh-am-ky-luc-40856-ty-dong-trong-nam-2025-post384779.html,https://image.tinnhanhchungkhoan.vn/w200/Uploaded/2026/lcgjikao/2026_02_02/01-8702-1876.jpg,,,,4,Thông tin doanh nghiệp,/thong-tin-doanh-nghiep/,"BMI,C4G,DL1,FPT,GCF,GMD,HUT,IDC,ITD,MBB,MWG,PAC,PC1,PVD,PVS,SHB,SIP,STH,TIP,TV2,VGT"
TIP,384776,Searefico (SRF) thoát lỗ quý IV/2025 nhờ thu nhập khác tăng đột biến,,"(ĐTCK) Công ty cổ phần Searefico (mã SRF - sàn HOSE) ghi nhận lãi 15,71 tỷ đồng trong quý IV, luỹ kế cả năm 2025 lãi 22,18 tỷ đồng và đạt 56,9% kế hoạch năm.",1770077020,2026-02-03 07:03:40,1770077020,2026-02-03 07:03:40,https://www.tinnhanhchungkhoan.vn/searefico-srf-thoat-lo-quy-iv2025-nho-thu-nhap-khac-tang-dot-bien-post384776.html,/searefico-srf-thoat-lo-quy-iv2025-nho-thu-nhap-khac-tang-dot-bien-post384776.html,https://image.tinnhanhchungkhoan.vn/w200/Uploaded/2026/lcgjikao/2026_02_02/01-2954-71.jpg,,,,4,Thông tin doanh nghiệp,/thong-tin-doanh-nghiep/,"BMI,C4G,DL1,FPT,GCF,GMD,HUT,IDC,ITD,MBB,MWG,PAC,PC1,PVD,PVS,SHB,SIP,STH,TIP,TV2,VGT"
TIP,384774,"Thép Pomina (POM) lỗ thêm 838,2 tỷ đồng năm 2025, vốn chủ sở hữu âm hơn 623,6 tỷ đồng",,"(ĐTCK) CTCP Thép Pomina (mã POM) vừa công bố báo cáo tài chính năm 2025 với khoản lỗ sau thuế 838,2 tỷ đồng, đánh dấu năm thứ 4 liên tiếp doanh nghiệp thua lỗ, qua đó nâng lỗ lũy kế lên 3.485 tỷ đồng và khiến vốn chủ sở hữu tại thời điểm cuối năm âm hơn 623,6 tỷ đồng",1770076822,2026-02-03 07:00:22,1770076822,2026-02-03 07:00:22,https://www.tinnhanhchungkhoan.vn/thep-pomina-pom-lo-them-8382-ty-dong-nam-2025-von-chu-so-huu-am-hon-6236-ty-dong-post384774.html,/thep-pomina-pom-lo-them-8382-ty-dong-nam-2025-von-chu-so-huu-am-hon-6236-ty-dong-post384774.html,https://image.tinnhanhchungkhoan.vn/w200/Uploaded/2026/xvrhgenatpx97/2024_08_21/pom-5603.jpeg,,,,4,Thông tin doanh nghiệp,/thong-tin-doanh-nghiep/,"BMI,C4G,DL1,FPT,GCF,GMD,HUT,IDC,ITD,MBB,MWG,PAC,PC1,PVD,PVS,SHB,SIP,STH,TIP,TV2,VGT"
TIP,384773,PV Drilling (PVD) vượt 98% mục tiêu lợi nhuận năm 2025,,"(ĐTCK) Năm 2025, PV Drilling mang về 1.050,5 tỷ đồng lãi ròng, tăng 50,5% so với kết quả thực hiện năm 2024 và vượt 98% mục tiêu lợi nhuận cả năm.",1770076674,2026-02-03 06:57:54,1770076674,2026-02-03 06:57:54,https://www.tinnhanhchungkhoan.vn/pv-drilling-pvd-vuot-98-muc-tieu-loi-nhuan-nam-2025-post384773.html,/pv-drilling-pvd-vuot-98-muc-tieu-loi-nhuan-nam-2025-post384773.html,https://image.tinnhanhchungkhoan.vn/w200/Uploaded/2026/xvrhgenatpx97/2023_04_24/pvd-1871.jpeg,,,,4,Thông tin doanh nghiệp,/thong-tin-doanh-nghiep/,"BMI,C4G,DL1,FPT,GCF,GMD,HUT,IDC,ITD,MBB,MWG,PAC,PC1,PVD,PVS,SHB,SIP,STH,TIP,TV2,VGT"
TIP,384775,MB (MBB) dự kiến cán mốc vốn hóa 10 tỷ USD vào năm 2027,,"(ĐTCK) So với giai đoạn đầu năm 2017, tổng vốn hoá của Ngân hàng TMCP Quân Đội (MB - mã chứng khoán MBB) đến nay đã ghi nhận tăng 9,9 lần (tương đương khoảng 8,5 tỷ USD). Ông Lưu Trung Thái, Chủ tịch HĐQT MB cho biết, với tốc độ tăng trưởng như hiện nay, dự kiến sang năm 2027, tổng giá trị vốn hoá của MB có thể cán đến mốc 10 tỷ USD.",1770076595,2026-02-03 06:56:35,1770076595,2026-02-03 06:56:35,https://www.tinnhanhchungkhoan.vn/mb-mbb-du-kien-can-moc-von-hoa-10-ty-usd-vao-nam-2027-post384775.html,/mb-mbb-du-kien-can-moc-von-hoa-10-ty-usd-vao-nam-2027-post384775.html,https://image.tinnhanhchungkhoan.vn/w200/Uploaded/2026/ngobgt/2026_02_02/img-3950-1125-6297.jpeg,"Ông Lưu Trung Thái, Chủ tịch HĐQT Ngân hàng TMCP Quân Đội (MB) chủ trì hội nghị Nhà đầu tư.",,,4,Thông tin doanh nghiệp,/thong-tin-doanh-nghiep/,"BMI,C4G,DL1,FPT,GCF,GMD,HUT,IDC,ITD,MBB,MWG,PAC,PC1,PVD,PVS,SHB,SIP,STH,TIP,TV2,VGT"
TIP,384768,Chiến lược Go Global đang từng bước đóng góp vào tăng trưởng dài hạn của Masan Consumer (MCH),,"(ĐTCK) Trong suốt năm 2025, doanh thu quốc tế của Masan Consumer (HOSE: MCH) duy trì đà tăng trưởng tích cực và tiếp tục cải thiện trong quý gần nhất. Theo báo cáo kết quả kinh doanh, riêng kênh kinh doanh quốc tế tăng trưởng gần 27% trong năm 2025. Diễn biến này cho thấy chiến lược Go Global đang bắt đầu tạo đóng góp thực tế, thay vì chỉ dừng ở định hướng dài hạn.",1770026991,2026-02-02 17:09:51,1770029550,2026-02-02 17:52:30,https://www.tinnhanhchungkhoan.vn/chien-luoc-go-global-dang-tung-buoc-dong-gop-vao-tang-truong-dai-han-cua-masan-consumer-mch-post384768.html,/chien-luoc-go-global-dang-tung-buoc-dong-gop-vao-tang-truong-dai-han-cua-masan-consumer-mch-post384768.html,https://image.tinnhanhchungkhoan.vn/w200/Uploaded/2026/bpikpjik/2026_02_02/thuc-pham-tuoi-ngon-phong-phu-tai-sieu-thi-winmart-4053-77.jpeg,,,,4,Thông tin doanh nghiệp,/thong-tin-doanh-nghiep/,"BMI,C4G,DL1,FPT,GCF,GMD,HUT,IDC,ITD,MBB,MWG,PAC,PC1,PVD,PVS,SHB,SIP,STH,TIP,TV2,VGT"
TIP,384769,OCH vượt kế hoạch doanh thu và lợi nhuận năm 2025,,"(ĐTCK) Công ty cổ phần One Capital Hospitality (HNX: OCH) ghi nhận doanh thu cả năm 2025 đạt 1.188 tỷ đồng, lợi nhuận trước thuế 135,6 tỷ đồng, vượt kế hoạch được Đại hội đồng cổ đông (ĐHĐCĐ) đề ra.",1770026945,2026-02-02 17:09:05,1770026945,2026-02-02 17:09:05,https://www.tinnhanhchungkhoan.vn/och-vuot-ke-hoach-doanh-thu-va-loi-nhuan-nam-2025-post384769.html,/och-vuot-ke-hoach-doanh-thu-va-loi-nhuan-nam-2025-post384769.html,https://image.tinnhanhchungkhoan.vn/w200/Uploaded/2026/cqjwqcqdh/2025_10_30/och-8280-9602.jpg,,,,4,Thông tin doanh nghiệp,/thong-tin-doanh-nghiep/,"BMI,C4G,DL1,FPT,GCF,GMD,HUT,IDC,ITD,MBB,MWG,PAC,PC1,PVD,PVS,SHB,SIP,STH,TIP,TV2,VGT"
TIP,384765,"Cơ điện lạnh (REE) tạm ứng cổ tức 10% bằng tiền, lên lịch ĐHCĐ thường niên năm tài chính 2025",,"(ĐTCK) HĐQT CTCP Cơ điện lạnh (REE – sàn HOSE) vừa thông qua, ngày 27/2 tới đây sẽ thực hiện chốt danh sách cổ đông để tổ chức ĐHCĐ thường niên năm tài chính 2025 và tạm ứng cổ tức năm 2025.",1770026245,2026-02-02 16:57:25,1770026691,2026-02-02 17:04:51,https://www.tinnhanhchungkhoan.vn/co-dien-lanh-ree-tam-ung-co-tuc-10-bang-tien-len-lich-dhcd-thuong-nien-nam-tai-chinh-2025-post384765.html,/co-dien-lanh-ree-tam-ung-co-tuc-10-bang-tien-len-lich-dhcd-thuong-nien-nam-tai-chinh-2025-post384765.html,https://image.tinnhanhchungkhoan.vn/w200/Uploaded/2026/pigo/2020_09_30/cong-ty-co-phan-co-dien-lanh-bom-no-cham-trong-dau-tu-tai-chinh1590080990-3682.jpg,,,,4,Thông tin doanh nghiệp,/thong-tin-doanh-nghiep/,"BMI,C4G,DL1,FPT,GCF,GMD,HUT,IDC,ITD,MBB,MWG,PAC,PC1,PVD,PVS,SHB,SIP,STH,TIP,TV2,VGT"
TIP,384761,Vietbank (VBB): Bổ nhiệm Quyền Tổng giám đốc và một Phó tổng giám đốc,,"(ĐTCK) Ngân hàng TMCP Việt Nam Thương Tín (Vietbank, mã chứng khoán: VBB) vừa công bố quyết định kiện toàn nhân sự lãnh đạo cấp cao.",1770023282,2026-02-02 16:08:02,1770023282,2026-02-02 16:08:02,https://www.tinnhanhchungkhoan.vn/vietbank-vbb-bo-nhiem-quyen-tong-giam-doc-va-mot-pho-tong-giam-doc-post384761.html,/vietbank-vbb-bo-nhiem-quyen-tong-giam-doc-va-mot-pho-tong-giam-doc-post384761.html,https://image.tinnhanhchungkhoan.vn/w200/Uploaded/2026/bpcgdqvp/2026_02_02/vb2-3335-3688.jpg,Hội đồng Quản trị trao quyết định bổ nhiệm cho ông Lê Thanh Quý Ngọc - Quyền Tổng giám đốc và bà Trần Thị Ngọc Lý - Phó tổng giám đốc Vietbank,,,4,Thông tin doanh nghiệp,/thong-tin-doanh-nghiep/,"BMI,C4G,DL1,FPT,GCF,GMD,HUT,IDC,ITD,MBB,MWG,PAC,PC1,PVD,PVS,SHB,SIP,STH,TIP,TV2,VGT"
TIP,384752,"CDC Construction (CCC): Dòng tiền kinh doanh âm kỷ lục 335,17 tỷ đồng trong 9 tháng đầu niên độ 2025 - 2026",,"(ĐTCK) Công ty cổ phần Xây dựng CDC (CDC Construction, mã CCC - sàn HOSE) ghi nhận lãi 9,67 tỷ đồng trong quý III, luỹ kế 9 tháng trong niên độ 2025 - 2026 ghi nhận lãi 30,31 tỷ đồng, tăng 3,8% so với cùng kỳ và hoàn thành 64,1% kế hoạch năm.",1770022404,2026-02-02 15:53:24,1770022404,2026-02-02 15:53:24,https://www.tinnhanhchungkhoan.vn/cdc-construction-ccc-dong-tien-kinh-doanh-am-ky-luc-33517-ty-dong-trong-9-thang-dau-nien-do-2025-2026-post384752.html,/cdc-construction-ccc-dong-tien-kinh-doanh-am-ky-luc-33517-ty-dong-trong-9-thang-dau-nien-do-2025-2026-post384752.html,https://image.tinnhanhchungkhoan.vn/w200/Uploaded/2026/lcgjikao/2026_02_02/01-5399-2697.jpg,,,,4,Thông tin doanh nghiệp,/thong-tin-doanh-nghiep/,"BMI,C4G,DL1,FPT,GCF,GMD,HUT,IDC,ITD,MBB,MWG,PAC,PC1,PVD,PVS,SHB,SIP,STH,TIP,TV2,VGT"
TIP,384712,"Doanh thu cả năm vượt 37.000 tỷ đồng, Tasco (HUT) báo lãi gấp 2 lần năm trước",,"(ĐTCK) Năm 2025, Công ty Cổ phần Tasco (HNX: HUT) ghi nhận doanh thu 37.000 tỷ đồng, lợi nhuận sau thuế hơn 623 tỷ đồng, gấp 2 lần năm trước và cao nhất trong lịch sử hoạt động.",1770019201,2026-02-02 15:00:01,1770000938,2026-02-02 09:55:38,https://www.tinnhanhchungkhoan.vn/doanh-thu-ca-nam-vuot-37000-ty-dong-tasco-hut-bao-lai-gap-2-lan-nam-truoc-post384712.html,/doanh-thu-ca-nam-vuot-37000-ty-dong-tasco-hut-bao-lai-gap-2-lan-nam-truoc-post384712.html,https://image.tinnhanhchungkhoan.vn/w200/Uploaded/2026/xpwvotiv/2026_02_02/tasco-5092-7931.jpg,,,,4,Thông tin doanh nghiệp,/thong-tin-doanh-nghiep/,"BMI,C4G,DL1,FPT,GCF,GMD,HUT,IDC,ITD,MBB,MWG,PAC,PC1,PVD,PVS,SHB,SIP,STH,TIP,TV2,VGT"
TIP,384740,Quốc Cường Gia Lai (QCG) lãi đột biến quý IV/2025 nhờ thanh lý các khoản đầu tư,,"(ĐTCK) CTCP Quốc Cường Gia Lai (mã QCG - sàn HOSE) ghi nhận lãi 137,22 tỷ đồng trong quý IV, lũy kế năm 2025 lãi 171,28 tỷ đồng, tăng 109% so với năm 2024 và không hoàn thành kế hoạch năm.",1770016785,2026-02-02 14:19:45,1770016785,2026-02-02 14:19:45,https://www.tinnhanhchungkhoan.vn/quoc-cuong-gia-lai-qcg-lai-dot-bien-quy-iv2025-nho-thanh-ly-cac-khoan-dau-tu-post384740.html,/quoc-cuong-gia-lai-qcg-lai-dot-bien-quy-iv2025-nho-thanh-ly-cac-khoan-dau-tu-post384740.html,https://image.tinnhanhchungkhoan.vn/w200/Uploaded/2026/lcgjikao/2026_02_02/01-5700-5016.jpg,,,,4,Thông tin doanh nghiệp,/thong-tin-doanh-nghiep/,"BMI,C4G,DL1,FPT,GCF,GMD,HUT,IDC,ITD,MBB,MWG,PAC,PC1,PVD,PVS,SHB,SIP,STH,TIP,TV2,VGT"
TIP,384739,"Thuỷ điện Vĩnh Sơn - Sông Hinh (VSH) chốt quyền nhận cổ tức 10%, dự kiến họp ĐHCĐ 2026 cuối tháng 3",,"(ĐTCK) CTCP Thuỷ điện Vĩnh Sơn - Sông Hinh (mã VSH) mới thông báo, ngày 23/02 tới đây sẽ chốt danh sách cổ đông nhận cổ tức đợt 3/2025 và tham dự đại hội cổ đông năm 2026.",1770016761,2026-02-02 14:19:21,1770016761,2026-02-02 14:19:21,https://www.tinnhanhchungkhoan.vn/thuy-dien-vinh-son-song-hinh-vsh-chot-quyen-nhan-co-tuc-10-du-kien-hop-dhcd-2026-cuoi-thang-3-post384739.html,/thuy-dien-vinh-son-song-hinh-vsh-chot-quyen-nhan-co-tuc-10-du-kien-hop-dhcd-2026-cuoi-thang-3-post384739.html,https://image.tinnhanhchungkhoan.vn/w200/Uploaded/2026/xvrhgenatpx97/2024_10_24/vsh-8946.jpeg,,,,4,Thông tin doanh nghiệp,/thong-tin-doanh-nghiep/,"BMI,C4G,DL1,FPT,GCF,GMD,HUT,IDC,ITD,MBB,MWG,PAC,PC1,PVD,PVS,SHB,SIP,STH,TIP,TV2,VGT"
TIP,384741,VPS (VCK) được VASB vinh danh công ty chứng khoán đạt điểm thực hành ESG cao nhất,,"(ĐTCK) Công ty cổ phần Chứng khoán VPS (mã chứng khoán VCK) là một trong hai công ty chứng khoán được xếp hạng cao nhất trong chương trình chấm điểm thực hành ESG do Hiệp hội Chứng khoán Việt Nam (VASB) tổ chức, khẳng định cam kết mạnh mẽ của doanh nghiệp đối với phát triển bền vững theo chuẩn mực quốc tế.",1770016630,2026-02-02 14:17:10,1770343895,2026-02-06 09:11:35,https://www.tinnhanhchungkhoan.vn/vps-vck-duoc-vasb-vinh-danh-cong-ty-chung-khoan-dat-diem-thuc-hanh-esg-cao-nhat-post384741.html,/vps-vck-duoc-vasb-vinh-danh-cong-ty-chung-khoan-dat-diem-thuc-hanh-esg-cao-nhat-post384741.html,https://image.tinnhanhchungkhoan.vn/w200/Uploaded/2026/ipuokbf/2026_02_06/800x500-8825-6213.png,,,,4,Thông tin doanh nghiệp,/thong-tin-doanh-nghiep/,"BMI,C4G,DL1,FPT,GCF,GMD,HUT,IDC,ITD,MBB,MWG,PAC,PC1,PVD,PVS,SHB,SIP,STH,TIP,TV2,VGT"
TIP,384738,"Doanh thu năm 2025 của Vinamilk (VNM) đạt 63.724 tỷ đồng, cao nhất lịch sử Công ty",,"(ĐTCK)Tổng doanh thu hợp nhất quý IV/2025 của Công ty cổ phần Sữa Việt Nam (Vinamilk - mã VNM) đạt 17.045 tỷ đồng, tiếp tục lập đỉnh mới, tăng 10,1% so với cùng kỳ.",1770016538,2026-02-02 14:15:38,1770016538,2026-02-02 14:15:38,https://www.tinnhanhchungkhoan.vn/doanh-thu-nam-2025-cua-vinamilk-vnm-dat-63724-ty-dong-cao-nhat-lich-su-cong-ty-post384738.html,/doanh-thu-nam-2025-cua-vinamilk-vnm-dat-63724-ty-dong-cao-nhat-lich-su-cong-ty-post384738.html,https://image.tinnhanhchungkhoan.vn/w200/Uploaded/2026/unvjshu/2026_02_02/vnm-1723-4621.jpg,Đẩy mạnh các hoạt động xúc tiến thương mại giúp Vinamilk nâng cao hình ảnh và vị thế thương hiệu trên thị trường quốc tế. Ảnh: Vi Nam,,,4,Thông tin doanh nghiệp,/thong-tin-doanh-nghiep/,"BMI,C4G,DL1,FPT,GCF,GMD,HUT,IDC,ITD,MBB,MWG,PAC,PC1,PVD,PVS,SHB,SIP,STH,TIP,TV2,VGT"
TIP,384726,"Địa ốc Hoàng Quân (HQC) thoát lỗ quý IV/2025 nhờ hoạt động tài chính, thu hồi công nợ và hoàn nhập dự phòng",,"(ĐTCK) CTCP Tư vấn Thương mại Dịch vụ Địa ốc Hoàng Quân (mã HQC - sàn HOSE) ghi nhận lãi 55,08 tỷ đồng trong quý IV, luỹ kế cả năm 2025 lãi 73,21 tỷ đồng, tăng trưởng 116,8% và hoàn thành 104,6% kế hoạch năm.",1770006229,2026-02-02 11:23:49,1770006229,2026-02-02 11:23:49,https://www.tinnhanhchungkhoan.vn/dia-oc-hoang-quan-hqc-thoat-lo-quy-iv2025-nho-hoat-dong-tai-chinh-thu-hoi-cong-no-va-hoan-nhap-du-phong-post384726.html,/dia-oc-hoang-quan-hqc-thoat-lo-quy-iv2025-nho-hoat-dong-tai-chinh-thu-hoi-cong-no-va-hoan-nhap-du-phong-post384726.html,https://image.tinnhanhchungkhoan.vn/w200/Uploaded/2026/lcgjikao/2026_02_02/01-2382-9002.jpg,,,,4,Thông tin doanh nghiệp,/thong-tin-doanh-nghiep/,"BMI,C4G,DL1,FPT,GCF,GMD,HUT,IDC,ITD,MBB,MWG,PAC,PC1,PVD,PVS,SHB,SIP,STH,TIP,TV2,VGT"
TIP,384713,"Vietbank (VBB) đạt 1.532 tỷ đồng lợi nhuận trước thuế năm 2025, chuẩn bị niêm yết sàn HOSE",,"(ĐTCK) Năm 2025, Ngân hàng TMCP Việt Nam Thương Tín (Vietbank, mã chứng khoán VBB) ghi nhận lợi nhuận trước thuế hợp nhất đạt 1.532 tỷ đồng, tăng 35% so với năm 2024.",1769997537,2026-02-02 08:58:57,1769997537,2026-02-02 08:58:57,https://www.tinnhanhchungkhoan.vn/vietbank-vbb-dat-1532-ty-dong-loi-nhuan-truoc-thue-nam-2025-chuan-bi-niem-yet-san-hose-post384713.html,/vietbank-vbb-dat-1532-ty-dong-loi-nhuan-truoc-thue-nam-2025-chuan-bi-niem-yet-san-hose-post384713.html,https://image.tinnhanhchungkhoan.vn/w200/Uploaded/2026/bpcgdqvp/2023_09_20/vietbank-527.jpg,,,,4,Thông tin doanh nghiệp,/thong-tin-doanh-nghiep/,"BMI,C4G,DL1,FPT,GCF,GMD,HUT,IDC,ITD,MBB,MWG,PAC,PC1,PVD,PVS,SHB,SIP,STH,TIP,TV2,VGT"
TIP,384684,Đầu tư Thương mại SMC (SMC) ghi nhận lãi đột biến trở lại trong quý IV/2025 nhờ thanh lý tài sản và hoàn nhập dự phòng,,"(ĐTCK) Công ty cổ phần Đầu tư Thương mại SMC (mã SMC - sàn HOSE) ghi nhận lãi 343,95 tỷ đồng trong quý IV, luỹ kế cả năm 2025 lãi 185,07 tỷ đồng và hoàn thành tới 616,9% kế hoạch năm.",1769990120,2026-02-02 06:55:20,1769961336,2026-02-01 22:55:36,https://www.tinnhanhchungkhoan.vn/dau-tu-thuong-mai-smc-smc-ghi-nhan-lai-dot-bien-tro-lai-trong-quy-iv2025-nho-thanh-ly-tai-san-va-hoan-nhap-du-phong-post384684.html,/dau-tu-thuong-mai-smc-smc-ghi-nhan-lai-dot-bien-tro-lai-trong-quy-iv2025-nho-thanh-ly-tai-san-va-hoan-nhap-du-phong-post384684.html,https://image.tinnhanhchungkhoan.vn/w200/Uploaded/2026/lcgjikao/2026_02_01/01-150-4789.jpg,,,,4,Thông tin doanh nghiệp,/thong-tin-doanh-nghiep/,"BMI,C4G,DL1,FPT,GCF,GMD,HUT,IDC,ITD,MBB,MWG,PAC,PC1,PVD,PVS,SHB,SIP,STH,TIP,TV2,VGT"
TIP,384666,"Lợi nhuận Hoa Sen (HSG) giảm 62,3% trong quý I niên độ tài chính 2025 - 2026",,(ĐTCK) Công ty cổ phần Tập đoàn Hoa Sen (mã HSG - sàn HOSE) ghi nhận doanh thu và lợi nhuận đi lùi trong quý I niên độ tài chính 2025 – 2026 và có dấu hiệu tăng trích trữ tồn kho.,1769916063,2026-02-01 10:21:03,1769916063,2026-02-01 10:21:03,https://www.tinnhanhchungkhoan.vn/loi-nhuan-hoa-sen-hsg-giam-623-trong-quy-i-nien-do-tai-chinh-2025-2026-post384666.html,/loi-nhuan-hoa-sen-hsg-giam-623-trong-quy-i-nien-do-tai-chinh-2025-2026-post384666.html,https://image.tinnhanhchungkhoan.vn/w200/Uploaded/2026/lcgjikao/2026_02_01/01-8398-4117.jpg,,,,4,Thông tin doanh nghiệp,/thong-tin-doanh-nghiep/,"BMI,C4G,DL1,FPT,GCF,GMD,HUT,IDC,ITD,MBB,MWG,PAC,PC1,PVD,PVS,SHB,SIP,STH,TIP,TV2,VGT"
TIP,384656,"Thép Nam Kim (NKG) lỗ 9,34 tỷ đồng trong quý IV/2025, đánh dấu lỗ trở lại sau 10 quý",,"(ĐTCK) CTCP Thép Nam Kim (mã NKG - sàn HOSE) ghi nhận lỗ 9,34 tỷ đồng trong quý IV, luỹ kế năm 2025 lãi 197,19 tỷ đồng, giảm 56,55% và không hoàn thành kế hoạch năm.",1769915573,2026-02-01 10:12:53,1769915573,2026-02-01 10:12:53,https://www.tinnhanhchungkhoan.vn/thep-nam-kim-nkg-lo-934-ty-dong-trong-quy-iv2025-danh-dau-lo-tro-lai-sau-10-quy-post384656.html,/thep-nam-kim-nkg-lo-934-ty-dong-trong-quy-iv2025-danh-dau-lo-tro-lai-sau-10-quy-post384656.html,https://image.tinnhanhchungkhoan.vn/w200/Uploaded/2026/lcgjikao/2026_02_01/01-3530-7692.jpg,,,,4,Thông tin doanh nghiệp,/thong-tin-doanh-nghiep/,"BMI,C4G,DL1,FPT,GCF,GMD,HUT,IDC,ITD,MBB,MWG,PAC,PC1,PVD,PVS,SHB,SIP,STH,TIP,TV2,VGT"
TIP,384655,L40 đấu giá thành công quyền khai thác 415.000 m3 cát tại Quảng Nam,,"(ĐTCK) CTCP Đầu tư và Xây dựng 40 (L40) đã đấu giá thành công quyền khai thác bãi cát tại dự án nạo vét khơi thông dòng sông Cổ Cò (phường Điện Bàn Đông, Thành phố Đà Nẵng) với giá trúng đấu giá gần 60 tỷ đồng. Dự kiến L40 sẽ gia tăng lợi nhuận mảng vật liệu xây dựng năm 2026.",1769909966,2026-02-01 08:39:26,1769909966,2026-02-01 08:39:26,https://www.tinnhanhchungkhoan.vn/l40-dau-gia-thanh-cong-quyen-khai-thac-415000-m3-cat-tai-quang-nam-post384655.html,/l40-dau-gia-thanh-cong-quyen-khai-thac-415000-m3-cat-tai-quang-nam-post384655.html,https://image.tinnhanhchungkhoan.vn/w200/Uploaded/2026/ipuokbf/2026_02_01/song-co-co-copy-8566-1916.jpg,,,,4,Thông tin doanh nghiệp,/thong-tin-doanh-nghiep/,"BMI,C4G,DL1,FPT,GCF,GMD,HUT,IDC,ITD,MBB,MWG,PAC,PC1,PVD,PVS,SHB,SIP,STH,TIP,TV2,VGT"
TIP,384654,"Gilimex (GIL) ghi nhận dòng tiền âm kỷ lục 677,5 tỷ đồng trong năm 2025",,"(ĐTCK) CTCP Sản xuất Kinh doanh Xuất nhập khẩu Bình Thạnh (Gilimex, mã GIL - sàn HOSE) ghi nhận lãi 138,19 tỷ đồng trong quý IV, luỹ kế cả năm 2025 lãi 35,64 tỷ đồng, tăng 29% so với cùng kỳ và chỉ đạt 23,8% kế hoạch năm.",1769909653,2026-02-01 08:34:13,1769909653,2026-02-01 08:34:13,https://www.tinnhanhchungkhoan.vn/gilimex-gil-ghi-nhan-dong-tien-am-ky-luc-6775-ty-dong-trong-nam-2025-post384654.html,/gilimex-gil-ghi-nhan-dong-tien-am-ky-luc-6775-ty-dong-trong-nam-2025-post384654.html,https://image.tinnhanhchungkhoan.vn/w200/Uploaded/2026/lcgjikao/2026_01_31/01-3473-8010.jpg,,,,4,Thông tin doanh nghiệp,/thong-tin-doanh-nghiep/,"BMI,C4G,DL1,FPT,GCF,GMD,HUT,IDC,ITD,MBB,MWG,PAC,PC1,PVD,PVS,SHB,SIP,STH,TIP,TV2,VGT"
TIP,384648,Văn Phú (VPI) vượt chỉ tiêu lợi nhuận năm 2025,,"(ĐTCK) Dòng tiền thu được từ các dự án gồm Vlasta - Thủy Nguyên (Hải Phòng), Yên Phong (Bắc Ninh), TT39-40 (Hà Nội) , Dự án Song Khê - Nội Hoàng - (Bắc Ninh) giúp Công ty cổ phần Phát triển bất động sản Văn Phú (mã chứng khoán: VPI) kết thúc quý IV/2025 với lợi nhuận sau thuế ở mức 132 tỷ đồng, qua đó, thực hiện 112% chỉ tiêu lợi nhuận năm 2025 đã được các cổ đông thông qua tại cuộc họp ĐHĐCĐ thường niên.",1769837990,2026-01-31 12:39:50,1769837990,2026-01-31 12:39:50,https://www.tinnhanhchungkhoan.vn/van-phu-vpi-vuot-chi-tieu-loi-nhuan-nam-2025-post384648.html,/van-phu-vpi-vuot-chi-tieu-loi-nhuan-nam-2025-post384648.html,https://image.tinnhanhchungkhoan.vn/w200/Uploaded/2026/ipuokbf/2026_01_31/vpi-vlasta-phu-thuan-2958-8443.jpg,Dự án Vlasta Premier – Phú Thuận,,,4,Thông tin doanh nghiệp,/thong-tin-doanh-nghiep/,"BMI,C4G,DL1,FPT,GCF,GMD,HUT,IDC,ITD,MBB,MWG,PAC,PC1,PVD,PVS,SHB,SIP,STH,TIP,TV2,VGT"
TIP,384635,"Vinasun (VNS): Lợi nhuận năm 2025 đạt hơn 38 tỷ đồng, giảm 54,5%",,"(ĐTCK) Công ty cổ phần Ánh Dương Việt Nam (Vinasun, mã VNS - sàn HOSE) ghi nhận lãi 4,94 tỷ đồng trong quý IV, luỹ kế năm 2025 lãi 38,29 tỷ đồng, giảm 54,5% so với cùng kỳ và chỉ hoàn thành 71,4% kế hoạch năm.",1769825682,2026-01-31 09:14:42,1769825682,2026-01-31 09:14:42,https://www.tinnhanhchungkhoan.vn/vinasun-vns-loi-nhuan-nam-2025-dat-hon-38-ty-dong-giam-545-post384635.html,/vinasun-vns-loi-nhuan-nam-2025-dat-hon-38-ty-dong-giam-545-post384635.html,https://image.tinnhanhchungkhoan.vn/w200/Uploaded/2026/lcgjikao/2026_01_31/01-5716-1382.jpg,,,,4,Thông tin doanh nghiệp,/thong-tin-doanh-nghiep/,"BMI,C4G,DL1,FPT,GCF,GMD,HUT,IDC,ITD,MBB,MWG,PAC,PC1,PVD,PVS,SHB,SIP,STH,TIP,TV2,VGT"
TIP,384631,DIC Corp (DIG): Lãi đột biến quý IV/2025 nhờ bán một phần dự án Đại Phước,,"(ĐTCK) Tổng CTCP Đầu tư Phát triển Xây dựng (DIC Corp, mã DIG - sàn HOSE) ghi nhận lãi 423,99 tỷ đồng trong quý IV, luỹ kế năm 2025 lãi 623,95 tỷ đồng, tăng 509,2% so với cùng kỳ.",1769817644,2026-01-31 07:00:44,1769789831,2026-01-30 23:17:11,https://www.tinnhanhchungkhoan.vn/dic-corp-dig-lai-dot-bien-quy-iv2025-nho-ban-mot-phan-du-an-dai-phuoc-post384631.html,/dic-corp-dig-lai-dot-bien-quy-iv2025-nho-ban-mot-phan-du-an-dai-phuoc-post384631.html,https://image.tinnhanhchungkhoan.vn/w200/Uploaded/2026/lcgjikao/2026_01_30/01-5560-947.jpg,,,,4,Thông tin doanh nghiệp,/thong-tin-doanh-nghiep/,"BMI,C4G,DL1,FPT,GCF,GMD,HUT,IDC,ITD,MBB,MWG,PAC,PC1,PVD,PVS,SHB,SIP,STH,TIP,TV2,VGT"
TIP,384633,"Năm 2025, YeaH1 (YEG) ghi nhận lợi nhuận sau thuế đạt 80,3 tỷ đồng",,"(ĐTCK) Trước nhiều biến động của thị trường chung năm 2025, YeaH1 ghi nhận doanh thu thuần đạt 1.653 tỷ đồng, tăng 61% so với cùng kỳ và vượt 27% so với kế hoạch năm.",1769816733,2026-01-31 06:45:33,1769789740,2026-01-30 23:15:40,https://www.tinnhanhchungkhoan.vn/nam-2025-yeah1-yeg-ghi-nhan-loi-nhuan-sau-thue-dat-803-ty-dong-post384633.html,/nam-2025-yeah1-yeg-ghi-nhan-loi-nhuan-sau-thue-dat-803-ty-dong-post384633.html,https://image.tinnhanhchungkhoan.vn/w200/Uploaded/2026/bpcpcwvo/2026_01_30/yeg-concert-5715-7796.png,,,,4,Thông tin doanh nghiệp,/thong-tin-doanh-nghiep/,"BMI,C4G,DL1,FPT,GCF,GMD,HUT,IDC,ITD,MBB,MWG,PAC,PC1,PVD,PVS,SHB,SIP,STH,TIP,TV2,VGT"
TIP,384629,Eximbank (EIB) báo lãi trước thuế hơn 1.500 tỷ đồng trong năm 2025,,"(ĐTCK) Tổng lợi nhuận trước thuế của Eximbank trong năm 2025 đạt 1.511,7 tỷ đồng, chỉ đạt 29,12% kế hoạch năm.",1769771854,2026-01-30 18:17:34,1769779108,2026-01-30 20:18:28,https://www.tinnhanhchungkhoan.vn/eximbank-eib-bao-lai-truoc-thue-hon-1500-ty-dong-trong-nam-2025-post384629.html,/eximbank-eib-bao-lai-truoc-thue-hon-1500-ty-dong-trong-nam-2025-post384629.html,https://image.tinnhanhchungkhoan.vn/w200/Uploaded/2026/bpcgdqvp/2026_01_30/eib-594-5150.jpg,,,,4,Thông tin doanh nghiệp,/thong-tin-doanh-nghiep/,"BMI,C4G,DL1,FPT,GCF,GMD,HUT,IDC,ITD,MBB,MWG,PAC,PC1,PVD,PVS,SHB,SIP,STH,TIP,TV2,VGT"
TIP,384628,"Giữa “tâm bão” ngành chăn nuôi, BAF nỗ lực giữ biên lợi nhuận",,"(ĐTCK) Giữa bối cảnh giá lợn hơi lao dốc, BAF Việt Nam nổi bật với chiến lược tối ưu chi phí sản xuất, giá vốn giảm 14,2% tương đương khoảng 700 tỷ đồng, giúp lợi nhuận gộp giữ đà tăng 14,7%. Song song, doanh nghiệp chủ động mở rộng quy mô, đẩy nhanh tiến độ dự án chăn nuôi công nghệ cao nhà cao tầng và tập trung nghiên cứu, lai tạo giống heo năng suất cao, tăng sức chống chịu dịch bệnh, tạo nền tảng bứt phá cho giai đoạn 2026 - 2030.",1769769063,2026-01-30 17:31:03,1769769063,2026-01-30 17:31:03,https://www.tinnhanhchungkhoan.vn/giua-tam-bao-nganh-chan-nuoi-baf-no-luc-giu-bien-loi-nhuan-post384628.html,/giua-tam-bao-nganh-chan-nuoi-baf-no-luc-giu-bien-loi-nhuan-post384628.html,https://image.tinnhanhchungkhoan.vn/w200/Uploaded/2026/bpikpjik/2026_01_30/baf-9294-5858.jpg,,,,4,Thông tin doanh nghiệp,/thong-tin-doanh-nghiep/,"BMI,C4G,DL1,FPT,GCF,GMD,HUT,IDC,ITD,MBB,MWG,PAC,PC1,PVD,PVS,SHB,SIP,STH,TIP,TV2,VGT"
TIP,384618,"Khang Điền (KDH): Lợi nhuận 2025 vượt 63% kế hoạch, đạt hơn 1.633 tỷ đồng, mở rộng tăng trưởng trong 2026",,"(ĐTCK) Công ty cổ phần Đầu tư và Kinh doanh Nhà Khang Điền (mã chứng khoán KDH) vừa công bố báo cáo tài chính năm 2025, ghi nhận doanh thu hợp nhất tăng trưởng 16% và lợi nhuận sau thuế tăng gấp đôi so với cùng kỳ năm, vượt xa kế hoạch đề ra.",1769768553,2026-01-30 17:22:33,1769768553,2026-01-30 17:22:33,https://www.tinnhanhchungkhoan.vn/khang-dien-kdh-loi-nhuan-2025-vuot-63-ke-hoach-dat-hon-1633-ty-dong-mo-rong-tang-truong-trong-2026-post384618.html,/khang-dien-kdh-loi-nhuan-2025-vuot-63-ke-hoach-dat-hon-1633-ty-dong-mo-rong-tang-truong-trong-2026-post384618.html,https://image.tinnhanhchungkhoan.vn/w200/Uploaded/2026/djshp/2026_01_25/2-992-368.jpg,"Mới đây, Khang Điền đã động thổ khu cao tầng Gladia by the Waters gồm hơn 600 căn hộ, dự kiến bàn giao quý IV/2027.",,,4,Thông tin doanh nghiệp,/thong-tin-doanh-nghiep/,"BMI,C4G,DL1,FPT,GCF,GMD,HUT,IDC,ITD,MBB,MWG,PAC,PC1,PVD,PVS,SHB,SIP,STH,TIP,TV2,VGT"
TIP,384620,"TTC Land (SCR) đạt lợi nhuận sau thuế 67,38 tỷ đồng trong năm 2025",,"(ĐTCK) CTCP Địa ốc Sài Gòn Thương Tín (TTC Land, mã SCR - sàn HOSE) ghi nhận lợi nhuận sau thuế 33,47 tỷ đồng trong quý IV, luỹ kế năm 2025 lãi 67,38 tỷ đồng, tăng hơn 14,85 lần so với cùng kỳ.",1769763442,2026-01-30 15:57:22,1769763442,2026-01-30 15:57:22,https://www.tinnhanhchungkhoan.vn/ttc-land-scr-dat-loi-nhuan-sau-thue-6738-ty-dong-trong-nam-2025-post384620.html,/ttc-land-scr-dat-loi-nhuan-sau-thue-6738-ty-dong-trong-nam-2025-post384620.html,https://image.tinnhanhchungkhoan.vn/w200/Uploaded/2026/lcgjikao/2026_01_30/01-8713-3228.jpeg,,,,4,Thông tin doanh nghiệp,/thong-tin-doanh-nghiep/,"BMI,C4G,DL1,FPT,GCF,GMD,HUT,IDC,ITD,MBB,MWG,PAC,PC1,PVD,PVS,SHB,SIP,STH,TIP,TV2,VGT"
TIP,384615,"Lợi nhuận trước thuế năm 2025 của OCB đạt 5.046 tỷ đồng, tăng gần 26%",,"(ĐTCK) Theo báo cáo tài chính quý IV vừa được Ngân hàng Phương Đông (mã CK: OCB) công bố, lợi nhuận trước thuế năm 2025 đạt mức 5.046 tỷ đồng, tăng 25,9% so với năm 2024.",1769762805,2026-01-30 15:46:45,1769768157,2026-01-30 17:15:57,https://www.tinnhanhchungkhoan.vn/loi-nhuan-truoc-thue-nam-2025-cua-ocb-dat-5046-ty-dong-tang-gan-26-post384615.html,/loi-nhuan-truoc-thue-nam-2025-cua-ocb-dat-5046-ty-dong-tang-gan-26-post384615.html,https://image.tinnhanhchungkhoan.vn/w200/Uploaded/2026/bpcgdqvp/2024_01_30/ocb-3903.jpg,,,,4,Thông tin doanh nghiệp,/thong-tin-doanh-nghiep/,"BMI,C4G,DL1,FPT,GCF,GMD,HUT,IDC,ITD,MBB,MWG,PAC,PC1,PVD,PVS,SHB,SIP,STH,TIP,TV2,VGT"
TIP,384614,Hạ tầng GELEX (GEL) phê duyệt khoản vay 200 triệu USD vốn quốc tế,,"(ĐTCK) CTCP Hạ tầng GELEX (mã GEL - sàn HOSE) vừa công bố nghị quyết hội đồng quản trị về việc phê duyệt khoản vay nước ngoài trị giá 200 triệu USD, trong đó HSBC đóng vai trò là ngân hàng thu xếp chính duy nhất kiêm điều phối sổ.",1769762776,2026-01-30 15:46:16,1769779705,2026-01-30 20:28:25,https://www.tinnhanhchungkhoan.vn/ha-tang-gelex-gel-phe-duyet-khoan-vay-200-trieu-usd-von-quoc-te-post384614.html,/ha-tang-gelex-gel-phe-duyet-khoan-vay-200-trieu-usd-von-quoc-te-post384614.html,https://image.tinnhanhchungkhoan.vn/w200/Uploaded/2026/lcgjikao/2026_01_30/02-4078-873.jpg,Hạ tầng GELEX đã làm việc với hơn 30 ngân hàng và tổ chức tài chính tại Singapore và Đài Loan.,,,4,Thông tin doanh nghiệp,/thong-tin-doanh-nghiep/,"BMI,C4G,DL1,FPT,GCF,GMD,HUT,IDC,ITD,MBB,MWG,PAC,PC1,PVD,PVS,SHB,SIP,STH,TIP,TV2,VGT"
TIP,384613,"PTM lên kế hoạch chia cổ tức 30% bằng tiền, Haxaco (HAX) có thể nhận về gần 50 tỷ đồng",,"(ĐTCK) CTCP Sản xuất, Thương mại và Dịch vụ ô tô PTM (mã chứng khoán PTM) vừa có dự thảo tài liệu họp Đại hội đồng cổ đông thường niên 2026, trong đó có tờ trình phương án phân phối lợi nhuận năm 2025, chia cổ tức 30% bằng tiền mặt.",1769762727,2026-01-30 15:45:27,1769762727,2026-01-30 15:45:27,https://www.tinnhanhchungkhoan.vn/ptm-len-ke-hoach-chia-co-tuc-30-bang-tien-haxaco-hax-co-the-nhan-ve-gan-50-ty-dong-post384613.html,/ptm-len-ke-hoach-chia-co-tuc-30-bang-tien-haxaco-hax-co-the-nhan-ve-gan-50-ty-dong-post384613.html,https://image.tinnhanhchungkhoan.vn/w200/Uploaded/2026/wpxlcdjwi/2022_06_01/dien-bien-thi-truong-bat-loi-haxaco-hoan-tang-von-8721.jpg,Haxaco (HAX) sắp nhận gần 50 tỷ đồng tiền cổ tức từ PTM,,,4,Thông tin doanh nghiệp,/thong-tin-doanh-nghiep/,"BMI,C4G,DL1,FPT,GCF,GMD,HUT,IDC,ITD,MBB,MWG,PAC,PC1,PVD,PVS,SHB,SIP,STH,TIP,TV2,VGT"
TIP,384611,"Năm 2025, MSB đạt lợi nhuận trước thuế hợp nhất 7.058 tỷ đồng",,"(ĐTCK) Tại ngày 31/12/2025, tổng tài sản hợp nhất của Ngân hàng TMCP Hàng Hải Việt Nam (MSB - sàn HOSE) đạt gần 408 nghìn tỷ đồng, tăng 27,3% so với thời điểm đầu năm. Động lực chính của sự tăng trưởng quy mô đến từ hoạt động tín dụng.",1769762700,2026-01-30 15:45:00,1769762700,2026-01-30 15:45:00,https://www.tinnhanhchungkhoan.vn/nam-2025-msb-dat-loi-nhuan-truoc-thue-hop-nhat-7058-ty-dong-post384611.html,/nam-2025-msb-dat-loi-nhuan-truoc-thue-hop-nhat-7058-ty-dong-post384611.html,https://image.tinnhanhchungkhoan.vn/w200/Uploaded/2026/pwvolcvo/2026_01_30/msb-6-7064-2022.jpg,,,,4,Thông tin doanh nghiệp,/thong-tin-doanh-nghiep/,"BMI,C4G,DL1,FPT,GCF,GMD,HUT,IDC,ITD,MBB,MWG,PAC,PC1,PVD,PVS,SHB,SIP,STH,TIP,TV2,VGT"
TV2,384814,Dịch vụ Phân phối Tổng hợp Dầu khí (PSD) vượt 40% mục tiêu lợi nhuận 2025,,"(ĐTCK) Năm 2025, CTCP Dịch vụ Phân phối Tổng hợp Dầu khí (Petrosetco Distribution, mã PSD) ghi nhận 143,1 tỷ đồng lợi nhuận sau thuế, tăng 73% so với năm trước và vượt 40% mục tiêu năm.",1770108462,2026-02-03 15:47:42,1770108462,2026-02-03 15:47:42,https://www.tinnhanhchungkhoan.vn/dich-vu-phan-phoi-tong-hop-dau-khi-psd-vuot-40-muc-tieu-loi-nhuan-2025-post384814.html,/dich-vu-phan-phoi-tong-hop-dau-khi-psd-vuot-40-muc-tieu-loi-nhuan-2025-post384814.html,https://image.tinnhanhchungkhoan.vn/w200/Uploaded/2026/xvrhgenatpx97/2026_02_03/492389603-1269083815221635-1856212450220482697-n-8553-4165.jpg,,,,4,Thông tin doanh nghiệp,/thong-tin-doanh-nghiep/,"BMI,C4G,DL1,FPT,GCF,GMD,HUT,IDC,ITD,MBB,MWG,PAC,PC1,PVD,PVS,SHB,SIP,STH,TIP,TV2,VGT"
TV2,384815,"Becamex IDC (BCM) chia cổ tức 11% bằng tiền mặt, lợi nhuận 2025 vượt hơn 42% kế hoạch",,"(ĐTCK) Ngày 13/2 tới đây, Tập đoàn Đầu tư và Phát triển Công nghiệp Becamex - CTCP (Becamex IDC, mã BCM - sàn HOSE) vừa thông báo về việc chia cổ tức năm 2024.",1770108203,2026-02-03 15:43:23,1770108203,2026-02-03 15:43:23,https://www.tinnhanhchungkhoan.vn/becamex-idc-bcm-chia-co-tuc-11-bang-tien-mat-loi-nhuan-2025-vuot-hon-42-ke-hoach-post384815.html,/becamex-idc-bcm-chia-co-tuc-11-bang-tien-mat-loi-nhuan-2025-vuot-hon-42-ke-hoach-post384815.html,https://image.tinnhanhchungkhoan.vn/w200/Uploaded/2026/ipuokbf/2025_02_06/becamex-idc-bcm-2233-7213.jpg,,,,4,Thông tin doanh nghiệp,/thong-tin-doanh-nghiep/,"BMI,C4G,DL1,FPT,GCF,GMD,HUT,IDC,ITD,MBB,MWG,PAC,PC1,PVD,PVS,SHB,SIP,STH,TIP,TV2,VGT"
TV2,384807,"EVNGENCO3 (PGV): Lợi nhuận sau thuế vượt 3.700 tỷ đồng, định giá cổ phiếu về vùng hấp dẫn",,(ĐTCK) Lợi nhuận năm 2025 của EVNGENCO3 (PGV) xác lập kỷ lục mới. Dòng tiền cải thiện cùng tỷ lệ nợ vay liên tục giảm nhiều năm là nền tảng quan trọng cho EVNGENCO3 trong giai đoạn mở rộng đầu tư sắp tới.,1770104233,2026-02-03 14:37:13,1770104233,2026-02-03 14:37:13,https://www.tinnhanhchungkhoan.vn/evngenco3-pgv-loi-nhuan-sau-thue-vuot-3700-ty-dong-dinh-gia-co-phieu-ve-vung-hap-dan-post384807.html,/evngenco3-pgv-loi-nhuan-sau-thue-vuot-3700-ty-dong-dinh-gia-co-phieu-ve-vung-hap-dan-post384807.html,https://image.tinnhanhchungkhoan.vn/w200/Uploaded/2026/bpikpjik/2022_01_26/evngenco3-4286.jpg,,,,4,Thông tin doanh nghiệp,/thong-tin-doanh-nghiep/,"BMI,C4G,DL1,FPT,GCF,GMD,HUT,IDC,ITD,MBB,MWG,PAC,PC1,PVD,PVS,SHB,SIP,STH,TIP,TV2,VGT"
TV2,384804,Doanh thu Sao Ta (FMC) giảm 21% ngay tháng đầu năm 2026,,"(ĐTCK) CTCP Thực phẩm Sao Ta (FMC) công bố tình hình hoạt động hợp nhất tháng 01/2026 với doanh thu đạt 20,4 triệu USD, giảm 21% so với cùng kỳ năm trước.",1770102267,2026-02-03 14:04:27,1770102267,2026-02-03 14:04:27,https://www.tinnhanhchungkhoan.vn/doanh-thu-sao-ta-fmc-giam-21-ngay-thang-dau-nam-2026-post384804.html,/doanh-thu-sao-ta-fmc-giam-21-ngay-thang-dau-nam-2026-post384804.html,https://image.tinnhanhchungkhoan.vn/w200/Uploaded/2026/xvrhgenatpx97/2023_01_16/fmc-9473.jpg,,,,4,Thông tin doanh nghiệp,/thong-tin-doanh-nghiep/,"BMI,C4G,DL1,FPT,GCF,GMD,HUT,IDC,ITD,MBB,MWG,PAC,PC1,PVD,PVS,SHB,SIP,STH,TIP,TV2,VGT"
TV2,384802,"Quý IV/2025, lợi nhuận sau thuế của Đạt Phương (DPG) tăng 46%",,"(ĐTCK) Mới đây, CTCP Tập đoàn Đạt Phương (mã DPG) công bố báo cáo tài chính quý IV/2025 cho thấy sự cải thiện về quy mô doanh thu và lợi nhuận.",1770091215,2026-02-03 11:00:15,1770091215,2026-02-03 11:00:15,https://www.tinnhanhchungkhoan.vn/quy-iv2025-loi-nhuan-sau-thue-cua-dat-phuong-dpg-tang-46-post384802.html,/quy-iv2025-loi-nhuan-sau-thue-cua-dat-phuong-dpg-tang-46-post384802.html,https://image.tinnhanhchungkhoan.vn/w200/Uploaded/2026/gtnwae/2026_02_03/1-7741-8171.jpg,,,,4,Thông tin doanh nghiệp,/thong-tin-doanh-nghiep/,"BMI,C4G,DL1,FPT,GCF,GMD,HUT,IDC,ITD,MBB,MWG,PAC,PC1,PVD,PVS,SHB,SIP,STH,TIP,TV2,VGT"
TV2,384799,Lợi nhuận Tổng công ty Tín Nghĩa (TID) giảm tới 99% trong quý IV/2025 khi phải hoàn trả cho Tỉnh uỷ Đồng Nai,,"(ĐTCK) Tổng công ty Tín Nghĩa (mã TID - UPCoM) ghi nhận lãi 1,8 tỷ đồng trong quý IV, luỹ kế cả năm 2025 ghi nhận lãi 762,13 tỷ đồng, hoàn thành 113,4% so với kế hoạch năm.",1770090820,2026-02-03 10:53:40,1770090820,2026-02-03 10:53:40,https://www.tinnhanhchungkhoan.vn/loi-nhuan-tong-cong-ty-tin-nghia-tid-giam-toi-99-trong-quy-iv2025-khi-phai-hoan-tra-cho-tinh-uy-dong-nai-post384799.html,/loi-nhuan-tong-cong-ty-tin-nghia-tid-giam-toi-99-trong-quy-iv2025-khi-phai-hoan-tra-cho-tinh-uy-dong-nai-post384799.html,https://image.tinnhanhchungkhoan.vn/w200/Uploaded/2026/lcgjikao/2026_02_03/01-906-8353.jpeg,,,,4,Thông tin doanh nghiệp,/thong-tin-doanh-nghiep/,"BMI,C4G,DL1,FPT,GCF,GMD,HUT,IDC,ITD,MBB,MWG,PAC,PC1,PVD,PVS,SHB,SIP,STH,TIP,TV2,VGT"
TV2,384779,"Gỗ An Cường (ACG) ghi nhận dòng tiền kinh doanh âm kỷ lục 408,56 tỷ đồng trong năm 2025",,"(ĐTCK) CTCP Gỗ An Cường (mã ACG - sàn HOSE) ghi nhận lãi 145,54 tỷ đồng trong quý IV, luỹ kế năm 2025 ghi nhận lãi 503,75 tỷ đồng, tăng 19,9% so với cùng kỳ năm trước.",1770077256,2026-02-03 07:07:36,1770077256,2026-02-03 07:07:36,https://www.tinnhanhchungkhoan.vn/go-an-cuong-acg-ghi-nhan-dong-tien-kinh-doanh-am-ky-luc-40856-ty-dong-trong-nam-2025-post384779.html,/go-an-cuong-acg-ghi-nhan-dong-tien-kinh-doanh-am-ky-luc-40856-ty-dong-trong-nam-2025-post384779.html,https://image.tinnhanhchungkhoan.vn/w200/Uploaded/2026/lcgjikao/2026_02_02/01-8702-1876.jpg,,,,4,Thông tin doanh nghiệp,/thong-tin-doanh-nghiep/,"BMI,C4G,DL1,FPT,GCF,GMD,HUT,IDC,ITD,MBB,MWG,PAC,PC1,PVD,PVS,SHB,SIP,STH,TIP,TV2,VGT"
TV2,384776,Searefico (SRF) thoát lỗ quý IV/2025 nhờ thu nhập khác tăng đột biến,,"(ĐTCK) Công ty cổ phần Searefico (mã SRF - sàn HOSE) ghi nhận lãi 15,71 tỷ đồng trong quý IV, luỹ kế cả năm 2025 lãi 22,18 tỷ đồng và đạt 56,9% kế hoạch năm.",1770077020,2026-02-03 07:03:40,1770077020,2026-02-03 07:03:40,https://www.tinnhanhchungkhoan.vn/searefico-srf-thoat-lo-quy-iv2025-nho-thu-nhap-khac-tang-dot-bien-post384776.html,/searefico-srf-thoat-lo-quy-iv2025-nho-thu-nhap-khac-tang-dot-bien-post384776.html,https://image.tinnhanhchungkhoan.vn/w200/Uploaded/2026/lcgjikao/2026_02_02/01-2954-71.jpg,,,,4,Thông tin doanh nghiệp,/thong-tin-doanh-nghiep/,"BMI,C4G,DL1,FPT,GCF,GMD,HUT,IDC,ITD,MBB,MWG,PAC,PC1,PVD,PVS,SHB,SIP,STH,TIP,TV2,VGT"
TV2,384774,"Thép Pomina (POM) lỗ thêm 838,2 tỷ đồng năm 2025, vốn chủ sở hữu âm hơn 623,6 tỷ đồng",,"(ĐTCK) CTCP Thép Pomina (mã POM) vừa công bố báo cáo tài chính năm 2025 với khoản lỗ sau thuế 838,2 tỷ đồng, đánh dấu năm thứ 4 liên tiếp doanh nghiệp thua lỗ, qua đó nâng lỗ lũy kế lên 3.485 tỷ đồng và khiến vốn chủ sở hữu tại thời điểm cuối năm âm hơn 623,6 tỷ đồng",1770076822,2026-02-03 07:00:22,1770076822,2026-02-03 07:00:22,https://www.tinnhanhchungkhoan.vn/thep-pomina-pom-lo-them-8382-ty-dong-nam-2025-von-chu-so-huu-am-hon-6236-ty-dong-post384774.html,/thep-pomina-pom-lo-them-8382-ty-dong-nam-2025-von-chu-so-huu-am-hon-6236-ty-dong-post384774.html,https://image.tinnhanhchungkhoan.vn/w200/Uploaded/2026/xvrhgenatpx97/2024_08_21/pom-5603.jpeg,,,,4,Thông tin doanh nghiệp,/thong-tin-doanh-nghiep/,"BMI,C4G,DL1,FPT,GCF,GMD,HUT,IDC,ITD,MBB,MWG,PAC,PC1,PVD,PVS,SHB,SIP,STH,TIP,TV2,VGT"
TV2,384773,PV Drilling (PVD) vượt 98% mục tiêu lợi nhuận năm 2025,,"(ĐTCK) Năm 2025, PV Drilling mang về 1.050,5 tỷ đồng lãi ròng, tăng 50,5% so với kết quả thực hiện năm 2024 và vượt 98% mục tiêu lợi nhuận cả năm.",1770076674,2026-02-03 06:57:54,1770076674,2026-02-03 06:57:54,https://www.tinnhanhchungkhoan.vn/pv-drilling-pvd-vuot-98-muc-tieu-loi-nhuan-nam-2025-post384773.html,/pv-drilling-pvd-vuot-98-muc-tieu-loi-nhuan-nam-2025-post384773.html,https://image.tinnhanhchungkhoan.vn/w200/Uploaded/2026/xvrhgenatpx97/2023_04_24/pvd-1871.jpeg,,,,4,Thông tin doanh nghiệp,/thong-tin-doanh-nghiep/,"BMI,C4G,DL1,FPT,GCF,GMD,HUT,IDC,ITD,MBB,MWG,PAC,PC1,PVD,PVS,SHB,SIP,STH,TIP,TV2,VGT"
TV2,384775,MB (MBB) dự kiến cán mốc vốn hóa 10 tỷ USD vào năm 2027,,"(ĐTCK) So với giai đoạn đầu năm 2017, tổng vốn hoá của Ngân hàng TMCP Quân Đội (MB - mã chứng khoán MBB) đến nay đã ghi nhận tăng 9,9 lần (tương đương khoảng 8,5 tỷ USD). Ông Lưu Trung Thái, Chủ tịch HĐQT MB cho biết, với tốc độ tăng trưởng như hiện nay, dự kiến sang năm 2027, tổng giá trị vốn hoá của MB có thể cán đến mốc 10 tỷ USD.",1770076595,2026-02-03 06:56:35,1770076595,2026-02-03 06:56:35,https://www.tinnhanhchungkhoan.vn/mb-mbb-du-kien-can-moc-von-hoa-10-ty-usd-vao-nam-2027-post384775.html,/mb-mbb-du-kien-can-moc-von-hoa-10-ty-usd-vao-nam-2027-post384775.html,https://image.tinnhanhchungkhoan.vn/w200/Uploaded/2026/ngobgt/2026_02_02/img-3950-1125-6297.jpeg,"Ông Lưu Trung Thái, Chủ tịch HĐQT Ngân hàng TMCP Quân Đội (MB) chủ trì hội nghị Nhà đầu tư.",,,4,Thông tin doanh nghiệp,/thong-tin-doanh-nghiep/,"BMI,C4G,DL1,FPT,GCF,GMD,HUT,IDC,ITD,MBB,MWG,PAC,PC1,PVD,PVS,SHB,SIP,STH,TIP,TV2,VGT"
TV2,384768,Chiến lược Go Global đang từng bước đóng góp vào tăng trưởng dài hạn của Masan Consumer (MCH),,"(ĐTCK) Trong suốt năm 2025, doanh thu quốc tế của Masan Consumer (HOSE: MCH) duy trì đà tăng trưởng tích cực và tiếp tục cải thiện trong quý gần nhất. Theo báo cáo kết quả kinh doanh, riêng kênh kinh doanh quốc tế tăng trưởng gần 27% trong năm 2025. Diễn biến này cho thấy chiến lược Go Global đang bắt đầu tạo đóng góp thực tế, thay vì chỉ dừng ở định hướng dài hạn.",1770026991,2026-02-02 17:09:51,1770029550,2026-02-02 17:52:30,https://www.tinnhanhchungkhoan.vn/chien-luoc-go-global-dang-tung-buoc-dong-gop-vao-tang-truong-dai-han-cua-masan-consumer-mch-post384768.html,/chien-luoc-go-global-dang-tung-buoc-dong-gop-vao-tang-truong-dai-han-cua-masan-consumer-mch-post384768.html,https://image.tinnhanhchungkhoan.vn/w200/Uploaded/2026/bpikpjik/2026_02_02/thuc-pham-tuoi-ngon-phong-phu-tai-sieu-thi-winmart-4053-77.jpeg,,,,4,Thông tin doanh nghiệp,/thong-tin-doanh-nghiep/,"BMI,C4G,DL1,FPT,GCF,GMD,HUT,IDC,ITD,MBB,MWG,PAC,PC1,PVD,PVS,SHB,SIP,STH,TIP,TV2,VGT"
TV2,384769,OCH vượt kế hoạch doanh thu và lợi nhuận năm 2025,,"(ĐTCK) Công ty cổ phần One Capital Hospitality (HNX: OCH) ghi nhận doanh thu cả năm 2025 đạt 1.188 tỷ đồng, lợi nhuận trước thuế 135,6 tỷ đồng, vượt kế hoạch được Đại hội đồng cổ đông (ĐHĐCĐ) đề ra.",1770026945,2026-02-02 17:09:05,1770026945,2026-02-02 17:09:05,https://www.tinnhanhchungkhoan.vn/och-vuot-ke-hoach-doanh-thu-va-loi-nhuan-nam-2025-post384769.html,/och-vuot-ke-hoach-doanh-thu-va-loi-nhuan-nam-2025-post384769.html,https://image.tinnhanhchungkhoan.vn/w200/Uploaded/2026/cqjwqcqdh/2025_10_30/och-8280-9602.jpg,,,,4,Thông tin doanh nghiệp,/thong-tin-doanh-nghiep/,"BMI,C4G,DL1,FPT,GCF,GMD,HUT,IDC,ITD,MBB,MWG,PAC,PC1,PVD,PVS,SHB,SIP,STH,TIP,TV2,VGT"
TV2,384765,"Cơ điện lạnh (REE) tạm ứng cổ tức 10% bằng tiền, lên lịch ĐHCĐ thường niên năm tài chính 2025",,"(ĐTCK) HĐQT CTCP Cơ điện lạnh (REE – sàn HOSE) vừa thông qua, ngày 27/2 tới đây sẽ thực hiện chốt danh sách cổ đông để tổ chức ĐHCĐ thường niên năm tài chính 2025 và tạm ứng cổ tức năm 2025.",1770026245,2026-02-02 16:57:25,1770026691,2026-02-02 17:04:51,https://www.tinnhanhchungkhoan.vn/co-dien-lanh-ree-tam-ung-co-tuc-10-bang-tien-len-lich-dhcd-thuong-nien-nam-tai-chinh-2025-post384765.html,/co-dien-lanh-ree-tam-ung-co-tuc-10-bang-tien-len-lich-dhcd-thuong-nien-nam-tai-chinh-2025-post384765.html,https://image.tinnhanhchungkhoan.vn/w200/Uploaded/2026/pigo/2020_09_30/cong-ty-co-phan-co-dien-lanh-bom-no-cham-trong-dau-tu-tai-chinh1590080990-3682.jpg,,,,4,Thông tin doanh nghiệp,/thong-tin-doanh-nghiep/,"BMI,C4G,DL1,FPT,GCF,GMD,HUT,IDC,ITD,MBB,MWG,PAC,PC1,PVD,PVS,SHB,SIP,STH,TIP,TV2,VGT"
TV2,384761,Vietbank (VBB): Bổ nhiệm Quyền Tổng giám đốc và một Phó tổng giám đốc,,"(ĐTCK) Ngân hàng TMCP Việt Nam Thương Tín (Vietbank, mã chứng khoán: VBB) vừa công bố quyết định kiện toàn nhân sự lãnh đạo cấp cao.",1770023282,2026-02-02 16:08:02,1770023282,2026-02-02 16:08:02,https://www.tinnhanhchungkhoan.vn/vietbank-vbb-bo-nhiem-quyen-tong-giam-doc-va-mot-pho-tong-giam-doc-post384761.html,/vietbank-vbb-bo-nhiem-quyen-tong-giam-doc-va-mot-pho-tong-giam-doc-post384761.html,https://image.tinnhanhchungkhoan.vn/w200/Uploaded/2026/bpcgdqvp/2026_02_02/vb2-3335-3688.jpg,Hội đồng Quản trị trao quyết định bổ nhiệm cho ông Lê Thanh Quý Ngọc - Quyền Tổng giám đốc và bà Trần Thị Ngọc Lý - Phó tổng giám đốc Vietbank,,,4,Thông tin doanh nghiệp,/thong-tin-doanh-nghiep/,"BMI,C4G,DL1,FPT,GCF,GMD,HUT,IDC,ITD,MBB,MWG,PAC,PC1,PVD,PVS,SHB,SIP,STH,TIP,TV2,VGT"
TV2,384752,"CDC Construction (CCC): Dòng tiền kinh doanh âm kỷ lục 335,17 tỷ đồng trong 9 tháng đầu niên độ 2025 - 2026",,"(ĐTCK) Công ty cổ phần Xây dựng CDC (CDC Construction, mã CCC - sàn HOSE) ghi nhận lãi 9,67 tỷ đồng trong quý III, luỹ kế 9 tháng trong niên độ 2025 - 2026 ghi nhận lãi 30,31 tỷ đồng, tăng 3,8% so với cùng kỳ và hoàn thành 64,1% kế hoạch năm.",1770022404,2026-02-02 15:53:24,1770022404,2026-02-02 15:53:24,https://www.tinnhanhchungkhoan.vn/cdc-construction-ccc-dong-tien-kinh-doanh-am-ky-luc-33517-ty-dong-trong-9-thang-dau-nien-do-2025-2026-post384752.html,/cdc-construction-ccc-dong-tien-kinh-doanh-am-ky-luc-33517-ty-dong-trong-9-thang-dau-nien-do-2025-2026-post384752.html,https://image.tinnhanhchungkhoan.vn/w200/Uploaded/2026/lcgjikao/2026_02_02/01-5399-2697.jpg,,,,4,Thông tin doanh nghiệp,/thong-tin-doanh-nghiep/,"BMI,C4G,DL1,FPT,GCF,GMD,HUT,IDC,ITD,MBB,MWG,PAC,PC1,PVD,PVS,SHB,SIP,STH,TIP,TV2,VGT"
TV2,384712,"Doanh thu cả năm vượt 37.000 tỷ đồng, Tasco (HUT) báo lãi gấp 2 lần năm trước",,"(ĐTCK) Năm 2025, Công ty Cổ phần Tasco (HNX: HUT) ghi nhận doanh thu 37.000 tỷ đồng, lợi nhuận sau thuế hơn 623 tỷ đồng, gấp 2 lần năm trước và cao nhất trong lịch sử hoạt động.",1770019201,2026-02-02 15:00:01,1770000938,2026-02-02 09:55:38,https://www.tinnhanhchungkhoan.vn/doanh-thu-ca-nam-vuot-37000-ty-dong-tasco-hut-bao-lai-gap-2-lan-nam-truoc-post384712.html,/doanh-thu-ca-nam-vuot-37000-ty-dong-tasco-hut-bao-lai-gap-2-lan-nam-truoc-post384712.html,https://image.tinnhanhchungkhoan.vn/w200/Uploaded/2026/xpwvotiv/2026_02_02/tasco-5092-7931.jpg,,,,4,Thông tin doanh nghiệp,/thong-tin-doanh-nghiep/,"BMI,C4G,DL1,FPT,GCF,GMD,HUT,IDC,ITD,MBB,MWG,PAC,PC1,PVD,PVS,SHB,SIP,STH,TIP,TV2,VGT"
TV2,384740,Quốc Cường Gia Lai (QCG) lãi đột biến quý IV/2025 nhờ thanh lý các khoản đầu tư,,"(ĐTCK) CTCP Quốc Cường Gia Lai (mã QCG - sàn HOSE) ghi nhận lãi 137,22 tỷ đồng trong quý IV, lũy kế năm 2025 lãi 171,28 tỷ đồng, tăng 109% so với năm 2024 và không hoàn thành kế hoạch năm.",1770016785,2026-02-02 14:19:45,1770016785,2026-02-02 14:19:45,https://www.tinnhanhchungkhoan.vn/quoc-cuong-gia-lai-qcg-lai-dot-bien-quy-iv2025-nho-thanh-ly-cac-khoan-dau-tu-post384740.html,/quoc-cuong-gia-lai-qcg-lai-dot-bien-quy-iv2025-nho-thanh-ly-cac-khoan-dau-tu-post384740.html,https://image.tinnhanhchungkhoan.vn/w200/Uploaded/2026/lcgjikao/2026_02_02/01-5700-5016.jpg,,,,4,Thông tin doanh nghiệp,/thong-tin-doanh-nghiep/,"BMI,C4G,DL1,FPT,GCF,GMD,HUT,IDC,ITD,MBB,MWG,PAC,PC1,PVD,PVS,SHB,SIP,STH,TIP,TV2,VGT"
TV2,384739,"Thuỷ điện Vĩnh Sơn - Sông Hinh (VSH) chốt quyền nhận cổ tức 10%, dự kiến họp ĐHCĐ 2026 cuối tháng 3",,"(ĐTCK) CTCP Thuỷ điện Vĩnh Sơn - Sông Hinh (mã VSH) mới thông báo, ngày 23/02 tới đây sẽ chốt danh sách cổ đông nhận cổ tức đợt 3/2025 và tham dự đại hội cổ đông năm 2026.",1770016761,2026-02-02 14:19:21,1770016761,2026-02-02 14:19:21,https://www.tinnhanhchungkhoan.vn/thuy-dien-vinh-son-song-hinh-vsh-chot-quyen-nhan-co-tuc-10-du-kien-hop-dhcd-2026-cuoi-thang-3-post384739.html,/thuy-dien-vinh-son-song-hinh-vsh-chot-quyen-nhan-co-tuc-10-du-kien-hop-dhcd-2026-cuoi-thang-3-post384739.html,https://image.tinnhanhchungkhoan.vn/w200/Uploaded/2026/xvrhgenatpx97/2024_10_24/vsh-8946.jpeg,,,,4,Thông tin doanh nghiệp,/thong-tin-doanh-nghiep/,"BMI,C4G,DL1,FPT,GCF,GMD,HUT,IDC,ITD,MBB,MWG,PAC,PC1,PVD,PVS,SHB,SIP,STH,TIP,TV2,VGT"
TV2,384741,VPS (VCK) được VASB vinh danh công ty chứng khoán đạt điểm thực hành ESG cao nhất,,"(ĐTCK) Công ty cổ phần Chứng khoán VPS (mã chứng khoán VCK) là một trong hai công ty chứng khoán được xếp hạng cao nhất trong chương trình chấm điểm thực hành ESG do Hiệp hội Chứng khoán Việt Nam (VASB) tổ chức, khẳng định cam kết mạnh mẽ của doanh nghiệp đối với phát triển bền vững theo chuẩn mực quốc tế.",1770016630,2026-02-02 14:17:10,1770343895,2026-02-06 09:11:35,https://www.tinnhanhchungkhoan.vn/vps-vck-duoc-vasb-vinh-danh-cong-ty-chung-khoan-dat-diem-thuc-hanh-esg-cao-nhat-post384741.html,/vps-vck-duoc-vasb-vinh-danh-cong-ty-chung-khoan-dat-diem-thuc-hanh-esg-cao-nhat-post384741.html,https://image.tinnhanhchungkhoan.vn/w200/Uploaded/2026/ipuokbf/2026_02_06/800x500-8825-6213.png,,,,4,Thông tin doanh nghiệp,/thong-tin-doanh-nghiep/,"BMI,C4G,DL1,FPT,GCF,GMD,HUT,IDC,ITD,MBB,MWG,PAC,PC1,PVD,PVS,SHB,SIP,STH,TIP,TV2,VGT"
TV2,384738,"Doanh thu năm 2025 của Vinamilk (VNM) đạt 63.724 tỷ đồng, cao nhất lịch sử Công ty",,"(ĐTCK)Tổng doanh thu hợp nhất quý IV/2025 của Công ty cổ phần Sữa Việt Nam (Vinamilk - mã VNM) đạt 17.045 tỷ đồng, tiếp tục lập đỉnh mới, tăng 10,1% so với cùng kỳ.",1770016538,2026-02-02 14:15:38,1770016538,2026-02-02 14:15:38,https://www.tinnhanhchungkhoan.vn/doanh-thu-nam-2025-cua-vinamilk-vnm-dat-63724-ty-dong-cao-nhat-lich-su-cong-ty-post384738.html,/doanh-thu-nam-2025-cua-vinamilk-vnm-dat-63724-ty-dong-cao-nhat-lich-su-cong-ty-post384738.html,https://image.tinnhanhchungkhoan.vn/w200/Uploaded/2026/unvjshu/2026_02_02/vnm-1723-4621.jpg,Đẩy mạnh các hoạt động xúc tiến thương mại giúp Vinamilk nâng cao hình ảnh và vị thế thương hiệu trên thị trường quốc tế. Ảnh: Vi Nam,,,4,Thông tin doanh nghiệp,/thong-tin-doanh-nghiep/,"BMI,C4G,DL1,FPT,GCF,GMD,HUT,IDC,ITD,MBB,MWG,PAC,PC1,PVD,PVS,SHB,SIP,STH,TIP,TV2,VGT"
TV2,384726,"Địa ốc Hoàng Quân (HQC) thoát lỗ quý IV/2025 nhờ hoạt động tài chính, thu hồi công nợ và hoàn nhập dự phòng",,"(ĐTCK) CTCP Tư vấn Thương mại Dịch vụ Địa ốc Hoàng Quân (mã HQC - sàn HOSE) ghi nhận lãi 55,08 tỷ đồng trong quý IV, luỹ kế cả năm 2025 lãi 73,21 tỷ đồng, tăng trưởng 116,8% và hoàn thành 104,6% kế hoạch năm.",1770006229,2026-02-02 11:23:49,1770006229,2026-02-02 11:23:49,https://www.tinnhanhchungkhoan.vn/dia-oc-hoang-quan-hqc-thoat-lo-quy-iv2025-nho-hoat-dong-tai-chinh-thu-hoi-cong-no-va-hoan-nhap-du-phong-post384726.html,/dia-oc-hoang-quan-hqc-thoat-lo-quy-iv2025-nho-hoat-dong-tai-chinh-thu-hoi-cong-no-va-hoan-nhap-du-phong-post384726.html,https://image.tinnhanhchungkhoan.vn/w200/Uploaded/2026/lcgjikao/2026_02_02/01-2382-9002.jpg,,,,4,Thông tin doanh nghiệp,/thong-tin-doanh-nghiep/,"BMI,C4G,DL1,FPT,GCF,GMD,HUT,IDC,ITD,MBB,MWG,PAC,PC1,PVD,PVS,SHB,SIP,STH,TIP,TV2,VGT"
TV2,384713,"Vietbank (VBB) đạt 1.532 tỷ đồng lợi nhuận trước thuế năm 2025, chuẩn bị niêm yết sàn HOSE",,"(ĐTCK) Năm 2025, Ngân hàng TMCP Việt Nam Thương Tín (Vietbank, mã chứng khoán VBB) ghi nhận lợi nhuận trước thuế hợp nhất đạt 1.532 tỷ đồng, tăng 35% so với năm 2024.",1769997537,2026-02-02 08:58:57,1769997537,2026-02-02 08:58:57,https://www.tinnhanhchungkhoan.vn/vietbank-vbb-dat-1532-ty-dong-loi-nhuan-truoc-thue-nam-2025-chuan-bi-niem-yet-san-hose-post384713.html,/vietbank-vbb-dat-1532-ty-dong-loi-nhuan-truoc-thue-nam-2025-chuan-bi-niem-yet-san-hose-post384713.html,https://image.tinnhanhchungkhoan.vn/w200/Uploaded/2026/bpcgdqvp/2023_09_20/vietbank-527.jpg,,,,4,Thông tin doanh nghiệp,/thong-tin-doanh-nghiep/,"BMI,C4G,DL1,FPT,GCF,GMD,HUT,IDC,ITD,MBB,MWG,PAC,PC1,PVD,PVS,SHB,SIP,STH,TIP,TV2,VGT"
TV2,384684,Đầu tư Thương mại SMC (SMC) ghi nhận lãi đột biến trở lại trong quý IV/2025 nhờ thanh lý tài sản và hoàn nhập dự phòng,,"(ĐTCK) Công ty cổ phần Đầu tư Thương mại SMC (mã SMC - sàn HOSE) ghi nhận lãi 343,95 tỷ đồng trong quý IV, luỹ kế cả năm 2025 lãi 185,07 tỷ đồng và hoàn thành tới 616,9% kế hoạch năm.",1769990120,2026-02-02 06:55:20,1769961336,2026-02-01 22:55:36,https://www.tinnhanhchungkhoan.vn/dau-tu-thuong-mai-smc-smc-ghi-nhan-lai-dot-bien-tro-lai-trong-quy-iv2025-nho-thanh-ly-tai-san-va-hoan-nhap-du-phong-post384684.html,/dau-tu-thuong-mai-smc-smc-ghi-nhan-lai-dot-bien-tro-lai-trong-quy-iv2025-nho-thanh-ly-tai-san-va-hoan-nhap-du-phong-post384684.html,https://image.tinnhanhchungkhoan.vn/w200/Uploaded/2026/lcgjikao/2026_02_01/01-150-4789.jpg,,,,4,Thông tin doanh nghiệp,/thong-tin-doanh-nghiep/,"BMI,C4G,DL1,FPT,GCF,GMD,HUT,IDC,ITD,MBB,MWG,PAC,PC1,PVD,PVS,SHB,SIP,STH,TIP,TV2,VGT"
TV2,384666,"Lợi nhuận Hoa Sen (HSG) giảm 62,3% trong quý I niên độ tài chính 2025 - 2026",,(ĐTCK) Công ty cổ phần Tập đoàn Hoa Sen (mã HSG - sàn HOSE) ghi nhận doanh thu và lợi nhuận đi lùi trong quý I niên độ tài chính 2025 – 2026 và có dấu hiệu tăng trích trữ tồn kho.,1769916063,2026-02-01 10:21:03,1769916063,2026-02-01 10:21:03,https://www.tinnhanhchungkhoan.vn/loi-nhuan-hoa-sen-hsg-giam-623-trong-quy-i-nien-do-tai-chinh-2025-2026-post384666.html,/loi-nhuan-hoa-sen-hsg-giam-623-trong-quy-i-nien-do-tai-chinh-2025-2026-post384666.html,https://image.tinnhanhchungkhoan.vn/w200/Uploaded/2026/lcgjikao/2026_02_01/01-8398-4117.jpg,,,,4,Thông tin doanh nghiệp,/thong-tin-doanh-nghiep/,"BMI,C4G,DL1,FPT,GCF,GMD,HUT,IDC,ITD,MBB,MWG,PAC,PC1,PVD,PVS,SHB,SIP,STH,TIP,TV2,VGT"
TV2,384656,"Thép Nam Kim (NKG) lỗ 9,34 tỷ đồng trong quý IV/2025, đánh dấu lỗ trở lại sau 10 quý",,"(ĐTCK) CTCP Thép Nam Kim (mã NKG - sàn HOSE) ghi nhận lỗ 9,34 tỷ đồng trong quý IV, luỹ kế năm 2025 lãi 197,19 tỷ đồng, giảm 56,55% và không hoàn thành kế hoạch năm.",1769915573,2026-02-01 10:12:53,1769915573,2026-02-01 10:12:53,https://www.tinnhanhchungkhoan.vn/thep-nam-kim-nkg-lo-934-ty-dong-trong-quy-iv2025-danh-dau-lo-tro-lai-sau-10-quy-post384656.html,/thep-nam-kim-nkg-lo-934-ty-dong-trong-quy-iv2025-danh-dau-lo-tro-lai-sau-10-quy-post384656.html,https://image.tinnhanhchungkhoan.vn/w200/Uploaded/2026/lcgjikao/2026_02_01/01-3530-7692.jpg,,,,4,Thông tin doanh nghiệp,/thong-tin-doanh-nghiep/,"BMI,C4G,DL1,FPT,GCF,GMD,HUT,IDC,ITD,MBB,MWG,PAC,PC1,PVD,PVS,SHB,SIP,STH,TIP,TV2,VGT"
TV2,384655,L40 đấu giá thành công quyền khai thác 415.000 m3 cát tại Quảng Nam,,"(ĐTCK) CTCP Đầu tư và Xây dựng 40 (L40) đã đấu giá thành công quyền khai thác bãi cát tại dự án nạo vét khơi thông dòng sông Cổ Cò (phường Điện Bàn Đông, Thành phố Đà Nẵng) với giá trúng đấu giá gần 60 tỷ đồng. Dự kiến L40 sẽ gia tăng lợi nhuận mảng vật liệu xây dựng năm 2026.",1769909966,2026-02-01 08:39:26,1769909966,2026-02-01 08:39:26,https://www.tinnhanhchungkhoan.vn/l40-dau-gia-thanh-cong-quyen-khai-thac-415000-m3-cat-tai-quang-nam-post384655.html,/l40-dau-gia-thanh-cong-quyen-khai-thac-415000-m3-cat-tai-quang-nam-post384655.html,https://image.tinnhanhchungkhoan.vn/w200/Uploaded/2026/ipuokbf/2026_02_01/song-co-co-copy-8566-1916.jpg,,,,4,Thông tin doanh nghiệp,/thong-tin-doanh-nghiep/,"BMI,C4G,DL1,FPT,GCF,GMD,HUT,IDC,ITD,MBB,MWG,PAC,PC1,PVD,PVS,SHB,SIP,STH,TIP,TV2,VGT"
TV2,384654,"Gilimex (GIL) ghi nhận dòng tiền âm kỷ lục 677,5 tỷ đồng trong năm 2025",,"(ĐTCK) CTCP Sản xuất Kinh doanh Xuất nhập khẩu Bình Thạnh (Gilimex, mã GIL - sàn HOSE) ghi nhận lãi 138,19 tỷ đồng trong quý IV, luỹ kế cả năm 2025 lãi 35,64 tỷ đồng, tăng 29% so với cùng kỳ và chỉ đạt 23,8% kế hoạch năm.",1769909653,2026-02-01 08:34:13,1769909653,2026-02-01 08:34:13,https://www.tinnhanhchungkhoan.vn/gilimex-gil-ghi-nhan-dong-tien-am-ky-luc-6775-ty-dong-trong-nam-2025-post384654.html,/gilimex-gil-ghi-nhan-dong-tien-am-ky-luc-6775-ty-dong-trong-nam-2025-post384654.html,https://image.tinnhanhchungkhoan.vn/w200/Uploaded/2026/lcgjikao/2026_01_31/01-3473-8010.jpg,,,,4,Thông tin doanh nghiệp,/thong-tin-doanh-nghiep/,"BMI,C4G,DL1,FPT,GCF,GMD,HUT,IDC,ITD,MBB,MWG,PAC,PC1,PVD,PVS,SHB,SIP,STH,TIP,TV2,VGT"
TV2,384648,Văn Phú (VPI) vượt chỉ tiêu lợi nhuận năm 2025,,"(ĐTCK) Dòng tiền thu được từ các dự án gồm Vlasta - Thủy Nguyên (Hải Phòng), Yên Phong (Bắc Ninh), TT39-40 (Hà Nội) , Dự án Song Khê - Nội Hoàng - (Bắc Ninh) giúp Công ty cổ phần Phát triển bất động sản Văn Phú (mã chứng khoán: VPI) kết thúc quý IV/2025 với lợi nhuận sau thuế ở mức 132 tỷ đồng, qua đó, thực hiện 112% chỉ tiêu lợi nhuận năm 2025 đã được các cổ đông thông qua tại cuộc họp ĐHĐCĐ thường niên.",1769837990,2026-01-31 12:39:50,1769837990,2026-01-31 12:39:50,https://www.tinnhanhchungkhoan.vn/van-phu-vpi-vuot-chi-tieu-loi-nhuan-nam-2025-post384648.html,/van-phu-vpi-vuot-chi-tieu-loi-nhuan-nam-2025-post384648.html,https://image.tinnhanhchungkhoan.vn/w200/Uploaded/2026/ipuokbf/2026_01_31/vpi-vlasta-phu-thuan-2958-8443.jpg,Dự án Vlasta Premier – Phú Thuận,,,4,Thông tin doanh nghiệp,/thong-tin-doanh-nghiep/,"BMI,C4G,DL1,FPT,GCF,GMD,HUT,IDC,ITD,MBB,MWG,PAC,PC1,PVD,PVS,SHB,SIP,STH,TIP,TV2,VGT"
TV2,384635,"Vinasun (VNS): Lợi nhuận năm 2025 đạt hơn 38 tỷ đồng, giảm 54,5%",,"(ĐTCK) Công ty cổ phần Ánh Dương Việt Nam (Vinasun, mã VNS - sàn HOSE) ghi nhận lãi 4,94 tỷ đồng trong quý IV, luỹ kế năm 2025 lãi 38,29 tỷ đồng, giảm 54,5% so với cùng kỳ và chỉ hoàn thành 71,4% kế hoạch năm.",1769825682,2026-01-31 09:14:42,1769825682,2026-01-31 09:14:42,https://www.tinnhanhchungkhoan.vn/vinasun-vns-loi-nhuan-nam-2025-dat-hon-38-ty-dong-giam-545-post384635.html,/vinasun-vns-loi-nhuan-nam-2025-dat-hon-38-ty-dong-giam-545-post384635.html,https://image.tinnhanhchungkhoan.vn/w200/Uploaded/2026/lcgjikao/2026_01_31/01-5716-1382.jpg,,,,4,Thông tin doanh nghiệp,/thong-tin-doanh-nghiep/,"BMI,C4G,DL1,FPT,GCF,GMD,HUT,IDC,ITD,MBB,MWG,PAC,PC1,PVD,PVS,SHB,SIP,STH,TIP,TV2,VGT"
TV2,384631,DIC Corp (DIG): Lãi đột biến quý IV/2025 nhờ bán một phần dự án Đại Phước,,"(ĐTCK) Tổng CTCP Đầu tư Phát triển Xây dựng (DIC Corp, mã DIG - sàn HOSE) ghi nhận lãi 423,99 tỷ đồng trong quý IV, luỹ kế năm 2025 lãi 623,95 tỷ đồng, tăng 509,2% so với cùng kỳ.",1769817644,2026-01-31 07:00:44,1769789831,2026-01-30 23:17:11,https://www.tinnhanhchungkhoan.vn/dic-corp-dig-lai-dot-bien-quy-iv2025-nho-ban-mot-phan-du-an-dai-phuoc-post384631.html,/dic-corp-dig-lai-dot-bien-quy-iv2025-nho-ban-mot-phan-du-an-dai-phuoc-post384631.html,https://image.tinnhanhchungkhoan.vn/w200/Uploaded/2026/lcgjikao/2026_01_30/01-5560-947.jpg,,,,4,Thông tin doanh nghiệp,/thong-tin-doanh-nghiep/,"BMI,C4G,DL1,FPT,GCF,GMD,HUT,IDC,ITD,MBB,MWG,PAC,PC1,PVD,PVS,SHB,SIP,STH,TIP,TV2,VGT"
TV2,384633,"Năm 2025, YeaH1 (YEG) ghi nhận lợi nhuận sau thuế đạt 80,3 tỷ đồng",,"(ĐTCK) Trước nhiều biến động của thị trường chung năm 2025, YeaH1 ghi nhận doanh thu thuần đạt 1.653 tỷ đồng, tăng 61% so với cùng kỳ và vượt 27% so với kế hoạch năm.",1769816733,2026-01-31 06:45:33,1769789740,2026-01-30 23:15:40,https://www.tinnhanhchungkhoan.vn/nam-2025-yeah1-yeg-ghi-nhan-loi-nhuan-sau-thue-dat-803-ty-dong-post384633.html,/nam-2025-yeah1-yeg-ghi-nhan-loi-nhuan-sau-thue-dat-803-ty-dong-post384633.html,https://image.tinnhanhchungkhoan.vn/w200/Uploaded/2026/bpcpcwvo/2026_01_30/yeg-concert-5715-7796.png,,,,4,Thông tin doanh nghiệp,/thong-tin-doanh-nghiep/,"BMI,C4G,DL1,FPT,GCF,GMD,HUT,IDC,ITD,MBB,MWG,PAC,PC1,PVD,PVS,SHB,SIP,STH,TIP,TV2,VGT"
TV2,384629,Eximbank (EIB) báo lãi trước thuế hơn 1.500 tỷ đồng trong năm 2025,,"(ĐTCK) Tổng lợi nhuận trước thuế của Eximbank trong năm 2025 đạt 1.511,7 tỷ đồng, chỉ đạt 29,12% kế hoạch năm.",1769771854,2026-01-30 18:17:34,1769779108,2026-01-30 20:18:28,https://www.tinnhanhchungkhoan.vn/eximbank-eib-bao-lai-truoc-thue-hon-1500-ty-dong-trong-nam-2025-post384629.html,/eximbank-eib-bao-lai-truoc-thue-hon-1500-ty-dong-trong-nam-2025-post384629.html,https://image.tinnhanhchungkhoan.vn/w200/Uploaded/2026/bpcgdqvp/2026_01_30/eib-594-5150.jpg,,,,4,Thông tin doanh nghiệp,/thong-tin-doanh-nghiep/,"BMI,C4G,DL1,FPT,GCF,GMD,HUT,IDC,ITD,MBB,MWG,PAC,PC1,PVD,PVS,SHB,SIP,STH,TIP,TV2,VGT"
TV2,384628,"Giữa “tâm bão” ngành chăn nuôi, BAF nỗ lực giữ biên lợi nhuận",,"(ĐTCK) Giữa bối cảnh giá lợn hơi lao dốc, BAF Việt Nam nổi bật với chiến lược tối ưu chi phí sản xuất, giá vốn giảm 14,2% tương đương khoảng 700 tỷ đồng, giúp lợi nhuận gộp giữ đà tăng 14,7%. Song song, doanh nghiệp chủ động mở rộng quy mô, đẩy nhanh tiến độ dự án chăn nuôi công nghệ cao nhà cao tầng và tập trung nghiên cứu, lai tạo giống heo năng suất cao, tăng sức chống chịu dịch bệnh, tạo nền tảng bứt phá cho giai đoạn 2026 - 2030.",1769769063,2026-01-30 17:31:03,1769769063,2026-01-30 17:31:03,https://www.tinnhanhchungkhoan.vn/giua-tam-bao-nganh-chan-nuoi-baf-no-luc-giu-bien-loi-nhuan-post384628.html,/giua-tam-bao-nganh-chan-nuoi-baf-no-luc-giu-bien-loi-nhuan-post384628.html,https://image.tinnhanhchungkhoan.vn/w200/Uploaded/2026/bpikpjik/2026_01_30/baf-9294-5858.jpg,,,,4,Thông tin doanh nghiệp,/thong-tin-doanh-nghiep/,"BMI,C4G,DL1,FPT,GCF,GMD,HUT,IDC,ITD,MBB,MWG,PAC,PC1,PVD,PVS,SHB,SIP,STH,TIP,TV2,VGT"
TV2,384618,"Khang Điền (KDH): Lợi nhuận 2025 vượt 63% kế hoạch, đạt hơn 1.633 tỷ đồng, mở rộng tăng trưởng trong 2026",,"(ĐTCK) Công ty cổ phần Đầu tư và Kinh doanh Nhà Khang Điền (mã chứng khoán KDH) vừa công bố báo cáo tài chính năm 2025, ghi nhận doanh thu hợp nhất tăng trưởng 16% và lợi nhuận sau thuế tăng gấp đôi so với cùng kỳ năm, vượt xa kế hoạch đề ra.",1769768553,2026-01-30 17:22:33,1769768553,2026-01-30 17:22:33,https://www.tinnhanhchungkhoan.vn/khang-dien-kdh-loi-nhuan-2025-vuot-63-ke-hoach-dat-hon-1633-ty-dong-mo-rong-tang-truong-trong-2026-post384618.html,/khang-dien-kdh-loi-nhuan-2025-vuot-63-ke-hoach-dat-hon-1633-ty-dong-mo-rong-tang-truong-trong-2026-post384618.html,https://image.tinnhanhchungkhoan.vn/w200/Uploaded/2026/djshp/2026_01_25/2-992-368.jpg,"Mới đây, Khang Điền đã động thổ khu cao tầng Gladia by the Waters gồm hơn 600 căn hộ, dự kiến bàn giao quý IV/2027.",,,4,Thông tin doanh nghiệp,/thong-tin-doanh-nghiep/,"BMI,C4G,DL1,FPT,GCF,GMD,HUT,IDC,ITD,MBB,MWG,PAC,PC1,PVD,PVS,SHB,SIP,STH,TIP,TV2,VGT"
TV2,384620,"TTC Land (SCR) đạt lợi nhuận sau thuế 67,38 tỷ đồng trong năm 2025",,"(ĐTCK) CTCP Địa ốc Sài Gòn Thương Tín (TTC Land, mã SCR - sàn HOSE) ghi nhận lợi nhuận sau thuế 33,47 tỷ đồng trong quý IV, luỹ kế năm 2025 lãi 67,38 tỷ đồng, tăng hơn 14,85 lần so với cùng kỳ.",1769763442,2026-01-30 15:57:22,1769763442,2026-01-30 15:57:22,https://www.tinnhanhchungkhoan.vn/ttc-land-scr-dat-loi-nhuan-sau-thue-6738-ty-dong-trong-nam-2025-post384620.html,/ttc-land-scr-dat-loi-nhuan-sau-thue-6738-ty-dong-trong-nam-2025-post384620.html,https://image.tinnhanhchungkhoan.vn/w200/Uploaded/2026/lcgjikao/2026_01_30/01-8713-3228.jpeg,,,,4,Thông tin doanh nghiệp,/thong-tin-doanh-nghiep/,"BMI,C4G,DL1,FPT,GCF,GMD,HUT,IDC,ITD,MBB,MWG,PAC,PC1,PVD,PVS,SHB,SIP,STH,TIP,TV2,VGT"
TV2,384615,"Lợi nhuận trước thuế năm 2025 của OCB đạt 5.046 tỷ đồng, tăng gần 26%",,"(ĐTCK) Theo báo cáo tài chính quý IV vừa được Ngân hàng Phương Đông (mã CK: OCB) công bố, lợi nhuận trước thuế năm 2025 đạt mức 5.046 tỷ đồng, tăng 25,9% so với năm 2024.",1769762805,2026-01-30 15:46:45,1769768157,2026-01-30 17:15:57,https://www.tinnhanhchungkhoan.vn/loi-nhuan-truoc-thue-nam-2025-cua-ocb-dat-5046-ty-dong-tang-gan-26-post384615.html,/loi-nhuan-truoc-thue-nam-2025-cua-ocb-dat-5046-ty-dong-tang-gan-26-post384615.html,https://image.tinnhanhchungkhoan.vn/w200/Uploaded/2026/bpcgdqvp/2024_01_30/ocb-3903.jpg,,,,4,Thông tin doanh nghiệp,/thong-tin-doanh-nghiep/,"BMI,C4G,DL1,FPT,GCF,GMD,HUT,IDC,ITD,MBB,MWG,PAC,PC1,PVD,PVS,SHB,SIP,STH,TIP,TV2,VGT"
TV2,384614,Hạ tầng GELEX (GEL) phê duyệt khoản vay 200 triệu USD vốn quốc tế,,"(ĐTCK) CTCP Hạ tầng GELEX (mã GEL - sàn HOSE) vừa công bố nghị quyết hội đồng quản trị về việc phê duyệt khoản vay nước ngoài trị giá 200 triệu USD, trong đó HSBC đóng vai trò là ngân hàng thu xếp chính duy nhất kiêm điều phối sổ.",1769762776,2026-01-30 15:46:16,1769779705,2026-01-30 20:28:25,https://www.tinnhanhchungkhoan.vn/ha-tang-gelex-gel-phe-duyet-khoan-vay-200-trieu-usd-von-quoc-te-post384614.html,/ha-tang-gelex-gel-phe-duyet-khoan-vay-200-trieu-usd-von-quoc-te-post384614.html,https://image.tinnhanhchungkhoan.vn/w200/Uploaded/2026/lcgjikao/2026_01_30/02-4078-873.jpg,Hạ tầng GELEX đã làm việc với hơn 30 ngân hàng và tổ chức tài chính tại Singapore và Đài Loan.,,,4,Thông tin doanh nghiệp,/thong-tin-doanh-nghiep/,"BMI,C4G,DL1,FPT,GCF,GMD,HUT,IDC,ITD,MBB,MWG,PAC,PC1,PVD,PVS,SHB,SIP,STH,TIP,TV2,VGT"
TV2,384613,"PTM lên kế hoạch chia cổ tức 30% bằng tiền, Haxaco (HAX) có thể nhận về gần 50 tỷ đồng",,"(ĐTCK) CTCP Sản xuất, Thương mại và Dịch vụ ô tô PTM (mã chứng khoán PTM) vừa có dự thảo tài liệu họp Đại hội đồng cổ đông thường niên 2026, trong đó có tờ trình phương án phân phối lợi nhuận năm 2025, chia cổ tức 30% bằng tiền mặt.",1769762727,2026-01-30 15:45:27,1769762727,2026-01-30 15:45:27,https://www.tinnhanhchungkhoan.vn/ptm-len-ke-hoach-chia-co-tuc-30-bang-tien-haxaco-hax-co-the-nhan-ve-gan-50-ty-dong-post384613.html,/ptm-len-ke-hoach-chia-co-tuc-30-bang-tien-haxaco-hax-co-the-nhan-ve-gan-50-ty-dong-post384613.html,https://image.tinnhanhchungkhoan.vn/w200/Uploaded/2026/wpxlcdjwi/2022_06_01/dien-bien-thi-truong-bat-loi-haxaco-hoan-tang-von-8721.jpg,Haxaco (HAX) sắp nhận gần 50 tỷ đồng tiền cổ tức từ PTM,,,4,Thông tin doanh nghiệp,/thong-tin-doanh-nghiep/,"BMI,C4G,DL1,FPT,GCF,GMD,HUT,IDC,ITD,MBB,MWG,PAC,PC1,PVD,PVS,SHB,SIP,STH,TIP,TV2,VGT"
TV2,384611,"Năm 2025, MSB đạt lợi nhuận trước thuế hợp nhất 7.058 tỷ đồng",,"(ĐTCK) Tại ngày 31/12/2025, tổng tài sản hợp nhất của Ngân hàng TMCP Hàng Hải Việt Nam (MSB - sàn HOSE) đạt gần 408 nghìn tỷ đồng, tăng 27,3% so với thời điểm đầu năm. Động lực chính của sự tăng trưởng quy mô đến từ hoạt động tín dụng.",1769762700,2026-01-30 15:45:00,1769762700,2026-01-30 15:45:00,https://www.tinnhanhchungkhoan.vn/nam-2025-msb-dat-loi-nhuan-truoc-thue-hop-nhat-7058-ty-dong-post384611.html,/nam-2025-msb-dat-loi-nhuan-truoc-thue-hop-nhat-7058-ty-dong-post384611.html,https://image.tinnhanhchungkhoan.vn/w200/Uploaded/2026/pwvolcvo/2026_01_30/msb-6-7064-2022.jpg,,,,4,Thông tin doanh nghiệp,/thong-tin-doanh-nghiep/,"BMI,C4G,DL1,FPT,GCF,GMD,HUT,IDC,ITD,MBB,MWG,PAC,PC1,PVD,PVS,SHB,SIP,STH,TIP,TV2,VGT"
VGT,384814,Dịch vụ Phân phối Tổng hợp Dầu khí (PSD) vượt 40% mục tiêu lợi nhuận 2025,,"(ĐTCK) Năm 2025, CTCP Dịch vụ Phân phối Tổng hợp Dầu khí (Petrosetco Distribution, mã PSD) ghi nhận 143,1 tỷ đồng lợi nhuận sau thuế, tăng 73% so với năm trước và vượt 40% mục tiêu năm.",1770108462,2026-02-03 15:47:42,1770108462,2026-02-03 15:47:42,https://www.tinnhanhchungkhoan.vn/dich-vu-phan-phoi-tong-hop-dau-khi-psd-vuot-40-muc-tieu-loi-nhuan-2025-post384814.html,/dich-vu-phan-phoi-tong-hop-dau-khi-psd-vuot-40-muc-tieu-loi-nhuan-2025-post384814.html,https://image.tinnhanhchungkhoan.vn/w200/Uploaded/2026/xvrhgenatpx97/2026_02_03/492389603-1269083815221635-1856212450220482697-n-8553-4165.jpg,,,,4,Thông tin doanh nghiệp,/thong-tin-doanh-nghiep/,"BMI,C4G,DL1,FPT,GCF,GMD,HUT,IDC,ITD,MBB,MWG,PAC,PC1,PVD,PVS,SHB,SIP,STH,TIP,TV2,VGT"
VGT,384815,"Becamex IDC (BCM) chia cổ tức 11% bằng tiền mặt, lợi nhuận 2025 vượt hơn 42% kế hoạch",,"(ĐTCK) Ngày 13/2 tới đây, Tập đoàn Đầu tư và Phát triển Công nghiệp Becamex - CTCP (Becamex IDC, mã BCM - sàn HOSE) vừa thông báo về việc chia cổ tức năm 2024.",1770108203,2026-02-03 15:43:23,1770108203,2026-02-03 15:43:23,https://www.tinnhanhchungkhoan.vn/becamex-idc-bcm-chia-co-tuc-11-bang-tien-mat-loi-nhuan-2025-vuot-hon-42-ke-hoach-post384815.html,/becamex-idc-bcm-chia-co-tuc-11-bang-tien-mat-loi-nhuan-2025-vuot-hon-42-ke-hoach-post384815.html,https://image.tinnhanhchungkhoan.vn/w200/Uploaded/2026/ipuokbf/2025_02_06/becamex-idc-bcm-2233-7213.jpg,,,,4,Thông tin doanh nghiệp,/thong-tin-doanh-nghiep/,"BMI,C4G,DL1,FPT,GCF,GMD,HUT,IDC,ITD,MBB,MWG,PAC,PC1,PVD,PVS,SHB,SIP,STH,TIP,TV2,VGT"
VGT,384807,"EVNGENCO3 (PGV): Lợi nhuận sau thuế vượt 3.700 tỷ đồng, định giá cổ phiếu về vùng hấp dẫn",,(ĐTCK) Lợi nhuận năm 2025 của EVNGENCO3 (PGV) xác lập kỷ lục mới. Dòng tiền cải thiện cùng tỷ lệ nợ vay liên tục giảm nhiều năm là nền tảng quan trọng cho EVNGENCO3 trong giai đoạn mở rộng đầu tư sắp tới.,1770104233,2026-02-03 14:37:13,1770104233,2026-02-03 14:37:13,https://www.tinnhanhchungkhoan.vn/evngenco3-pgv-loi-nhuan-sau-thue-vuot-3700-ty-dong-dinh-gia-co-phieu-ve-vung-hap-dan-post384807.html,/evngenco3-pgv-loi-nhuan-sau-thue-vuot-3700-ty-dong-dinh-gia-co-phieu-ve-vung-hap-dan-post384807.html,https://image.tinnhanhchungkhoan.vn/w200/Uploaded/2026/bpikpjik/2022_01_26/evngenco3-4286.jpg,,,,4,Thông tin doanh nghiệp,/thong-tin-doanh-nghiep/,"BMI,C4G,DL1,FPT,GCF,GMD,HUT,IDC,ITD,MBB,MWG,PAC,PC1,PVD,PVS,SHB,SIP,STH,TIP,TV2,VGT"
VGT,384804,Doanh thu Sao Ta (FMC) giảm 21% ngay tháng đầu năm 2026,,"(ĐTCK) CTCP Thực phẩm Sao Ta (FMC) công bố tình hình hoạt động hợp nhất tháng 01/2026 với doanh thu đạt 20,4 triệu USD, giảm 21% so với cùng kỳ năm trước.",1770102267,2026-02-03 14:04:27,1770102267,2026-02-03 14:04:27,https://www.tinnhanhchungkhoan.vn/doanh-thu-sao-ta-fmc-giam-21-ngay-thang-dau-nam-2026-post384804.html,/doanh-thu-sao-ta-fmc-giam-21-ngay-thang-dau-nam-2026-post384804.html,https://image.tinnhanhchungkhoan.vn/w200/Uploaded/2026/xvrhgenatpx97/2023_01_16/fmc-9473.jpg,,,,4,Thông tin doanh nghiệp,/thong-tin-doanh-nghiep/,"BMI,C4G,DL1,FPT,GCF,GMD,HUT,IDC,ITD,MBB,MWG,PAC,PC1,PVD,PVS,SHB,SIP,STH,TIP,TV2,VGT"
VGT,384802,"Quý IV/2025, lợi nhuận sau thuế của Đạt Phương (DPG) tăng 46%",,"(ĐTCK) Mới đây, CTCP Tập đoàn Đạt Phương (mã DPG) công bố báo cáo tài chính quý IV/2025 cho thấy sự cải thiện về quy mô doanh thu và lợi nhuận.",1770091215,2026-02-03 11:00:15,1770091215,2026-02-03 11:00:15,https://www.tinnhanhchungkhoan.vn/quy-iv2025-loi-nhuan-sau-thue-cua-dat-phuong-dpg-tang-46-post384802.html,/quy-iv2025-loi-nhuan-sau-thue-cua-dat-phuong-dpg-tang-46-post384802.html,https://image.tinnhanhchungkhoan.vn/w200/Uploaded/2026/gtnwae/2026_02_03/1-7741-8171.jpg,,,,4,Thông tin doanh nghiệp,/thong-tin-doanh-nghiep/,"BMI,C4G,DL1,FPT,GCF,GMD,HUT,IDC,ITD,MBB,MWG,PAC,PC1,PVD,PVS,SHB,SIP,STH,TIP,TV2,VGT"
VGT,384799,Lợi nhuận Tổng công ty Tín Nghĩa (TID) giảm tới 99% trong quý IV/2025 khi phải hoàn trả cho Tỉnh uỷ Đồng Nai,,"(ĐTCK) Tổng công ty Tín Nghĩa (mã TID - UPCoM) ghi nhận lãi 1,8 tỷ đồng trong quý IV, luỹ kế cả năm 2025 ghi nhận lãi 762,13 tỷ đồng, hoàn thành 113,4% so với kế hoạch năm.",1770090820,2026-02-03 10:53:40,1770090820,2026-02-03 10:53:40,https://www.tinnhanhchungkhoan.vn/loi-nhuan-tong-cong-ty-tin-nghia-tid-giam-toi-99-trong-quy-iv2025-khi-phai-hoan-tra-cho-tinh-uy-dong-nai-post384799.html,/loi-nhuan-tong-cong-ty-tin-nghia-tid-giam-toi-99-trong-quy-iv2025-khi-phai-hoan-tra-cho-tinh-uy-dong-nai-post384799.html,https://image.tinnhanhchungkhoan.vn/w200/Uploaded/2026/lcgjikao/2026_02_03/01-906-8353.jpeg,,,,4,Thông tin doanh nghiệp,/thong-tin-doanh-nghiep/,"BMI,C4G,DL1,FPT,GCF,GMD,HUT,IDC,ITD,MBB,MWG,PAC,PC1,PVD,PVS,SHB,SIP,STH,TIP,TV2,VGT"
VGT,384779,"Gỗ An Cường (ACG) ghi nhận dòng tiền kinh doanh âm kỷ lục 408,56 tỷ đồng trong năm 2025",,"(ĐTCK) CTCP Gỗ An Cường (mã ACG - sàn HOSE) ghi nhận lãi 145,54 tỷ đồng trong quý IV, luỹ kế năm 2025 ghi nhận lãi 503,75 tỷ đồng, tăng 19,9% so với cùng kỳ năm trước.",1770077256,2026-02-03 07:07:36,1770077256,2026-02-03 07:07:36,https://www.tinnhanhchungkhoan.vn/go-an-cuong-acg-ghi-nhan-dong-tien-kinh-doanh-am-ky-luc-40856-ty-dong-trong-nam-2025-post384779.html,/go-an-cuong-acg-ghi-nhan-dong-tien-kinh-doanh-am-ky-luc-40856-ty-dong-trong-nam-2025-post384779.html,https://image.tinnhanhchungkhoan.vn/w200/Uploaded/2026/lcgjikao/2026_02_02/01-8702-1876.jpg,,,,4,Thông tin doanh nghiệp,/thong-tin-doanh-nghiep/,"BMI,C4G,DL1,FPT,GCF,GMD,HUT,IDC,ITD,MBB,MWG,PAC,PC1,PVD,PVS,SHB,SIP,STH,TIP,TV2,VGT"
VGT,384776,Searefico (SRF) thoát lỗ quý IV/2025 nhờ thu nhập khác tăng đột biến,,"(ĐTCK) Công ty cổ phần Searefico (mã SRF - sàn HOSE) ghi nhận lãi 15,71 tỷ đồng trong quý IV, luỹ kế cả năm 2025 lãi 22,18 tỷ đồng và đạt 56,9% kế hoạch năm.",1770077020,2026-02-03 07:03:40,1770077020,2026-02-03 07:03:40,https://www.tinnhanhchungkhoan.vn/searefico-srf-thoat-lo-quy-iv2025-nho-thu-nhap-khac-tang-dot-bien-post384776.html,/searefico-srf-thoat-lo-quy-iv2025-nho-thu-nhap-khac-tang-dot-bien-post384776.html,https://image.tinnhanhchungkhoan.vn/w200/Uploaded/2026/lcgjikao/2026_02_02/01-2954-71.jpg,,,,4,Thông tin doanh nghiệp,/thong-tin-doanh-nghiep/,"BMI,C4G,DL1,FPT,GCF,GMD,HUT,IDC,ITD,MBB,MWG,PAC,PC1,PVD,PVS,SHB,SIP,STH,TIP,TV2,VGT"
VGT,384774,"Thép Pomina (POM) lỗ thêm 838,2 tỷ đồng năm 2025, vốn chủ sở hữu âm hơn 623,6 tỷ đồng",,"(ĐTCK) CTCP Thép Pomina (mã POM) vừa công bố báo cáo tài chính năm 2025 với khoản lỗ sau thuế 838,2 tỷ đồng, đánh dấu năm thứ 4 liên tiếp doanh nghiệp thua lỗ, qua đó nâng lỗ lũy kế lên 3.485 tỷ đồng và khiến vốn chủ sở hữu tại thời điểm cuối năm âm hơn 623,6 tỷ đồng",1770076822,2026-02-03 07:00:22,1770076822,2026-02-03 07:00:22,https://www.tinnhanhchungkhoan.vn/thep-pomina-pom-lo-them-8382-ty-dong-nam-2025-von-chu-so-huu-am-hon-6236-ty-dong-post384774.html,/thep-pomina-pom-lo-them-8382-ty-dong-nam-2025-von-chu-so-huu-am-hon-6236-ty-dong-post384774.html,https://image.tinnhanhchungkhoan.vn/w200/Uploaded/2026/xvrhgenatpx97/2024_08_21/pom-5603.jpeg,,,,4,Thông tin doanh nghiệp,/thong-tin-doanh-nghiep/,"BMI,C4G,DL1,FPT,GCF,GMD,HUT,IDC,ITD,MBB,MWG,PAC,PC1,PVD,PVS,SHB,SIP,STH,TIP,TV2,VGT"
VGT,384773,PV Drilling (PVD) vượt 98% mục tiêu lợi nhuận năm 2025,,"(ĐTCK) Năm 2025, PV Drilling mang về 1.050,5 tỷ đồng lãi ròng, tăng 50,5% so với kết quả thực hiện năm 2024 và vượt 98% mục tiêu lợi nhuận cả năm.",1770076674,2026-02-03 06:57:54,1770076674,2026-02-03 06:57:54,https://www.tinnhanhchungkhoan.vn/pv-drilling-pvd-vuot-98-muc-tieu-loi-nhuan-nam-2025-post384773.html,/pv-drilling-pvd-vuot-98-muc-tieu-loi-nhuan-nam-2025-post384773.html,https://image.tinnhanhchungkhoan.vn/w200/Uploaded/2026/xvrhgenatpx97/2023_04_24/pvd-1871.jpeg,,,,4,Thông tin doanh nghiệp,/thong-tin-doanh-nghiep/,"BMI,C4G,DL1,FPT,GCF,GMD,HUT,IDC,ITD,MBB,MWG,PAC,PC1,PVD,PVS,SHB,SIP,STH,TIP,TV2,VGT"
VGT,384775,MB (MBB) dự kiến cán mốc vốn hóa 10 tỷ USD vào năm 2027,,"(ĐTCK) So với giai đoạn đầu năm 2017, tổng vốn hoá của Ngân hàng TMCP Quân Đội (MB - mã chứng khoán MBB) đến nay đã ghi nhận tăng 9,9 lần (tương đương khoảng 8,5 tỷ USD). Ông Lưu Trung Thái, Chủ tịch HĐQT MB cho biết, với tốc độ tăng trưởng như hiện nay, dự kiến sang năm 2027, tổng giá trị vốn hoá của MB có thể cán đến mốc 10 tỷ USD.",1770076595,2026-02-03 06:56:35,1770076595,2026-02-03 06:56:35,https://www.tinnhanhchungkhoan.vn/mb-mbb-du-kien-can-moc-von-hoa-10-ty-usd-vao-nam-2027-post384775.html,/mb-mbb-du-kien-can-moc-von-hoa-10-ty-usd-vao-nam-2027-post384775.html,https://image.tinnhanhchungkhoan.vn/w200/Uploaded/2026/ngobgt/2026_02_02/img-3950-1125-6297.jpeg,"Ông Lưu Trung Thái, Chủ tịch HĐQT Ngân hàng TMCP Quân Đội (MB) chủ trì hội nghị Nhà đầu tư.",,,4,Thông tin doanh nghiệp,/thong-tin-doanh-nghiep/,"BMI,C4G,DL1,FPT,GCF,GMD,HUT,IDC,ITD,MBB,MWG,PAC,PC1,PVD,PVS,SHB,SIP,STH,TIP,TV2,VGT"
VGT,384768,Chiến lược Go Global đang từng bước đóng góp vào tăng trưởng dài hạn của Masan Consumer (MCH),,"(ĐTCK) Trong suốt năm 2025, doanh thu quốc tế của Masan Consumer (HOSE: MCH) duy trì đà tăng trưởng tích cực và tiếp tục cải thiện trong quý gần nhất. Theo báo cáo kết quả kinh doanh, riêng kênh kinh doanh quốc tế tăng trưởng gần 27% trong năm 2025. Diễn biến này cho thấy chiến lược Go Global đang bắt đầu tạo đóng góp thực tế, thay vì chỉ dừng ở định hướng dài hạn.",1770026991,2026-02-02 17:09:51,1770029550,2026-02-02 17:52:30,https://www.tinnhanhchungkhoan.vn/chien-luoc-go-global-dang-tung-buoc-dong-gop-vao-tang-truong-dai-han-cua-masan-consumer-mch-post384768.html,/chien-luoc-go-global-dang-tung-buoc-dong-gop-vao-tang-truong-dai-han-cua-masan-consumer-mch-post384768.html,https://image.tinnhanhchungkhoan.vn/w200/Uploaded/2026/bpikpjik/2026_02_02/thuc-pham-tuoi-ngon-phong-phu-tai-sieu-thi-winmart-4053-77.jpeg,,,,4,Thông tin doanh nghiệp,/thong-tin-doanh-nghiep/,"BMI,C4G,DL1,FPT,GCF,GMD,HUT,IDC,ITD,MBB,MWG,PAC,PC1,PVD,PVS,SHB,SIP,STH,TIP,TV2,VGT"
VGT,384769,OCH vượt kế hoạch doanh thu và lợi nhuận năm 2025,,"(ĐTCK) Công ty cổ phần One Capital Hospitality (HNX: OCH) ghi nhận doanh thu cả năm 2025 đạt 1.188 tỷ đồng, lợi nhuận trước thuế 135,6 tỷ đồng, vượt kế hoạch được Đại hội đồng cổ đông (ĐHĐCĐ) đề ra.",1770026945,2026-02-02 17:09:05,1770026945,2026-02-02 17:09:05,https://www.tinnhanhchungkhoan.vn/och-vuot-ke-hoach-doanh-thu-va-loi-nhuan-nam-2025-post384769.html,/och-vuot-ke-hoach-doanh-thu-va-loi-nhuan-nam-2025-post384769.html,https://image.tinnhanhchungkhoan.vn/w200/Uploaded/2026/cqjwqcqdh/2025_10_30/och-8280-9602.jpg,,,,4,Thông tin doanh nghiệp,/thong-tin-doanh-nghiep/,"BMI,C4G,DL1,FPT,GCF,GMD,HUT,IDC,ITD,MBB,MWG,PAC,PC1,PVD,PVS,SHB,SIP,STH,TIP,TV2,VGT"
VGT,384765,"Cơ điện lạnh (REE) tạm ứng cổ tức 10% bằng tiền, lên lịch ĐHCĐ thường niên năm tài chính 2025",,"(ĐTCK) HĐQT CTCP Cơ điện lạnh (REE – sàn HOSE) vừa thông qua, ngày 27/2 tới đây sẽ thực hiện chốt danh sách cổ đông để tổ chức ĐHCĐ thường niên năm tài chính 2025 và tạm ứng cổ tức năm 2025.",1770026245,2026-02-02 16:57:25,1770026691,2026-02-02 17:04:51,https://www.tinnhanhchungkhoan.vn/co-dien-lanh-ree-tam-ung-co-tuc-10-bang-tien-len-lich-dhcd-thuong-nien-nam-tai-chinh-2025-post384765.html,/co-dien-lanh-ree-tam-ung-co-tuc-10-bang-tien-len-lich-dhcd-thuong-nien-nam-tai-chinh-2025-post384765.html,https://image.tinnhanhchungkhoan.vn/w200/Uploaded/2026/pigo/2020_09_30/cong-ty-co-phan-co-dien-lanh-bom-no-cham-trong-dau-tu-tai-chinh1590080990-3682.jpg,,,,4,Thông tin doanh nghiệp,/thong-tin-doanh-nghiep/,"BMI,C4G,DL1,FPT,GCF,GMD,HUT,IDC,ITD,MBB,MWG,PAC,PC1,PVD,PVS,SHB,SIP,STH,TIP,TV2,VGT"
VGT,384761,Vietbank (VBB): Bổ nhiệm Quyền Tổng giám đốc và một Phó tổng giám đốc,,"(ĐTCK) Ngân hàng TMCP Việt Nam Thương Tín (Vietbank, mã chứng khoán: VBB) vừa công bố quyết định kiện toàn nhân sự lãnh đạo cấp cao.",1770023282,2026-02-02 16:08:02,1770023282,2026-02-02 16:08:02,https://www.tinnhanhchungkhoan.vn/vietbank-vbb-bo-nhiem-quyen-tong-giam-doc-va-mot-pho-tong-giam-doc-post384761.html,/vietbank-vbb-bo-nhiem-quyen-tong-giam-doc-va-mot-pho-tong-giam-doc-post384761.html,https://image.tinnhanhchungkhoan.vn/w200/Uploaded/2026/bpcgdqvp/2026_02_02/vb2-3335-3688.jpg,Hội đồng Quản trị trao quyết định bổ nhiệm cho ông Lê Thanh Quý Ngọc - Quyền Tổng giám đốc và bà Trần Thị Ngọc Lý - Phó tổng giám đốc Vietbank,,,4,Thông tin doanh nghiệp,/thong-tin-doanh-nghiep/,"BMI,C4G,DL1,FPT,GCF,GMD,HUT,IDC,ITD,MBB,MWG,PAC,PC1,PVD,PVS,SHB,SIP,STH,TIP,TV2,VGT"
VGT,384752,"CDC Construction (CCC): Dòng tiền kinh doanh âm kỷ lục 335,17 tỷ đồng trong 9 tháng đầu niên độ 2025 - 2026",,"(ĐTCK) Công ty cổ phần Xây dựng CDC (CDC Construction, mã CCC - sàn HOSE) ghi nhận lãi 9,67 tỷ đồng trong quý III, luỹ kế 9 tháng trong niên độ 2025 - 2026 ghi nhận lãi 30,31 tỷ đồng, tăng 3,8% so với cùng kỳ và hoàn thành 64,1% kế hoạch năm.",1770022404,2026-02-02 15:53:24,1770022404,2026-02-02 15:53:24,https://www.tinnhanhchungkhoan.vn/cdc-construction-ccc-dong-tien-kinh-doanh-am-ky-luc-33517-ty-dong-trong-9-thang-dau-nien-do-2025-2026-post384752.html,/cdc-construction-ccc-dong-tien-kinh-doanh-am-ky-luc-33517-ty-dong-trong-9-thang-dau-nien-do-2025-2026-post384752.html,https://image.tinnhanhchungkhoan.vn/w200/Uploaded/2026/lcgjikao/2026_02_02/01-5399-2697.jpg,,,,4,Thông tin doanh nghiệp,/thong-tin-doanh-nghiep/,"BMI,C4G,DL1,FPT,GCF,GMD,HUT,IDC,ITD,MBB,MWG,PAC,PC1,PVD,PVS,SHB,SIP,STH,TIP,TV2,VGT"
VGT,384712,"Doanh thu cả năm vượt 37.000 tỷ đồng, Tasco (HUT) báo lãi gấp 2 lần năm trước",,"(ĐTCK) Năm 2025, Công ty Cổ phần Tasco (HNX: HUT) ghi nhận doanh thu 37.000 tỷ đồng, lợi nhuận sau thuế hơn 623 tỷ đồng, gấp 2 lần năm trước và cao nhất trong lịch sử hoạt động.",1770019201,2026-02-02 15:00:01,1770000938,2026-02-02 09:55:38,https://www.tinnhanhchungkhoan.vn/doanh-thu-ca-nam-vuot-37000-ty-dong-tasco-hut-bao-lai-gap-2-lan-nam-truoc-post384712.html,/doanh-thu-ca-nam-vuot-37000-ty-dong-tasco-hut-bao-lai-gap-2-lan-nam-truoc-post384712.html,https://image.tinnhanhchungkhoan.vn/w200/Uploaded/2026/xpwvotiv/2026_02_02/tasco-5092-7931.jpg,,,,4,Thông tin doanh nghiệp,/thong-tin-doanh-nghiep/,"BMI,C4G,DL1,FPT,GCF,GMD,HUT,IDC,ITD,MBB,MWG,PAC,PC1,PVD,PVS,SHB,SIP,STH,TIP,TV2,VGT"
VGT,384740,Quốc Cường Gia Lai (QCG) lãi đột biến quý IV/2025 nhờ thanh lý các khoản đầu tư,,"(ĐTCK) CTCP Quốc Cường Gia Lai (mã QCG - sàn HOSE) ghi nhận lãi 137,22 tỷ đồng trong quý IV, lũy kế năm 2025 lãi 171,28 tỷ đồng, tăng 109% so với năm 2024 và không hoàn thành kế hoạch năm.",1770016785,2026-02-02 14:19:45,1770016785,2026-02-02 14:19:45,https://www.tinnhanhchungkhoan.vn/quoc-cuong-gia-lai-qcg-lai-dot-bien-quy-iv2025-nho-thanh-ly-cac-khoan-dau-tu-post384740.html,/quoc-cuong-gia-lai-qcg-lai-dot-bien-quy-iv2025-nho-thanh-ly-cac-khoan-dau-tu-post384740.html,https://image.tinnhanhchungkhoan.vn/w200/Uploaded/2026/lcgjikao/2026_02_02/01-5700-5016.jpg,,,,4,Thông tin doanh nghiệp,/thong-tin-doanh-nghiep/,"BMI,C4G,DL1,FPT,GCF,GMD,HUT,IDC,ITD,MBB,MWG,PAC,PC1,PVD,PVS,SHB,SIP,STH,TIP,TV2,VGT"
VGT,384739,"Thuỷ điện Vĩnh Sơn - Sông Hinh (VSH) chốt quyền nhận cổ tức 10%, dự kiến họp ĐHCĐ 2026 cuối tháng 3",,"(ĐTCK) CTCP Thuỷ điện Vĩnh Sơn - Sông Hinh (mã VSH) mới thông báo, ngày 23/02 tới đây sẽ chốt danh sách cổ đông nhận cổ tức đợt 3/2025 và tham dự đại hội cổ đông năm 2026.",1770016761,2026-02-02 14:19:21,1770016761,2026-02-02 14:19:21,https://www.tinnhanhchungkhoan.vn/thuy-dien-vinh-son-song-hinh-vsh-chot-quyen-nhan-co-tuc-10-du-kien-hop-dhcd-2026-cuoi-thang-3-post384739.html,/thuy-dien-vinh-son-song-hinh-vsh-chot-quyen-nhan-co-tuc-10-du-kien-hop-dhcd-2026-cuoi-thang-3-post384739.html,https://image.tinnhanhchungkhoan.vn/w200/Uploaded/2026/xvrhgenatpx97/2024_10_24/vsh-8946.jpeg,,,,4,Thông tin doanh nghiệp,/thong-tin-doanh-nghiep/,"BMI,C4G,DL1,FPT,GCF,GMD,HUT,IDC,ITD,MBB,MWG,PAC,PC1,PVD,PVS,SHB,SIP,STH,TIP,TV2,VGT"
VGT,384741,VPS (VCK) được VASB vinh danh công ty chứng khoán đạt điểm thực hành ESG cao nhất,,"(ĐTCK) Công ty cổ phần Chứng khoán VPS (mã chứng khoán VCK) là một trong hai công ty chứng khoán được xếp hạng cao nhất trong chương trình chấm điểm thực hành ESG do Hiệp hội Chứng khoán Việt Nam (VASB) tổ chức, khẳng định cam kết mạnh mẽ của doanh nghiệp đối với phát triển bền vững theo chuẩn mực quốc tế.",1770016630,2026-02-02 14:17:10,1770343895,2026-02-06 09:11:35,https://www.tinnhanhchungkhoan.vn/vps-vck-duoc-vasb-vinh-danh-cong-ty-chung-khoan-dat-diem-thuc-hanh-esg-cao-nhat-post384741.html,/vps-vck-duoc-vasb-vinh-danh-cong-ty-chung-khoan-dat-diem-thuc-hanh-esg-cao-nhat-post384741.html,https://image.tinnhanhchungkhoan.vn/w200/Uploaded/2026/ipuokbf/2026_02_06/800x500-8825-6213.png,,,,4,Thông tin doanh nghiệp,/thong-tin-doanh-nghiep/,"BMI,C4G,DL1,FPT,GCF,GMD,HUT,IDC,ITD,MBB,MWG,PAC,PC1,PVD,PVS,SHB,SIP,STH,TIP,TV2,VGT"
VGT,384738,"Doanh thu năm 2025 của Vinamilk (VNM) đạt 63.724 tỷ đồng, cao nhất lịch sử Công ty",,"(ĐTCK)Tổng doanh thu hợp nhất quý IV/2025 của Công ty cổ phần Sữa Việt Nam (Vinamilk - mã VNM) đạt 17.045 tỷ đồng, tiếp tục lập đỉnh mới, tăng 10,1% so với cùng kỳ.",1770016538,2026-02-02 14:15:38,1770016538,2026-02-02 14:15:38,https://www.tinnhanhchungkhoan.vn/doanh-thu-nam-2025-cua-vinamilk-vnm-dat-63724-ty-dong-cao-nhat-lich-su-cong-ty-post384738.html,/doanh-thu-nam-2025-cua-vinamilk-vnm-dat-63724-ty-dong-cao-nhat-lich-su-cong-ty-post384738.html,https://image.tinnhanhchungkhoan.vn/w200/Uploaded/2026/unvjshu/2026_02_02/vnm-1723-4621.jpg,Đẩy mạnh các hoạt động xúc tiến thương mại giúp Vinamilk nâng cao hình ảnh và vị thế thương hiệu trên thị trường quốc tế. Ảnh: Vi Nam,,,4,Thông tin doanh nghiệp,/thong-tin-doanh-nghiep/,"BMI,C4G,DL1,FPT,GCF,GMD,HUT,IDC,ITD,MBB,MWG,PAC,PC1,PVD,PVS,SHB,SIP,STH,TIP,TV2,VGT"
VGT,384726,"Địa ốc Hoàng Quân (HQC) thoát lỗ quý IV/2025 nhờ hoạt động tài chính, thu hồi công nợ và hoàn nhập dự phòng",,"(ĐTCK) CTCP Tư vấn Thương mại Dịch vụ Địa ốc Hoàng Quân (mã HQC - sàn HOSE) ghi nhận lãi 55,08 tỷ đồng trong quý IV, luỹ kế cả năm 2025 lãi 73,21 tỷ đồng, tăng trưởng 116,8% và hoàn thành 104,6% kế hoạch năm.",1770006229,2026-02-02 11:23:49,1770006229,2026-02-02 11:23:49,https://www.tinnhanhchungkhoan.vn/dia-oc-hoang-quan-hqc-thoat-lo-quy-iv2025-nho-hoat-dong-tai-chinh-thu-hoi-cong-no-va-hoan-nhap-du-phong-post384726.html,/dia-oc-hoang-quan-hqc-thoat-lo-quy-iv2025-nho-hoat-dong-tai-chinh-thu-hoi-cong-no-va-hoan-nhap-du-phong-post384726.html,https://image.tinnhanhchungkhoan.vn/w200/Uploaded/2026/lcgjikao/2026_02_02/01-2382-9002.jpg,,,,4,Thông tin doanh nghiệp,/thong-tin-doanh-nghiep/,"BMI,C4G,DL1,FPT,GCF,GMD,HUT,IDC,ITD,MBB,MWG,PAC,PC1,PVD,PVS,SHB,SIP,STH,TIP,TV2,VGT"
VGT,384713,"Vietbank (VBB) đạt 1.532 tỷ đồng lợi nhuận trước thuế năm 2025, chuẩn bị niêm yết sàn HOSE",,"(ĐTCK) Năm 2025, Ngân hàng TMCP Việt Nam Thương Tín (Vietbank, mã chứng khoán VBB) ghi nhận lợi nhuận trước thuế hợp nhất đạt 1.532 tỷ đồng, tăng 35% so với năm 2024.",1769997537,2026-02-02 08:58:57,1769997537,2026-02-02 08:58:57,https://www.tinnhanhchungkhoan.vn/vietbank-vbb-dat-1532-ty-dong-loi-nhuan-truoc-thue-nam-2025-chuan-bi-niem-yet-san-hose-post384713.html,/vietbank-vbb-dat-1532-ty-dong-loi-nhuan-truoc-thue-nam-2025-chuan-bi-niem-yet-san-hose-post384713.html,https://image.tinnhanhchungkhoan.vn/w200/Uploaded/2026/bpcgdqvp/2023_09_20/vietbank-527.jpg,,,,4,Thông tin doanh nghiệp,/thong-tin-doanh-nghiep/,"BMI,C4G,DL1,FPT,GCF,GMD,HUT,IDC,ITD,MBB,MWG,PAC,PC1,PVD,PVS,SHB,SIP,STH,TIP,TV2,VGT"
VGT,384684,Đầu tư Thương mại SMC (SMC) ghi nhận lãi đột biến trở lại trong quý IV/2025 nhờ thanh lý tài sản và hoàn nhập dự phòng,,"(ĐTCK) Công ty cổ phần Đầu tư Thương mại SMC (mã SMC - sàn HOSE) ghi nhận lãi 343,95 tỷ đồng trong quý IV, luỹ kế cả năm 2025 lãi 185,07 tỷ đồng và hoàn thành tới 616,9% kế hoạch năm.",1769990120,2026-02-02 06:55:20,1769961336,2026-02-01 22:55:36,https://www.tinnhanhchungkhoan.vn/dau-tu-thuong-mai-smc-smc-ghi-nhan-lai-dot-bien-tro-lai-trong-quy-iv2025-nho-thanh-ly-tai-san-va-hoan-nhap-du-phong-post384684.html,/dau-tu-thuong-mai-smc-smc-ghi-nhan-lai-dot-bien-tro-lai-trong-quy-iv2025-nho-thanh-ly-tai-san-va-hoan-nhap-du-phong-post384684.html,https://image.tinnhanhchungkhoan.vn/w200/Uploaded/2026/lcgjikao/2026_02_01/01-150-4789.jpg,,,,4,Thông tin doanh nghiệp,/thong-tin-doanh-nghiep/,"BMI,C4G,DL1,FPT,GCF,GMD,HUT,IDC,ITD,MBB,MWG,PAC,PC1,PVD,PVS,SHB,SIP,STH,TIP,TV2,VGT"
VGT,384666,"Lợi nhuận Hoa Sen (HSG) giảm 62,3% trong quý I niên độ tài chính 2025 - 2026",,(ĐTCK) Công ty cổ phần Tập đoàn Hoa Sen (mã HSG - sàn HOSE) ghi nhận doanh thu và lợi nhuận đi lùi trong quý I niên độ tài chính 2025 – 2026 và có dấu hiệu tăng trích trữ tồn kho.,1769916063,2026-02-01 10:21:03,1769916063,2026-02-01 10:21:03,https://www.tinnhanhchungkhoan.vn/loi-nhuan-hoa-sen-hsg-giam-623-trong-quy-i-nien-do-tai-chinh-2025-2026-post384666.html,/loi-nhuan-hoa-sen-hsg-giam-623-trong-quy-i-nien-do-tai-chinh-2025-2026-post384666.html,https://image.tinnhanhchungkhoan.vn/w200/Uploaded/2026/lcgjikao/2026_02_01/01-8398-4117.jpg,,,,4,Thông tin doanh nghiệp,/thong-tin-doanh-nghiep/,"BMI,C4G,DL1,FPT,GCF,GMD,HUT,IDC,ITD,MBB,MWG,PAC,PC1,PVD,PVS,SHB,SIP,STH,TIP,TV2,VGT"
VGT,384656,"Thép Nam Kim (NKG) lỗ 9,34 tỷ đồng trong quý IV/2025, đánh dấu lỗ trở lại sau 10 quý",,"(ĐTCK) CTCP Thép Nam Kim (mã NKG - sàn HOSE) ghi nhận lỗ 9,34 tỷ đồng trong quý IV, luỹ kế năm 2025 lãi 197,19 tỷ đồng, giảm 56,55% và không hoàn thành kế hoạch năm.",1769915573,2026-02-01 10:12:53,1769915573,2026-02-01 10:12:53,https://www.tinnhanhchungkhoan.vn/thep-nam-kim-nkg-lo-934-ty-dong-trong-quy-iv2025-danh-dau-lo-tro-lai-sau-10-quy-post384656.html,/thep-nam-kim-nkg-lo-934-ty-dong-trong-quy-iv2025-danh-dau-lo-tro-lai-sau-10-quy-post384656.html,https://image.tinnhanhchungkhoan.vn/w200/Uploaded/2026/lcgjikao/2026_02_01/01-3530-7692.jpg,,,,4,Thông tin doanh nghiệp,/thong-tin-doanh-nghiep/,"BMI,C4G,DL1,FPT,GCF,GMD,HUT,IDC,ITD,MBB,MWG,PAC,PC1,PVD,PVS,SHB,SIP,STH,TIP,TV2,VGT"
VGT,384655,L40 đấu giá thành công quyền khai thác 415.000 m3 cát tại Quảng Nam,,"(ĐTCK) CTCP Đầu tư và Xây dựng 40 (L40) đã đấu giá thành công quyền khai thác bãi cát tại dự án nạo vét khơi thông dòng sông Cổ Cò (phường Điện Bàn Đông, Thành phố Đà Nẵng) với giá trúng đấu giá gần 60 tỷ đồng. Dự kiến L40 sẽ gia tăng lợi nhuận mảng vật liệu xây dựng năm 2026.",1769909966,2026-02-01 08:39:26,1769909966,2026-02-01 08:39:26,https://www.tinnhanhchungkhoan.vn/l40-dau-gia-thanh-cong-quyen-khai-thac-415000-m3-cat-tai-quang-nam-post384655.html,/l40-dau-gia-thanh-cong-quyen-khai-thac-415000-m3-cat-tai-quang-nam-post384655.html,https://image.tinnhanhchungkhoan.vn/w200/Uploaded/2026/ipuokbf/2026_02_01/song-co-co-copy-8566-1916.jpg,,,,4,Thông tin doanh nghiệp,/thong-tin-doanh-nghiep/,"BMI,C4G,DL1,FPT,GCF,GMD,HUT,IDC,ITD,MBB,MWG,PAC,PC1,PVD,PVS,SHB,SIP,STH,TIP,TV2,VGT"
VGT,384654,"Gilimex (GIL) ghi nhận dòng tiền âm kỷ lục 677,5 tỷ đồng trong năm 2025",,"(ĐTCK) CTCP Sản xuất Kinh doanh Xuất nhập khẩu Bình Thạnh (Gilimex, mã GIL - sàn HOSE) ghi nhận lãi 138,19 tỷ đồng trong quý IV, luỹ kế cả năm 2025 lãi 35,64 tỷ đồng, tăng 29% so với cùng kỳ và chỉ đạt 23,8% kế hoạch năm.",1769909653,2026-02-01 08:34:13,1769909653,2026-02-01 08:34:13,https://www.tinnhanhchungkhoan.vn/gilimex-gil-ghi-nhan-dong-tien-am-ky-luc-6775-ty-dong-trong-nam-2025-post384654.html,/gilimex-gil-ghi-nhan-dong-tien-am-ky-luc-6775-ty-dong-trong-nam-2025-post384654.html,https://image.tinnhanhchungkhoan.vn/w200/Uploaded/2026/lcgjikao/2026_01_31/01-3473-8010.jpg,,,,4,Thông tin doanh nghiệp,/thong-tin-doanh-nghiep/,"BMI,C4G,DL1,FPT,GCF,GMD,HUT,IDC,ITD,MBB,MWG,PAC,PC1,PVD,PVS,SHB,SIP,STH,TIP,TV2,VGT"
VGT,384648,Văn Phú (VPI) vượt chỉ tiêu lợi nhuận năm 2025,,"(ĐTCK) Dòng tiền thu được từ các dự án gồm Vlasta - Thủy Nguyên (Hải Phòng), Yên Phong (Bắc Ninh), TT39-40 (Hà Nội) , Dự án Song Khê - Nội Hoàng - (Bắc Ninh) giúp Công ty cổ phần Phát triển bất động sản Văn Phú (mã chứng khoán: VPI) kết thúc quý IV/2025 với lợi nhuận sau thuế ở mức 132 tỷ đồng, qua đó, thực hiện 112% chỉ tiêu lợi nhuận năm 2025 đã được các cổ đông thông qua tại cuộc họp ĐHĐCĐ thường niên.",1769837990,2026-01-31 12:39:50,1769837990,2026-01-31 12:39:50,https://www.tinnhanhchungkhoan.vn/van-phu-vpi-vuot-chi-tieu-loi-nhuan-nam-2025-post384648.html,/van-phu-vpi-vuot-chi-tieu-loi-nhuan-nam-2025-post384648.html,https://image.tinnhanhchungkhoan.vn/w200/Uploaded/2026/ipuokbf/2026_01_31/vpi-vlasta-phu-thuan-2958-8443.jpg,Dự án Vlasta Premier – Phú Thuận,,,4,Thông tin doanh nghiệp,/thong-tin-doanh-nghiep/,"BMI,C4G,DL1,FPT,GCF,GMD,HUT,IDC,ITD,MBB,MWG,PAC,PC1,PVD,PVS,SHB,SIP,STH,TIP,TV2,VGT"
VGT,384635,"Vinasun (VNS): Lợi nhuận năm 2025 đạt hơn 38 tỷ đồng, giảm 54,5%",,"(ĐTCK) Công ty cổ phần Ánh Dương Việt Nam (Vinasun, mã VNS - sàn HOSE) ghi nhận lãi 4,94 tỷ đồng trong quý IV, luỹ kế năm 2025 lãi 38,29 tỷ đồng, giảm 54,5% so với cùng kỳ và chỉ hoàn thành 71,4% kế hoạch năm.",1769825682,2026-01-31 09:14:42,1769825682,2026-01-31 09:14:42,https://www.tinnhanhchungkhoan.vn/vinasun-vns-loi-nhuan-nam-2025-dat-hon-38-ty-dong-giam-545-post384635.html,/vinasun-vns-loi-nhuan-nam-2025-dat-hon-38-ty-dong-giam-545-post384635.html,https://image.tinnhanhchungkhoan.vn/w200/Uploaded/2026/lcgjikao/2026_01_31/01-5716-1382.jpg,,,,4,Thông tin doanh nghiệp,/thong-tin-doanh-nghiep/,"BMI,C4G,DL1,FPT,GCF,GMD,HUT,IDC,ITD,MBB,MWG,PAC,PC1,PVD,PVS,SHB,SIP,STH,TIP,TV2,VGT"
VGT,384631,DIC Corp (DIG): Lãi đột biến quý IV/2025 nhờ bán một phần dự án Đại Phước,,"(ĐTCK) Tổng CTCP Đầu tư Phát triển Xây dựng (DIC Corp, mã DIG - sàn HOSE) ghi nhận lãi 423,99 tỷ đồng trong quý IV, luỹ kế năm 2025 lãi 623,95 tỷ đồng, tăng 509,2% so với cùng kỳ.",1769817644,2026-01-31 07:00:44,1769789831,2026-01-30 23:17:11,https://www.tinnhanhchungkhoan.vn/dic-corp-dig-lai-dot-bien-quy-iv2025-nho-ban-mot-phan-du-an-dai-phuoc-post384631.html,/dic-corp-dig-lai-dot-bien-quy-iv2025-nho-ban-mot-phan-du-an-dai-phuoc-post384631.html,https://image.tinnhanhchungkhoan.vn/w200/Uploaded/2026/lcgjikao/2026_01_30/01-5560-947.jpg,,,,4,Thông tin doanh nghiệp,/thong-tin-doanh-nghiep/,"BMI,C4G,DL1,FPT,GCF,GMD,HUT,IDC,ITD,MBB,MWG,PAC,PC1,PVD,PVS,SHB,SIP,STH,TIP,TV2,VGT"
VGT,384633,"Năm 2025, YeaH1 (YEG) ghi nhận lợi nhuận sau thuế đạt 80,3 tỷ đồng",,"(ĐTCK) Trước nhiều biến động của thị trường chung năm 2025, YeaH1 ghi nhận doanh thu thuần đạt 1.653 tỷ đồng, tăng 61% so với cùng kỳ và vượt 27% so với kế hoạch năm.",1769816733,2026-01-31 06:45:33,1769789740,2026-01-30 23:15:40,https://www.tinnhanhchungkhoan.vn/nam-2025-yeah1-yeg-ghi-nhan-loi-nhuan-sau-thue-dat-803-ty-dong-post384633.html,/nam-2025-yeah1-yeg-ghi-nhan-loi-nhuan-sau-thue-dat-803-ty-dong-post384633.html,https://image.tinnhanhchungkhoan.vn/w200/Uploaded/2026/bpcpcwvo/2026_01_30/yeg-concert-5715-7796.png,,,,4,Thông tin doanh nghiệp,/thong-tin-doanh-nghiep/,"BMI,C4G,DL1,FPT,GCF,GMD,HUT,IDC,ITD,MBB,MWG,PAC,PC1,PVD,PVS,SHB,SIP,STH,TIP,TV2,VGT"
VGT,384629,Eximbank (EIB) báo lãi trước thuế hơn 1.500 tỷ đồng trong năm 2025,,"(ĐTCK) Tổng lợi nhuận trước thuế của Eximbank trong năm 2025 đạt 1.511,7 tỷ đồng, chỉ đạt 29,12% kế hoạch năm.",1769771854,2026-01-30 18:17:34,1769779108,2026-01-30 20:18:28,https://www.tinnhanhchungkhoan.vn/eximbank-eib-bao-lai-truoc-thue-hon-1500-ty-dong-trong-nam-2025-post384629.html,/eximbank-eib-bao-lai-truoc-thue-hon-1500-ty-dong-trong-nam-2025-post384629.html,https://image.tinnhanhchungkhoan.vn/w200/Uploaded/2026/bpcgdqvp/2026_01_30/eib-594-5150.jpg,,,,4,Thông tin doanh nghiệp,/thong-tin-doanh-nghiep/,"BMI,C4G,DL1,FPT,GCF,GMD,HUT,IDC,ITD,MBB,MWG,PAC,PC1,PVD,PVS,SHB,SIP,STH,TIP,TV2,VGT"
VGT,384628,"Giữa “tâm bão” ngành chăn nuôi, BAF nỗ lực giữ biên lợi nhuận",,"(ĐTCK) Giữa bối cảnh giá lợn hơi lao dốc, BAF Việt Nam nổi bật với chiến lược tối ưu chi phí sản xuất, giá vốn giảm 14,2% tương đương khoảng 700 tỷ đồng, giúp lợi nhuận gộp giữ đà tăng 14,7%. Song song, doanh nghiệp chủ động mở rộng quy mô, đẩy nhanh tiến độ dự án chăn nuôi công nghệ cao nhà cao tầng và tập trung nghiên cứu, lai tạo giống heo năng suất cao, tăng sức chống chịu dịch bệnh, tạo nền tảng bứt phá cho giai đoạn 2026 - 2030.",1769769063,2026-01-30 17:31:03,1769769063,2026-01-30 17:31:03,https://www.tinnhanhchungkhoan.vn/giua-tam-bao-nganh-chan-nuoi-baf-no-luc-giu-bien-loi-nhuan-post384628.html,/giua-tam-bao-nganh-chan-nuoi-baf-no-luc-giu-bien-loi-nhuan-post384628.html,https://image.tinnhanhchungkhoan.vn/w200/Uploaded/2026/bpikpjik/2026_01_30/baf-9294-5858.jpg,,,,4,Thông tin doanh nghiệp,/thong-tin-doanh-nghiep/,"BMI,C4G,DL1,FPT,GCF,GMD,HUT,IDC,ITD,MBB,MWG,PAC,PC1,PVD,PVS,SHB,SIP,STH,TIP,TV2,VGT"
VGT,384618,"Khang Điền (KDH): Lợi nhuận 2025 vượt 63% kế hoạch, đạt hơn 1.633 tỷ đồng, mở rộng tăng trưởng trong 2026",,"(ĐTCK) Công ty cổ phần Đầu tư và Kinh doanh Nhà Khang Điền (mã chứng khoán KDH) vừa công bố báo cáo tài chính năm 2025, ghi nhận doanh thu hợp nhất tăng trưởng 16% và lợi nhuận sau thuế tăng gấp đôi so với cùng kỳ năm, vượt xa kế hoạch đề ra.",1769768553,2026-01-30 17:22:33,1769768553,2026-01-30 17:22:33,https://www.tinnhanhchungkhoan.vn/khang-dien-kdh-loi-nhuan-2025-vuot-63-ke-hoach-dat-hon-1633-ty-dong-mo-rong-tang-truong-trong-2026-post384618.html,/khang-dien-kdh-loi-nhuan-2025-vuot-63-ke-hoach-dat-hon-1633-ty-dong-mo-rong-tang-truong-trong-2026-post384618.html,https://image.tinnhanhchungkhoan.vn/w200/Uploaded/2026/djshp/2026_01_25/2-992-368.jpg,"Mới đây, Khang Điền đã động thổ khu cao tầng Gladia by the Waters gồm hơn 600 căn hộ, dự kiến bàn giao quý IV/2027.",,,4,Thông tin doanh nghiệp,/thong-tin-doanh-nghiep/,"BMI,C4G,DL1,FPT,GCF,GMD,HUT,IDC,ITD,MBB,MWG,PAC,PC1,PVD,PVS,SHB,SIP,STH,TIP,TV2,VGT"
VGT,384620,"TTC Land (SCR) đạt lợi nhuận sau thuế 67,38 tỷ đồng trong năm 2025",,"(ĐTCK) CTCP Địa ốc Sài Gòn Thương Tín (TTC Land, mã SCR - sàn HOSE) ghi nhận lợi nhuận sau thuế 33,47 tỷ đồng trong quý IV, luỹ kế năm 2025 lãi 67,38 tỷ đồng, tăng hơn 14,85 lần so với cùng kỳ.",1769763442,2026-01-30 15:57:22,1769763442,2026-01-30 15:57:22,https://www.tinnhanhchungkhoan.vn/ttc-land-scr-dat-loi-nhuan-sau-thue-6738-ty-dong-trong-nam-2025-post384620.html,/ttc-land-scr-dat-loi-nhuan-sau-thue-6738-ty-dong-trong-nam-2025-post384620.html,https://image.tinnhanhchungkhoan.vn/w200/Uploaded/2026/lcgjikao/2026_01_30/01-8713-3228.jpeg,,,,4,Thông tin doanh nghiệp,/thong-tin-doanh-nghiep/,"BMI,C4G,DL1,FPT,GCF,GMD,HUT,IDC,ITD,MBB,MWG,PAC,PC1,PVD,PVS,SHB,SIP,STH,TIP,TV2,VGT"
VGT,384615,"Lợi nhuận trước thuế năm 2025 của OCB đạt 5.046 tỷ đồng, tăng gần 26%",,"(ĐTCK) Theo báo cáo tài chính quý IV vừa được Ngân hàng Phương Đông (mã CK: OCB) công bố, lợi nhuận trước thuế năm 2025 đạt mức 5.046 tỷ đồng, tăng 25,9% so với năm 2024.",1769762805,2026-01-30 15:46:45,1769768157,2026-01-30 17:15:57,https://www.tinnhanhchungkhoan.vn/loi-nhuan-truoc-thue-nam-2025-cua-ocb-dat-5046-ty-dong-tang-gan-26-post384615.html,/loi-nhuan-truoc-thue-nam-2025-cua-ocb-dat-5046-ty-dong-tang-gan-26-post384615.html,https://image.tinnhanhchungkhoan.vn/w200/Uploaded/2026/bpcgdqvp/2024_01_30/ocb-3903.jpg,,,,4,Thông tin doanh nghiệp,/thong-tin-doanh-nghiep/,"BMI,C4G,DL1,FPT,GCF,GMD,HUT,IDC,ITD,MBB,MWG,PAC,PC1,PVD,PVS,SHB,SIP,STH,TIP,TV2,VGT"
VGT,384614,Hạ tầng GELEX (GEL) phê duyệt khoản vay 200 triệu USD vốn quốc tế,,"(ĐTCK) CTCP Hạ tầng GELEX (mã GEL - sàn HOSE) vừa công bố nghị quyết hội đồng quản trị về việc phê duyệt khoản vay nước ngoài trị giá 200 triệu USD, trong đó HSBC đóng vai trò là ngân hàng thu xếp chính duy nhất kiêm điều phối sổ.",1769762776,2026-01-30 15:46:16,1769779705,2026-01-30 20:28:25,https://www.tinnhanhchungkhoan.vn/ha-tang-gelex-gel-phe-duyet-khoan-vay-200-trieu-usd-von-quoc-te-post384614.html,/ha-tang-gelex-gel-phe-duyet-khoan-vay-200-trieu-usd-von-quoc-te-post384614.html,https://image.tinnhanhchungkhoan.vn/w200/Uploaded/2026/lcgjikao/2026_01_30/02-4078-873.jpg,Hạ tầng GELEX đã làm việc với hơn 30 ngân hàng và tổ chức tài chính tại Singapore và Đài Loan.,,,4,Thông tin doanh nghiệp,/thong-tin-doanh-nghiep/,"BMI,C4G,DL1,FPT,GCF,GMD,HUT,IDC,ITD,MBB,MWG,PAC,PC1,PVD,PVS,SHB,SIP,STH,TIP,TV2,VGT"
VGT,384613,"PTM lên kế hoạch chia cổ tức 30% bằng tiền, Haxaco (HAX) có thể nhận về gần 50 tỷ đồng",,"(ĐTCK) CTCP Sản xuất, Thương mại và Dịch vụ ô tô PTM (mã chứng khoán PTM) vừa có dự thảo tài liệu họp Đại hội đồng cổ đông thường niên 2026, trong đó có tờ trình phương án phân phối lợi nhuận năm 2025, chia cổ tức 30% bằng tiền mặt.",1769762727,2026-01-30 15:45:27,1769762727,2026-01-30 15:45:27,https://www.tinnhanhchungkhoan.vn/ptm-len-ke-hoach-chia-co-tuc-30-bang-tien-haxaco-hax-co-the-nhan-ve-gan-50-ty-dong-post384613.html,/ptm-len-ke-hoach-chia-co-tuc-30-bang-tien-haxaco-hax-co-the-nhan-ve-gan-50-ty-dong-post384613.html,https://image.tinnhanhchungkhoan.vn/w200/Uploaded/2026/wpxlcdjwi/2022_06_01/dien-bien-thi-truong-bat-loi-haxaco-hoan-tang-von-8721.jpg,Haxaco (HAX) sắp nhận gần 50 tỷ đồng tiền cổ tức từ PTM,,,4,Thông tin doanh nghiệp,/thong-tin-doanh-nghiep/,"BMI,C4G,DL1,FPT,GCF,GMD,HUT,IDC,ITD,MBB,MWG,PAC,PC1,PVD,PVS,SHB,SIP,STH,TIP,TV2,VGT"
VGT,384611,"Năm 2025, MSB đạt lợi nhuận trước thuế hợp nhất 7.058 tỷ đồng",,"(ĐTCK) Tại ngày 31/12/2025, tổng tài sản hợp nhất của Ngân hàng TMCP Hàng Hải Việt Nam (MSB - sàn HOSE) đạt gần 408 nghìn tỷ đồng, tăng 27,3% so với thời điểm đầu năm. Động lực chính của sự tăng trưởng quy mô đến từ hoạt động tín dụng.",1769762700,2026-01-30 15:45:00,1769762700,2026-01-30 15:45:00,https://www.tinnhanhchungkhoan.vn/nam-2025-msb-dat-loi-nhuan-truoc-thue-hop-nhat-7058-ty-dong-post384611.html,/nam-2025-msb-dat-loi-nhuan-truoc-thue-hop-nhat-7058-ty-dong-post384611.html,https://image.tinnhanhchungkhoan.vn/w200/Uploaded/2026/pwvolcvo/2026_01_30/msb-6-7064-2022.jpg,,,,4,Thông tin doanh nghiệp,/thong-tin-doanh-nghiep/,"BMI,C4G,DL1,FPT,GCF,GMD,HUT,IDC,ITD,MBB,MWG,PAC,PC1,PVD,PVS,SHB,SIP,STH,TIP,TV2,VGT"
